[16:45:43.991] Log Level: 2
[16:45:43.997] VS Code version: 1.85.2
[16:45:43.997] Remote-SSH version: remote-ssh@0.108.2023112915
[16:45:43.997] linux x64
[16:45:43.998] SSH Resolver called for "ssh-remote+senc.icmc.usp.br", attempt 1
[16:45:43.998] "remote.SSH.useLocalServer": true
[16:45:43.998] "remote.SSH.useExecServer": false
[16:45:43.999] "remote.SSH.path": undefined
[16:45:43.999] "remote.SSH.configFile": undefined
[16:45:43.999] "remote.SSH.useFlock": true
[16:45:43.999] "remote.SSH.lockfilesInTmp": false
[16:45:43.999] "remote.SSH.localServerDownload": auto
[16:45:43.999] "remote.SSH.remoteServerListenOnSocket": false
[16:45:43.999] "remote.SSH.showLoginTerminal": false
[16:45:43.999] "remote.SSH.defaultExtensions": []
[16:45:43.999] "remote.SSH.loglevel": 2
[16:45:43.999] "remote.SSH.enableDynamicForwarding": true
[16:45:43.999] "remote.SSH.enableRemoteCommand": false
[16:45:43.999] "remote.SSH.serverPickPortsFromRange": {}
[16:45:43.999] "remote.SSH.serverInstallPath": {}
[16:45:44.006] SSH Resolver called for host: senc.icmc.usp.br
[16:45:44.006] Setting up SSH remote "senc.icmc.usp.br"
[16:45:44.008] Acquiring local install lock: /tmp/vscode-remote-ssh-2f5e6878-install.lock
[16:45:44.009] Looking for existing server data file at /home/drdbrioso/.config/Code/User/globalStorage/ms-vscode-remote.remote-ssh/vscode-ssh-host-2f5e6878-8b3775030ed1a69b13e4f4c628c612102e30a681-0.108.2023112915-tr/data.json
[16:45:44.009] Using commit id "8b3775030ed1a69b13e4f4c628c612102e30a681" and quality "stable" for server
[16:45:44.011] Install and start server if needed
[16:45:44.012] PATH: /usr/local/bin:/usr/bin:/usr/local/sbin:/opt/android-sdk/platform-tools:/var/lib/flatpak/exports/bin:/usr/lib/jvm/default/bin:/usr/bin/site_perl:/usr/bin/vendor_perl:/usr/bin/core_perl:/home/drdbrioso/.local/bin:/opt/android-sdk/platform-tools:/home/drdbrioso/.local/bin:/opt/nvim/:/home/drdbrioso/.local/bin
[16:45:44.012] Checking ssh with "ssh -V"
[16:45:44.020] > OpenSSH_10.0p2, OpenSSL 3.5.3 16 Sep 2025

[16:45:44.027] askpass server listening on /run/user/1000/vscode-ssh-askpass-a90432614b0815d87287966b5bb329eb0cbc841e.sock
[16:45:44.027] Spawning local server with {"serverId":1,"ipcHandlePath":"/run/user/1000/vscode-ssh-askpass-30357f8b7793200a00f4539e5455a9a249891345.sock","sshCommand":"ssh","sshArgs":["-v","-T","-D","36933","-o","ConnectTimeout=15","senc.icmc.usp.br"],"serverDataFolderName":".vscode-server","dataFilePath":"/home/drdbrioso/.config/Code/User/globalStorage/ms-vscode-remote.remote-ssh/vscode-ssh-host-2f5e6878-8b3775030ed1a69b13e4f4c628c612102e30a681-0.108.2023112915-tr/data.json"}
[16:45:44.027] Local server env: {"SHELL":"/usr/bin/zsh","DISPLAY":":0","ELECTRON_RUN_AS_NODE":"1","SSH_ASKPASS":"/home/drdbrioso/.vscode/extensions/ms-vscode-remote.remote-ssh-0.108.2023112915/out/local-server/askpass.sh","VSCODE_SSH_ASKPASS_NODE":"/home/drdbrioso/Desktop/code-stable-x64-1705560028/VSCode-linux-x64/code","VSCODE_SSH_ASKPASS_EXTRA_ARGS":"--ms-enable-electron-run-as-node","VSCODE_SSH_ASKPASS_MAIN":"/home/drdbrioso/.vscode/extensions/ms-vscode-remote.remote-ssh-0.108.2023112915/out/askpass-main.js","VSCODE_SSH_ASKPASS_HANDLE":"/run/user/1000/vscode-ssh-askpass-a90432614b0815d87287966b5bb329eb0cbc841e.sock"}
[16:45:44.031] Spawned 27325
[16:45:44.118] > local-server-1> Running ssh connection command: "-v -T -D 36933 -o ConnectTimeout=15 senc.icmc.usp.br"
[16:45:44.120] > local-server-1> Spawned ssh, pid=27333
[16:45:44.260] stderr> debug1: Server host key: ssh-ed25519 SHA256:pVqYJ9se5EhmIAvOwtJIlmPU+tHanHbPTfdzOa8qTZ4
[16:45:44.500] Got askpass request: {"request":"web-senc@senc.icmc.usp.br's password:"}
[16:45:44.501] Showing password prompt
[16:45:44.501] Listening for interwindow password on /run/user/1000/vscode-ssh-askpass-a400025ecfd26577d46216e3ed95f8f35b328509.sock
[16:45:44.501] Writing password prompt to globalState
[16:45:46.906] Got password response
[16:45:46.906] Interactor gave response: ***********
[16:45:46.907] Cleaning up other-window auth server
[16:45:47.174] stderr> Authenticated to senc.icmc.usp.br ([143.107.183.96]:22) using "password".
[16:45:48.376] > Welcome to Ubuntu 18.04.6 LTS (GNU/Linux 4.15.0-213-generic x86_64)
> 
>  * Documentation:  https://help.ubuntu.com
>  * Management:     https://landscape.canonical.com
>  * Support:        https://ubuntu.com/advantage
> 
>   System information as of Mon Oct 13 19:45:47 UTC 2025
> 
>   System load:  0.2                Processes:             174
>   Usage of /:   42.4% of 29.36GB   Users logged in:       0
>   Memory usage: 63%                IP address for ens192: 143.107.183.96
>   Swap usage:   11%
> 
> 
>  * Introducing Expanded Security Maintenance for Applications.
>    Receive updates to over 25,000 software packages with your
>    Ubuntu Pro subscription. Free for personal use.
> 
>      https://ubuntu.com/pro
> 
> 32 updates can be applied immediately.
> To see these additional updates run: apt list --upgradable
> 
> New release '20.04.6 LTS' available.
> Run 'do-release-upgrade' to upgrade to it.
> 
[16:45:49.604] > ready: 2038b4c28344
[16:45:50.176] > Linux 4.15.0-213-generic #224-Ubuntu SMP Mon Jun 19 13:30:12 UTC 2023
[16:45:50.177] Platform: linux
[16:45:50.282] > /bin/bash
[16:45:50.283] Shell: bash
[16:45:50.283] Creating bash subshell inside "bash"
[16:45:50.339] > bash version:  4.4.20(1)-release
[16:45:50.362] > bash version:  4.4.20(1)-release
[16:45:50.840] > 2038b4c28344: running
> Acquiring lock on /home/web-senc/.vscode-server/bin/8b3775030ed1a69b13e4f4c628c612102e30a681/vscode-remote-lock.web-senc.8b3775030ed1a69b13e4f4c628c612102e30a681
[16:45:51.497] > Found existing installation at /home/web-senc/.vscode-server/bin/8b3775030ed1a69b13e4f4c628c612102e30a681...
> Checking /home/web-senc/.vscode-server/.8b3775030ed1a69b13e4f4c628c612102e30a681.log and /home/web-senc/.vscode-server/.8b3775030ed1a69b13e4f4c628c612102e30a681.pid for a running server
> Looking for server with pid: 356
> Found running server...
>  
> *
> * Visual Studio Code Server
> *
> * By using the software, you agree to
> * the Visual Studio Code Server License Terms (https://aka.ms/vscode-server-license) and
> * the Microsoft Privacy Statement (https://privacy.microsoft.com/en-US/privacystatement).
> *
>  
[16:45:52.638] > Checking server status on port 39241 with wget
[16:45:52.698] > 2038b4c28344: start
> SSH_AUTH_SOCK====
> DISPLAY====
> webUiAccessToken====
> listeningOn==39241==
> osReleaseId==ubuntu==
> arch==x86_64==
> vscodeArch==x64==
> bitness==64==
> tmpDir==/run/user/1001==
> platform==linux==
> unpackResult====
> didLocalDownload==0==
> downloadTime====
> installTime====
> extInstallTime====
> serverStartTime====
> connectionToken==a11a1111-1a11-11aa-a111-a1aaa11a11a1==
> 2038b4c28344: end
[16:45:52.700] Received install output: 
SSH_AUTH_SOCK====
DISPLAY====
webUiAccessToken====
listeningOn==39241==
osReleaseId==ubuntu==
arch==x86_64==
vscodeArch==x64==
bitness==64==
tmpDir==/run/user/1001==
platform==linux==
unpackResult====
didLocalDownload==0==
downloadTime====
installTime====
extInstallTime====
serverStartTime====
connectionToken==a11a1111-1a11-11aa-a111-a1aaa11a11a1==

[16:45:52.701] Remote server is listening on port 39241
[16:45:52.702] Parsed server configuration: {"serverConfiguration":{"remoteListeningOn":{"port":39241},"osReleaseId":"ubuntu","arch":"x86_64","webUiAccessToken":"","sshAuthSock":"","display":"","tmpDir":"/run/user/1001","platform":"linux","connectionToken":"a11a1111-1a11-11aa-a111-a1aaa11a11a1"},"installUnpackCode":""}
[16:45:52.703] Persisting server connection details to /home/drdbrioso/.config/Code/User/globalStorage/ms-vscode-remote.remote-ssh/vscode-ssh-host-2f5e6878-8b3775030ed1a69b13e4f4c628c612102e30a681-0.108.2023112915-tr/data.json
[16:45:52.707] Starting forwarding server. local port 38881 -> socksPort 36933 -> remotePort 39241
[16:45:52.708] Forwarding server listening on port 38881
[16:45:52.709] Waiting for ssh tunnel to be ready
[16:45:52.712] [Forwarding server port 38881] Got connection 0
[16:45:52.714] Tunneled port 39241 to local port 38881
[16:45:52.714] Resolved "ssh-remote+senc.icmc.usp.br" to "port 38881"
[16:45:52.723] ------




[16:45:52.737] [Forwarding server port 38881] Got connection 1
[16:45:53.466] [Forwarding server port 38881] Got connection 2
[17:02:55.832] [Forwarding server port 38881] Got connection 3
[17:02:55.833] ------




[17:02:55.833] SSH Resolver called for "ssh-remote+senc.icmc.usp.br", attempt 2, (Reconnection)
[17:02:55.836] SSH Resolver called for host: senc.icmc.usp.br
[17:02:55.836] Setting up SSH remote "senc.icmc.usp.br"
[17:02:55.838] Acquiring local install lock: /tmp/vscode-remote-ssh-2f5e6878-install.lock
[17:02:55.840] Looking for existing server data file at /home/drdbrioso/.config/Code/User/globalStorage/ms-vscode-remote.remote-ssh/vscode-ssh-host-2f5e6878-8b3775030ed1a69b13e4f4c628c612102e30a681-0.108.2023112915-tr/data.json
[17:02:55.841] Found local server running: {"remoteListeningOn":{"port":39241},"osReleaseId":"ubuntu","arch":"x86_64","webUiAccessToken":"","sshAuthSock":"","display":"","tmpDir":"/run/user/1001","platform":"linux","connectionToken":"a11a1111-1a11-11aa-a111-a1aaa11a11a1","pid":27325,"ipcHandlePath":"/run/user/1000/vscode-ssh-askpass-30357f8b7793200a00f4539e5455a9a249891345.sock","socksPort":36933,"startupTime":1760384744031}
[17:02:55.841] Running server is stale. Ignoring
[17:02:55.842] Using commit id "8b3775030ed1a69b13e4f4c628c612102e30a681" and quality "stable" for server
[17:02:55.847] Install and start server if needed
[17:02:55.850] askpass server listening on /run/user/1000/vscode-ssh-askpass-7f7e3d10df6e9e1b6b4aa6c7a0e04361c8397136.sock
[17:02:55.850] Spawning local server with {"serverId":2,"ipcHandlePath":"/run/user/1000/vscode-ssh-askpass-4355a310d8c00da1d4e9146ce1343cd2c89ef194.sock","sshCommand":"ssh","sshArgs":["-v","-T","-D","36933","-o","ConnectTimeout=15","senc.icmc.usp.br"],"serverDataFolderName":".vscode-server","dataFilePath":"/home/drdbrioso/.config/Code/User/globalStorage/ms-vscode-remote.remote-ssh/vscode-ssh-host-2f5e6878-8b3775030ed1a69b13e4f4c628c612102e30a681-0.108.2023112915-tr/data.json"}
[17:02:55.850] Local server env: {"SHELL":"/usr/bin/zsh","DISPLAY":":0","ELECTRON_RUN_AS_NODE":"1","SSH_ASKPASS":"/home/drdbrioso/.vscode/extensions/ms-vscode-remote.remote-ssh-0.108.2023112915/out/local-server/askpass.sh","VSCODE_SSH_ASKPASS_NODE":"/home/drdbrioso/Desktop/code-stable-x64-1705560028/VSCode-linux-x64/code","VSCODE_SSH_ASKPASS_EXTRA_ARGS":"--ms-enable-electron-run-as-node","VSCODE_SSH_ASKPASS_MAIN":"/home/drdbrioso/.vscode/extensions/ms-vscode-remote.remote-ssh-0.108.2023112915/out/askpass-main.js","VSCODE_SSH_ASKPASS_HANDLE":"/run/user/1000/vscode-ssh-askpass-7f7e3d10df6e9e1b6b4aa6c7a0e04361c8397136.sock"}
[17:02:55.854] Spawned 29769
[17:02:55.942] > local-server-2> Running ssh connection command: "-v -T -D 36933 -o ConnectTimeout=15 senc.icmc.usp.br"
[17:02:55.945] > local-server-2> Spawned ssh, pid=29777
[17:03:00.330] Failed to set up socket for dynamic port forward to remote port 39241: Socket closed. Is the remote port correct?
[17:03:00.330] > local-server-1> Timed out
[17:03:00.332] Local server exit: 0
[17:03:10.999] stderr> ssh: connect to host senc.icmc.usp.br port 22: Connection timed out
[17:03:11.001] > local-server-2> ssh child died, shutting down
[17:03:11.006] Local server exit: 0
[17:03:11.007] Received install output: local-server-2> Running ssh connection command: "-v -T -D 36933 -o ConnectTimeout=15 senc.icmc.usp.br"
local-server-2> Spawned ssh, pid=29777
ssh: connect to host senc.icmc.usp.br port 22: Connection timed out
local-server-2> ssh child died, shutting down

[17:03:11.009] Resolver error: Error: The connection timed out
	at g.Offline (/home/drdbrioso/.vscode/extensions/ms-vscode-remote.remote-ssh-0.108.2023112915/out/extension.js:2:642754)
	at /home/drdbrioso/.vscode/extensions/ms-vscode-remote.remote-ssh-0.108.2023112915/out/extension.js:2:638823
	at t.handleInstallOutput (/home/drdbrioso/.vscode/extensions/ms-vscode-remote.remote-ssh-0.108.2023112915/out/extension.js:2:639138)
	at e (/home/drdbrioso/.vscode/extensions/ms-vscode-remote.remote-ssh-0.108.2023112915/out/extension.js:2:700300)
	at process.processTicksAndRejections (node:internal/process/task_queues:95:5)
	at async /home/drdbrioso/.vscode/extensions/ms-vscode-remote.remote-ssh-0.108.2023112915/out/extension.js:2:722169
	at async t.withShowDetailsEvent (/home/drdbrioso/.vscode/extensions/ms-vscode-remote.remote-ssh-0.108.2023112915/out/extension.js:2:725828)
	at async /home/drdbrioso/.vscode/extensions/ms-vscode-remote.remote-ssh-0.108.2023112915/out/extension.js:2:697005
	at async C (/home/drdbrioso/.vscode/extensions/ms-vscode-remote.remote-ssh-0.108.2023112915/out/extension.js:2:695056)
	at async t.resolveWithLocalServer (/home/drdbrioso/.vscode/extensions/ms-vscode-remote.remote-ssh-0.108.2023112915/out/extension.js:2:696545)
	at async I (/home/drdbrioso/.vscode/extensions/ms-vscode-remote.remote-ssh-0.108.2023112915/out/extension.js:2:719392)
	at async t.resolve (/home/drdbrioso/.vscode/extensions/ms-vscode-remote.remote-ssh-0.108.2023112915/out/extension.js:2:723199)
	at async /home/drdbrioso/.vscode/extensions/ms-vscode-remote.remote-ssh-0.108.2023112915/out/extension.js:2:907012
[17:03:11.017] ------




[17:03:16.030] ------




[17:03:16.030] SSH Resolver called for "ssh-remote+senc.icmc.usp.br", attempt 3, (Reconnection)
[17:03:16.031] SSH Resolver called for host: senc.icmc.usp.br
[17:03:16.031] Setting up SSH remote "senc.icmc.usp.br"
[17:03:16.032] Acquiring local install lock: /tmp/vscode-remote-ssh-2f5e6878-install.lock
[17:03:16.032] Looking for existing server data file at /home/drdbrioso/.config/Code/User/globalStorage/ms-vscode-remote.remote-ssh/vscode-ssh-host-2f5e6878-8b3775030ed1a69b13e4f4c628c612102e30a681-0.108.2023112915-tr/data.json
[17:03:16.033] Using commit id "8b3775030ed1a69b13e4f4c628c612102e30a681" and quality "stable" for server
[17:03:16.036] Install and start server if needed
[17:03:16.044] askpass server listening on /run/user/1000/vscode-ssh-askpass-ac55bb18a3e4aa05a9bbc019aee7fc0f24220d94.sock
[17:03:16.045] Spawning local server with {"serverId":3,"ipcHandlePath":"/run/user/1000/vscode-ssh-askpass-29528cffd544f8ba3cd95bf45e82e226fa1670b5.sock","sshCommand":"ssh","sshArgs":["-v","-T","-D","36933","-o","ConnectTimeout=15","senc.icmc.usp.br"],"serverDataFolderName":".vscode-server","dataFilePath":"/home/drdbrioso/.config/Code/User/globalStorage/ms-vscode-remote.remote-ssh/vscode-ssh-host-2f5e6878-8b3775030ed1a69b13e4f4c628c612102e30a681-0.108.2023112915-tr/data.json"}
[17:03:16.045] Local server env: {"SHELL":"/usr/bin/zsh","DISPLAY":":0","ELECTRON_RUN_AS_NODE":"1","SSH_ASKPASS":"/home/drdbrioso/.vscode/extensions/ms-vscode-remote.remote-ssh-0.108.2023112915/out/local-server/askpass.sh","VSCODE_SSH_ASKPASS_NODE":"/home/drdbrioso/Desktop/code-stable-x64-1705560028/VSCode-linux-x64/code","VSCODE_SSH_ASKPASS_EXTRA_ARGS":"--ms-enable-electron-run-as-node","VSCODE_SSH_ASKPASS_MAIN":"/home/drdbrioso/.vscode/extensions/ms-vscode-remote.remote-ssh-0.108.2023112915/out/askpass-main.js","VSCODE_SSH_ASKPASS_HANDLE":"/run/user/1000/vscode-ssh-askpass-ac55bb18a3e4aa05a9bbc019aee7fc0f24220d94.sock"}
[17:03:16.050] Spawned 29806
[17:03:16.141] > local-server-3> Running ssh connection command: "-v -T -D 36933 -o ConnectTimeout=15 senc.icmc.usp.br"
[17:03:16.145] > local-server-3> Spawned ssh, pid=29814
[17:03:31.166] stderr> ssh: connect to host senc.icmc.usp.br port 22: Connection timed out
[17:03:31.168] > local-server-3> ssh child died, shutting down
[17:03:31.176] Local server exit: 0
[17:03:31.177] Received install output: local-server-3> Running ssh connection command: "-v -T -D 36933 -o ConnectTimeout=15 senc.icmc.usp.br"
local-server-3> Spawned ssh, pid=29814
ssh: connect to host senc.icmc.usp.br port 22: Connection timed out
local-server-3> ssh child died, shutting down

[17:03:31.179] Resolver error: Error: The connection timed out
	at g.Offline (/home/drdbrioso/.vscode/extensions/ms-vscode-remote.remote-ssh-0.108.2023112915/out/extension.js:2:642754)
	at /home/drdbrioso/.vscode/extensions/ms-vscode-remote.remote-ssh-0.108.2023112915/out/extension.js:2:638823
	at t.handleInstallOutput (/home/drdbrioso/.vscode/extensions/ms-vscode-remote.remote-ssh-0.108.2023112915/out/extension.js:2:639138)
	at e (/home/drdbrioso/.vscode/extensions/ms-vscode-remote.remote-ssh-0.108.2023112915/out/extension.js:2:700300)
	at process.processTicksAndRejections (node:internal/process/task_queues:95:5)
	at async /home/drdbrioso/.vscode/extensions/ms-vscode-remote.remote-ssh-0.108.2023112915/out/extension.js:2:722169
	at async t.withShowDetailsEvent (/home/drdbrioso/.vscode/extensions/ms-vscode-remote.remote-ssh-0.108.2023112915/out/extension.js:2:725828)
	at async /home/drdbrioso/.vscode/extensions/ms-vscode-remote.remote-ssh-0.108.2023112915/out/extension.js:2:697005
	at async C (/home/drdbrioso/.vscode/extensions/ms-vscode-remote.remote-ssh-0.108.2023112915/out/extension.js:2:695056)
	at async t.resolveWithLocalServer (/home/drdbrioso/.vscode/extensions/ms-vscode-remote.remote-ssh-0.108.2023112915/out/extension.js:2:696545)
	at async I (/home/drdbrioso/.vscode/extensions/ms-vscode-remote.remote-ssh-0.108.2023112915/out/extension.js:2:719392)
	at async t.resolve (/home/drdbrioso/.vscode/extensions/ms-vscode-remote.remote-ssh-0.108.2023112915/out/extension.js:2:723199)
	at async /home/drdbrioso/.vscode/extensions/ms-vscode-remote.remote-ssh-0.108.2023112915/out/extension.js:2:907012
[17:03:31.183] ------




[17:03:36.207] ------




[17:03:36.207] SSH Resolver called for "ssh-remote+senc.icmc.usp.br", attempt 4, (Reconnection)
[17:03:36.210] SSH Resolver called for host: senc.icmc.usp.br
[17:03:36.210] Setting up SSH remote "senc.icmc.usp.br"
[17:03:36.211] Acquiring local install lock: /tmp/vscode-remote-ssh-2f5e6878-install.lock
[17:03:36.211] Looking for existing server data file at /home/drdbrioso/.config/Code/User/globalStorage/ms-vscode-remote.remote-ssh/vscode-ssh-host-2f5e6878-8b3775030ed1a69b13e4f4c628c612102e30a681-0.108.2023112915-tr/data.json
[17:03:36.212] Using commit id "8b3775030ed1a69b13e4f4c628c612102e30a681" and quality "stable" for server
[17:03:36.214] Install and start server if needed
[17:03:36.218] askpass server listening on /run/user/1000/vscode-ssh-askpass-8d6194bf948f000a6b8d46ecb75993503b5ba368.sock
[17:03:36.219] Spawning local server with {"serverId":4,"ipcHandlePath":"/run/user/1000/vscode-ssh-askpass-b8a0e5ef9d866dcb1a3d2f67e78350d7271dbc84.sock","sshCommand":"ssh","sshArgs":["-v","-T","-D","36933","-o","ConnectTimeout=15","senc.icmc.usp.br"],"serverDataFolderName":".vscode-server","dataFilePath":"/home/drdbrioso/.config/Code/User/globalStorage/ms-vscode-remote.remote-ssh/vscode-ssh-host-2f5e6878-8b3775030ed1a69b13e4f4c628c612102e30a681-0.108.2023112915-tr/data.json"}
[17:03:36.219] Local server env: {"SHELL":"/usr/bin/zsh","DISPLAY":":0","ELECTRON_RUN_AS_NODE":"1","SSH_ASKPASS":"/home/drdbrioso/.vscode/extensions/ms-vscode-remote.remote-ssh-0.108.2023112915/out/local-server/askpass.sh","VSCODE_SSH_ASKPASS_NODE":"/home/drdbrioso/Desktop/code-stable-x64-1705560028/VSCode-linux-x64/code","VSCODE_SSH_ASKPASS_EXTRA_ARGS":"--ms-enable-electron-run-as-node","VSCODE_SSH_ASKPASS_MAIN":"/home/drdbrioso/.vscode/extensions/ms-vscode-remote.remote-ssh-0.108.2023112915/out/askpass-main.js","VSCODE_SSH_ASKPASS_HANDLE":"/run/user/1000/vscode-ssh-askpass-8d6194bf948f000a6b8d46ecb75993503b5ba368.sock"}
[17:03:36.224] Spawned 29833
[17:03:36.315] > local-server-4> Running ssh connection command: "-v -T -D 36933 -o ConnectTimeout=15 senc.icmc.usp.br"
[17:03:36.319] > local-server-4> Spawned ssh, pid=29841
[17:03:51.440] stderr> ssh: connect to host senc.icmc.usp.br port 22: Connection timed out
[17:03:51.442] > local-server-4> ssh child died, shutting down
[17:03:51.448] Local server exit: 0
[17:03:51.449] Received install output: local-server-4> Running ssh connection command: "-v -T -D 36933 -o ConnectTimeout=15 senc.icmc.usp.br"
local-server-4> Spawned ssh, pid=29841
ssh: connect to host senc.icmc.usp.br port 22: Connection timed out
local-server-4> ssh child died, shutting down

[17:03:51.451] Resolver error: Error: The connection timed out
	at g.Offline (/home/drdbrioso/.vscode/extensions/ms-vscode-remote.remote-ssh-0.108.2023112915/out/extension.js:2:642754)
	at /home/drdbrioso/.vscode/extensions/ms-vscode-remote.remote-ssh-0.108.2023112915/out/extension.js:2:638823
	at t.handleInstallOutput (/home/drdbrioso/.vscode/extensions/ms-vscode-remote.remote-ssh-0.108.2023112915/out/extension.js:2:639138)
	at e (/home/drdbrioso/.vscode/extensions/ms-vscode-remote.remote-ssh-0.108.2023112915/out/extension.js:2:700300)
	at process.processTicksAndRejections (node:internal/process/task_queues:95:5)
	at async /home/drdbrioso/.vscode/extensions/ms-vscode-remote.remote-ssh-0.108.2023112915/out/extension.js:2:722169
	at async t.withShowDetailsEvent (/home/drdbrioso/.vscode/extensions/ms-vscode-remote.remote-ssh-0.108.2023112915/out/extension.js:2:725828)
	at async /home/drdbrioso/.vscode/extensions/ms-vscode-remote.remote-ssh-0.108.2023112915/out/extension.js:2:697005
	at async C (/home/drdbrioso/.vscode/extensions/ms-vscode-remote.remote-ssh-0.108.2023112915/out/extension.js:2:695056)
	at async t.resolveWithLocalServer (/home/drdbrioso/.vscode/extensions/ms-vscode-remote.remote-ssh-0.108.2023112915/out/extension.js:2:696545)
	at async I (/home/drdbrioso/.vscode/extensions/ms-vscode-remote.remote-ssh-0.108.2023112915/out/extension.js:2:719392)
	at async t.resolve (/home/drdbrioso/.vscode/extensions/ms-vscode-remote.remote-ssh-0.108.2023112915/out/extension.js:2:723199)
	at async /home/drdbrioso/.vscode/extensions/ms-vscode-remote.remote-ssh-0.108.2023112915/out/extension.js:2:907012
[17:03:51.455] ------




[17:04:01.474] ------




[17:04:01.475] SSH Resolver called for "ssh-remote+senc.icmc.usp.br", attempt 5, (Reconnection)
[17:04:01.476] SSH Resolver called for host: senc.icmc.usp.br
[17:04:01.476] Setting up SSH remote "senc.icmc.usp.br"
[17:04:01.478] Acquiring local install lock: /tmp/vscode-remote-ssh-2f5e6878-install.lock
[17:04:01.478] Looking for existing server data file at /home/drdbrioso/.config/Code/User/globalStorage/ms-vscode-remote.remote-ssh/vscode-ssh-host-2f5e6878-8b3775030ed1a69b13e4f4c628c612102e30a681-0.108.2023112915-tr/data.json
[17:04:01.479] Using commit id "8b3775030ed1a69b13e4f4c628c612102e30a681" and quality "stable" for server
[17:04:01.484] Install and start server if needed
[17:04:01.487] askpass server listening on /run/user/1000/vscode-ssh-askpass-ef398998c1725aa5f7758edd37e7dfa9747cd735.sock
[17:04:01.487] Spawning local server with {"serverId":5,"ipcHandlePath":"/run/user/1000/vscode-ssh-askpass-22576841b4420da42391e2b0c734a0a66cab5b53.sock","sshCommand":"ssh","sshArgs":["-v","-T","-D","36933","-o","ConnectTimeout=15","senc.icmc.usp.br"],"serverDataFolderName":".vscode-server","dataFilePath":"/home/drdbrioso/.config/Code/User/globalStorage/ms-vscode-remote.remote-ssh/vscode-ssh-host-2f5e6878-8b3775030ed1a69b13e4f4c628c612102e30a681-0.108.2023112915-tr/data.json"}
[17:04:01.487] Local server env: {"SHELL":"/usr/bin/zsh","DISPLAY":":0","ELECTRON_RUN_AS_NODE":"1","SSH_ASKPASS":"/home/drdbrioso/.vscode/extensions/ms-vscode-remote.remote-ssh-0.108.2023112915/out/local-server/askpass.sh","VSCODE_SSH_ASKPASS_NODE":"/home/drdbrioso/Desktop/code-stable-x64-1705560028/VSCode-linux-x64/code","VSCODE_SSH_ASKPASS_EXTRA_ARGS":"--ms-enable-electron-run-as-node","VSCODE_SSH_ASKPASS_MAIN":"/home/drdbrioso/.vscode/extensions/ms-vscode-remote.remote-ssh-0.108.2023112915/out/askpass-main.js","VSCODE_SSH_ASKPASS_HANDLE":"/run/user/1000/vscode-ssh-askpass-ef398998c1725aa5f7758edd37e7dfa9747cd735.sock"}
[17:04:01.491] Spawned 29913
[17:04:01.579] > local-server-5> Running ssh connection command: "-v -T -D 36933 -o ConnectTimeout=15 senc.icmc.usp.br"
[17:04:01.584] > local-server-5> Spawned ssh, pid=29921
[17:04:16.609] stderr> ssh: connect to host senc.icmc.usp.br port 22: Connection timed out
[17:04:16.612] > local-server-5> ssh child died, shutting down
[17:04:16.621] Local server exit: 0
[17:04:16.623] Received install output: local-server-5> Running ssh connection command: "-v -T -D 36933 -o ConnectTimeout=15 senc.icmc.usp.br"
local-server-5> Spawned ssh, pid=29921
ssh: connect to host senc.icmc.usp.br port 22: Connection timed out
local-server-5> ssh child died, shutting down

[17:04:16.626] Resolver error: Error: The connection timed out
	at g.Offline (/home/drdbrioso/.vscode/extensions/ms-vscode-remote.remote-ssh-0.108.2023112915/out/extension.js:2:642754)
	at /home/drdbrioso/.vscode/extensions/ms-vscode-remote.remote-ssh-0.108.2023112915/out/extension.js:2:638823
	at t.handleInstallOutput (/home/drdbrioso/.vscode/extensions/ms-vscode-remote.remote-ssh-0.108.2023112915/out/extension.js:2:639138)
	at e (/home/drdbrioso/.vscode/extensions/ms-vscode-remote.remote-ssh-0.108.2023112915/out/extension.js:2:700300)
	at process.processTicksAndRejections (node:internal/process/task_queues:95:5)
	at async /home/drdbrioso/.vscode/extensions/ms-vscode-remote.remote-ssh-0.108.2023112915/out/extension.js:2:722169
	at async t.withShowDetailsEvent (/home/drdbrioso/.vscode/extensions/ms-vscode-remote.remote-ssh-0.108.2023112915/out/extension.js:2:725828)
	at async /home/drdbrioso/.vscode/extensions/ms-vscode-remote.remote-ssh-0.108.2023112915/out/extension.js:2:697005
	at async C (/home/drdbrioso/.vscode/extensions/ms-vscode-remote.remote-ssh-0.108.2023112915/out/extension.js:2:695056)
	at async t.resolveWithLocalServer (/home/drdbrioso/.vscode/extensions/ms-vscode-remote.remote-ssh-0.108.2023112915/out/extension.js:2:696545)
	at async I (/home/drdbrioso/.vscode/extensions/ms-vscode-remote.remote-ssh-0.108.2023112915/out/extension.js:2:719392)
	at async t.resolve (/home/drdbrioso/.vscode/extensions/ms-vscode-remote.remote-ssh-0.108.2023112915/out/extension.js:2:723199)
	at async /home/drdbrioso/.vscode/extensions/ms-vscode-remote.remote-ssh-0.108.2023112915/out/extension.js:2:907012
[17:04:16.633] ------




[17:04:26.677] ------




[17:04:26.677] SSH Resolver called for "ssh-remote+senc.icmc.usp.br", attempt 6, (Reconnection)
[17:04:26.678] SSH Resolver called for host: senc.icmc.usp.br
[17:04:26.678] Setting up SSH remote "senc.icmc.usp.br"
[17:04:26.679] Acquiring local install lock: /tmp/vscode-remote-ssh-2f5e6878-install.lock
[17:04:26.680] Looking for existing server data file at /home/drdbrioso/.config/Code/User/globalStorage/ms-vscode-remote.remote-ssh/vscode-ssh-host-2f5e6878-8b3775030ed1a69b13e4f4c628c612102e30a681-0.108.2023112915-tr/data.json
[17:04:26.681] Using commit id "8b3775030ed1a69b13e4f4c628c612102e30a681" and quality "stable" for server
[17:04:26.683] Install and start server if needed
[17:04:26.685] askpass server listening on /run/user/1000/vscode-ssh-askpass-38eaf04bdce934bb7d21a7913e3c1ac34e49ab48.sock
[17:04:26.686] Spawning local server with {"serverId":6,"ipcHandlePath":"/run/user/1000/vscode-ssh-askpass-7242985c9624c1745edf3bba1b7216ab8a7a74c5.sock","sshCommand":"ssh","sshArgs":["-v","-T","-D","36933","-o","ConnectTimeout=15","senc.icmc.usp.br"],"serverDataFolderName":".vscode-server","dataFilePath":"/home/drdbrioso/.config/Code/User/globalStorage/ms-vscode-remote.remote-ssh/vscode-ssh-host-2f5e6878-8b3775030ed1a69b13e4f4c628c612102e30a681-0.108.2023112915-tr/data.json"}
[17:04:26.686] Local server env: {"SHELL":"/usr/bin/zsh","DISPLAY":":0","ELECTRON_RUN_AS_NODE":"1","SSH_ASKPASS":"/home/drdbrioso/.vscode/extensions/ms-vscode-remote.remote-ssh-0.108.2023112915/out/local-server/askpass.sh","VSCODE_SSH_ASKPASS_NODE":"/home/drdbrioso/Desktop/code-stable-x64-1705560028/VSCode-linux-x64/code","VSCODE_SSH_ASKPASS_EXTRA_ARGS":"--ms-enable-electron-run-as-node","VSCODE_SSH_ASKPASS_MAIN":"/home/drdbrioso/.vscode/extensions/ms-vscode-remote.remote-ssh-0.108.2023112915/out/askpass-main.js","VSCODE_SSH_ASKPASS_HANDLE":"/run/user/1000/vscode-ssh-askpass-38eaf04bdce934bb7d21a7913e3c1ac34e49ab48.sock"}
[17:04:26.690] Spawned 29942
[17:04:26.771] > local-server-6> Running ssh connection command: "-v -T -D 36933 -o ConnectTimeout=15 senc.icmc.usp.br"
[17:04:26.774] > local-server-6> Spawned ssh, pid=29950
[17:04:41.800] stderr> ssh: connect to host senc.icmc.usp.br port 22: Connection timed out
[17:04:41.802] > local-server-6> ssh child died, shutting down
[17:04:41.809] Local server exit: 0
[17:04:41.810] Received install output: local-server-6> Running ssh connection command: "-v -T -D 36933 -o ConnectTimeout=15 senc.icmc.usp.br"
local-server-6> Spawned ssh, pid=29950
ssh: connect to host senc.icmc.usp.br port 22: Connection timed out
local-server-6> ssh child died, shutting down

[17:04:41.812] Resolver error: Error: The connection timed out
	at g.Offline (/home/drdbrioso/.vscode/extensions/ms-vscode-remote.remote-ssh-0.108.2023112915/out/extension.js:2:642754)
	at /home/drdbrioso/.vscode/extensions/ms-vscode-remote.remote-ssh-0.108.2023112915/out/extension.js:2:638823
	at t.handleInstallOutput (/home/drdbrioso/.vscode/extensions/ms-vscode-remote.remote-ssh-0.108.2023112915/out/extension.js:2:639138)
	at e (/home/drdbrioso/.vscode/extensions/ms-vscode-remote.remote-ssh-0.108.2023112915/out/extension.js:2:700300)
	at process.processTicksAndRejections (node:internal/process/task_queues:95:5)
	at async /home/drdbrioso/.vscode/extensions/ms-vscode-remote.remote-ssh-0.108.2023112915/out/extension.js:2:722169
	at async t.withShowDetailsEvent (/home/drdbrioso/.vscode/extensions/ms-vscode-remote.remote-ssh-0.108.2023112915/out/extension.js:2:725828)
	at async /home/drdbrioso/.vscode/extensions/ms-vscode-remote.remote-ssh-0.108.2023112915/out/extension.js:2:697005
	at async C (/home/drdbrioso/.vscode/extensions/ms-vscode-remote.remote-ssh-0.108.2023112915/out/extension.js:2:695056)
	at async t.resolveWithLocalServer (/home/drdbrioso/.vscode/extensions/ms-vscode-remote.remote-ssh-0.108.2023112915/out/extension.js:2:696545)
	at async I (/home/drdbrioso/.vscode/extensions/ms-vscode-remote.remote-ssh-0.108.2023112915/out/extension.js:2:719392)
	at async t.resolve (/home/drdbrioso/.vscode/extensions/ms-vscode-remote.remote-ssh-0.108.2023112915/out/extension.js:2:723199)
	at async /home/drdbrioso/.vscode/extensions/ms-vscode-remote.remote-ssh-0.108.2023112915/out/extension.js:2:907012
[17:04:41.818] ------




[17:04:51.856] ------




[17:04:51.856] SSH Resolver called for "ssh-remote+senc.icmc.usp.br", attempt 7, (Reconnection)
[17:04:51.858] SSH Resolver called for host: senc.icmc.usp.br
[17:04:51.858] Setting up SSH remote "senc.icmc.usp.br"
[17:04:51.859] Acquiring local install lock: /tmp/vscode-remote-ssh-2f5e6878-install.lock
[17:04:51.860] Looking for existing server data file at /home/drdbrioso/.config/Code/User/globalStorage/ms-vscode-remote.remote-ssh/vscode-ssh-host-2f5e6878-8b3775030ed1a69b13e4f4c628c612102e30a681-0.108.2023112915-tr/data.json
[17:04:51.860] Using commit id "8b3775030ed1a69b13e4f4c628c612102e30a681" and quality "stable" for server
[17:04:51.864] Install and start server if needed
[17:04:51.868] askpass server listening on /run/user/1000/vscode-ssh-askpass-d3c7dff9554903bb9084e75da9b89a9387d381fc.sock
[17:04:51.868] Spawning local server with {"serverId":7,"ipcHandlePath":"/run/user/1000/vscode-ssh-askpass-606b6ceb17bebbaf3bd7bfc23d5f60f35bf62c0d.sock","sshCommand":"ssh","sshArgs":["-v","-T","-D","36933","-o","ConnectTimeout=15","senc.icmc.usp.br"],"serverDataFolderName":".vscode-server","dataFilePath":"/home/drdbrioso/.config/Code/User/globalStorage/ms-vscode-remote.remote-ssh/vscode-ssh-host-2f5e6878-8b3775030ed1a69b13e4f4c628c612102e30a681-0.108.2023112915-tr/data.json"}
[17:04:51.868] Local server env: {"SHELL":"/usr/bin/zsh","DISPLAY":":0","ELECTRON_RUN_AS_NODE":"1","SSH_ASKPASS":"/home/drdbrioso/.vscode/extensions/ms-vscode-remote.remote-ssh-0.108.2023112915/out/local-server/askpass.sh","VSCODE_SSH_ASKPASS_NODE":"/home/drdbrioso/Desktop/code-stable-x64-1705560028/VSCode-linux-x64/code","VSCODE_SSH_ASKPASS_EXTRA_ARGS":"--ms-enable-electron-run-as-node","VSCODE_SSH_ASKPASS_MAIN":"/home/drdbrioso/.vscode/extensions/ms-vscode-remote.remote-ssh-0.108.2023112915/out/askpass-main.js","VSCODE_SSH_ASKPASS_HANDLE":"/run/user/1000/vscode-ssh-askpass-d3c7dff9554903bb9084e75da9b89a9387d381fc.sock"}
[17:04:51.873] Spawned 29975
[17:04:51.961] > local-server-7> Running ssh connection command: "-v -T -D 36933 -o ConnectTimeout=15 senc.icmc.usp.br"
[17:04:51.964] > local-server-7> Spawned ssh, pid=29983
[17:05:06.989] stderr> ssh: connect to host senc.icmc.usp.br port 22: Connection timed out
[17:05:06.991] > local-server-7> ssh child died, shutting down
[17:05:06.996] Local server exit: 0
[17:05:06.997] Received install output: local-server-7> Running ssh connection command: "-v -T -D 36933 -o ConnectTimeout=15 senc.icmc.usp.br"
local-server-7> Spawned ssh, pid=29983
ssh: connect to host senc.icmc.usp.br port 22: Connection timed out
local-server-7> ssh child died, shutting down

[17:05:06.999] Resolver error: Error: The connection timed out
	at g.Offline (/home/drdbrioso/.vscode/extensions/ms-vscode-remote.remote-ssh-0.108.2023112915/out/extension.js:2:642754)
	at /home/drdbrioso/.vscode/extensions/ms-vscode-remote.remote-ssh-0.108.2023112915/out/extension.js:2:638823
	at t.handleInstallOutput (/home/drdbrioso/.vscode/extensions/ms-vscode-remote.remote-ssh-0.108.2023112915/out/extension.js:2:639138)
	at e (/home/drdbrioso/.vscode/extensions/ms-vscode-remote.remote-ssh-0.108.2023112915/out/extension.js:2:700300)
	at process.processTicksAndRejections (node:internal/process/task_queues:95:5)
	at async /home/drdbrioso/.vscode/extensions/ms-vscode-remote.remote-ssh-0.108.2023112915/out/extension.js:2:722169
	at async t.withShowDetailsEvent (/home/drdbrioso/.vscode/extensions/ms-vscode-remote.remote-ssh-0.108.2023112915/out/extension.js:2:725828)
	at async /home/drdbrioso/.vscode/extensions/ms-vscode-remote.remote-ssh-0.108.2023112915/out/extension.js:2:697005
	at async C (/home/drdbrioso/.vscode/extensions/ms-vscode-remote.remote-ssh-0.108.2023112915/out/extension.js:2:695056)
	at async t.resolveWithLocalServer (/home/drdbrioso/.vscode/extensions/ms-vscode-remote.remote-ssh-0.108.2023112915/out/extension.js:2:696545)
	at async I (/home/drdbrioso/.vscode/extensions/ms-vscode-remote.remote-ssh-0.108.2023112915/out/extension.js:2:719392)
	at async t.resolve (/home/drdbrioso/.vscode/extensions/ms-vscode-remote.remote-ssh-0.108.2023112915/out/extension.js:2:723199)
	at async /home/drdbrioso/.vscode/extensions/ms-vscode-remote.remote-ssh-0.108.2023112915/out/extension.js:2:907012
[17:05:07.003] ------




[17:05:17.016] ------




[17:05:17.016] SSH Resolver called for "ssh-remote+senc.icmc.usp.br", attempt 8, (Reconnection)
[17:05:17.018] SSH Resolver called for host: senc.icmc.usp.br
[17:05:17.018] Setting up SSH remote "senc.icmc.usp.br"
[17:05:17.019] Acquiring local install lock: /tmp/vscode-remote-ssh-2f5e6878-install.lock
[17:05:17.019] Looking for existing server data file at /home/drdbrioso/.config/Code/User/globalStorage/ms-vscode-remote.remote-ssh/vscode-ssh-host-2f5e6878-8b3775030ed1a69b13e4f4c628c612102e30a681-0.108.2023112915-tr/data.json
[17:05:17.020] Using commit id "8b3775030ed1a69b13e4f4c628c612102e30a681" and quality "stable" for server
[17:05:17.026] Install and start server if needed
[17:05:17.039] askpass server listening on /run/user/1000/vscode-ssh-askpass-5daf497aa2c4f9869deed0a01250a0da4b095b5c.sock
[17:05:17.040] Spawning local server with {"serverId":8,"ipcHandlePath":"/run/user/1000/vscode-ssh-askpass-5892961f1c3e06f2922a3ccfe9d1b92939c02fa7.sock","sshCommand":"ssh","sshArgs":["-v","-T","-D","36933","-o","ConnectTimeout=15","senc.icmc.usp.br"],"serverDataFolderName":".vscode-server","dataFilePath":"/home/drdbrioso/.config/Code/User/globalStorage/ms-vscode-remote.remote-ssh/vscode-ssh-host-2f5e6878-8b3775030ed1a69b13e4f4c628c612102e30a681-0.108.2023112915-tr/data.json"}
[17:05:17.041] Local server env: {"SHELL":"/usr/bin/zsh","DISPLAY":":0","ELECTRON_RUN_AS_NODE":"1","SSH_ASKPASS":"/home/drdbrioso/.vscode/extensions/ms-vscode-remote.remote-ssh-0.108.2023112915/out/local-server/askpass.sh","VSCODE_SSH_ASKPASS_NODE":"/home/drdbrioso/Desktop/code-stable-x64-1705560028/VSCode-linux-x64/code","VSCODE_SSH_ASKPASS_EXTRA_ARGS":"--ms-enable-electron-run-as-node","VSCODE_SSH_ASKPASS_MAIN":"/home/drdbrioso/.vscode/extensions/ms-vscode-remote.remote-ssh-0.108.2023112915/out/askpass-main.js","VSCODE_SSH_ASKPASS_HANDLE":"/run/user/1000/vscode-ssh-askpass-5daf497aa2c4f9869deed0a01250a0da4b095b5c.sock"}
[17:05:17.046] Spawned 30004
[17:05:17.134] > local-server-8> Running ssh connection command: "-v -T -D 36933 -o ConnectTimeout=15 senc.icmc.usp.br"
[17:05:17.137] > local-server-8> Spawned ssh, pid=30012
[17:05:32.192] stderr> ssh: connect to host senc.icmc.usp.br port 22: Connection timed out
[17:05:32.195] > local-server-8> ssh child died, shutting down
[17:05:32.203] Local server exit: 0
[17:05:32.203] Received install output: local-server-8> Running ssh connection command: "-v -T -D 36933 -o ConnectTimeout=15 senc.icmc.usp.br"
local-server-8> Spawned ssh, pid=30012
ssh: connect to host senc.icmc.usp.br port 22: Connection timed out
local-server-8> ssh child died, shutting down

[17:05:32.204] Resolver error: Error: The connection timed out
	at g.Offline (/home/drdbrioso/.vscode/extensions/ms-vscode-remote.remote-ssh-0.108.2023112915/out/extension.js:2:642754)
	at /home/drdbrioso/.vscode/extensions/ms-vscode-remote.remote-ssh-0.108.2023112915/out/extension.js:2:638823
	at t.handleInstallOutput (/home/drdbrioso/.vscode/extensions/ms-vscode-remote.remote-ssh-0.108.2023112915/out/extension.js:2:639138)
	at e (/home/drdbrioso/.vscode/extensions/ms-vscode-remote.remote-ssh-0.108.2023112915/out/extension.js:2:700300)
	at process.processTicksAndRejections (node:internal/process/task_queues:95:5)
	at async /home/drdbrioso/.vscode/extensions/ms-vscode-remote.remote-ssh-0.108.2023112915/out/extension.js:2:722169
	at async t.withShowDetailsEvent (/home/drdbrioso/.vscode/extensions/ms-vscode-remote.remote-ssh-0.108.2023112915/out/extension.js:2:725828)
	at async /home/drdbrioso/.vscode/extensions/ms-vscode-remote.remote-ssh-0.108.2023112915/out/extension.js:2:697005
	at async C (/home/drdbrioso/.vscode/extensions/ms-vscode-remote.remote-ssh-0.108.2023112915/out/extension.js:2:695056)
	at async t.resolveWithLocalServer (/home/drdbrioso/.vscode/extensions/ms-vscode-remote.remote-ssh-0.108.2023112915/out/extension.js:2:696545)
	at async I (/home/drdbrioso/.vscode/extensions/ms-vscode-remote.remote-ssh-0.108.2023112915/out/extension.js:2:719392)
	at async t.resolve (/home/drdbrioso/.vscode/extensions/ms-vscode-remote.remote-ssh-0.108.2023112915/out/extension.js:2:723199)
	at async /home/drdbrioso/.vscode/extensions/ms-vscode-remote.remote-ssh-0.108.2023112915/out/extension.js:2:907012
[17:05:32.208] ------




[17:05:42.251] ------




[17:05:42.251] SSH Resolver called for "ssh-remote+senc.icmc.usp.br", attempt 9, (Reconnection)
[17:05:42.252] SSH Resolver called for host: senc.icmc.usp.br
[17:05:42.252] Setting up SSH remote "senc.icmc.usp.br"
[17:05:42.253] Acquiring local install lock: /tmp/vscode-remote-ssh-2f5e6878-install.lock
[17:05:42.254] Looking for existing server data file at /home/drdbrioso/.config/Code/User/globalStorage/ms-vscode-remote.remote-ssh/vscode-ssh-host-2f5e6878-8b3775030ed1a69b13e4f4c628c612102e30a681-0.108.2023112915-tr/data.json
[17:05:42.255] Using commit id "8b3775030ed1a69b13e4f4c628c612102e30a681" and quality "stable" for server
[17:05:42.258] Install and start server if needed
[17:05:42.263] askpass server listening on /run/user/1000/vscode-ssh-askpass-c5b3940083dc3d5761fc2f7d55c0d7c3744155d7.sock
[17:05:42.263] Spawning local server with {"serverId":9,"ipcHandlePath":"/run/user/1000/vscode-ssh-askpass-3a5480c7918082e4e7f38418a83c83da48ed6bf0.sock","sshCommand":"ssh","sshArgs":["-v","-T","-D","36933","-o","ConnectTimeout=15","senc.icmc.usp.br"],"serverDataFolderName":".vscode-server","dataFilePath":"/home/drdbrioso/.config/Code/User/globalStorage/ms-vscode-remote.remote-ssh/vscode-ssh-host-2f5e6878-8b3775030ed1a69b13e4f4c628c612102e30a681-0.108.2023112915-tr/data.json"}
[17:05:42.263] Local server env: {"SHELL":"/usr/bin/zsh","DISPLAY":":0","ELECTRON_RUN_AS_NODE":"1","SSH_ASKPASS":"/home/drdbrioso/.vscode/extensions/ms-vscode-remote.remote-ssh-0.108.2023112915/out/local-server/askpass.sh","VSCODE_SSH_ASKPASS_NODE":"/home/drdbrioso/Desktop/code-stable-x64-1705560028/VSCode-linux-x64/code","VSCODE_SSH_ASKPASS_EXTRA_ARGS":"--ms-enable-electron-run-as-node","VSCODE_SSH_ASKPASS_MAIN":"/home/drdbrioso/.vscode/extensions/ms-vscode-remote.remote-ssh-0.108.2023112915/out/askpass-main.js","VSCODE_SSH_ASKPASS_HANDLE":"/run/user/1000/vscode-ssh-askpass-c5b3940083dc3d5761fc2f7d55c0d7c3744155d7.sock"}
[17:05:42.266] Spawned 30106
[17:05:42.360] > local-server-9> Running ssh connection command: "-v -T -D 36933 -o ConnectTimeout=15 senc.icmc.usp.br"
[17:05:42.363] > local-server-9> Spawned ssh, pid=30114
[17:05:57.457] stderr> ssh: connect to host senc.icmc.usp.br port 22: Connection timed out
[17:05:57.459] > local-server-9> ssh child died, shutting down
[17:05:57.466] Local server exit: 0
[17:05:57.466] Received install output: local-server-9> Running ssh connection command: "-v -T -D 36933 -o ConnectTimeout=15 senc.icmc.usp.br"
local-server-9> Spawned ssh, pid=30114
ssh: connect to host senc.icmc.usp.br port 22: Connection timed out
local-server-9> ssh child died, shutting down

[17:05:57.468] Resolver error: Error: The connection timed out
	at g.Offline (/home/drdbrioso/.vscode/extensions/ms-vscode-remote.remote-ssh-0.108.2023112915/out/extension.js:2:642754)
	at /home/drdbrioso/.vscode/extensions/ms-vscode-remote.remote-ssh-0.108.2023112915/out/extension.js:2:638823
	at t.handleInstallOutput (/home/drdbrioso/.vscode/extensions/ms-vscode-remote.remote-ssh-0.108.2023112915/out/extension.js:2:639138)
	at e (/home/drdbrioso/.vscode/extensions/ms-vscode-remote.remote-ssh-0.108.2023112915/out/extension.js:2:700300)
	at process.processTicksAndRejections (node:internal/process/task_queues:95:5)
	at async /home/drdbrioso/.vscode/extensions/ms-vscode-remote.remote-ssh-0.108.2023112915/out/extension.js:2:722169
	at async t.withShowDetailsEvent (/home/drdbrioso/.vscode/extensions/ms-vscode-remote.remote-ssh-0.108.2023112915/out/extension.js:2:725828)
	at async /home/drdbrioso/.vscode/extensions/ms-vscode-remote.remote-ssh-0.108.2023112915/out/extension.js:2:697005
	at async C (/home/drdbrioso/.vscode/extensions/ms-vscode-remote.remote-ssh-0.108.2023112915/out/extension.js:2:695056)
	at async t.resolveWithLocalServer (/home/drdbrioso/.vscode/extensions/ms-vscode-remote.remote-ssh-0.108.2023112915/out/extension.js:2:696545)
	at async I (/home/drdbrioso/.vscode/extensions/ms-vscode-remote.remote-ssh-0.108.2023112915/out/extension.js:2:719392)
	at async t.resolve (/home/drdbrioso/.vscode/extensions/ms-vscode-remote.remote-ssh-0.108.2023112915/out/extension.js:2:723199)
	at async /home/drdbrioso/.vscode/extensions/ms-vscode-remote.remote-ssh-0.108.2023112915/out/extension.js:2:907012
[17:05:57.472] ------




[17:06:27.523] ------




[17:06:27.523] SSH Resolver called for "ssh-remote+senc.icmc.usp.br", attempt 10, (Reconnection)
[17:06:27.524] SSH Resolver called for host: senc.icmc.usp.br
[17:06:27.524] Setting up SSH remote "senc.icmc.usp.br"
[17:06:27.525] Acquiring local install lock: /tmp/vscode-remote-ssh-2f5e6878-install.lock
[17:06:27.525] Looking for existing server data file at /home/drdbrioso/.config/Code/User/globalStorage/ms-vscode-remote.remote-ssh/vscode-ssh-host-2f5e6878-8b3775030ed1a69b13e4f4c628c612102e30a681-0.108.2023112915-tr/data.json
[17:06:27.526] Using commit id "8b3775030ed1a69b13e4f4c628c612102e30a681" and quality "stable" for server
[17:06:27.529] Install and start server if needed
[17:06:27.535] askpass server listening on /run/user/1000/vscode-ssh-askpass-18de5b84070eb88dd15851a5866487c7efc33309.sock
[17:06:27.535] Spawning local server with {"serverId":10,"ipcHandlePath":"/run/user/1000/vscode-ssh-askpass-f463746588d2f438664c306a95e5d0b9190c3af8.sock","sshCommand":"ssh","sshArgs":["-v","-T","-D","36933","-o","ConnectTimeout=15","senc.icmc.usp.br"],"serverDataFolderName":".vscode-server","dataFilePath":"/home/drdbrioso/.config/Code/User/globalStorage/ms-vscode-remote.remote-ssh/vscode-ssh-host-2f5e6878-8b3775030ed1a69b13e4f4c628c612102e30a681-0.108.2023112915-tr/data.json"}
[17:06:27.535] Local server env: {"SHELL":"/usr/bin/zsh","DISPLAY":":0","ELECTRON_RUN_AS_NODE":"1","SSH_ASKPASS":"/home/drdbrioso/.vscode/extensions/ms-vscode-remote.remote-ssh-0.108.2023112915/out/local-server/askpass.sh","VSCODE_SSH_ASKPASS_NODE":"/home/drdbrioso/Desktop/code-stable-x64-1705560028/VSCode-linux-x64/code","VSCODE_SSH_ASKPASS_EXTRA_ARGS":"--ms-enable-electron-run-as-node","VSCODE_SSH_ASKPASS_MAIN":"/home/drdbrioso/.vscode/extensions/ms-vscode-remote.remote-ssh-0.108.2023112915/out/askpass-main.js","VSCODE_SSH_ASKPASS_HANDLE":"/run/user/1000/vscode-ssh-askpass-18de5b84070eb88dd15851a5866487c7efc33309.sock"}
[17:06:27.539] Spawned 30161
[17:06:27.621] > local-server-10> Running ssh connection command: "-v -T -D 36933 -o ConnectTimeout=15 senc.icmc.usp.br"
[17:06:27.624] > local-server-10> Spawned ssh, pid=30169
[17:06:42.648] stderr> ssh: connect to host senc.icmc.usp.br port 22: Connection timed out
[17:06:42.650] > local-server-10> ssh child died, shutting down
[17:06:42.657] Local server exit: 0
[17:06:42.658] Received install output: local-server-10> Running ssh connection command: "-v -T -D 36933 -o ConnectTimeout=15 senc.icmc.usp.br"
local-server-10> Spawned ssh, pid=30169
ssh: connect to host senc.icmc.usp.br port 22: Connection timed out
local-server-10> ssh child died, shutting down

[17:06:42.660] Resolver error: Error: The connection timed out
	at g.Offline (/home/drdbrioso/.vscode/extensions/ms-vscode-remote.remote-ssh-0.108.2023112915/out/extension.js:2:642754)
	at /home/drdbrioso/.vscode/extensions/ms-vscode-remote.remote-ssh-0.108.2023112915/out/extension.js:2:638823
	at t.handleInstallOutput (/home/drdbrioso/.vscode/extensions/ms-vscode-remote.remote-ssh-0.108.2023112915/out/extension.js:2:639138)
	at e (/home/drdbrioso/.vscode/extensions/ms-vscode-remote.remote-ssh-0.108.2023112915/out/extension.js:2:700300)
	at process.processTicksAndRejections (node:internal/process/task_queues:95:5)
	at async /home/drdbrioso/.vscode/extensions/ms-vscode-remote.remote-ssh-0.108.2023112915/out/extension.js:2:722169
	at async t.withShowDetailsEvent (/home/drdbrioso/.vscode/extensions/ms-vscode-remote.remote-ssh-0.108.2023112915/out/extension.js:2:725828)
	at async /home/drdbrioso/.vscode/extensions/ms-vscode-remote.remote-ssh-0.108.2023112915/out/extension.js:2:697005
	at async C (/home/drdbrioso/.vscode/extensions/ms-vscode-remote.remote-ssh-0.108.2023112915/out/extension.js:2:695056)
	at async t.resolveWithLocalServer (/home/drdbrioso/.vscode/extensions/ms-vscode-remote.remote-ssh-0.108.2023112915/out/extension.js:2:696545)
	at async I (/home/drdbrioso/.vscode/extensions/ms-vscode-remote.remote-ssh-0.108.2023112915/out/extension.js:2:719392)
	at async t.resolve (/home/drdbrioso/.vscode/extensions/ms-vscode-remote.remote-ssh-0.108.2023112915/out/extension.js:2:723199)
	at async /home/drdbrioso/.vscode/extensions/ms-vscode-remote.remote-ssh-0.108.2023112915/out/extension.js:2:907012
[17:06:42.666] ------




[17:07:12.710] ------




[17:07:12.710] SSH Resolver called for "ssh-remote+senc.icmc.usp.br", attempt 11, (Reconnection)
[17:07:12.710] SSH Resolver called for host: senc.icmc.usp.br
[17:07:12.710] Setting up SSH remote "senc.icmc.usp.br"
[17:07:12.711] Acquiring local install lock: /tmp/vscode-remote-ssh-2f5e6878-install.lock
[17:07:12.711] Looking for existing server data file at /home/drdbrioso/.config/Code/User/globalStorage/ms-vscode-remote.remote-ssh/vscode-ssh-host-2f5e6878-8b3775030ed1a69b13e4f4c628c612102e30a681-0.108.2023112915-tr/data.json
[17:07:12.712] Using commit id "8b3775030ed1a69b13e4f4c628c612102e30a681" and quality "stable" for server
[17:07:12.713] Install and start server if needed
[17:07:12.716] askpass server listening on /run/user/1000/vscode-ssh-askpass-9d9d5aff4cd11097b38e45111210a962852f6064.sock
[17:07:12.716] Spawning local server with {"serverId":11,"ipcHandlePath":"/run/user/1000/vscode-ssh-askpass-4a223ab533d8d36563e20b1d6ec79cbad80c74cd.sock","sshCommand":"ssh","sshArgs":["-v","-T","-D","36933","-o","ConnectTimeout=15","senc.icmc.usp.br"],"serverDataFolderName":".vscode-server","dataFilePath":"/home/drdbrioso/.config/Code/User/globalStorage/ms-vscode-remote.remote-ssh/vscode-ssh-host-2f5e6878-8b3775030ed1a69b13e4f4c628c612102e30a681-0.108.2023112915-tr/data.json"}
[17:07:12.716] Local server env: {"SHELL":"/usr/bin/zsh","DISPLAY":":0","ELECTRON_RUN_AS_NODE":"1","SSH_ASKPASS":"/home/drdbrioso/.vscode/extensions/ms-vscode-remote.remote-ssh-0.108.2023112915/out/local-server/askpass.sh","VSCODE_SSH_ASKPASS_NODE":"/home/drdbrioso/Desktop/code-stable-x64-1705560028/VSCode-linux-x64/code","VSCODE_SSH_ASKPASS_EXTRA_ARGS":"--ms-enable-electron-run-as-node","VSCODE_SSH_ASKPASS_MAIN":"/home/drdbrioso/.vscode/extensions/ms-vscode-remote.remote-ssh-0.108.2023112915/out/askpass-main.js","VSCODE_SSH_ASKPASS_HANDLE":"/run/user/1000/vscode-ssh-askpass-9d9d5aff4cd11097b38e45111210a962852f6064.sock"}
[17:07:12.719] Spawned 30212
[17:07:12.809] > local-server-11> Running ssh connection command: "-v -T -D 36933 -o ConnectTimeout=15 senc.icmc.usp.br"
[17:07:12.812] > local-server-11> Spawned ssh, pid=30220
[17:07:27.837] stderr> ssh: connect to host senc.icmc.usp.br port 22: Connection timed out
[17:07:27.839] > local-server-11> ssh child died, shutting down
[17:07:27.847] Local server exit: 0
[17:07:27.848] Received install output: local-server-11> Running ssh connection command: "-v -T -D 36933 -o ConnectTimeout=15 senc.icmc.usp.br"
local-server-11> Spawned ssh, pid=30220
ssh: connect to host senc.icmc.usp.br port 22: Connection timed out
local-server-11> ssh child died, shutting down

[17:07:27.850] Resolver error: Error: The connection timed out
	at g.Offline (/home/drdbrioso/.vscode/extensions/ms-vscode-remote.remote-ssh-0.108.2023112915/out/extension.js:2:642754)
	at /home/drdbrioso/.vscode/extensions/ms-vscode-remote.remote-ssh-0.108.2023112915/out/extension.js:2:638823
	at t.handleInstallOutput (/home/drdbrioso/.vscode/extensions/ms-vscode-remote.remote-ssh-0.108.2023112915/out/extension.js:2:639138)
	at e (/home/drdbrioso/.vscode/extensions/ms-vscode-remote.remote-ssh-0.108.2023112915/out/extension.js:2:700300)
	at process.processTicksAndRejections (node:internal/process/task_queues:95:5)
	at async /home/drdbrioso/.vscode/extensions/ms-vscode-remote.remote-ssh-0.108.2023112915/out/extension.js:2:722169
	at async t.withShowDetailsEvent (/home/drdbrioso/.vscode/extensions/ms-vscode-remote.remote-ssh-0.108.2023112915/out/extension.js:2:725828)
	at async /home/drdbrioso/.vscode/extensions/ms-vscode-remote.remote-ssh-0.108.2023112915/out/extension.js:2:697005
	at async C (/home/drdbrioso/.vscode/extensions/ms-vscode-remote.remote-ssh-0.108.2023112915/out/extension.js:2:695056)
	at async t.resolveWithLocalServer (/home/drdbrioso/.vscode/extensions/ms-vscode-remote.remote-ssh-0.108.2023112915/out/extension.js:2:696545)
	at async I (/home/drdbrioso/.vscode/extensions/ms-vscode-remote.remote-ssh-0.108.2023112915/out/extension.js:2:719392)
	at async t.resolve (/home/drdbrioso/.vscode/extensions/ms-vscode-remote.remote-ssh-0.108.2023112915/out/extension.js:2:723199)
	at async /home/drdbrioso/.vscode/extensions/ms-vscode-remote.remote-ssh-0.108.2023112915/out/extension.js:2:907012
[17:07:27.853] ------




[17:07:57.892] ------




[17:07:57.892] SSH Resolver called for "ssh-remote+senc.icmc.usp.br", attempt 12, (Reconnection)
[17:07:57.893] SSH Resolver called for host: senc.icmc.usp.br
[17:07:57.893] Setting up SSH remote "senc.icmc.usp.br"
[17:07:57.894] Acquiring local install lock: /tmp/vscode-remote-ssh-2f5e6878-install.lock
[17:07:57.894] Looking for existing server data file at /home/drdbrioso/.config/Code/User/globalStorage/ms-vscode-remote.remote-ssh/vscode-ssh-host-2f5e6878-8b3775030ed1a69b13e4f4c628c612102e30a681-0.108.2023112915-tr/data.json
[17:07:57.895] Using commit id "8b3775030ed1a69b13e4f4c628c612102e30a681" and quality "stable" for server
[17:07:57.899] Install and start server if needed
[17:07:57.903] askpass server listening on /run/user/1000/vscode-ssh-askpass-a9182d165635964f6937f8a646c4ade04feb5ddf.sock
[17:07:57.903] Spawning local server with {"serverId":12,"ipcHandlePath":"/run/user/1000/vscode-ssh-askpass-e79bf5bbbb1e38e282acb7ebb946aa8a740c1caf.sock","sshCommand":"ssh","sshArgs":["-v","-T","-D","36933","-o","ConnectTimeout=15","senc.icmc.usp.br"],"serverDataFolderName":".vscode-server","dataFilePath":"/home/drdbrioso/.config/Code/User/globalStorage/ms-vscode-remote.remote-ssh/vscode-ssh-host-2f5e6878-8b3775030ed1a69b13e4f4c628c612102e30a681-0.108.2023112915-tr/data.json"}
[17:07:57.903] Local server env: {"SHELL":"/usr/bin/zsh","DISPLAY":":0","ELECTRON_RUN_AS_NODE":"1","SSH_ASKPASS":"/home/drdbrioso/.vscode/extensions/ms-vscode-remote.remote-ssh-0.108.2023112915/out/local-server/askpass.sh","VSCODE_SSH_ASKPASS_NODE":"/home/drdbrioso/Desktop/code-stable-x64-1705560028/VSCode-linux-x64/code","VSCODE_SSH_ASKPASS_EXTRA_ARGS":"--ms-enable-electron-run-as-node","VSCODE_SSH_ASKPASS_MAIN":"/home/drdbrioso/.vscode/extensions/ms-vscode-remote.remote-ssh-0.108.2023112915/out/askpass-main.js","VSCODE_SSH_ASKPASS_HANDLE":"/run/user/1000/vscode-ssh-askpass-a9182d165635964f6937f8a646c4ade04feb5ddf.sock"}
[17:07:57.907] Spawned 30237
[17:07:58.002] > local-server-12> Running ssh connection command: "-v -T -D 36933 -o ConnectTimeout=15 senc.icmc.usp.br"
[17:07:58.006] > local-server-12> Spawned ssh, pid=30245
[17:08:13.029] stderr> ssh: connect to host senc.icmc.usp.br port 22: Connection timed out
[17:08:13.032] > local-server-12> ssh child died, shutting down
[17:08:13.042] Local server exit: 0
[17:08:13.043] Received install output: local-server-12> Running ssh connection command: "-v -T -D 36933 -o ConnectTimeout=15 senc.icmc.usp.br"
local-server-12> Spawned ssh, pid=30245
ssh: connect to host senc.icmc.usp.br port 22: Connection timed out
local-server-12> ssh child died, shutting down

[17:08:13.044] Resolver error: Error: The connection timed out
	at g.Offline (/home/drdbrioso/.vscode/extensions/ms-vscode-remote.remote-ssh-0.108.2023112915/out/extension.js:2:642754)
	at /home/drdbrioso/.vscode/extensions/ms-vscode-remote.remote-ssh-0.108.2023112915/out/extension.js:2:638823
	at t.handleInstallOutput (/home/drdbrioso/.vscode/extensions/ms-vscode-remote.remote-ssh-0.108.2023112915/out/extension.js:2:639138)
	at e (/home/drdbrioso/.vscode/extensions/ms-vscode-remote.remote-ssh-0.108.2023112915/out/extension.js:2:700300)
	at process.processTicksAndRejections (node:internal/process/task_queues:95:5)
	at async /home/drdbrioso/.vscode/extensions/ms-vscode-remote.remote-ssh-0.108.2023112915/out/extension.js:2:722169
	at async t.withShowDetailsEvent (/home/drdbrioso/.vscode/extensions/ms-vscode-remote.remote-ssh-0.108.2023112915/out/extension.js:2:725828)
	at async /home/drdbrioso/.vscode/extensions/ms-vscode-remote.remote-ssh-0.108.2023112915/out/extension.js:2:697005
	at async C (/home/drdbrioso/.vscode/extensions/ms-vscode-remote.remote-ssh-0.108.2023112915/out/extension.js:2:695056)
	at async t.resolveWithLocalServer (/home/drdbrioso/.vscode/extensions/ms-vscode-remote.remote-ssh-0.108.2023112915/out/extension.js:2:696545)
	at async I (/home/drdbrioso/.vscode/extensions/ms-vscode-remote.remote-ssh-0.108.2023112915/out/extension.js:2:719392)
	at async t.resolve (/home/drdbrioso/.vscode/extensions/ms-vscode-remote.remote-ssh-0.108.2023112915/out/extension.js:2:723199)
	at async /home/drdbrioso/.vscode/extensions/ms-vscode-remote.remote-ssh-0.108.2023112915/out/extension.js:2:907012
[17:08:13.049] ------




[17:08:43.093] ------




[17:08:43.093] SSH Resolver called for "ssh-remote+senc.icmc.usp.br", attempt 13, (Reconnection)
[17:08:43.094] SSH Resolver called for host: senc.icmc.usp.br
[17:08:43.094] Setting up SSH remote "senc.icmc.usp.br"
[17:08:43.095] Acquiring local install lock: /tmp/vscode-remote-ssh-2f5e6878-install.lock
[17:08:43.096] Looking for existing server data file at /home/drdbrioso/.config/Code/User/globalStorage/ms-vscode-remote.remote-ssh/vscode-ssh-host-2f5e6878-8b3775030ed1a69b13e4f4c628c612102e30a681-0.108.2023112915-tr/data.json
[17:08:43.097] Using commit id "8b3775030ed1a69b13e4f4c628c612102e30a681" and quality "stable" for server
[17:08:43.100] Install and start server if needed
[17:08:43.106] askpass server listening on /run/user/1000/vscode-ssh-askpass-7dcb91760a7c2f9bf13578cc0f85487cfb9abacb.sock
[17:08:43.106] Spawning local server with {"serverId":13,"ipcHandlePath":"/run/user/1000/vscode-ssh-askpass-102c598897eea1041df1442e7887ad51ec1d0fe7.sock","sshCommand":"ssh","sshArgs":["-v","-T","-D","36933","-o","ConnectTimeout=15","senc.icmc.usp.br"],"serverDataFolderName":".vscode-server","dataFilePath":"/home/drdbrioso/.config/Code/User/globalStorage/ms-vscode-remote.remote-ssh/vscode-ssh-host-2f5e6878-8b3775030ed1a69b13e4f4c628c612102e30a681-0.108.2023112915-tr/data.json"}
[17:08:43.106] Local server env: {"SHELL":"/usr/bin/zsh","DISPLAY":":0","ELECTRON_RUN_AS_NODE":"1","SSH_ASKPASS":"/home/drdbrioso/.vscode/extensions/ms-vscode-remote.remote-ssh-0.108.2023112915/out/local-server/askpass.sh","VSCODE_SSH_ASKPASS_NODE":"/home/drdbrioso/Desktop/code-stable-x64-1705560028/VSCode-linux-x64/code","VSCODE_SSH_ASKPASS_EXTRA_ARGS":"--ms-enable-electron-run-as-node","VSCODE_SSH_ASKPASS_MAIN":"/home/drdbrioso/.vscode/extensions/ms-vscode-remote.remote-ssh-0.108.2023112915/out/askpass-main.js","VSCODE_SSH_ASKPASS_HANDLE":"/run/user/1000/vscode-ssh-askpass-7dcb91760a7c2f9bf13578cc0f85487cfb9abacb.sock"}
[17:08:43.110] Spawned 30380
[17:08:43.192] > local-server-13> Running ssh connection command: "-v -T -D 36933 -o ConnectTimeout=15 senc.icmc.usp.br"
[17:08:43.196] > local-server-13> Spawned ssh, pid=30388
[17:08:58.220] stderr> ssh: connect to host senc.icmc.usp.br port 22: Connection timed out
[17:08:58.222] > local-server-13> ssh child died, shutting down
[17:08:58.229] Local server exit: 0
[17:08:58.231] Received install output: local-server-13> Running ssh connection command: "-v -T -D 36933 -o ConnectTimeout=15 senc.icmc.usp.br"
local-server-13> Spawned ssh, pid=30388
ssh: connect to host senc.icmc.usp.br port 22: Connection timed out
local-server-13> ssh child died, shutting down

[17:08:58.234] Resolver error: Error: The connection timed out
	at g.Offline (/home/drdbrioso/.vscode/extensions/ms-vscode-remote.remote-ssh-0.108.2023112915/out/extension.js:2:642754)
	at /home/drdbrioso/.vscode/extensions/ms-vscode-remote.remote-ssh-0.108.2023112915/out/extension.js:2:638823
	at t.handleInstallOutput (/home/drdbrioso/.vscode/extensions/ms-vscode-remote.remote-ssh-0.108.2023112915/out/extension.js:2:639138)
	at e (/home/drdbrioso/.vscode/extensions/ms-vscode-remote.remote-ssh-0.108.2023112915/out/extension.js:2:700300)
	at process.processTicksAndRejections (node:internal/process/task_queues:95:5)
	at async /home/drdbrioso/.vscode/extensions/ms-vscode-remote.remote-ssh-0.108.2023112915/out/extension.js:2:722169
	at async t.withShowDetailsEvent (/home/drdbrioso/.vscode/extensions/ms-vscode-remote.remote-ssh-0.108.2023112915/out/extension.js:2:725828)
	at async /home/drdbrioso/.vscode/extensions/ms-vscode-remote.remote-ssh-0.108.2023112915/out/extension.js:2:697005
	at async C (/home/drdbrioso/.vscode/extensions/ms-vscode-remote.remote-ssh-0.108.2023112915/out/extension.js:2:695056)
	at async t.resolveWithLocalServer (/home/drdbrioso/.vscode/extensions/ms-vscode-remote.remote-ssh-0.108.2023112915/out/extension.js:2:696545)
	at async I (/home/drdbrioso/.vscode/extensions/ms-vscode-remote.remote-ssh-0.108.2023112915/out/extension.js:2:719392)
	at async t.resolve (/home/drdbrioso/.vscode/extensions/ms-vscode-remote.remote-ssh-0.108.2023112915/out/extension.js:2:723199)
	at async /home/drdbrioso/.vscode/extensions/ms-vscode-remote.remote-ssh-0.108.2023112915/out/extension.js:2:907012
[17:08:58.242] ------




[17:09:28.291] ------




[17:09:28.291] SSH Resolver called for "ssh-remote+senc.icmc.usp.br", attempt 14, (Reconnection)
[17:09:28.292] SSH Resolver called for host: senc.icmc.usp.br
[17:09:28.292] Setting up SSH remote "senc.icmc.usp.br"
[17:09:28.293] Acquiring local install lock: /tmp/vscode-remote-ssh-2f5e6878-install.lock
[17:09:28.294] Looking for existing server data file at /home/drdbrioso/.config/Code/User/globalStorage/ms-vscode-remote.remote-ssh/vscode-ssh-host-2f5e6878-8b3775030ed1a69b13e4f4c628c612102e30a681-0.108.2023112915-tr/data.json
[17:09:28.295] Using commit id "8b3775030ed1a69b13e4f4c628c612102e30a681" and quality "stable" for server
[17:09:28.298] Install and start server if needed
[17:09:28.301] askpass server listening on /run/user/1000/vscode-ssh-askpass-556a5dbe63c5213750e8050673d969852eed1817.sock
[17:09:28.301] Spawning local server with {"serverId":14,"ipcHandlePath":"/run/user/1000/vscode-ssh-askpass-0e3973b095eb04bedcfeb4b4327de5b0bb66c519.sock","sshCommand":"ssh","sshArgs":["-v","-T","-D","36933","-o","ConnectTimeout=15","senc.icmc.usp.br"],"serverDataFolderName":".vscode-server","dataFilePath":"/home/drdbrioso/.config/Code/User/globalStorage/ms-vscode-remote.remote-ssh/vscode-ssh-host-2f5e6878-8b3775030ed1a69b13e4f4c628c612102e30a681-0.108.2023112915-tr/data.json"}
[17:09:28.301] Local server env: {"SHELL":"/usr/bin/zsh","DISPLAY":":0","ELECTRON_RUN_AS_NODE":"1","SSH_ASKPASS":"/home/drdbrioso/.vscode/extensions/ms-vscode-remote.remote-ssh-0.108.2023112915/out/local-server/askpass.sh","VSCODE_SSH_ASKPASS_NODE":"/home/drdbrioso/Desktop/code-stable-x64-1705560028/VSCode-linux-x64/code","VSCODE_SSH_ASKPASS_EXTRA_ARGS":"--ms-enable-electron-run-as-node","VSCODE_SSH_ASKPASS_MAIN":"/home/drdbrioso/.vscode/extensions/ms-vscode-remote.remote-ssh-0.108.2023112915/out/askpass-main.js","VSCODE_SSH_ASKPASS_HANDLE":"/run/user/1000/vscode-ssh-askpass-556a5dbe63c5213750e8050673d969852eed1817.sock"}
[17:09:28.305] Spawned 30410
[17:09:28.395] > local-server-14> Running ssh connection command: "-v -T -D 36933 -o ConnectTimeout=15 senc.icmc.usp.br"
[17:09:28.398] > local-server-14> Spawned ssh, pid=30418
[17:09:43.424] stderr> ssh: connect to host senc.icmc.usp.br port 22: Connection timed out
[17:09:43.426] > local-server-14> ssh child died, shutting down
[17:09:43.435] Local server exit: 0
[17:09:43.435] Received install output: local-server-14> Running ssh connection command: "-v -T -D 36933 -o ConnectTimeout=15 senc.icmc.usp.br"
local-server-14> Spawned ssh, pid=30418
ssh: connect to host senc.icmc.usp.br port 22: Connection timed out
local-server-14> ssh child died, shutting down

[17:09:43.437] Resolver error: Error: The connection timed out
	at g.Offline (/home/drdbrioso/.vscode/extensions/ms-vscode-remote.remote-ssh-0.108.2023112915/out/extension.js:2:642754)
	at /home/drdbrioso/.vscode/extensions/ms-vscode-remote.remote-ssh-0.108.2023112915/out/extension.js:2:638823
	at t.handleInstallOutput (/home/drdbrioso/.vscode/extensions/ms-vscode-remote.remote-ssh-0.108.2023112915/out/extension.js:2:639138)
	at e (/home/drdbrioso/.vscode/extensions/ms-vscode-remote.remote-ssh-0.108.2023112915/out/extension.js:2:700300)
	at process.processTicksAndRejections (node:internal/process/task_queues:95:5)
	at async /home/drdbrioso/.vscode/extensions/ms-vscode-remote.remote-ssh-0.108.2023112915/out/extension.js:2:722169
	at async t.withShowDetailsEvent (/home/drdbrioso/.vscode/extensions/ms-vscode-remote.remote-ssh-0.108.2023112915/out/extension.js:2:725828)
	at async /home/drdbrioso/.vscode/extensions/ms-vscode-remote.remote-ssh-0.108.2023112915/out/extension.js:2:697005
	at async C (/home/drdbrioso/.vscode/extensions/ms-vscode-remote.remote-ssh-0.108.2023112915/out/extension.js:2:695056)
	at async t.resolveWithLocalServer (/home/drdbrioso/.vscode/extensions/ms-vscode-remote.remote-ssh-0.108.2023112915/out/extension.js:2:696545)
	at async I (/home/drdbrioso/.vscode/extensions/ms-vscode-remote.remote-ssh-0.108.2023112915/out/extension.js:2:719392)
	at async t.resolve (/home/drdbrioso/.vscode/extensions/ms-vscode-remote.remote-ssh-0.108.2023112915/out/extension.js:2:723199)
	at async /home/drdbrioso/.vscode/extensions/ms-vscode-remote.remote-ssh-0.108.2023112915/out/extension.js:2:907012
[17:09:43.441] ------




[17:10:13.484] ------




[17:10:13.484] SSH Resolver called for "ssh-remote+senc.icmc.usp.br", attempt 15, (Reconnection)
[17:10:13.486] SSH Resolver called for host: senc.icmc.usp.br
[17:10:13.486] Setting up SSH remote "senc.icmc.usp.br"
[17:10:13.487] Acquiring local install lock: /tmp/vscode-remote-ssh-2f5e6878-install.lock
[17:10:13.488] Looking for existing server data file at /home/drdbrioso/.config/Code/User/globalStorage/ms-vscode-remote.remote-ssh/vscode-ssh-host-2f5e6878-8b3775030ed1a69b13e4f4c628c612102e30a681-0.108.2023112915-tr/data.json
[17:10:13.488] Using commit id "8b3775030ed1a69b13e4f4c628c612102e30a681" and quality "stable" for server
[17:10:13.490] Install and start server if needed
[17:10:13.493] askpass server listening on /run/user/1000/vscode-ssh-askpass-27828f89e18cf4801cc6522276d4a863feaf2e45.sock
[17:10:13.493] Spawning local server with {"serverId":15,"ipcHandlePath":"/run/user/1000/vscode-ssh-askpass-d6904480908539b5cfa6056a356d76f1aa786850.sock","sshCommand":"ssh","sshArgs":["-v","-T","-D","36933","-o","ConnectTimeout=15","senc.icmc.usp.br"],"serverDataFolderName":".vscode-server","dataFilePath":"/home/drdbrioso/.config/Code/User/globalStorage/ms-vscode-remote.remote-ssh/vscode-ssh-host-2f5e6878-8b3775030ed1a69b13e4f4c628c612102e30a681-0.108.2023112915-tr/data.json"}
[17:10:13.493] Local server env: {"SHELL":"/usr/bin/zsh","DISPLAY":":0","ELECTRON_RUN_AS_NODE":"1","SSH_ASKPASS":"/home/drdbrioso/.vscode/extensions/ms-vscode-remote.remote-ssh-0.108.2023112915/out/local-server/askpass.sh","VSCODE_SSH_ASKPASS_NODE":"/home/drdbrioso/Desktop/code-stable-x64-1705560028/VSCode-linux-x64/code","VSCODE_SSH_ASKPASS_EXTRA_ARGS":"--ms-enable-electron-run-as-node","VSCODE_SSH_ASKPASS_MAIN":"/home/drdbrioso/.vscode/extensions/ms-vscode-remote.remote-ssh-0.108.2023112915/out/askpass-main.js","VSCODE_SSH_ASKPASS_HANDLE":"/run/user/1000/vscode-ssh-askpass-27828f89e18cf4801cc6522276d4a863feaf2e45.sock"}
[17:10:13.497] Spawned 30429
[17:10:13.609] > local-server-15> Running ssh connection command: "-v -T -D 36933 -o ConnectTimeout=15 senc.icmc.usp.br"
[17:10:13.613] > local-server-15> Spawned ssh, pid=30437
[17:10:30.499] Terminating local server
[17:10:30.501] Resolver error: Error: Connecting with SSH timed out
	at g.Timeout (/home/drdbrioso/.vscode/extensions/ms-vscode-remote.remote-ssh-0.108.2023112915/out/extension.js:2:642829)
	at Timeout._onTimeout (/home/drdbrioso/.vscode/extensions/ms-vscode-remote.remote-ssh-0.108.2023112915/out/extension.js:2:707323)
	at listOnTimeout (node:internal/timers:569:17)
	at process.processTimers (node:internal/timers:512:7)
[17:10:30.506] ------




[17:10:30.508] Local server exit: 15
[17:11:00.551] ------




[17:11:00.552] SSH Resolver called for "ssh-remote+senc.icmc.usp.br", attempt 16, (Reconnection)
[17:11:00.553] SSH Resolver called for host: senc.icmc.usp.br
[17:11:00.553] Setting up SSH remote "senc.icmc.usp.br"
[17:11:00.554] Acquiring local install lock: /tmp/vscode-remote-ssh-2f5e6878-install.lock
[17:11:00.555] Looking for existing server data file at /home/drdbrioso/.config/Code/User/globalStorage/ms-vscode-remote.remote-ssh/vscode-ssh-host-2f5e6878-8b3775030ed1a69b13e4f4c628c612102e30a681-0.108.2023112915-tr/data.json
[17:11:00.555] Using commit id "8b3775030ed1a69b13e4f4c628c612102e30a681" and quality "stable" for server
[17:11:00.558] Install and start server if needed
[17:11:00.561] askpass server listening on /run/user/1000/vscode-ssh-askpass-96d9605a1b18f607d27887ce849e687ed554db3f.sock
[17:11:00.561] Spawning local server with {"serverId":16,"ipcHandlePath":"/run/user/1000/vscode-ssh-askpass-6e156cbdb0f87738bafd767f409d04ef0c2d1ee2.sock","sshCommand":"ssh","sshArgs":["-v","-T","-D","36933","-o","ConnectTimeout=15","senc.icmc.usp.br"],"serverDataFolderName":".vscode-server","dataFilePath":"/home/drdbrioso/.config/Code/User/globalStorage/ms-vscode-remote.remote-ssh/vscode-ssh-host-2f5e6878-8b3775030ed1a69b13e4f4c628c612102e30a681-0.108.2023112915-tr/data.json"}
[17:11:00.561] Local server env: {"SHELL":"/usr/bin/zsh","DISPLAY":":0","ELECTRON_RUN_AS_NODE":"1","SSH_ASKPASS":"/home/drdbrioso/.vscode/extensions/ms-vscode-remote.remote-ssh-0.108.2023112915/out/local-server/askpass.sh","VSCODE_SSH_ASKPASS_NODE":"/home/drdbrioso/Desktop/code-stable-x64-1705560028/VSCode-linux-x64/code","VSCODE_SSH_ASKPASS_EXTRA_ARGS":"--ms-enable-electron-run-as-node","VSCODE_SSH_ASKPASS_MAIN":"/home/drdbrioso/.vscode/extensions/ms-vscode-remote.remote-ssh-0.108.2023112915/out/askpass-main.js","VSCODE_SSH_ASKPASS_HANDLE":"/run/user/1000/vscode-ssh-askpass-96d9605a1b18f607d27887ce849e687ed554db3f.sock"}
[17:11:00.565] Spawned 30452
[17:11:00.648] > local-server-16> Running ssh connection command: "-v -T -D 36933 -o ConnectTimeout=15 senc.icmc.usp.br"
[17:11:00.652] > local-server-16> Spawned ssh, pid=30460
[17:11:15.676] stderr> ssh: connect to host senc.icmc.usp.br port 22: Connection timed out
[17:11:15.678] > local-server-16> ssh child died, shutting down
[17:11:15.687] Local server exit: 0
[17:11:15.688] Received install output: local-server-16> Running ssh connection command: "-v -T -D 36933 -o ConnectTimeout=15 senc.icmc.usp.br"
local-server-16> Spawned ssh, pid=30460
ssh: connect to host senc.icmc.usp.br port 22: Connection timed out
local-server-16> ssh child died, shutting down

[17:11:15.691] Resolver error: Error: The connection timed out
	at g.Offline (/home/drdbrioso/.vscode/extensions/ms-vscode-remote.remote-ssh-0.108.2023112915/out/extension.js:2:642754)
	at /home/drdbrioso/.vscode/extensions/ms-vscode-remote.remote-ssh-0.108.2023112915/out/extension.js:2:638823
	at t.handleInstallOutput (/home/drdbrioso/.vscode/extensions/ms-vscode-remote.remote-ssh-0.108.2023112915/out/extension.js:2:639138)
	at e (/home/drdbrioso/.vscode/extensions/ms-vscode-remote.remote-ssh-0.108.2023112915/out/extension.js:2:700300)
	at process.processTicksAndRejections (node:internal/process/task_queues:95:5)
	at async /home/drdbrioso/.vscode/extensions/ms-vscode-remote.remote-ssh-0.108.2023112915/out/extension.js:2:722169
	at async t.withShowDetailsEvent (/home/drdbrioso/.vscode/extensions/ms-vscode-remote.remote-ssh-0.108.2023112915/out/extension.js:2:725828)
	at async /home/drdbrioso/.vscode/extensions/ms-vscode-remote.remote-ssh-0.108.2023112915/out/extension.js:2:697005
	at async C (/home/drdbrioso/.vscode/extensions/ms-vscode-remote.remote-ssh-0.108.2023112915/out/extension.js:2:695056)
	at async t.resolveWithLocalServer (/home/drdbrioso/.vscode/extensions/ms-vscode-remote.remote-ssh-0.108.2023112915/out/extension.js:2:696545)
	at async I (/home/drdbrioso/.vscode/extensions/ms-vscode-remote.remote-ssh-0.108.2023112915/out/extension.js:2:719392)
	at async t.resolve (/home/drdbrioso/.vscode/extensions/ms-vscode-remote.remote-ssh-0.108.2023112915/out/extension.js:2:723199)
	at async /home/drdbrioso/.vscode/extensions/ms-vscode-remote.remote-ssh-0.108.2023112915/out/extension.js:2:907012
[17:11:15.695] ------




[17:11:45.739] ------




[17:11:45.740] SSH Resolver called for "ssh-remote+senc.icmc.usp.br", attempt 17, (Reconnection)
[17:11:45.741] SSH Resolver called for host: senc.icmc.usp.br
[17:11:45.741] Setting up SSH remote "senc.icmc.usp.br"
[17:11:45.742] Acquiring local install lock: /tmp/vscode-remote-ssh-2f5e6878-install.lock
[17:11:45.743] Looking for existing server data file at /home/drdbrioso/.config/Code/User/globalStorage/ms-vscode-remote.remote-ssh/vscode-ssh-host-2f5e6878-8b3775030ed1a69b13e4f4c628c612102e30a681-0.108.2023112915-tr/data.json
[17:11:45.743] Using commit id "8b3775030ed1a69b13e4f4c628c612102e30a681" and quality "stable" for server
[17:11:45.746] Install and start server if needed
[17:11:45.751] askpass server listening on /run/user/1000/vscode-ssh-askpass-9dcac7acacd4bea51e1f395896d29c8af78e5e35.sock
[17:11:45.752] Spawning local server with {"serverId":17,"ipcHandlePath":"/run/user/1000/vscode-ssh-askpass-3818367cddeedd54dad7b5498ec19ef12409678e.sock","sshCommand":"ssh","sshArgs":["-v","-T","-D","36933","-o","ConnectTimeout=15","senc.icmc.usp.br"],"serverDataFolderName":".vscode-server","dataFilePath":"/home/drdbrioso/.config/Code/User/globalStorage/ms-vscode-remote.remote-ssh/vscode-ssh-host-2f5e6878-8b3775030ed1a69b13e4f4c628c612102e30a681-0.108.2023112915-tr/data.json"}
[17:11:45.752] Local server env: {"SHELL":"/usr/bin/zsh","DISPLAY":":0","ELECTRON_RUN_AS_NODE":"1","SSH_ASKPASS":"/home/drdbrioso/.vscode/extensions/ms-vscode-remote.remote-ssh-0.108.2023112915/out/local-server/askpass.sh","VSCODE_SSH_ASKPASS_NODE":"/home/drdbrioso/Desktop/code-stable-x64-1705560028/VSCode-linux-x64/code","VSCODE_SSH_ASKPASS_EXTRA_ARGS":"--ms-enable-electron-run-as-node","VSCODE_SSH_ASKPASS_MAIN":"/home/drdbrioso/.vscode/extensions/ms-vscode-remote.remote-ssh-0.108.2023112915/out/askpass-main.js","VSCODE_SSH_ASKPASS_HANDLE":"/run/user/1000/vscode-ssh-askpass-9dcac7acacd4bea51e1f395896d29c8af78e5e35.sock"}
[17:11:45.757] Spawned 30477
[17:11:45.840] > local-server-17> Running ssh connection command: "-v -T -D 36933 -o ConnectTimeout=15 senc.icmc.usp.br"
[17:11:45.843] > local-server-17> Spawned ssh, pid=30485
[17:12:00.866] stderr> ssh: connect to host senc.icmc.usp.br port 22: Connection timed out
[17:12:00.868] > local-server-17> ssh child died, shutting down
[17:12:00.877] Local server exit: 0
[17:12:00.878] Received install output: local-server-17> Running ssh connection command: "-v -T -D 36933 -o ConnectTimeout=15 senc.icmc.usp.br"
local-server-17> Spawned ssh, pid=30485
ssh: connect to host senc.icmc.usp.br port 22: Connection timed out
local-server-17> ssh child died, shutting down

[17:12:00.880] Resolver error: Error: The connection timed out
	at g.Offline (/home/drdbrioso/.vscode/extensions/ms-vscode-remote.remote-ssh-0.108.2023112915/out/extension.js:2:642754)
	at /home/drdbrioso/.vscode/extensions/ms-vscode-remote.remote-ssh-0.108.2023112915/out/extension.js:2:638823
	at t.handleInstallOutput (/home/drdbrioso/.vscode/extensions/ms-vscode-remote.remote-ssh-0.108.2023112915/out/extension.js:2:639138)
	at e (/home/drdbrioso/.vscode/extensions/ms-vscode-remote.remote-ssh-0.108.2023112915/out/extension.js:2:700300)
	at process.processTicksAndRejections (node:internal/process/task_queues:95:5)
	at async /home/drdbrioso/.vscode/extensions/ms-vscode-remote.remote-ssh-0.108.2023112915/out/extension.js:2:722169
	at async t.withShowDetailsEvent (/home/drdbrioso/.vscode/extensions/ms-vscode-remote.remote-ssh-0.108.2023112915/out/extension.js:2:725828)
	at async /home/drdbrioso/.vscode/extensions/ms-vscode-remote.remote-ssh-0.108.2023112915/out/extension.js:2:697005
	at async C (/home/drdbrioso/.vscode/extensions/ms-vscode-remote.remote-ssh-0.108.2023112915/out/extension.js:2:695056)
	at async t.resolveWithLocalServer (/home/drdbrioso/.vscode/extensions/ms-vscode-remote.remote-ssh-0.108.2023112915/out/extension.js:2:696545)
	at async I (/home/drdbrioso/.vscode/extensions/ms-vscode-remote.remote-ssh-0.108.2023112915/out/extension.js:2:719392)
	at async t.resolve (/home/drdbrioso/.vscode/extensions/ms-vscode-remote.remote-ssh-0.108.2023112915/out/extension.js:2:723199)
	at async /home/drdbrioso/.vscode/extensions/ms-vscode-remote.remote-ssh-0.108.2023112915/out/extension.js:2:907012
[17:12:00.884] ------




[17:12:30.918] ------




[17:12:30.918] SSH Resolver called for "ssh-remote+senc.icmc.usp.br", attempt 18, (Reconnection)
[17:12:30.920] SSH Resolver called for host: senc.icmc.usp.br
[17:12:30.920] Setting up SSH remote "senc.icmc.usp.br"
[17:12:30.921] Acquiring local install lock: /tmp/vscode-remote-ssh-2f5e6878-install.lock
[17:12:30.921] Looking for existing server data file at /home/drdbrioso/.config/Code/User/globalStorage/ms-vscode-remote.remote-ssh/vscode-ssh-host-2f5e6878-8b3775030ed1a69b13e4f4c628c612102e30a681-0.108.2023112915-tr/data.json
[17:12:30.922] Using commit id "8b3775030ed1a69b13e4f4c628c612102e30a681" and quality "stable" for server
[17:12:30.928] Install and start server if needed
[17:12:30.932] askpass server listening on /run/user/1000/vscode-ssh-askpass-90926eb2b50d8821a9a246124a0c6e6d47be0834.sock
[17:12:30.932] Spawning local server with {"serverId":18,"ipcHandlePath":"/run/user/1000/vscode-ssh-askpass-1a83a692d32b89a6a6f16550a5828cb607240294.sock","sshCommand":"ssh","sshArgs":["-v","-T","-D","36933","-o","ConnectTimeout=15","senc.icmc.usp.br"],"serverDataFolderName":".vscode-server","dataFilePath":"/home/drdbrioso/.config/Code/User/globalStorage/ms-vscode-remote.remote-ssh/vscode-ssh-host-2f5e6878-8b3775030ed1a69b13e4f4c628c612102e30a681-0.108.2023112915-tr/data.json"}
[17:12:30.932] Local server env: {"SHELL":"/usr/bin/zsh","DISPLAY":":0","ELECTRON_RUN_AS_NODE":"1","SSH_ASKPASS":"/home/drdbrioso/.vscode/extensions/ms-vscode-remote.remote-ssh-0.108.2023112915/out/local-server/askpass.sh","VSCODE_SSH_ASKPASS_NODE":"/home/drdbrioso/Desktop/code-stable-x64-1705560028/VSCode-linux-x64/code","VSCODE_SSH_ASKPASS_EXTRA_ARGS":"--ms-enable-electron-run-as-node","VSCODE_SSH_ASKPASS_MAIN":"/home/drdbrioso/.vscode/extensions/ms-vscode-remote.remote-ssh-0.108.2023112915/out/askpass-main.js","VSCODE_SSH_ASKPASS_HANDLE":"/run/user/1000/vscode-ssh-askpass-90926eb2b50d8821a9a246124a0c6e6d47be0834.sock"}
[17:12:30.937] Spawned 30568
[17:12:31.026] > local-server-18> Running ssh connection command: "-v -T -D 36933 -o ConnectTimeout=15 senc.icmc.usp.br"
[17:12:31.030] > local-server-18> Spawned ssh, pid=30576
[17:12:46.054] stderr> ssh: connect to host senc.icmc.usp.br port 22: Connection timed out
[17:12:46.056] > local-server-18> ssh child died, shutting down
[17:12:46.063] Local server exit: 0
[17:12:46.064] Received install output: local-server-18> Running ssh connection command: "-v -T -D 36933 -o ConnectTimeout=15 senc.icmc.usp.br"
local-server-18> Spawned ssh, pid=30576
ssh: connect to host senc.icmc.usp.br port 22: Connection timed out
local-server-18> ssh child died, shutting down

[17:12:46.067] Resolver error: Error: The connection timed out
	at g.Offline (/home/drdbrioso/.vscode/extensions/ms-vscode-remote.remote-ssh-0.108.2023112915/out/extension.js:2:642754)
	at /home/drdbrioso/.vscode/extensions/ms-vscode-remote.remote-ssh-0.108.2023112915/out/extension.js:2:638823
	at t.handleInstallOutput (/home/drdbrioso/.vscode/extensions/ms-vscode-remote.remote-ssh-0.108.2023112915/out/extension.js:2:639138)
	at e (/home/drdbrioso/.vscode/extensions/ms-vscode-remote.remote-ssh-0.108.2023112915/out/extension.js:2:700300)
	at process.processTicksAndRejections (node:internal/process/task_queues:95:5)
	at async /home/drdbrioso/.vscode/extensions/ms-vscode-remote.remote-ssh-0.108.2023112915/out/extension.js:2:722169
	at async t.withShowDetailsEvent (/home/drdbrioso/.vscode/extensions/ms-vscode-remote.remote-ssh-0.108.2023112915/out/extension.js:2:725828)
	at async /home/drdbrioso/.vscode/extensions/ms-vscode-remote.remote-ssh-0.108.2023112915/out/extension.js:2:697005
	at async C (/home/drdbrioso/.vscode/extensions/ms-vscode-remote.remote-ssh-0.108.2023112915/out/extension.js:2:695056)
	at async t.resolveWithLocalServer (/home/drdbrioso/.vscode/extensions/ms-vscode-remote.remote-ssh-0.108.2023112915/out/extension.js:2:696545)
	at async I (/home/drdbrioso/.vscode/extensions/ms-vscode-remote.remote-ssh-0.108.2023112915/out/extension.js:2:719392)
	at async t.resolve (/home/drdbrioso/.vscode/extensions/ms-vscode-remote.remote-ssh-0.108.2023112915/out/extension.js:2:723199)
	at async /home/drdbrioso/.vscode/extensions/ms-vscode-remote.remote-ssh-0.108.2023112915/out/extension.js:2:907012
[17:12:46.073] ------




[17:13:16.120] ------




[17:13:16.121] SSH Resolver called for "ssh-remote+senc.icmc.usp.br", attempt 19, (Reconnection)
[17:13:16.122] SSH Resolver called for host: senc.icmc.usp.br
[17:13:16.122] Setting up SSH remote "senc.icmc.usp.br"
[17:13:16.123] Acquiring local install lock: /tmp/vscode-remote-ssh-2f5e6878-install.lock
[17:13:16.123] Looking for existing server data file at /home/drdbrioso/.config/Code/User/globalStorage/ms-vscode-remote.remote-ssh/vscode-ssh-host-2f5e6878-8b3775030ed1a69b13e4f4c628c612102e30a681-0.108.2023112915-tr/data.json
[17:13:16.124] Using commit id "8b3775030ed1a69b13e4f4c628c612102e30a681" and quality "stable" for server
[17:13:16.126] Install and start server if needed
[17:13:16.129] askpass server listening on /run/user/1000/vscode-ssh-askpass-0743770c727fd7259cc54f7d0e878375a59adb1c.sock
[17:13:16.129] Spawning local server with {"serverId":19,"ipcHandlePath":"/run/user/1000/vscode-ssh-askpass-7115bf92d26425a10c53f2d90a8beee6099c3997.sock","sshCommand":"ssh","sshArgs":["-v","-T","-D","36933","-o","ConnectTimeout=15","senc.icmc.usp.br"],"serverDataFolderName":".vscode-server","dataFilePath":"/home/drdbrioso/.config/Code/User/globalStorage/ms-vscode-remote.remote-ssh/vscode-ssh-host-2f5e6878-8b3775030ed1a69b13e4f4c628c612102e30a681-0.108.2023112915-tr/data.json"}
[17:13:16.129] Local server env: {"SHELL":"/usr/bin/zsh","DISPLAY":":0","ELECTRON_RUN_AS_NODE":"1","SSH_ASKPASS":"/home/drdbrioso/.vscode/extensions/ms-vscode-remote.remote-ssh-0.108.2023112915/out/local-server/askpass.sh","VSCODE_SSH_ASKPASS_NODE":"/home/drdbrioso/Desktop/code-stable-x64-1705560028/VSCode-linux-x64/code","VSCODE_SSH_ASKPASS_EXTRA_ARGS":"--ms-enable-electron-run-as-node","VSCODE_SSH_ASKPASS_MAIN":"/home/drdbrioso/.vscode/extensions/ms-vscode-remote.remote-ssh-0.108.2023112915/out/askpass-main.js","VSCODE_SSH_ASKPASS_HANDLE":"/run/user/1000/vscode-ssh-askpass-0743770c727fd7259cc54f7d0e878375a59adb1c.sock"}
[17:13:16.133] Spawned 30606
[17:13:16.240] > local-server-19> Running ssh connection command: "-v -T -D 36933 -o ConnectTimeout=15 senc.icmc.usp.br"
[17:13:16.243] > local-server-19> Spawned ssh, pid=30614
[17:13:31.288] stderr> ssh: connect to host senc.icmc.usp.br port 22: Connection timed out
[17:13:31.289] > local-server-19> ssh child died, shutting down
[17:13:31.297] Local server exit: 0
[17:13:31.298] Received install output: local-server-19> Running ssh connection command: "-v -T -D 36933 -o ConnectTimeout=15 senc.icmc.usp.br"
local-server-19> Spawned ssh, pid=30614
ssh: connect to host senc.icmc.usp.br port 22: Connection timed out
local-server-19> ssh child died, shutting down

[17:13:31.301] Resolver error: Error: The connection timed out
	at g.Offline (/home/drdbrioso/.vscode/extensions/ms-vscode-remote.remote-ssh-0.108.2023112915/out/extension.js:2:642754)
	at /home/drdbrioso/.vscode/extensions/ms-vscode-remote.remote-ssh-0.108.2023112915/out/extension.js:2:638823
	at t.handleInstallOutput (/home/drdbrioso/.vscode/extensions/ms-vscode-remote.remote-ssh-0.108.2023112915/out/extension.js:2:639138)
	at e (/home/drdbrioso/.vscode/extensions/ms-vscode-remote.remote-ssh-0.108.2023112915/out/extension.js:2:700300)
	at process.processTicksAndRejections (node:internal/process/task_queues:95:5)
	at async /home/drdbrioso/.vscode/extensions/ms-vscode-remote.remote-ssh-0.108.2023112915/out/extension.js:2:722169
	at async t.withShowDetailsEvent (/home/drdbrioso/.vscode/extensions/ms-vscode-remote.remote-ssh-0.108.2023112915/out/extension.js:2:725828)
	at async /home/drdbrioso/.vscode/extensions/ms-vscode-remote.remote-ssh-0.108.2023112915/out/extension.js:2:697005
	at async C (/home/drdbrioso/.vscode/extensions/ms-vscode-remote.remote-ssh-0.108.2023112915/out/extension.js:2:695056)
	at async t.resolveWithLocalServer (/home/drdbrioso/.vscode/extensions/ms-vscode-remote.remote-ssh-0.108.2023112915/out/extension.js:2:696545)
	at async I (/home/drdbrioso/.vscode/extensions/ms-vscode-remote.remote-ssh-0.108.2023112915/out/extension.js:2:719392)
	at async t.resolve (/home/drdbrioso/.vscode/extensions/ms-vscode-remote.remote-ssh-0.108.2023112915/out/extension.js:2:723199)
	at async /home/drdbrioso/.vscode/extensions/ms-vscode-remote.remote-ssh-0.108.2023112915/out/extension.js:2:907012
[17:13:31.305] ------




[17:14:01.347] ------




[17:14:01.347] SSH Resolver called for "ssh-remote+senc.icmc.usp.br", attempt 20, (Reconnection)
[17:14:01.348] SSH Resolver called for host: senc.icmc.usp.br
[17:14:01.348] Setting up SSH remote "senc.icmc.usp.br"
[17:14:01.349] Acquiring local install lock: /tmp/vscode-remote-ssh-2f5e6878-install.lock
[17:14:01.350] Looking for existing server data file at /home/drdbrioso/.config/Code/User/globalStorage/ms-vscode-remote.remote-ssh/vscode-ssh-host-2f5e6878-8b3775030ed1a69b13e4f4c628c612102e30a681-0.108.2023112915-tr/data.json
[17:14:01.350] Using commit id "8b3775030ed1a69b13e4f4c628c612102e30a681" and quality "stable" for server
[17:14:01.353] Install and start server if needed
[17:14:01.355] askpass server listening on /run/user/1000/vscode-ssh-askpass-0115f3f5e92bab2ee2f773898c54cc82b552121d.sock
[17:14:01.355] Spawning local server with {"serverId":20,"ipcHandlePath":"/run/user/1000/vscode-ssh-askpass-18dff3f9dcdb7337454f7fd3dd603c4562e9d877.sock","sshCommand":"ssh","sshArgs":["-v","-T","-D","36933","-o","ConnectTimeout=15","senc.icmc.usp.br"],"serverDataFolderName":".vscode-server","dataFilePath":"/home/drdbrioso/.config/Code/User/globalStorage/ms-vscode-remote.remote-ssh/vscode-ssh-host-2f5e6878-8b3775030ed1a69b13e4f4c628c612102e30a681-0.108.2023112915-tr/data.json"}
[17:14:01.355] Local server env: {"SHELL":"/usr/bin/zsh","DISPLAY":":0","ELECTRON_RUN_AS_NODE":"1","SSH_ASKPASS":"/home/drdbrioso/.vscode/extensions/ms-vscode-remote.remote-ssh-0.108.2023112915/out/local-server/askpass.sh","VSCODE_SSH_ASKPASS_NODE":"/home/drdbrioso/Desktop/code-stable-x64-1705560028/VSCode-linux-x64/code","VSCODE_SSH_ASKPASS_EXTRA_ARGS":"--ms-enable-electron-run-as-node","VSCODE_SSH_ASKPASS_MAIN":"/home/drdbrioso/.vscode/extensions/ms-vscode-remote.remote-ssh-0.108.2023112915/out/askpass-main.js","VSCODE_SSH_ASKPASS_HANDLE":"/run/user/1000/vscode-ssh-askpass-0115f3f5e92bab2ee2f773898c54cc82b552121d.sock"}
[17:14:01.359] Spawned 30636
[17:14:01.442] > local-server-20> Running ssh connection command: "-v -T -D 36933 -o ConnectTimeout=15 senc.icmc.usp.br"
[17:14:01.446] > local-server-20> Spawned ssh, pid=30644
[17:14:16.471] stderr> ssh: connect to host senc.icmc.usp.br port 22: Connection timed out
[17:14:16.472] > local-server-20> ssh child died, shutting down
[17:14:16.480] Local server exit: 0
[17:14:16.481] Received install output: local-server-20> Running ssh connection command: "-v -T -D 36933 -o ConnectTimeout=15 senc.icmc.usp.br"
local-server-20> Spawned ssh, pid=30644
ssh: connect to host senc.icmc.usp.br port 22: Connection timed out
local-server-20> ssh child died, shutting down

[17:14:16.484] Resolver error: Error: The connection timed out
	at g.Offline (/home/drdbrioso/.vscode/extensions/ms-vscode-remote.remote-ssh-0.108.2023112915/out/extension.js:2:642754)
	at /home/drdbrioso/.vscode/extensions/ms-vscode-remote.remote-ssh-0.108.2023112915/out/extension.js:2:638823
	at t.handleInstallOutput (/home/drdbrioso/.vscode/extensions/ms-vscode-remote.remote-ssh-0.108.2023112915/out/extension.js:2:639138)
	at e (/home/drdbrioso/.vscode/extensions/ms-vscode-remote.remote-ssh-0.108.2023112915/out/extension.js:2:700300)
	at process.processTicksAndRejections (node:internal/process/task_queues:95:5)
	at async /home/drdbrioso/.vscode/extensions/ms-vscode-remote.remote-ssh-0.108.2023112915/out/extension.js:2:722169
	at async t.withShowDetailsEvent (/home/drdbrioso/.vscode/extensions/ms-vscode-remote.remote-ssh-0.108.2023112915/out/extension.js:2:725828)
	at async /home/drdbrioso/.vscode/extensions/ms-vscode-remote.remote-ssh-0.108.2023112915/out/extension.js:2:697005
	at async C (/home/drdbrioso/.vscode/extensions/ms-vscode-remote.remote-ssh-0.108.2023112915/out/extension.js:2:695056)
	at async t.resolveWithLocalServer (/home/drdbrioso/.vscode/extensions/ms-vscode-remote.remote-ssh-0.108.2023112915/out/extension.js:2:696545)
	at async I (/home/drdbrioso/.vscode/extensions/ms-vscode-remote.remote-ssh-0.108.2023112915/out/extension.js:2:719392)
	at async t.resolve (/home/drdbrioso/.vscode/extensions/ms-vscode-remote.remote-ssh-0.108.2023112915/out/extension.js:2:723199)
	at async /home/drdbrioso/.vscode/extensions/ms-vscode-remote.remote-ssh-0.108.2023112915/out/extension.js:2:907012
[17:14:16.488] ------




[17:14:46.532] ------




[17:14:46.532] SSH Resolver called for "ssh-remote+senc.icmc.usp.br", attempt 21, (Reconnection)
[17:14:46.533] SSH Resolver called for host: senc.icmc.usp.br
[17:14:46.533] Setting up SSH remote "senc.icmc.usp.br"
[17:14:46.533] Acquiring local install lock: /tmp/vscode-remote-ssh-2f5e6878-install.lock
[17:14:46.534] Looking for existing server data file at /home/drdbrioso/.config/Code/User/globalStorage/ms-vscode-remote.remote-ssh/vscode-ssh-host-2f5e6878-8b3775030ed1a69b13e4f4c628c612102e30a681-0.108.2023112915-tr/data.json
[17:14:46.534] Using commit id "8b3775030ed1a69b13e4f4c628c612102e30a681" and quality "stable" for server
[17:14:46.536] Install and start server if needed
[17:14:46.537] askpass server listening on /run/user/1000/vscode-ssh-askpass-fd3fd0bff486eca107627dedfba8fcb5d97855eb.sock
[17:14:46.538] Spawning local server with {"serverId":21,"ipcHandlePath":"/run/user/1000/vscode-ssh-askpass-99a4b9717a1667ba55c4c8201daac932bc3a3e22.sock","sshCommand":"ssh","sshArgs":["-v","-T","-D","36933","-o","ConnectTimeout=15","senc.icmc.usp.br"],"serverDataFolderName":".vscode-server","dataFilePath":"/home/drdbrioso/.config/Code/User/globalStorage/ms-vscode-remote.remote-ssh/vscode-ssh-host-2f5e6878-8b3775030ed1a69b13e4f4c628c612102e30a681-0.108.2023112915-tr/data.json"}
[17:14:46.538] Local server env: {"SHELL":"/usr/bin/zsh","DISPLAY":":0","ELECTRON_RUN_AS_NODE":"1","SSH_ASKPASS":"/home/drdbrioso/.vscode/extensions/ms-vscode-remote.remote-ssh-0.108.2023112915/out/local-server/askpass.sh","VSCODE_SSH_ASKPASS_NODE":"/home/drdbrioso/Desktop/code-stable-x64-1705560028/VSCode-linux-x64/code","VSCODE_SSH_ASKPASS_EXTRA_ARGS":"--ms-enable-electron-run-as-node","VSCODE_SSH_ASKPASS_MAIN":"/home/drdbrioso/.vscode/extensions/ms-vscode-remote.remote-ssh-0.108.2023112915/out/askpass-main.js","VSCODE_SSH_ASKPASS_HANDLE":"/run/user/1000/vscode-ssh-askpass-fd3fd0bff486eca107627dedfba8fcb5d97855eb.sock"}
[17:14:46.541] Spawned 30663
[17:14:46.622] > local-server-21> Running ssh connection command: "-v -T -D 36933 -o ConnectTimeout=15 senc.icmc.usp.br"
[17:14:46.626] > local-server-21> Spawned ssh, pid=30671
[17:15:01.648] stderr> ssh: connect to host senc.icmc.usp.br port 22: Connection timed out
[17:15:01.650] > local-server-21> ssh child died, shutting down
[17:15:01.657] Local server exit: 0
[17:15:01.658] Received install output: local-server-21> Running ssh connection command: "-v -T -D 36933 -o ConnectTimeout=15 senc.icmc.usp.br"
local-server-21> Spawned ssh, pid=30671
ssh: connect to host senc.icmc.usp.br port 22: Connection timed out
local-server-21> ssh child died, shutting down

[17:15:01.660] Resolver error: Error: The connection timed out
	at g.Offline (/home/drdbrioso/.vscode/extensions/ms-vscode-remote.remote-ssh-0.108.2023112915/out/extension.js:2:642754)
	at /home/drdbrioso/.vscode/extensions/ms-vscode-remote.remote-ssh-0.108.2023112915/out/extension.js:2:638823
	at t.handleInstallOutput (/home/drdbrioso/.vscode/extensions/ms-vscode-remote.remote-ssh-0.108.2023112915/out/extension.js:2:639138)
	at e (/home/drdbrioso/.vscode/extensions/ms-vscode-remote.remote-ssh-0.108.2023112915/out/extension.js:2:700300)
	at process.processTicksAndRejections (node:internal/process/task_queues:95:5)
	at async /home/drdbrioso/.vscode/extensions/ms-vscode-remote.remote-ssh-0.108.2023112915/out/extension.js:2:722169
	at async t.withShowDetailsEvent (/home/drdbrioso/.vscode/extensions/ms-vscode-remote.remote-ssh-0.108.2023112915/out/extension.js:2:725828)
	at async /home/drdbrioso/.vscode/extensions/ms-vscode-remote.remote-ssh-0.108.2023112915/out/extension.js:2:697005
	at async C (/home/drdbrioso/.vscode/extensions/ms-vscode-remote.remote-ssh-0.108.2023112915/out/extension.js:2:695056)
	at async t.resolveWithLocalServer (/home/drdbrioso/.vscode/extensions/ms-vscode-remote.remote-ssh-0.108.2023112915/out/extension.js:2:696545)
	at async I (/home/drdbrioso/.vscode/extensions/ms-vscode-remote.remote-ssh-0.108.2023112915/out/extension.js:2:719392)
	at async t.resolve (/home/drdbrioso/.vscode/extensions/ms-vscode-remote.remote-ssh-0.108.2023112915/out/extension.js:2:723199)
	at async /home/drdbrioso/.vscode/extensions/ms-vscode-remote.remote-ssh-0.108.2023112915/out/extension.js:2:907012
[17:15:01.664] ------




[17:15:31.707] ------




[17:15:31.707] SSH Resolver called for "ssh-remote+senc.icmc.usp.br", attempt 22, (Reconnection)
[17:15:31.708] SSH Resolver called for host: senc.icmc.usp.br
[17:15:31.708] Setting up SSH remote "senc.icmc.usp.br"
[17:15:31.708] Acquiring local install lock: /tmp/vscode-remote-ssh-2f5e6878-install.lock
[17:15:31.709] Looking for existing server data file at /home/drdbrioso/.config/Code/User/globalStorage/ms-vscode-remote.remote-ssh/vscode-ssh-host-2f5e6878-8b3775030ed1a69b13e4f4c628c612102e30a681-0.108.2023112915-tr/data.json
[17:15:31.709] Using commit id "8b3775030ed1a69b13e4f4c628c612102e30a681" and quality "stable" for server
[17:15:31.714] Install and start server if needed
[17:15:31.719] askpass server listening on /run/user/1000/vscode-ssh-askpass-35dd265666071e5153e505c9a63b6e87654be8b2.sock
[17:15:31.719] Spawning local server with {"serverId":22,"ipcHandlePath":"/run/user/1000/vscode-ssh-askpass-5fb219e9367425b3e2a090dba4e9820a9c698001.sock","sshCommand":"ssh","sshArgs":["-v","-T","-D","36933","-o","ConnectTimeout=15","senc.icmc.usp.br"],"serverDataFolderName":".vscode-server","dataFilePath":"/home/drdbrioso/.config/Code/User/globalStorage/ms-vscode-remote.remote-ssh/vscode-ssh-host-2f5e6878-8b3775030ed1a69b13e4f4c628c612102e30a681-0.108.2023112915-tr/data.json"}
[17:15:31.720] Local server env: {"SHELL":"/usr/bin/zsh","DISPLAY":":0","ELECTRON_RUN_AS_NODE":"1","SSH_ASKPASS":"/home/drdbrioso/.vscode/extensions/ms-vscode-remote.remote-ssh-0.108.2023112915/out/local-server/askpass.sh","VSCODE_SSH_ASKPASS_NODE":"/home/drdbrioso/Desktop/code-stable-x64-1705560028/VSCode-linux-x64/code","VSCODE_SSH_ASKPASS_EXTRA_ARGS":"--ms-enable-electron-run-as-node","VSCODE_SSH_ASKPASS_MAIN":"/home/drdbrioso/.vscode/extensions/ms-vscode-remote.remote-ssh-0.108.2023112915/out/askpass-main.js","VSCODE_SSH_ASKPASS_HANDLE":"/run/user/1000/vscode-ssh-askpass-35dd265666071e5153e505c9a63b6e87654be8b2.sock"}
[17:15:31.725] Spawned 30704
[17:15:31.809] > local-server-22> Running ssh connection command: "-v -T -D 36933 -o ConnectTimeout=15 senc.icmc.usp.br"
[17:15:31.812] > local-server-22> Spawned ssh, pid=30712
[17:15:46.835] stderr> ssh: connect to host senc.icmc.usp.br port 22: Connection timed out
[17:15:46.836] > local-server-22> ssh child died, shutting down
[17:15:46.841] Local server exit: 0
[17:15:46.841] Received install output: local-server-22> Running ssh connection command: "-v -T -D 36933 -o ConnectTimeout=15 senc.icmc.usp.br"
local-server-22> Spawned ssh, pid=30712
ssh: connect to host senc.icmc.usp.br port 22: Connection timed out
local-server-22> ssh child died, shutting down

[17:15:46.842] Resolver error: Error: The connection timed out
	at g.Offline (/home/drdbrioso/.vscode/extensions/ms-vscode-remote.remote-ssh-0.108.2023112915/out/extension.js:2:642754)
	at /home/drdbrioso/.vscode/extensions/ms-vscode-remote.remote-ssh-0.108.2023112915/out/extension.js:2:638823
	at t.handleInstallOutput (/home/drdbrioso/.vscode/extensions/ms-vscode-remote.remote-ssh-0.108.2023112915/out/extension.js:2:639138)
	at e (/home/drdbrioso/.vscode/extensions/ms-vscode-remote.remote-ssh-0.108.2023112915/out/extension.js:2:700300)
	at process.processTicksAndRejections (node:internal/process/task_queues:95:5)
	at async /home/drdbrioso/.vscode/extensions/ms-vscode-remote.remote-ssh-0.108.2023112915/out/extension.js:2:722169
	at async t.withShowDetailsEvent (/home/drdbrioso/.vscode/extensions/ms-vscode-remote.remote-ssh-0.108.2023112915/out/extension.js:2:725828)
	at async /home/drdbrioso/.vscode/extensions/ms-vscode-remote.remote-ssh-0.108.2023112915/out/extension.js:2:697005
	at async C (/home/drdbrioso/.vscode/extensions/ms-vscode-remote.remote-ssh-0.108.2023112915/out/extension.js:2:695056)
	at async t.resolveWithLocalServer (/home/drdbrioso/.vscode/extensions/ms-vscode-remote.remote-ssh-0.108.2023112915/out/extension.js:2:696545)
	at async I (/home/drdbrioso/.vscode/extensions/ms-vscode-remote.remote-ssh-0.108.2023112915/out/extension.js:2:719392)
	at async t.resolve (/home/drdbrioso/.vscode/extensions/ms-vscode-remote.remote-ssh-0.108.2023112915/out/extension.js:2:723199)
	at async /home/drdbrioso/.vscode/extensions/ms-vscode-remote.remote-ssh-0.108.2023112915/out/extension.js:2:907012
[17:15:46.844] ------




[17:16:16.899] ------




[17:16:16.900] SSH Resolver called for "ssh-remote+senc.icmc.usp.br", attempt 23, (Reconnection)
[17:16:16.902] SSH Resolver called for host: senc.icmc.usp.br
[17:16:16.902] Setting up SSH remote "senc.icmc.usp.br"
[17:16:16.903] Acquiring local install lock: /tmp/vscode-remote-ssh-2f5e6878-install.lock
[17:16:16.904] Looking for existing server data file at /home/drdbrioso/.config/Code/User/globalStorage/ms-vscode-remote.remote-ssh/vscode-ssh-host-2f5e6878-8b3775030ed1a69b13e4f4c628c612102e30a681-0.108.2023112915-tr/data.json
[17:16:16.904] Using commit id "8b3775030ed1a69b13e4f4c628c612102e30a681" and quality "stable" for server
[17:16:16.911] Install and start server if needed
[17:16:16.921] askpass server listening on /run/user/1000/vscode-ssh-askpass-c975d50eba1792df227e61205c97044caadcc3f2.sock
[17:16:16.921] Spawning local server with {"serverId":23,"ipcHandlePath":"/run/user/1000/vscode-ssh-askpass-cde56e26e6869dba03f39a0e1c8f8d7abc72de9a.sock","sshCommand":"ssh","sshArgs":["-v","-T","-D","36933","-o","ConnectTimeout=15","senc.icmc.usp.br"],"serverDataFolderName":".vscode-server","dataFilePath":"/home/drdbrioso/.config/Code/User/globalStorage/ms-vscode-remote.remote-ssh/vscode-ssh-host-2f5e6878-8b3775030ed1a69b13e4f4c628c612102e30a681-0.108.2023112915-tr/data.json"}
[17:16:16.921] Local server env: {"SHELL":"/usr/bin/zsh","DISPLAY":":0","ELECTRON_RUN_AS_NODE":"1","SSH_ASKPASS":"/home/drdbrioso/.vscode/extensions/ms-vscode-remote.remote-ssh-0.108.2023112915/out/local-server/askpass.sh","VSCODE_SSH_ASKPASS_NODE":"/home/drdbrioso/Desktop/code-stable-x64-1705560028/VSCode-linux-x64/code","VSCODE_SSH_ASKPASS_EXTRA_ARGS":"--ms-enable-electron-run-as-node","VSCODE_SSH_ASKPASS_MAIN":"/home/drdbrioso/.vscode/extensions/ms-vscode-remote.remote-ssh-0.108.2023112915/out/askpass-main.js","VSCODE_SSH_ASKPASS_HANDLE":"/run/user/1000/vscode-ssh-askpass-c975d50eba1792df227e61205c97044caadcc3f2.sock"}
[17:16:16.927] Spawned 30736
[17:16:17.067] > local-server-23> Running ssh connection command: "-v -T -D 36933 -o ConnectTimeout=15 senc.icmc.usp.br"
[17:16:17.071] > local-server-23> Spawned ssh, pid=30744
[17:16:32.093] stderr> ssh: connect to host senc.icmc.usp.br port 22: Connection timed out
[17:16:32.094] > local-server-23> ssh child died, shutting down
[17:16:32.098] Local server exit: 0
[17:16:32.099] Received install output: local-server-23> Running ssh connection command: "-v -T -D 36933 -o ConnectTimeout=15 senc.icmc.usp.br"
local-server-23> Spawned ssh, pid=30744
ssh: connect to host senc.icmc.usp.br port 22: Connection timed out
local-server-23> ssh child died, shutting down

[17:16:32.100] Resolver error: Error: The connection timed out
	at g.Offline (/home/drdbrioso/.vscode/extensions/ms-vscode-remote.remote-ssh-0.108.2023112915/out/extension.js:2:642754)
	at /home/drdbrioso/.vscode/extensions/ms-vscode-remote.remote-ssh-0.108.2023112915/out/extension.js:2:638823
	at t.handleInstallOutput (/home/drdbrioso/.vscode/extensions/ms-vscode-remote.remote-ssh-0.108.2023112915/out/extension.js:2:639138)
	at e (/home/drdbrioso/.vscode/extensions/ms-vscode-remote.remote-ssh-0.108.2023112915/out/extension.js:2:700300)
	at process.processTicksAndRejections (node:internal/process/task_queues:95:5)
	at async /home/drdbrioso/.vscode/extensions/ms-vscode-remote.remote-ssh-0.108.2023112915/out/extension.js:2:722169
	at async t.withShowDetailsEvent (/home/drdbrioso/.vscode/extensions/ms-vscode-remote.remote-ssh-0.108.2023112915/out/extension.js:2:725828)
	at async /home/drdbrioso/.vscode/extensions/ms-vscode-remote.remote-ssh-0.108.2023112915/out/extension.js:2:697005
	at async C (/home/drdbrioso/.vscode/extensions/ms-vscode-remote.remote-ssh-0.108.2023112915/out/extension.js:2:695056)
	at async t.resolveWithLocalServer (/home/drdbrioso/.vscode/extensions/ms-vscode-remote.remote-ssh-0.108.2023112915/out/extension.js:2:696545)
	at async I (/home/drdbrioso/.vscode/extensions/ms-vscode-remote.remote-ssh-0.108.2023112915/out/extension.js:2:719392)
	at async t.resolve (/home/drdbrioso/.vscode/extensions/ms-vscode-remote.remote-ssh-0.108.2023112915/out/extension.js:2:723199)
	at async /home/drdbrioso/.vscode/extensions/ms-vscode-remote.remote-ssh-0.108.2023112915/out/extension.js:2:907012
[17:16:32.102] ------




[17:17:02.133] ------




[17:17:02.133] SSH Resolver called for "ssh-remote+senc.icmc.usp.br", attempt 24, (Reconnection)
[17:17:02.134] SSH Resolver called for host: senc.icmc.usp.br
[17:17:02.134] Setting up SSH remote "senc.icmc.usp.br"
[17:17:02.135] Acquiring local install lock: /tmp/vscode-remote-ssh-2f5e6878-install.lock
[17:17:02.136] Looking for existing server data file at /home/drdbrioso/.config/Code/User/globalStorage/ms-vscode-remote.remote-ssh/vscode-ssh-host-2f5e6878-8b3775030ed1a69b13e4f4c628c612102e30a681-0.108.2023112915-tr/data.json
[17:17:02.136] Using commit id "8b3775030ed1a69b13e4f4c628c612102e30a681" and quality "stable" for server
[17:17:02.139] Install and start server if needed
[17:17:02.141] askpass server listening on /run/user/1000/vscode-ssh-askpass-aa024725d8bcfc8e8a5f8eb54d4c89a99da05e30.sock
[17:17:02.141] Spawning local server with {"serverId":24,"ipcHandlePath":"/run/user/1000/vscode-ssh-askpass-c483893a9e89fc156b48b774d7ae6e77d24ea426.sock","sshCommand":"ssh","sshArgs":["-v","-T","-D","36933","-o","ConnectTimeout=15","senc.icmc.usp.br"],"serverDataFolderName":".vscode-server","dataFilePath":"/home/drdbrioso/.config/Code/User/globalStorage/ms-vscode-remote.remote-ssh/vscode-ssh-host-2f5e6878-8b3775030ed1a69b13e4f4c628c612102e30a681-0.108.2023112915-tr/data.json"}
[17:17:02.141] Local server env: {"SHELL":"/usr/bin/zsh","DISPLAY":":0","ELECTRON_RUN_AS_NODE":"1","SSH_ASKPASS":"/home/drdbrioso/.vscode/extensions/ms-vscode-remote.remote-ssh-0.108.2023112915/out/local-server/askpass.sh","VSCODE_SSH_ASKPASS_NODE":"/home/drdbrioso/Desktop/code-stable-x64-1705560028/VSCode-linux-x64/code","VSCODE_SSH_ASKPASS_EXTRA_ARGS":"--ms-enable-electron-run-as-node","VSCODE_SSH_ASKPASS_MAIN":"/home/drdbrioso/.vscode/extensions/ms-vscode-remote.remote-ssh-0.108.2023112915/out/askpass-main.js","VSCODE_SSH_ASKPASS_HANDLE":"/run/user/1000/vscode-ssh-askpass-aa024725d8bcfc8e8a5f8eb54d4c89a99da05e30.sock"}
[17:17:02.145] Spawned 30804
[17:17:02.235] > local-server-24> Running ssh connection command: "-v -T -D 36933 -o ConnectTimeout=15 senc.icmc.usp.br"
[17:17:02.239] > local-server-24> Spawned ssh, pid=30812
[17:17:17.262] stderr> ssh: connect to host senc.icmc.usp.br port 22: Connection timed out
[17:17:17.264] > local-server-24> ssh child died, shutting down
[17:17:17.272] Local server exit: 0
[17:17:17.273] Received install output: local-server-24> Running ssh connection command: "-v -T -D 36933 -o ConnectTimeout=15 senc.icmc.usp.br"
local-server-24> Spawned ssh, pid=30812
ssh: connect to host senc.icmc.usp.br port 22: Connection timed out
local-server-24> ssh child died, shutting down

[17:17:17.275] Resolver error: Error: The connection timed out
	at g.Offline (/home/drdbrioso/.vscode/extensions/ms-vscode-remote.remote-ssh-0.108.2023112915/out/extension.js:2:642754)
	at /home/drdbrioso/.vscode/extensions/ms-vscode-remote.remote-ssh-0.108.2023112915/out/extension.js:2:638823
	at t.handleInstallOutput (/home/drdbrioso/.vscode/extensions/ms-vscode-remote.remote-ssh-0.108.2023112915/out/extension.js:2:639138)
	at e (/home/drdbrioso/.vscode/extensions/ms-vscode-remote.remote-ssh-0.108.2023112915/out/extension.js:2:700300)
	at process.processTicksAndRejections (node:internal/process/task_queues:95:5)
	at async /home/drdbrioso/.vscode/extensions/ms-vscode-remote.remote-ssh-0.108.2023112915/out/extension.js:2:722169
	at async t.withShowDetailsEvent (/home/drdbrioso/.vscode/extensions/ms-vscode-remote.remote-ssh-0.108.2023112915/out/extension.js:2:725828)
	at async /home/drdbrioso/.vscode/extensions/ms-vscode-remote.remote-ssh-0.108.2023112915/out/extension.js:2:697005
	at async C (/home/drdbrioso/.vscode/extensions/ms-vscode-remote.remote-ssh-0.108.2023112915/out/extension.js:2:695056)
	at async t.resolveWithLocalServer (/home/drdbrioso/.vscode/extensions/ms-vscode-remote.remote-ssh-0.108.2023112915/out/extension.js:2:696545)
	at async I (/home/drdbrioso/.vscode/extensions/ms-vscode-remote.remote-ssh-0.108.2023112915/out/extension.js:2:719392)
	at async t.resolve (/home/drdbrioso/.vscode/extensions/ms-vscode-remote.remote-ssh-0.108.2023112915/out/extension.js:2:723199)
	at async /home/drdbrioso/.vscode/extensions/ms-vscode-remote.remote-ssh-0.108.2023112915/out/extension.js:2:907012
[17:17:17.280] ------




[17:17:47.309] ------




[17:17:47.309] SSH Resolver called for "ssh-remote+senc.icmc.usp.br", attempt 25, (Reconnection)
[17:17:47.310] SSH Resolver called for host: senc.icmc.usp.br
[17:17:47.310] Setting up SSH remote "senc.icmc.usp.br"
[17:17:47.310] Acquiring local install lock: /tmp/vscode-remote-ssh-2f5e6878-install.lock
[17:17:47.311] Looking for existing server data file at /home/drdbrioso/.config/Code/User/globalStorage/ms-vscode-remote.remote-ssh/vscode-ssh-host-2f5e6878-8b3775030ed1a69b13e4f4c628c612102e30a681-0.108.2023112915-tr/data.json
[17:17:47.311] Using commit id "8b3775030ed1a69b13e4f4c628c612102e30a681" and quality "stable" for server
[17:17:47.313] Install and start server if needed
[17:17:47.315] askpass server listening on /run/user/1000/vscode-ssh-askpass-dcfd0bac09e94dee9368be7887f54373f02e0200.sock
[17:17:47.315] Spawning local server with {"serverId":25,"ipcHandlePath":"/run/user/1000/vscode-ssh-askpass-16bcd6fffda803d67b240acc7cadeb9fe6781b7f.sock","sshCommand":"ssh","sshArgs":["-v","-T","-D","36933","-o","ConnectTimeout=15","senc.icmc.usp.br"],"serverDataFolderName":".vscode-server","dataFilePath":"/home/drdbrioso/.config/Code/User/globalStorage/ms-vscode-remote.remote-ssh/vscode-ssh-host-2f5e6878-8b3775030ed1a69b13e4f4c628c612102e30a681-0.108.2023112915-tr/data.json"}
[17:17:47.315] Local server env: {"SHELL":"/usr/bin/zsh","DISPLAY":":0","ELECTRON_RUN_AS_NODE":"1","SSH_ASKPASS":"/home/drdbrioso/.vscode/extensions/ms-vscode-remote.remote-ssh-0.108.2023112915/out/local-server/askpass.sh","VSCODE_SSH_ASKPASS_NODE":"/home/drdbrioso/Desktop/code-stable-x64-1705560028/VSCode-linux-x64/code","VSCODE_SSH_ASKPASS_EXTRA_ARGS":"--ms-enable-electron-run-as-node","VSCODE_SSH_ASKPASS_MAIN":"/home/drdbrioso/.vscode/extensions/ms-vscode-remote.remote-ssh-0.108.2023112915/out/askpass-main.js","VSCODE_SSH_ASKPASS_HANDLE":"/run/user/1000/vscode-ssh-askpass-dcfd0bac09e94dee9368be7887f54373f02e0200.sock"}
[17:17:47.320] Spawned 30828
[17:17:47.426] > local-server-25> Running ssh connection command: "-v -T -D 36933 -o ConnectTimeout=15 senc.icmc.usp.br"
[17:17:47.429] > local-server-25> Spawned ssh, pid=30836
[17:18:02.455] stderr> ssh: connect to host senc.icmc.usp.br port 22: Connection timed out
[17:18:02.457] > local-server-25> ssh child died, shutting down
[17:18:02.468] Local server exit: 0
[17:18:02.469] Received install output: local-server-25> Running ssh connection command: "-v -T -D 36933 -o ConnectTimeout=15 senc.icmc.usp.br"
local-server-25> Spawned ssh, pid=30836
ssh: connect to host senc.icmc.usp.br port 22: Connection timed out
local-server-25> ssh child died, shutting down

[17:18:02.472] Resolver error: Error: The connection timed out
	at g.Offline (/home/drdbrioso/.vscode/extensions/ms-vscode-remote.remote-ssh-0.108.2023112915/out/extension.js:2:642754)
	at /home/drdbrioso/.vscode/extensions/ms-vscode-remote.remote-ssh-0.108.2023112915/out/extension.js:2:638823
	at t.handleInstallOutput (/home/drdbrioso/.vscode/extensions/ms-vscode-remote.remote-ssh-0.108.2023112915/out/extension.js:2:639138)
	at e (/home/drdbrioso/.vscode/extensions/ms-vscode-remote.remote-ssh-0.108.2023112915/out/extension.js:2:700300)
	at process.processTicksAndRejections (node:internal/process/task_queues:95:5)
	at async /home/drdbrioso/.vscode/extensions/ms-vscode-remote.remote-ssh-0.108.2023112915/out/extension.js:2:722169
	at async t.withShowDetailsEvent (/home/drdbrioso/.vscode/extensions/ms-vscode-remote.remote-ssh-0.108.2023112915/out/extension.js:2:725828)
	at async /home/drdbrioso/.vscode/extensions/ms-vscode-remote.remote-ssh-0.108.2023112915/out/extension.js:2:697005
	at async C (/home/drdbrioso/.vscode/extensions/ms-vscode-remote.remote-ssh-0.108.2023112915/out/extension.js:2:695056)
	at async t.resolveWithLocalServer (/home/drdbrioso/.vscode/extensions/ms-vscode-remote.remote-ssh-0.108.2023112915/out/extension.js:2:696545)
	at async I (/home/drdbrioso/.vscode/extensions/ms-vscode-remote.remote-ssh-0.108.2023112915/out/extension.js:2:719392)
	at async t.resolve (/home/drdbrioso/.vscode/extensions/ms-vscode-remote.remote-ssh-0.108.2023112915/out/extension.js:2:723199)
	at async /home/drdbrioso/.vscode/extensions/ms-vscode-remote.remote-ssh-0.108.2023112915/out/extension.js:2:907012
[17:18:02.477] ------




[17:18:32.527] ------




[17:18:32.527] SSH Resolver called for "ssh-remote+senc.icmc.usp.br", attempt 26, (Reconnection)
[17:18:32.528] SSH Resolver called for host: senc.icmc.usp.br
[17:18:32.529] Setting up SSH remote "senc.icmc.usp.br"
[17:18:32.529] Acquiring local install lock: /tmp/vscode-remote-ssh-2f5e6878-install.lock
[17:18:32.530] Looking for existing server data file at /home/drdbrioso/.config/Code/User/globalStorage/ms-vscode-remote.remote-ssh/vscode-ssh-host-2f5e6878-8b3775030ed1a69b13e4f4c628c612102e30a681-0.108.2023112915-tr/data.json
[17:18:32.530] Using commit id "8b3775030ed1a69b13e4f4c628c612102e30a681" and quality "stable" for server
[17:18:32.533] Install and start server if needed
[17:18:32.537] askpass server listening on /run/user/1000/vscode-ssh-askpass-94e54a34199e9bdecea220e156be32e39345739c.sock
[17:18:32.538] Spawning local server with {"serverId":26,"ipcHandlePath":"/run/user/1000/vscode-ssh-askpass-4a76f42fbdabd426cfb016144a6b6a6babf6a741.sock","sshCommand":"ssh","sshArgs":["-v","-T","-D","36933","-o","ConnectTimeout=15","senc.icmc.usp.br"],"serverDataFolderName":".vscode-server","dataFilePath":"/home/drdbrioso/.config/Code/User/globalStorage/ms-vscode-remote.remote-ssh/vscode-ssh-host-2f5e6878-8b3775030ed1a69b13e4f4c628c612102e30a681-0.108.2023112915-tr/data.json"}
[17:18:32.538] Local server env: {"SHELL":"/usr/bin/zsh","DISPLAY":":0","ELECTRON_RUN_AS_NODE":"1","SSH_ASKPASS":"/home/drdbrioso/.vscode/extensions/ms-vscode-remote.remote-ssh-0.108.2023112915/out/local-server/askpass.sh","VSCODE_SSH_ASKPASS_NODE":"/home/drdbrioso/Desktop/code-stable-x64-1705560028/VSCode-linux-x64/code","VSCODE_SSH_ASKPASS_EXTRA_ARGS":"--ms-enable-electron-run-as-node","VSCODE_SSH_ASKPASS_MAIN":"/home/drdbrioso/.vscode/extensions/ms-vscode-remote.remote-ssh-0.108.2023112915/out/askpass-main.js","VSCODE_SSH_ASKPASS_HANDLE":"/run/user/1000/vscode-ssh-askpass-94e54a34199e9bdecea220e156be32e39345739c.sock"}
[17:18:32.543] Spawned 30873
[17:18:32.689] > local-server-26> Running ssh connection command: "-v -T -D 36933 -o ConnectTimeout=15 senc.icmc.usp.br"
[17:18:32.692] > local-server-26> Spawned ssh, pid=30881
[17:18:47.823] stderr> ssh: connect to host senc.icmc.usp.br port 22: Connection timed out
[17:18:47.825] > local-server-26> ssh child died, shutting down
[17:18:47.832] Local server exit: 0
[17:18:47.833] Received install output: local-server-26> Running ssh connection command: "-v -T -D 36933 -o ConnectTimeout=15 senc.icmc.usp.br"
local-server-26> Spawned ssh, pid=30881
ssh: connect to host senc.icmc.usp.br port 22: Connection timed out
local-server-26> ssh child died, shutting down

[17:18:47.835] Resolver error: Error: The connection timed out
	at g.Offline (/home/drdbrioso/.vscode/extensions/ms-vscode-remote.remote-ssh-0.108.2023112915/out/extension.js:2:642754)
	at /home/drdbrioso/.vscode/extensions/ms-vscode-remote.remote-ssh-0.108.2023112915/out/extension.js:2:638823
	at t.handleInstallOutput (/home/drdbrioso/.vscode/extensions/ms-vscode-remote.remote-ssh-0.108.2023112915/out/extension.js:2:639138)
	at e (/home/drdbrioso/.vscode/extensions/ms-vscode-remote.remote-ssh-0.108.2023112915/out/extension.js:2:700300)
	at process.processTicksAndRejections (node:internal/process/task_queues:95:5)
	at async /home/drdbrioso/.vscode/extensions/ms-vscode-remote.remote-ssh-0.108.2023112915/out/extension.js:2:722169
	at async t.withShowDetailsEvent (/home/drdbrioso/.vscode/extensions/ms-vscode-remote.remote-ssh-0.108.2023112915/out/extension.js:2:725828)
	at async /home/drdbrioso/.vscode/extensions/ms-vscode-remote.remote-ssh-0.108.2023112915/out/extension.js:2:697005
	at async C (/home/drdbrioso/.vscode/extensions/ms-vscode-remote.remote-ssh-0.108.2023112915/out/extension.js:2:695056)
	at async t.resolveWithLocalServer (/home/drdbrioso/.vscode/extensions/ms-vscode-remote.remote-ssh-0.108.2023112915/out/extension.js:2:696545)
	at async I (/home/drdbrioso/.vscode/extensions/ms-vscode-remote.remote-ssh-0.108.2023112915/out/extension.js:2:719392)
	at async t.resolve (/home/drdbrioso/.vscode/extensions/ms-vscode-remote.remote-ssh-0.108.2023112915/out/extension.js:2:723199)
	at async /home/drdbrioso/.vscode/extensions/ms-vscode-remote.remote-ssh-0.108.2023112915/out/extension.js:2:907012
[17:18:47.840] ------




[17:19:17.905] ------




[17:19:17.905] SSH Resolver called for "ssh-remote+senc.icmc.usp.br", attempt 27, (Reconnection)
[17:19:17.906] SSH Resolver called for host: senc.icmc.usp.br
[17:19:17.906] Setting up SSH remote "senc.icmc.usp.br"
[17:19:17.907] Acquiring local install lock: /tmp/vscode-remote-ssh-2f5e6878-install.lock
[17:19:17.908] Looking for existing server data file at /home/drdbrioso/.config/Code/User/globalStorage/ms-vscode-remote.remote-ssh/vscode-ssh-host-2f5e6878-8b3775030ed1a69b13e4f4c628c612102e30a681-0.108.2023112915-tr/data.json
[17:19:17.909] Using commit id "8b3775030ed1a69b13e4f4c628c612102e30a681" and quality "stable" for server
[17:19:17.913] Install and start server if needed
[17:19:17.918] askpass server listening on /run/user/1000/vscode-ssh-askpass-d7710b73b901c7df3f8d3111ba008383ba2fb87a.sock
[17:19:17.918] Spawning local server with {"serverId":27,"ipcHandlePath":"/run/user/1000/vscode-ssh-askpass-58cf86f85e5669eb7557b870ce5e1bf81beec89b.sock","sshCommand":"ssh","sshArgs":["-v","-T","-D","36933","-o","ConnectTimeout=15","senc.icmc.usp.br"],"serverDataFolderName":".vscode-server","dataFilePath":"/home/drdbrioso/.config/Code/User/globalStorage/ms-vscode-remote.remote-ssh/vscode-ssh-host-2f5e6878-8b3775030ed1a69b13e4f4c628c612102e30a681-0.108.2023112915-tr/data.json"}
[17:19:17.918] Local server env: {"SHELL":"/usr/bin/zsh","DISPLAY":":0","ELECTRON_RUN_AS_NODE":"1","SSH_ASKPASS":"/home/drdbrioso/.vscode/extensions/ms-vscode-remote.remote-ssh-0.108.2023112915/out/local-server/askpass.sh","VSCODE_SSH_ASKPASS_NODE":"/home/drdbrioso/Desktop/code-stable-x64-1705560028/VSCode-linux-x64/code","VSCODE_SSH_ASKPASS_EXTRA_ARGS":"--ms-enable-electron-run-as-node","VSCODE_SSH_ASKPASS_MAIN":"/home/drdbrioso/.vscode/extensions/ms-vscode-remote.remote-ssh-0.108.2023112915/out/askpass-main.js","VSCODE_SSH_ASKPASS_HANDLE":"/run/user/1000/vscode-ssh-askpass-d7710b73b901c7df3f8d3111ba008383ba2fb87a.sock"}
[17:19:17.924] Spawned 30924
[17:19:18.037] > local-server-27> Running ssh connection command: "-v -T -D 36933 -o ConnectTimeout=15 senc.icmc.usp.br"
[17:19:18.040] > local-server-27> Spawned ssh, pid=30932
[17:19:33.062] stderr> ssh: connect to host senc.icmc.usp.br port 22: Connection timed out
[17:19:33.065] > local-server-27> ssh child died, shutting down
[17:19:33.072] Local server exit: 0
[17:19:33.073] Received install output: local-server-27> Running ssh connection command: "-v -T -D 36933 -o ConnectTimeout=15 senc.icmc.usp.br"
local-server-27> Spawned ssh, pid=30932
ssh: connect to host senc.icmc.usp.br port 22: Connection timed out
local-server-27> ssh child died, shutting down

[17:19:33.075] Resolver error: Error: The connection timed out
	at g.Offline (/home/drdbrioso/.vscode/extensions/ms-vscode-remote.remote-ssh-0.108.2023112915/out/extension.js:2:642754)
	at /home/drdbrioso/.vscode/extensions/ms-vscode-remote.remote-ssh-0.108.2023112915/out/extension.js:2:638823
	at t.handleInstallOutput (/home/drdbrioso/.vscode/extensions/ms-vscode-remote.remote-ssh-0.108.2023112915/out/extension.js:2:639138)
	at e (/home/drdbrioso/.vscode/extensions/ms-vscode-remote.remote-ssh-0.108.2023112915/out/extension.js:2:700300)
	at process.processTicksAndRejections (node:internal/process/task_queues:95:5)
	at async /home/drdbrioso/.vscode/extensions/ms-vscode-remote.remote-ssh-0.108.2023112915/out/extension.js:2:722169
	at async t.withShowDetailsEvent (/home/drdbrioso/.vscode/extensions/ms-vscode-remote.remote-ssh-0.108.2023112915/out/extension.js:2:725828)
	at async /home/drdbrioso/.vscode/extensions/ms-vscode-remote.remote-ssh-0.108.2023112915/out/extension.js:2:697005
	at async C (/home/drdbrioso/.vscode/extensions/ms-vscode-remote.remote-ssh-0.108.2023112915/out/extension.js:2:695056)
	at async t.resolveWithLocalServer (/home/drdbrioso/.vscode/extensions/ms-vscode-remote.remote-ssh-0.108.2023112915/out/extension.js:2:696545)
	at async I (/home/drdbrioso/.vscode/extensions/ms-vscode-remote.remote-ssh-0.108.2023112915/out/extension.js:2:719392)
	at async t.resolve (/home/drdbrioso/.vscode/extensions/ms-vscode-remote.remote-ssh-0.108.2023112915/out/extension.js:2:723199)
	at async /home/drdbrioso/.vscode/extensions/ms-vscode-remote.remote-ssh-0.108.2023112915/out/extension.js:2:907012
[17:19:33.079] ------




[17:20:03.125] ------




[17:20:03.126] SSH Resolver called for "ssh-remote+senc.icmc.usp.br", attempt 28, (Reconnection)
[17:20:03.127] SSH Resolver called for host: senc.icmc.usp.br
[17:20:03.127] Setting up SSH remote "senc.icmc.usp.br"
[17:20:03.128] Acquiring local install lock: /tmp/vscode-remote-ssh-2f5e6878-install.lock
[17:20:03.129] Looking for existing server data file at /home/drdbrioso/.config/Code/User/globalStorage/ms-vscode-remote.remote-ssh/vscode-ssh-host-2f5e6878-8b3775030ed1a69b13e4f4c628c612102e30a681-0.108.2023112915-tr/data.json
[17:20:03.130] Using commit id "8b3775030ed1a69b13e4f4c628c612102e30a681" and quality "stable" for server
[17:20:03.136] Install and start server if needed
[17:20:03.147] askpass server listening on /run/user/1000/vscode-ssh-askpass-056e5b0c9c5c01f1223708bacca9bad40ceec07d.sock
[17:20:03.148] Spawning local server with {"serverId":28,"ipcHandlePath":"/run/user/1000/vscode-ssh-askpass-c44de532850910f0bb1453225d15488eb1d78a44.sock","sshCommand":"ssh","sshArgs":["-v","-T","-D","36933","-o","ConnectTimeout=15","senc.icmc.usp.br"],"serverDataFolderName":".vscode-server","dataFilePath":"/home/drdbrioso/.config/Code/User/globalStorage/ms-vscode-remote.remote-ssh/vscode-ssh-host-2f5e6878-8b3775030ed1a69b13e4f4c628c612102e30a681-0.108.2023112915-tr/data.json"}
[17:20:03.148] Local server env: {"SHELL":"/usr/bin/zsh","DISPLAY":":0","ELECTRON_RUN_AS_NODE":"1","SSH_ASKPASS":"/home/drdbrioso/.vscode/extensions/ms-vscode-remote.remote-ssh-0.108.2023112915/out/local-server/askpass.sh","VSCODE_SSH_ASKPASS_NODE":"/home/drdbrioso/Desktop/code-stable-x64-1705560028/VSCode-linux-x64/code","VSCODE_SSH_ASKPASS_EXTRA_ARGS":"--ms-enable-electron-run-as-node","VSCODE_SSH_ASKPASS_MAIN":"/home/drdbrioso/.vscode/extensions/ms-vscode-remote.remote-ssh-0.108.2023112915/out/askpass-main.js","VSCODE_SSH_ASKPASS_HANDLE":"/run/user/1000/vscode-ssh-askpass-056e5b0c9c5c01f1223708bacca9bad40ceec07d.sock"}
[17:20:03.157] Spawned 31007
[17:20:03.282] > local-server-28> Running ssh connection command: "-v -T -D 36933 -o ConnectTimeout=15 senc.icmc.usp.br"
[17:20:03.285] > local-server-28> Spawned ssh, pid=31015
[17:20:18.394] stderr> ssh: connect to host senc.icmc.usp.br port 22: Connection timed out
[17:20:18.395] > local-server-28> ssh child died, shutting down
[17:20:18.398] Local server exit: 0
[17:20:18.399] Received install output: local-server-28> Running ssh connection command: "-v -T -D 36933 -o ConnectTimeout=15 senc.icmc.usp.br"
local-server-28> Spawned ssh, pid=31015
ssh: connect to host senc.icmc.usp.br port 22: Connection timed out
local-server-28> ssh child died, shutting down

[17:20:18.399] Resolver error: Error: The connection timed out
	at g.Offline (/home/drdbrioso/.vscode/extensions/ms-vscode-remote.remote-ssh-0.108.2023112915/out/extension.js:2:642754)
	at /home/drdbrioso/.vscode/extensions/ms-vscode-remote.remote-ssh-0.108.2023112915/out/extension.js:2:638823
	at t.handleInstallOutput (/home/drdbrioso/.vscode/extensions/ms-vscode-remote.remote-ssh-0.108.2023112915/out/extension.js:2:639138)
	at e (/home/drdbrioso/.vscode/extensions/ms-vscode-remote.remote-ssh-0.108.2023112915/out/extension.js:2:700300)
	at process.processTicksAndRejections (node:internal/process/task_queues:95:5)
	at async /home/drdbrioso/.vscode/extensions/ms-vscode-remote.remote-ssh-0.108.2023112915/out/extension.js:2:722169
	at async t.withShowDetailsEvent (/home/drdbrioso/.vscode/extensions/ms-vscode-remote.remote-ssh-0.108.2023112915/out/extension.js:2:725828)
	at async /home/drdbrioso/.vscode/extensions/ms-vscode-remote.remote-ssh-0.108.2023112915/out/extension.js:2:697005
	at async C (/home/drdbrioso/.vscode/extensions/ms-vscode-remote.remote-ssh-0.108.2023112915/out/extension.js:2:695056)
	at async t.resolveWithLocalServer (/home/drdbrioso/.vscode/extensions/ms-vscode-remote.remote-ssh-0.108.2023112915/out/extension.js:2:696545)
	at async I (/home/drdbrioso/.vscode/extensions/ms-vscode-remote.remote-ssh-0.108.2023112915/out/extension.js:2:719392)
	at async t.resolve (/home/drdbrioso/.vscode/extensions/ms-vscode-remote.remote-ssh-0.108.2023112915/out/extension.js:2:723199)
	at async /home/drdbrioso/.vscode/extensions/ms-vscode-remote.remote-ssh-0.108.2023112915/out/extension.js:2:907012
[17:20:18.400] ------




[17:20:48.439] ------




[17:20:48.440] SSH Resolver called for "ssh-remote+senc.icmc.usp.br", attempt 29, (Reconnection)
[17:20:48.441] SSH Resolver called for host: senc.icmc.usp.br
[17:20:48.441] Setting up SSH remote "senc.icmc.usp.br"
[17:20:48.442] Acquiring local install lock: /tmp/vscode-remote-ssh-2f5e6878-install.lock
[17:20:48.442] Looking for existing server data file at /home/drdbrioso/.config/Code/User/globalStorage/ms-vscode-remote.remote-ssh/vscode-ssh-host-2f5e6878-8b3775030ed1a69b13e4f4c628c612102e30a681-0.108.2023112915-tr/data.json
[17:20:48.442] Using commit id "8b3775030ed1a69b13e4f4c628c612102e30a681" and quality "stable" for server
[17:20:48.445] Install and start server if needed
[17:20:48.450] askpass server listening on /run/user/1000/vscode-ssh-askpass-6794ded66ce82ddb9aecf95f493cc08b39cc2cfd.sock
[17:20:48.451] Spawning local server with {"serverId":29,"ipcHandlePath":"/run/user/1000/vscode-ssh-askpass-977973b7345289fe968d7a8612e355056434f556.sock","sshCommand":"ssh","sshArgs":["-v","-T","-D","36933","-o","ConnectTimeout=15","senc.icmc.usp.br"],"serverDataFolderName":".vscode-server","dataFilePath":"/home/drdbrioso/.config/Code/User/globalStorage/ms-vscode-remote.remote-ssh/vscode-ssh-host-2f5e6878-8b3775030ed1a69b13e4f4c628c612102e30a681-0.108.2023112915-tr/data.json"}
[17:20:48.451] Local server env: {"SHELL":"/usr/bin/zsh","DISPLAY":":0","ELECTRON_RUN_AS_NODE":"1","SSH_ASKPASS":"/home/drdbrioso/.vscode/extensions/ms-vscode-remote.remote-ssh-0.108.2023112915/out/local-server/askpass.sh","VSCODE_SSH_ASKPASS_NODE":"/home/drdbrioso/Desktop/code-stable-x64-1705560028/VSCode-linux-x64/code","VSCODE_SSH_ASKPASS_EXTRA_ARGS":"--ms-enable-electron-run-as-node","VSCODE_SSH_ASKPASS_MAIN":"/home/drdbrioso/.vscode/extensions/ms-vscode-remote.remote-ssh-0.108.2023112915/out/askpass-main.js","VSCODE_SSH_ASKPASS_HANDLE":"/run/user/1000/vscode-ssh-askpass-6794ded66ce82ddb9aecf95f493cc08b39cc2cfd.sock"}
[17:20:48.455] Spawned 31084
[17:20:48.534] > local-server-29> Running ssh connection command: "-v -T -D 36933 -o ConnectTimeout=15 senc.icmc.usp.br"
[17:20:48.537] > local-server-29> Spawned ssh, pid=31092
[17:21:03.681] stderr> ssh: connect to host senc.icmc.usp.br port 22: Connection timed out
[17:21:03.684] > local-server-29> ssh child died, shutting down
[17:21:03.690] Local server exit: 0
[17:21:03.691] Received install output: local-server-29> Running ssh connection command: "-v -T -D 36933 -o ConnectTimeout=15 senc.icmc.usp.br"
local-server-29> Spawned ssh, pid=31092
ssh: connect to host senc.icmc.usp.br port 22: Connection timed out
local-server-29> ssh child died, shutting down

[17:21:03.692] Resolver error: Error: The connection timed out
	at g.Offline (/home/drdbrioso/.vscode/extensions/ms-vscode-remote.remote-ssh-0.108.2023112915/out/extension.js:2:642754)
	at /home/drdbrioso/.vscode/extensions/ms-vscode-remote.remote-ssh-0.108.2023112915/out/extension.js:2:638823
	at t.handleInstallOutput (/home/drdbrioso/.vscode/extensions/ms-vscode-remote.remote-ssh-0.108.2023112915/out/extension.js:2:639138)
	at e (/home/drdbrioso/.vscode/extensions/ms-vscode-remote.remote-ssh-0.108.2023112915/out/extension.js:2:700300)
	at process.processTicksAndRejections (node:internal/process/task_queues:95:5)
	at async /home/drdbrioso/.vscode/extensions/ms-vscode-remote.remote-ssh-0.108.2023112915/out/extension.js:2:722169
	at async t.withShowDetailsEvent (/home/drdbrioso/.vscode/extensions/ms-vscode-remote.remote-ssh-0.108.2023112915/out/extension.js:2:725828)
	at async /home/drdbrioso/.vscode/extensions/ms-vscode-remote.remote-ssh-0.108.2023112915/out/extension.js:2:697005
	at async C (/home/drdbrioso/.vscode/extensions/ms-vscode-remote.remote-ssh-0.108.2023112915/out/extension.js:2:695056)
	at async t.resolveWithLocalServer (/home/drdbrioso/.vscode/extensions/ms-vscode-remote.remote-ssh-0.108.2023112915/out/extension.js:2:696545)
	at async I (/home/drdbrioso/.vscode/extensions/ms-vscode-remote.remote-ssh-0.108.2023112915/out/extension.js:2:719392)
	at async t.resolve (/home/drdbrioso/.vscode/extensions/ms-vscode-remote.remote-ssh-0.108.2023112915/out/extension.js:2:723199)
	at async /home/drdbrioso/.vscode/extensions/ms-vscode-remote.remote-ssh-0.108.2023112915/out/extension.js:2:907012
[17:21:03.695] ------




[17:21:33.735] ------




[17:21:33.735] SSH Resolver called for "ssh-remote+senc.icmc.usp.br", attempt 30, (Reconnection)
[17:21:33.737] SSH Resolver called for host: senc.icmc.usp.br
[17:21:33.737] Setting up SSH remote "senc.icmc.usp.br"
[17:21:33.738] Acquiring local install lock: /tmp/vscode-remote-ssh-2f5e6878-install.lock
[17:21:33.739] Looking for existing server data file at /home/drdbrioso/.config/Code/User/globalStorage/ms-vscode-remote.remote-ssh/vscode-ssh-host-2f5e6878-8b3775030ed1a69b13e4f4c628c612102e30a681-0.108.2023112915-tr/data.json
[17:21:33.739] Using commit id "8b3775030ed1a69b13e4f4c628c612102e30a681" and quality "stable" for server
[17:21:33.741] Install and start server if needed
[17:21:33.743] askpass server listening on /run/user/1000/vscode-ssh-askpass-1c9c8976991901e41668d18c900bbdc6a775c9a6.sock
[17:21:33.744] Spawning local server with {"serverId":30,"ipcHandlePath":"/run/user/1000/vscode-ssh-askpass-2e1d99e4adb16899474fa7728ab619cbcda6596a.sock","sshCommand":"ssh","sshArgs":["-v","-T","-D","36933","-o","ConnectTimeout=15","senc.icmc.usp.br"],"serverDataFolderName":".vscode-server","dataFilePath":"/home/drdbrioso/.config/Code/User/globalStorage/ms-vscode-remote.remote-ssh/vscode-ssh-host-2f5e6878-8b3775030ed1a69b13e4f4c628c612102e30a681-0.108.2023112915-tr/data.json"}
[17:21:33.744] Local server env: {"SHELL":"/usr/bin/zsh","DISPLAY":":0","ELECTRON_RUN_AS_NODE":"1","SSH_ASKPASS":"/home/drdbrioso/.vscode/extensions/ms-vscode-remote.remote-ssh-0.108.2023112915/out/local-server/askpass.sh","VSCODE_SSH_ASKPASS_NODE":"/home/drdbrioso/Desktop/code-stable-x64-1705560028/VSCode-linux-x64/code","VSCODE_SSH_ASKPASS_EXTRA_ARGS":"--ms-enable-electron-run-as-node","VSCODE_SSH_ASKPASS_MAIN":"/home/drdbrioso/.vscode/extensions/ms-vscode-remote.remote-ssh-0.108.2023112915/out/askpass-main.js","VSCODE_SSH_ASKPASS_HANDLE":"/run/user/1000/vscode-ssh-askpass-1c9c8976991901e41668d18c900bbdc6a775c9a6.sock"}
[17:21:33.747] Spawned 31142
[17:21:33.851] > local-server-30> Running ssh connection command: "-v -T -D 36933 -o ConnectTimeout=15 senc.icmc.usp.br"
[17:21:33.856] > local-server-30> Spawned ssh, pid=31150
[17:21:48.950] stderr> ssh: connect to host senc.icmc.usp.br port 22: Connection timed out
[17:21:48.952] > local-server-30> ssh child died, shutting down
[17:21:48.960] Local server exit: 0
[17:21:48.960] Received install output: local-server-30> Running ssh connection command: "-v -T -D 36933 -o ConnectTimeout=15 senc.icmc.usp.br"
local-server-30> Spawned ssh, pid=31150
ssh: connect to host senc.icmc.usp.br port 22: Connection timed out
local-server-30> ssh child died, shutting down

[17:21:48.962] Resolver error: Error: The connection timed out
	at g.Offline (/home/drdbrioso/.vscode/extensions/ms-vscode-remote.remote-ssh-0.108.2023112915/out/extension.js:2:642754)
	at /home/drdbrioso/.vscode/extensions/ms-vscode-remote.remote-ssh-0.108.2023112915/out/extension.js:2:638823
	at t.handleInstallOutput (/home/drdbrioso/.vscode/extensions/ms-vscode-remote.remote-ssh-0.108.2023112915/out/extension.js:2:639138)
	at e (/home/drdbrioso/.vscode/extensions/ms-vscode-remote.remote-ssh-0.108.2023112915/out/extension.js:2:700300)
	at process.processTicksAndRejections (node:internal/process/task_queues:95:5)
	at async /home/drdbrioso/.vscode/extensions/ms-vscode-remote.remote-ssh-0.108.2023112915/out/extension.js:2:722169
	at async t.withShowDetailsEvent (/home/drdbrioso/.vscode/extensions/ms-vscode-remote.remote-ssh-0.108.2023112915/out/extension.js:2:725828)
	at async /home/drdbrioso/.vscode/extensions/ms-vscode-remote.remote-ssh-0.108.2023112915/out/extension.js:2:697005
	at async C (/home/drdbrioso/.vscode/extensions/ms-vscode-remote.remote-ssh-0.108.2023112915/out/extension.js:2:695056)
	at async t.resolveWithLocalServer (/home/drdbrioso/.vscode/extensions/ms-vscode-remote.remote-ssh-0.108.2023112915/out/extension.js:2:696545)
	at async I (/home/drdbrioso/.vscode/extensions/ms-vscode-remote.remote-ssh-0.108.2023112915/out/extension.js:2:719392)
	at async t.resolve (/home/drdbrioso/.vscode/extensions/ms-vscode-remote.remote-ssh-0.108.2023112915/out/extension.js:2:723199)
	at async /home/drdbrioso/.vscode/extensions/ms-vscode-remote.remote-ssh-0.108.2023112915/out/extension.js:2:907012
[17:21:48.965] ------




[17:22:19.005] ------




[17:22:19.006] SSH Resolver called for "ssh-remote+senc.icmc.usp.br", attempt 31, (Reconnection)
[17:22:19.007] SSH Resolver called for host: senc.icmc.usp.br
[17:22:19.007] Setting up SSH remote "senc.icmc.usp.br"
[17:22:19.008] Acquiring local install lock: /tmp/vscode-remote-ssh-2f5e6878-install.lock
[17:22:19.009] Looking for existing server data file at /home/drdbrioso/.config/Code/User/globalStorage/ms-vscode-remote.remote-ssh/vscode-ssh-host-2f5e6878-8b3775030ed1a69b13e4f4c628c612102e30a681-0.108.2023112915-tr/data.json
[17:22:19.009] Using commit id "8b3775030ed1a69b13e4f4c628c612102e30a681" and quality "stable" for server
[17:22:19.013] Install and start server if needed
[17:22:19.017] askpass server listening on /run/user/1000/vscode-ssh-askpass-cdefbae7c66b3440105dca7cb7499fd9b2ecb935.sock
[17:22:19.017] Spawning local server with {"serverId":31,"ipcHandlePath":"/run/user/1000/vscode-ssh-askpass-3e5faa102b7f6806a41c680ee97142f0481a0e3d.sock","sshCommand":"ssh","sshArgs":["-v","-T","-D","36933","-o","ConnectTimeout=15","senc.icmc.usp.br"],"serverDataFolderName":".vscode-server","dataFilePath":"/home/drdbrioso/.config/Code/User/globalStorage/ms-vscode-remote.remote-ssh/vscode-ssh-host-2f5e6878-8b3775030ed1a69b13e4f4c628c612102e30a681-0.108.2023112915-tr/data.json"}
[17:22:19.017] Local server env: {"SHELL":"/usr/bin/zsh","DISPLAY":":0","ELECTRON_RUN_AS_NODE":"1","SSH_ASKPASS":"/home/drdbrioso/.vscode/extensions/ms-vscode-remote.remote-ssh-0.108.2023112915/out/local-server/askpass.sh","VSCODE_SSH_ASKPASS_NODE":"/home/drdbrioso/Desktop/code-stable-x64-1705560028/VSCode-linux-x64/code","VSCODE_SSH_ASKPASS_EXTRA_ARGS":"--ms-enable-electron-run-as-node","VSCODE_SSH_ASKPASS_MAIN":"/home/drdbrioso/.vscode/extensions/ms-vscode-remote.remote-ssh-0.108.2023112915/out/askpass-main.js","VSCODE_SSH_ASKPASS_HANDLE":"/run/user/1000/vscode-ssh-askpass-cdefbae7c66b3440105dca7cb7499fd9b2ecb935.sock"}
[17:22:19.022] Spawned 31263
[17:22:19.108] > local-server-31> Running ssh connection command: "-v -T -D 36933 -o ConnectTimeout=15 senc.icmc.usp.br"
[17:22:19.111] > local-server-31> Spawned ssh, pid=31271
[17:22:36.023] Terminating local server
[17:22:36.025] Resolver error: Error: Connecting with SSH timed out
	at g.Timeout (/home/drdbrioso/.vscode/extensions/ms-vscode-remote.remote-ssh-0.108.2023112915/out/extension.js:2:642829)
	at Timeout._onTimeout (/home/drdbrioso/.vscode/extensions/ms-vscode-remote.remote-ssh-0.108.2023112915/out/extension.js:2:707323)
	at listOnTimeout (node:internal/timers:569:17)
	at process.processTimers (node:internal/timers:512:7)
[17:22:36.029] ------




[17:22:36.034] Local server exit: 15
[17:22:50.569] ------




[17:22:50.569] SSH Resolver called for "ssh-remote+senc.icmc.usp.br", attempt 32, (Reconnection)
[17:22:50.570] SSH Resolver called for host: senc.icmc.usp.br
[17:22:50.570] Setting up SSH remote "senc.icmc.usp.br"
[17:22:50.571] Acquiring local install lock: /tmp/vscode-remote-ssh-2f5e6878-install.lock
[17:22:50.572] Looking for existing server data file at /home/drdbrioso/.config/Code/User/globalStorage/ms-vscode-remote.remote-ssh/vscode-ssh-host-2f5e6878-8b3775030ed1a69b13e4f4c628c612102e30a681-0.108.2023112915-tr/data.json
[17:22:50.572] Using commit id "8b3775030ed1a69b13e4f4c628c612102e30a681" and quality "stable" for server
[17:22:50.576] Install and start server if needed
[17:22:50.580] askpass server listening on /run/user/1000/vscode-ssh-askpass-1d58d759f6371c20f9fe16a86aa793876a4c7ff2.sock
[17:22:50.581] Spawning local server with {"serverId":32,"ipcHandlePath":"/run/user/1000/vscode-ssh-askpass-f1b817e099cad84d84a34da92809559ca6603417.sock","sshCommand":"ssh","sshArgs":["-v","-T","-D","36933","-o","ConnectTimeout=15","senc.icmc.usp.br"],"serverDataFolderName":".vscode-server","dataFilePath":"/home/drdbrioso/.config/Code/User/globalStorage/ms-vscode-remote.remote-ssh/vscode-ssh-host-2f5e6878-8b3775030ed1a69b13e4f4c628c612102e30a681-0.108.2023112915-tr/data.json"}
[17:22:50.581] Local server env: {"SHELL":"/usr/bin/zsh","DISPLAY":":0","ELECTRON_RUN_AS_NODE":"1","SSH_ASKPASS":"/home/drdbrioso/.vscode/extensions/ms-vscode-remote.remote-ssh-0.108.2023112915/out/local-server/askpass.sh","VSCODE_SSH_ASKPASS_NODE":"/home/drdbrioso/Desktop/code-stable-x64-1705560028/VSCode-linux-x64/code","VSCODE_SSH_ASKPASS_EXTRA_ARGS":"--ms-enable-electron-run-as-node","VSCODE_SSH_ASKPASS_MAIN":"/home/drdbrioso/.vscode/extensions/ms-vscode-remote.remote-ssh-0.108.2023112915/out/askpass-main.js","VSCODE_SSH_ASKPASS_HANDLE":"/run/user/1000/vscode-ssh-askpass-1d58d759f6371c20f9fe16a86aa793876a4c7ff2.sock"}
[17:22:50.587] Spawned 31330
[17:22:50.670] > local-server-32> Running ssh connection command: "-v -T -D 36933 -o ConnectTimeout=15 senc.icmc.usp.br"
[17:22:50.673] > local-server-32> Spawned ssh, pid=31338
[17:23:07.588] Terminating local server
[17:23:07.590] Resolver error: Error: Connecting with SSH timed out
	at g.Timeout (/home/drdbrioso/.vscode/extensions/ms-vscode-remote.remote-ssh-0.108.2023112915/out/extension.js:2:642829)
	at Timeout._onTimeout (/home/drdbrioso/.vscode/extensions/ms-vscode-remote.remote-ssh-0.108.2023112915/out/extension.js:2:707323)
	at listOnTimeout (node:internal/timers:569:17)
	at process.processTimers (node:internal/timers:512:7)
[17:23:07.594] ------




[17:23:07.597] Local server exit: 15
[17:23:09.121] ------




[17:23:09.121] SSH Resolver called for "ssh-remote+senc.icmc.usp.br", attempt 33, (Reconnection)
[17:23:09.123] SSH Resolver called for host: senc.icmc.usp.br
[17:23:09.123] Setting up SSH remote "senc.icmc.usp.br"
[17:23:09.125] Acquiring local install lock: /tmp/vscode-remote-ssh-2f5e6878-install.lock
[17:23:09.126] Looking for existing server data file at /home/drdbrioso/.config/Code/User/globalStorage/ms-vscode-remote.remote-ssh/vscode-ssh-host-2f5e6878-8b3775030ed1a69b13e4f4c628c612102e30a681-0.108.2023112915-tr/data.json
[17:23:09.127] Using commit id "8b3775030ed1a69b13e4f4c628c612102e30a681" and quality "stable" for server
[17:23:09.131] Install and start server if needed
[17:23:09.134] askpass server listening on /run/user/1000/vscode-ssh-askpass-ce15084e944254da7d057e2c32ec64a31f8a4898.sock
[17:23:09.134] Spawning local server with {"serverId":33,"ipcHandlePath":"/run/user/1000/vscode-ssh-askpass-d61a8fb8ad4e2b3a0a1209ea618f59f814742d13.sock","sshCommand":"ssh","sshArgs":["-v","-T","-D","36933","-o","ConnectTimeout=15","senc.icmc.usp.br"],"serverDataFolderName":".vscode-server","dataFilePath":"/home/drdbrioso/.config/Code/User/globalStorage/ms-vscode-remote.remote-ssh/vscode-ssh-host-2f5e6878-8b3775030ed1a69b13e4f4c628c612102e30a681-0.108.2023112915-tr/data.json"}
[17:23:09.134] Local server env: {"SHELL":"/usr/bin/zsh","DISPLAY":":0","ELECTRON_RUN_AS_NODE":"1","SSH_ASKPASS":"/home/drdbrioso/.vscode/extensions/ms-vscode-remote.remote-ssh-0.108.2023112915/out/local-server/askpass.sh","VSCODE_SSH_ASKPASS_NODE":"/home/drdbrioso/Desktop/code-stable-x64-1705560028/VSCode-linux-x64/code","VSCODE_SSH_ASKPASS_EXTRA_ARGS":"--ms-enable-electron-run-as-node","VSCODE_SSH_ASKPASS_MAIN":"/home/drdbrioso/.vscode/extensions/ms-vscode-remote.remote-ssh-0.108.2023112915/out/askpass-main.js","VSCODE_SSH_ASKPASS_HANDLE":"/run/user/1000/vscode-ssh-askpass-ce15084e944254da7d057e2c32ec64a31f8a4898.sock"}
[17:23:09.139] Spawned 31357
[17:23:09.222] > local-server-33> Running ssh connection command: "-v -T -D 36933 -o ConnectTimeout=15 senc.icmc.usp.br"
[17:23:09.225] > local-server-33> Spawned ssh, pid=31366
