2025-10-07 19:20:40.563 [warning] Via 'product.json#extensionEnabledApiProposals' extension 'ms-python.python' wants API proposal 'registerIssueDataProvider' but that proposal DOES NOT EXIST. Likely, the proposal has been finalized (check 'vscode.d.ts') or was abandoned.
2025-10-07 19:20:40.778 [info] Invoking resolveAuthority(ssh-remote)...
2025-10-07 19:20:40.779 [info] [LocalProcess0][resolveAuthority(ssh-remote,1)][0ms] obtaining proxy...
2025-10-07 19:20:40.810 [info] Started local extension host with pid 21317.
2025-10-07 19:20:40.885 [error] [/home/drdbrioso/.vscode/extensions/ms-toolsai.vscode-jupyter-slideshow-0.1.6]: Extension is not compatible with Code 1.85.2. Extension requires: ^1.88.0.
2025-10-07 19:20:40.886 [error] [/home/drdbrioso/.vscode/extensions/ms-toolsai.jupyter-renderers-1.3.0]: Extension is not compatible with Code 1.85.2. Extension requires: ^1.95.0.
2025-10-07 19:20:40.888 [error] [/home/drdbrioso/.vscode/extensions/ms-toolsai.vscode-jupyter-cell-tags-0.1.9]: Extension is not compatible with Code 1.85.2. Extension requires: ^1.88.0.
2025-10-07 19:20:40.905 [error] [/home/drdbrioso/.vscode/extensions/ms-vscode.remote-server-1.5.3]: Extension is not compatible with Code 1.85.2. Extension requires: ^1.87.0.
2025-10-07 19:20:40.906 [error] [/home/drdbrioso/.vscode/extensions/ms-vscode-remote.remote-wsl-0.104.3]: Extension is not compatible with Code 1.85.2. Extension requires: ^1.104.0.
2025-10-07 19:20:40.908 [error] [/home/drdbrioso/.vscode/extensions/ms-vscode-remote.remote-containers-0.427.0]: Extension is not compatible with Code 1.85.2. Extension requires: ^1.99.0.
2025-10-07 19:20:40.910 [error] [/home/drdbrioso/.vscode/extensions/ms-vscode.remote-explorer-0.5.0]: Extension is not compatible with Code 1.85.2. Extension requires: ^1.87.0.
2025-10-07 19:20:40.911 [error] [/home/drdbrioso/.vscode/extensions/ms-python.vscode-python-envs-1.8.0-linux-x64]: Extension is not compatible with Code 1.85.2. Extension requires: ^1.104.0-20250815.
2025-10-07 19:20:40.912 [error] [/home/drdbrioso/.vscode/extensions/ms-python.debugpy-2025.10.0-linux-x64]: Extension is not compatible with Code 1.85.2. Extension requires: ^1.92.0.
2025-10-07 19:20:40.913 [error] [/home/drdbrioso/.vscode/extensions/ms-python.python-2025.14.0-linux-x64]: Extension is not compatible with Code 1.85.2. Extension requires: ^1.95.0.
2025-10-07 19:20:40.919 [error] [/home/drdbrioso/.vscode/extensions/ms-python.vscode-pylance-2025.8.3]: Extension is not compatible with Code 1.85.2. Extension requires: ^1.101.0.
2025-10-07 19:20:41.056 [info] [LocalProcess0][resolveAuthority(ssh-remote,1)][277ms] invoking...
2025-10-07 19:20:42.056 [info] [LocalProcess0][resolveAuthority(ssh-remote,1)][1277ms] waiting...
2025-10-07 19:20:43.057 [info] [LocalProcess0][resolveAuthority(ssh-remote,1)][2278ms] waiting...
2025-10-07 19:20:44.057 [info] [LocalProcess0][resolveAuthority(ssh-remote,1)][3278ms] waiting...
2025-10-07 19:20:45.057 [info] [LocalProcess0][resolveAuthority(ssh-remote,1)][4278ms] waiting...
2025-10-07 19:20:46.057 [info] [LocalProcess0][resolveAuthority(ssh-remote,1)][5278ms] waiting...
2025-10-07 19:20:47.057 [info] [LocalProcess0][resolveAuthority(ssh-remote,1)][6278ms] waiting...
2025-10-07 19:20:48.057 [info] [LocalProcess0][resolveAuthority(ssh-remote,1)][7278ms] waiting...
2025-10-07 19:20:49.057 [info] [LocalProcess0][resolveAuthority(ssh-remote,1)][8278ms] waiting...
2025-10-07 19:20:50.057 [info] [LocalProcess0][resolveAuthority(ssh-remote,1)][9278ms] waiting...
2025-10-07 19:20:51.057 [info] [LocalProcess0][resolveAuthority(ssh-remote,1)][10278ms] waiting...
2025-10-07 19:20:52.057 [info] [LocalProcess0][resolveAuthority(ssh-remote,1)][11277ms] waiting...
2025-10-07 19:20:53.057 [info] [LocalProcess0][resolveAuthority(ssh-remote,1)][12278ms] waiting...
2025-10-07 19:20:54.056 [info] [LocalProcess0][resolveAuthority(ssh-remote,1)][13277ms] waiting...
2025-10-07 19:20:55.057 [info] [LocalProcess0][resolveAuthority(ssh-remote,1)][14278ms] waiting...
2025-10-07 19:20:56.057 [info] [LocalProcess0][resolveAuthority(ssh-remote,1)][15278ms] waiting...
2025-10-07 19:20:57.057 [info] [LocalProcess0][resolveAuthority(ssh-remote,1)][16278ms] waiting...
2025-10-07 19:20:58.057 [info] [LocalProcess0][resolveAuthority(ssh-remote,1)][17278ms] waiting...
2025-10-07 19:20:59.056 [info] [LocalProcess0][resolveAuthority(ssh-remote,1)][18277ms] waiting...
2025-10-07 19:21:00.057 [info] [LocalProcess0][resolveAuthority(ssh-remote,1)][19278ms] waiting...
2025-10-07 19:21:01.056 [info] [LocalProcess0][resolveAuthority(ssh-remote,1)][20278ms] waiting...
2025-10-07 19:21:02.057 [info] [LocalProcess0][resolveAuthority(ssh-remote,1)][21278ms] waiting...
2025-10-07 19:21:02.209 [error] [LocalProcess0][resolveAuthority(ssh-remote,1)][21428ms] returned an error {"code":"NotAvailable","message":"The VS Code Server failed to start","detail":true}
2025-10-07 19:21:02.214 [error] resolveAuthority(ssh-remote) returned an error after 21428 ms The VS Code Server failed to start
2025-10-07 19:21:02.215 [error] Error received from starting extension host (kind: Remote)
2025-10-07 19:21:02.215 [error] CodeExpectedError: The VS Code Server failed to start
    at ee.rb (vscode-file://vscode-app/home/drdbrioso/Desktop/code-stable-x64-1705560028/VSCode-linux-x64/resources/app/out/vs/workbench/workbench.desktop.main.js:2718:21055)
    at async ee.qb (vscode-file://vscode-app/home/drdbrioso/Desktop/code-stable-x64-1705560028/VSCode-linux-x64/resources/app/out/vs/workbench/workbench.desktop.main.js:2718:20332)
    at async ee.Ob (vscode-file://vscode-app/home/drdbrioso/Desktop/code-stable-x64-1705560028/VSCode-linux-x64/resources/app/out/vs/workbench/workbench.desktop.main.js:2719:11484)
    at async ee.jb (vscode-file://vscode-app/home/drdbrioso/Desktop/code-stable-x64-1705560028/VSCode-linux-x64/resources/app/out/vs/workbench/workbench.desktop.main.js:2718:17969)
2025-10-07 19:21:02.216 [error] [remote-connection][attempt 1] An error occurred in initial connection! Will retry... Error:
2025-10-07 19:21:02.216 [error] CodeExpectedError: The VS Code Server failed to start
    at ee.rb (vscode-file://vscode-app/home/drdbrioso/Desktop/code-stable-x64-1705560028/VSCode-linux-x64/resources/app/out/vs/workbench/workbench.desktop.main.js:2718:21055)
    at async ee.qb (vscode-file://vscode-app/home/drdbrioso/Desktop/code-stable-x64-1705560028/VSCode-linux-x64/resources/app/out/vs/workbench/workbench.desktop.main.js:2718:20332)
    at async ee.Ob (vscode-file://vscode-app/home/drdbrioso/Desktop/code-stable-x64-1705560028/VSCode-linux-x64/resources/app/out/vs/workbench/workbench.desktop.main.js:2719:11484)
    at async ee.jb (vscode-file://vscode-app/home/drdbrioso/Desktop/code-stable-x64-1705560028/VSCode-linux-x64/resources/app/out/vs/workbench/workbench.desktop.main.js:2718:17969)
2025-10-07 19:21:02.216 [error] [remote-connection][attempt 2] An error occurred in initial connection! Will retry... Error:
2025-10-07 19:21:02.216 [error] CodeExpectedError: The VS Code Server failed to start
    at ee.rb (vscode-file://vscode-app/home/drdbrioso/Desktop/code-stable-x64-1705560028/VSCode-linux-x64/resources/app/out/vs/workbench/workbench.desktop.main.js:2718:21055)
    at async ee.qb (vscode-file://vscode-app/home/drdbrioso/Desktop/code-stable-x64-1705560028/VSCode-linux-x64/resources/app/out/vs/workbench/workbench.desktop.main.js:2718:20332)
    at async ee.Ob (vscode-file://vscode-app/home/drdbrioso/Desktop/code-stable-x64-1705560028/VSCode-linux-x64/resources/app/out/vs/workbench/workbench.desktop.main.js:2719:11484)
    at async ee.jb (vscode-file://vscode-app/home/drdbrioso/Desktop/code-stable-x64-1705560028/VSCode-linux-x64/resources/app/out/vs/workbench/workbench.desktop.main.js:2718:17969)
2025-10-07 19:21:02.233 [error] [remote-connection][attempt 3] An error occurred in initial connection! Will retry... Error:
2025-10-07 19:21:02.233 [error] CodeExpectedError: The VS Code Server failed to start
    at ee.rb (vscode-file://vscode-app/home/drdbrioso/Desktop/code-stable-x64-1705560028/VSCode-linux-x64/resources/app/out/vs/workbench/workbench.desktop.main.js:2718:21055)
    at async ee.qb (vscode-file://vscode-app/home/drdbrioso/Desktop/code-stable-x64-1705560028/VSCode-linux-x64/resources/app/out/vs/workbench/workbench.desktop.main.js:2718:20332)
    at async ee.Ob (vscode-file://vscode-app/home/drdbrioso/Desktop/code-stable-x64-1705560028/VSCode-linux-x64/resources/app/out/vs/workbench/workbench.desktop.main.js:2719:11484)
    at async ee.jb (vscode-file://vscode-app/home/drdbrioso/Desktop/code-stable-x64-1705560028/VSCode-linux-x64/resources/app/out/vs/workbench/workbench.desktop.main.js:2718:17969)
2025-10-07 19:21:02.273 [error] [remote-connection][attempt 4] An error occurred in initial connection! Will retry... Error:
2025-10-07 19:21:02.273 [error] CodeExpectedError: The VS Code Server failed to start
    at ee.rb (vscode-file://vscode-app/home/drdbrioso/Desktop/code-stable-x64-1705560028/VSCode-linux-x64/resources/app/out/vs/workbench/workbench.desktop.main.js:2718:21055)
    at async ee.qb (vscode-file://vscode-app/home/drdbrioso/Desktop/code-stable-x64-1705560028/VSCode-linux-x64/resources/app/out/vs/workbench/workbench.desktop.main.js:2718:20332)
    at async ee.Ob (vscode-file://vscode-app/home/drdbrioso/Desktop/code-stable-x64-1705560028/VSCode-linux-x64/resources/app/out/vs/workbench/workbench.desktop.main.js:2719:11484)
    at async ee.jb (vscode-file://vscode-app/home/drdbrioso/Desktop/code-stable-x64-1705560028/VSCode-linux-x64/resources/app/out/vs/workbench/workbench.desktop.main.js:2718:17969)
2025-10-07 19:21:02.274 [error] [remote-connection][attempt 5]  An error occurred in initial connection! It will be treated as a permanent error. Error:
2025-10-07 19:21:02.274 [error] CodeExpectedError: The VS Code Server failed to start
    at ee.rb (vscode-file://vscode-app/home/drdbrioso/Desktop/code-stable-x64-1705560028/VSCode-linux-x64/resources/app/out/vs/workbench/workbench.desktop.main.js:2718:21055)
    at async ee.qb (vscode-file://vscode-app/home/drdbrioso/Desktop/code-stable-x64-1705560028/VSCode-linux-x64/resources/app/out/vs/workbench/workbench.desktop.main.js:2718:20332)
    at async ee.Ob (vscode-file://vscode-app/home/drdbrioso/Desktop/code-stable-x64-1705560028/VSCode-linux-x64/resources/app/out/vs/workbench/workbench.desktop.main.js:2719:11484)
    at async ee.jb (vscode-file://vscode-app/home/drdbrioso/Desktop/code-stable-x64-1705560028/VSCode-linux-x64/resources/app/out/vs/workbench/workbench.desktop.main.js:2718:17969)
2025-10-07 19:21:02.275 [error] CodeExpectedError: The VS Code Server failed to start
    at ee.rb (vscode-file://vscode-app/home/drdbrioso/Desktop/code-stable-x64-1705560028/VSCode-linux-x64/resources/app/out/vs/workbench/workbench.desktop.main.js:2718:21055)
    at async ee.qb (vscode-file://vscode-app/home/drdbrioso/Desktop/code-stable-x64-1705560028/VSCode-linux-x64/resources/app/out/vs/workbench/workbench.desktop.main.js:2718:20332)
    at async ee.Ob (vscode-file://vscode-app/home/drdbrioso/Desktop/code-stable-x64-1705560028/VSCode-linux-x64/resources/app/out/vs/workbench/workbench.desktop.main.js:2719:11484)
    at async ee.jb (vscode-file://vscode-app/home/drdbrioso/Desktop/code-stable-x64-1705560028/VSCode-linux-x64/resources/app/out/vs/workbench/workbench.desktop.main.js:2718:17969)
2025-10-07 19:21:02.275 [error] Cannot register remote filesystem provider. Error while fetching remote environment. The VS Code Server failed to start
2025-10-07 19:21:02.275 [error] CodeExpectedError: The VS Code Server failed to start
    at ee.rb (vscode-file://vscode-app/home/drdbrioso/Desktop/code-stable-x64-1705560028/VSCode-linux-x64/resources/app/out/vs/workbench/workbench.desktop.main.js:2718:21055)
    at async ee.qb (vscode-file://vscode-app/home/drdbrioso/Desktop/code-stable-x64-1705560028/VSCode-linux-x64/resources/app/out/vs/workbench/workbench.desktop.main.js:2718:20332)
    at async ee.Ob (vscode-file://vscode-app/home/drdbrioso/Desktop/code-stable-x64-1705560028/VSCode-linux-x64/resources/app/out/vs/workbench/workbench.desktop.main.js:2719:11484)
    at async ee.jb (vscode-file://vscode-app/home/drdbrioso/Desktop/code-stable-x64-1705560028/VSCode-linux-x64/resources/app/out/vs/workbench/workbench.desktop.main.js:2718:17969)
2025-10-07 19:21:02.276 [error] CodeExpectedError: The VS Code Server failed to start
    at ee.rb (vscode-file://vscode-app/home/drdbrioso/Desktop/code-stable-x64-1705560028/VSCode-linux-x64/resources/app/out/vs/workbench/workbench.desktop.main.js:2718:21055)
    at async ee.qb (vscode-file://vscode-app/home/drdbrioso/Desktop/code-stable-x64-1705560028/VSCode-linux-x64/resources/app/out/vs/workbench/workbench.desktop.main.js:2718:20332)
    at async ee.Ob (vscode-file://vscode-app/home/drdbrioso/Desktop/code-stable-x64-1705560028/VSCode-linux-x64/resources/app/out/vs/workbench/workbench.desktop.main.js:2719:11484)
    at async ee.jb (vscode-file://vscode-app/home/drdbrioso/Desktop/code-stable-x64-1705560028/VSCode-linux-x64/resources/app/out/vs/workbench/workbench.desktop.main.js:2718:17969)
2025-10-07 19:21:02.276 [error] CodeExpectedError: The VS Code Server failed to start
    at ee.rb (vscode-file://vscode-app/home/drdbrioso/Desktop/code-stable-x64-1705560028/VSCode-linux-x64/resources/app/out/vs/workbench/workbench.desktop.main.js:2718:21055)
    at async ee.qb (vscode-file://vscode-app/home/drdbrioso/Desktop/code-stable-x64-1705560028/VSCode-linux-x64/resources/app/out/vs/workbench/workbench.desktop.main.js:2718:20332)
    at async ee.Ob (vscode-file://vscode-app/home/drdbrioso/Desktop/code-stable-x64-1705560028/VSCode-linux-x64/resources/app/out/vs/workbench/workbench.desktop.main.js:2719:11484)
    at async ee.jb (vscode-file://vscode-app/home/drdbrioso/Desktop/code-stable-x64-1705560028/VSCode-linux-x64/resources/app/out/vs/workbench/workbench.desktop.main.js:2718:17969)
2025-10-07 19:21:02.276 [error] CodeExpectedError: The VS Code Server failed to start
    at ee.rb (vscode-file://vscode-app/home/drdbrioso/Desktop/code-stable-x64-1705560028/VSCode-linux-x64/resources/app/out/vs/workbench/workbench.desktop.main.js:2718:21055)
    at async ee.qb (vscode-file://vscode-app/home/drdbrioso/Desktop/code-stable-x64-1705560028/VSCode-linux-x64/resources/app/out/vs/workbench/workbench.desktop.main.js:2718:20332)
    at async ee.Ob (vscode-file://vscode-app/home/drdbrioso/Desktop/code-stable-x64-1705560028/VSCode-linux-x64/resources/app/out/vs/workbench/workbench.desktop.main.js:2719:11484)
    at async ee.jb (vscode-file://vscode-app/home/drdbrioso/Desktop/code-stable-x64-1705560028/VSCode-linux-x64/resources/app/out/vs/workbench/workbench.desktop.main.js:2718:17969)
2025-10-07 19:21:02.276 [error] CodeExpectedError: The VS Code Server failed to start
    at ee.rb (vscode-file://vscode-app/home/drdbrioso/Desktop/code-stable-x64-1705560028/VSCode-linux-x64/resources/app/out/vs/workbench/workbench.desktop.main.js:2718:21055)
    at async ee.qb (vscode-file://vscode-app/home/drdbrioso/Desktop/code-stable-x64-1705560028/VSCode-linux-x64/resources/app/out/vs/workbench/workbench.desktop.main.js:2718:20332)
    at async ee.Ob (vscode-file://vscode-app/home/drdbrioso/Desktop/code-stable-x64-1705560028/VSCode-linux-x64/resources/app/out/vs/workbench/workbench.desktop.main.js:2719:11484)
    at async ee.jb (vscode-file://vscode-app/home/drdbrioso/Desktop/code-stable-x64-1705560028/VSCode-linux-x64/resources/app/out/vs/workbench/workbench.desktop.main.js:2718:17969)
2025-10-07 19:21:02.294 [error] The VS Code Server failed to start: CodeExpectedError: The VS Code Server failed to start
    at ee.rb (vscode-file://vscode-app/home/drdbrioso/Desktop/code-stable-x64-1705560028/VSCode-linux-x64/resources/app/out/vs/workbench/workbench.desktop.main.js:2718:21055)
    at async ee.qb (vscode-file://vscode-app/home/drdbrioso/Desktop/code-stable-x64-1705560028/VSCode-linux-x64/resources/app/out/vs/workbench/workbench.desktop.main.js:2718:20332)
    at async ee.Ob (vscode-file://vscode-app/home/drdbrioso/Desktop/code-stable-x64-1705560028/VSCode-linux-x64/resources/app/out/vs/workbench/workbench.desktop.main.js:2719:11484)
    at async ee.jb (vscode-file://vscode-app/home/drdbrioso/Desktop/code-stable-x64-1705560028/VSCode-linux-x64/resources/app/out/vs/workbench/workbench.desktop.main.js:2718:17969)
2025-10-07 19:21:02.428 [error] CodeExpectedError: The VS Code Server failed to start
    at ee.rb (vscode-file://vscode-app/home/drdbrioso/Desktop/code-stable-x64-1705560028/VSCode-linux-x64/resources/app/out/vs/workbench/workbench.desktop.main.js:2718:21055)
    at async ee.qb (vscode-file://vscode-app/home/drdbrioso/Desktop/code-stable-x64-1705560028/VSCode-linux-x64/resources/app/out/vs/workbench/workbench.desktop.main.js:2718:20332)
    at async ee.Ob (vscode-file://vscode-app/home/drdbrioso/Desktop/code-stable-x64-1705560028/VSCode-linux-x64/resources/app/out/vs/workbench/workbench.desktop.main.js:2719:11484)
    at async ee.jb (vscode-file://vscode-app/home/drdbrioso/Desktop/code-stable-x64-1705560028/VSCode-linux-x64/resources/app/out/vs/workbench/workbench.desktop.main.js:2718:17969)
2025-10-07 19:21:07.413 [warning] Via 'product.json#extensionEnabledApiProposals' extension 'ms-python.python' wants API proposal 'registerIssueDataProvider' but that proposal DOES NOT EXIST. Likely, the proposal has been finalized (check 'vscode.d.ts') or was abandoned.
2025-10-07 19:21:07.547 [info] Invoking resolveAuthority(ssh-remote)...
2025-10-07 19:21:07.548 [info] [LocalProcess0][resolveAuthority(ssh-remote,1)][0ms] obtaining proxy...
2025-10-07 19:21:07.561 [info] Started local extension host with pid 21379.
2025-10-07 19:21:07.838 [info] [LocalProcess0][resolveAuthority(ssh-remote,1)][291ms] invoking...
2025-10-07 19:21:08.839 [info] [LocalProcess0][resolveAuthority(ssh-remote,1)][1291ms] waiting...
2025-10-07 19:21:09.839 [info] [LocalProcess0][resolveAuthority(ssh-remote,1)][2291ms] waiting...
2025-10-07 19:21:10.632 [error] [/home/drdbrioso/.vscode/extensions/ms-toolsai.vscode-jupyter-cell-tags-0.1.9]: Extension is not compatible with Code 1.85.2. Extension requires: ^1.88.0.
2025-10-07 19:21:10.633 [error] [/home/drdbrioso/.vscode/extensions/ms-toolsai.vscode-jupyter-slideshow-0.1.6]: Extension is not compatible with Code 1.85.2. Extension requires: ^1.88.0.
2025-10-07 19:21:10.633 [error] [/home/drdbrioso/.vscode/extensions/ms-toolsai.jupyter-renderers-1.3.0]: Extension is not compatible with Code 1.85.2. Extension requires: ^1.95.0.
2025-10-07 19:21:10.666 [error] [/home/drdbrioso/.vscode/extensions/ms-vscode.remote-server-1.5.3]: Extension is not compatible with Code 1.85.2. Extension requires: ^1.87.0.
2025-10-07 19:21:10.666 [error] [/home/drdbrioso/.vscode/extensions/ms-vscode-remote.remote-wsl-0.104.3]: Extension is not compatible with Code 1.85.2. Extension requires: ^1.104.0.
2025-10-07 19:21:10.667 [error] [/home/drdbrioso/.vscode/extensions/ms-vscode-remote.remote-containers-0.427.0]: Extension is not compatible with Code 1.85.2. Extension requires: ^1.99.0.
2025-10-07 19:21:10.667 [error] [/home/drdbrioso/.vscode/extensions/ms-python.debugpy-2025.10.0-linux-x64]: Extension is not compatible with Code 1.85.2. Extension requires: ^1.92.0.
2025-10-07 19:21:10.667 [error] [/home/drdbrioso/.vscode/extensions/ms-vscode.remote-explorer-0.5.0]: Extension is not compatible with Code 1.85.2. Extension requires: ^1.87.0.
2025-10-07 19:21:10.709 [error] [/home/drdbrioso/.vscode/extensions/ms-python.vscode-python-envs-1.8.0-linux-x64]: Extension is not compatible with Code 1.85.2. Extension requires: ^1.104.0-20250815.
2025-10-07 19:21:10.712 [error] [/home/drdbrioso/.vscode/extensions/ms-python.python-2025.14.0-linux-x64]: Extension is not compatible with Code 1.85.2. Extension requires: ^1.95.0.
2025-10-07 19:21:10.717 [error] [/home/drdbrioso/.vscode/extensions/ms-python.vscode-pylance-2025.8.3]: Extension is not compatible with Code 1.85.2. Extension requires: ^1.101.0.
2025-10-07 19:21:10.839 [info] [LocalProcess0][resolveAuthority(ssh-remote,1)][3291ms] waiting...
2025-10-07 19:21:11.840 [info] [LocalProcess0][resolveAuthority(ssh-remote,1)][4291ms] waiting...
2025-10-07 19:21:12.839 [info] [LocalProcess0][resolveAuthority(ssh-remote,1)][5291ms] waiting...
2025-10-07 19:21:13.840 [info] [LocalProcess0][resolveAuthority(ssh-remote,1)][6291ms] waiting...
2025-10-07 19:21:14.839 [info] [LocalProcess0][resolveAuthority(ssh-remote,1)][7291ms] waiting...
2025-10-07 19:21:15.839 [info] [LocalProcess0][resolveAuthority(ssh-remote,1)][8291ms] waiting...
2025-10-07 19:21:16.839 [info] [LocalProcess0][resolveAuthority(ssh-remote,1)][9291ms] waiting...
2025-10-07 19:21:17.839 [info] [LocalProcess0][resolveAuthority(ssh-remote,1)][10291ms] waiting...
2025-10-07 19:21:18.839 [info] [LocalProcess0][resolveAuthority(ssh-remote,1)][11291ms] waiting...
2025-10-07 19:21:19.839 [info] [LocalProcess0][resolveAuthority(ssh-remote,1)][12291ms] waiting...
2025-10-07 19:21:20.839 [info] [LocalProcess0][resolveAuthority(ssh-remote,1)][13291ms] waiting...
2025-10-07 19:21:21.839 [info] [LocalProcess0][resolveAuthority(ssh-remote,1)][14291ms] waiting...
2025-10-07 19:21:22.839 [info] [LocalProcess0][resolveAuthority(ssh-remote,1)][15291ms] waiting...
2025-10-07 19:21:23.840 [info] [LocalProcess0][resolveAuthority(ssh-remote,1)][16291ms] waiting...
2025-10-07 19:21:24.840 [info] [LocalProcess0][resolveAuthority(ssh-remote,1)][17291ms] waiting...
2025-10-07 19:21:25.264 [error] [Extension Host] (node:21379) [DEP0005] DeprecationWarning: Buffer() is deprecated due to security and usability issues. Please use the Buffer.alloc(), Buffer.allocUnsafe(), or Buffer.from() methods instead.
(Use `exe --trace-deprecation ...` to show where the warning was created)
2025-10-07 19:21:25.275 [info] [LocalProcess0][resolveAuthority(ssh-remote,1)][17728ms] returned WebSocket(127.0.0.1:41889)
2025-10-07 19:21:25.275 [info] resolveAuthority(ssh-remote) returned 'WebSocket(127.0.0.1:41889)' after 17728 ms
2025-10-07 19:21:25.316 [info] Creating a socket (renderer-Management-c10f2f25-593e-4e73-b8a8-2f12c79a40db)...
2025-10-07 19:21:25.319 [info] Creating a socket (renderer-ExtensionHost-1a2de897-3b87-439e-bd30-5e0864c3a11e)...
2025-10-07 19:21:25.629 [info] Creating a socket (renderer-Management-c10f2f25-593e-4e73-b8a8-2f12c79a40db) was successful after 312 ms.
2025-10-07 19:21:26.076 [info] Creating a socket (renderer-ExtensionHost-1a2de897-3b87-439e-bd30-5e0864c3a11e) was successful after 756 ms.
2025-10-07 19:21:30.934 [info] [perf] Render performance baseline is 36ms
2025-10-07 19:22:12.644 [warning] Via 'product.json#extensionEnabledApiProposals' extension 'ms-python.python' wants API proposal 'registerIssueDataProvider' but that proposal DOES NOT EXIST. Likely, the proposal has been finalized (check 'vscode.d.ts') or was abandoned.
2025-10-07 19:22:12.830 [info] Started local extension host with pid 21489.
2025-10-07 19:22:13.036 [info] Invoking resolveAuthority(ssh-remote)...
2025-10-07 19:22:13.036 [info] [LocalProcess0][resolveAuthority(ssh-remote,1)][0ms] obtaining proxy...
2025-10-07 19:22:13.037 [info] [LocalProcess0][resolveAuthority(ssh-remote,1)][0ms] invoking...
2025-10-07 19:22:14.038 [info] [LocalProcess0][resolveAuthority(ssh-remote,1)][1001ms] waiting...
2025-10-07 19:22:15.039 [info] [LocalProcess0][resolveAuthority(ssh-remote,1)][2001ms] waiting...
2025-10-07 19:22:15.894 [error] [/home/drdbrioso/.vscode/extensions/ms-toolsai.vscode-jupyter-cell-tags-0.1.9]: Extension is not compatible with Code 1.85.2. Extension requires: ^1.88.0.
2025-10-07 19:22:15.894 [error] [/home/drdbrioso/.vscode/extensions/ms-toolsai.vscode-jupyter-slideshow-0.1.6]: Extension is not compatible with Code 1.85.2. Extension requires: ^1.88.0.
2025-10-07 19:22:15.895 [error] [/home/drdbrioso/.vscode/extensions/ms-toolsai.jupyter-renderers-1.3.0]: Extension is not compatible with Code 1.85.2. Extension requires: ^1.95.0.
2025-10-07 19:22:15.945 [error] [/home/drdbrioso/.vscode/extensions/ms-vscode.remote-explorer-0.5.0]: Extension is not compatible with Code 1.85.2. Extension requires: ^1.87.0.
2025-10-07 19:22:15.945 [error] [/home/drdbrioso/.vscode/extensions/ms-vscode.remote-server-1.5.3]: Extension is not compatible with Code 1.85.2. Extension requires: ^1.87.0.
2025-10-07 19:22:15.945 [error] [/home/drdbrioso/.vscode/extensions/ms-vscode-remote.remote-wsl-0.104.3]: Extension is not compatible with Code 1.85.2. Extension requires: ^1.104.0.
2025-10-07 19:22:15.945 [error] [/home/drdbrioso/.vscode/extensions/ms-vscode-remote.remote-containers-0.427.0]: Extension is not compatible with Code 1.85.2. Extension requires: ^1.99.0.
2025-10-07 19:22:15.946 [error] [/home/drdbrioso/.vscode/extensions/ms-python.vscode-python-envs-1.8.0-linux-x64]: Extension is not compatible with Code 1.85.2. Extension requires: ^1.104.0-20250815.
2025-10-07 19:22:15.946 [error] [/home/drdbrioso/.vscode/extensions/ms-python.debugpy-2025.10.0-linux-x64]: Extension is not compatible with Code 1.85.2. Extension requires: ^1.92.0.
2025-10-07 19:22:15.948 [error] [/home/drdbrioso/.vscode/extensions/ms-python.python-2025.14.0-linux-x64]: Extension is not compatible with Code 1.85.2. Extension requires: ^1.95.0.
2025-10-07 19:22:15.950 [error] [/home/drdbrioso/.vscode/extensions/ms-python.vscode-pylance-2025.8.3]: Extension is not compatible with Code 1.85.2. Extension requires: ^1.101.0.
2025-10-07 19:22:16.037 [info] [LocalProcess0][resolveAuthority(ssh-remote,1)][3001ms] waiting...
2025-10-07 19:22:17.038 [info] [LocalProcess0][resolveAuthority(ssh-remote,1)][4001ms] waiting...
2025-10-07 19:22:18.037 [info] [LocalProcess0][resolveAuthority(ssh-remote,1)][5000ms] waiting...
2025-10-07 19:22:19.038 [info] [LocalProcess0][resolveAuthority(ssh-remote,1)][6001ms] waiting...
2025-10-07 19:22:20.038 [info] [LocalProcess0][resolveAuthority(ssh-remote,1)][7001ms] waiting...
2025-10-07 19:22:21.037 [info] [LocalProcess0][resolveAuthority(ssh-remote,1)][8000ms] waiting...
2025-10-07 19:22:22.038 [info] [LocalProcess0][resolveAuthority(ssh-remote,1)][9000ms] waiting...
2025-10-07 19:22:23.038 [info] [LocalProcess0][resolveAuthority(ssh-remote,1)][10001ms] waiting...
2025-10-07 19:22:23.579 [error] [Extension Host] (node:21489) [DEP0005] DeprecationWarning: Buffer() is deprecated due to security and usability issues. Please use the Buffer.alloc(), Buffer.allocUnsafe(), or Buffer.from() methods instead.
(Use `exe --trace-deprecation ...` to show where the warning was created)
2025-10-07 19:22:23.593 [info] [LocalProcess0][resolveAuthority(ssh-remote,1)][10556ms] returned WebSocket(127.0.0.1:34217)
2025-10-07 19:22:23.593 [info] resolveAuthority(ssh-remote) returned 'WebSocket(127.0.0.1:34217)' after 10556 ms
2025-10-07 19:22:23.593 [info] Creating a socket (renderer-Management-58ebc0cb-33b4-4b29-9012-9d910ab8aad4)...
2025-10-07 19:22:23.594 [info] Creating a socket (renderer-ExtensionHost-8816c7eb-5b60-4579-8cc9-430fa02f0134)...
2025-10-07 19:22:24.182 [info] Creating a socket (renderer-Management-58ebc0cb-33b4-4b29-9012-9d910ab8aad4) was successful after 589 ms.
2025-10-07 19:22:24.781 [info] Creating a socket (renderer-ExtensionHost-8816c7eb-5b60-4579-8cc9-430fa02f0134) was successful after 1187 ms.
2025-10-07 19:22:27.230 [info] [perf] Render performance baseline is 39ms
2025-10-07 19:22:29.280 [error] command 'remote-internal.setActiveFolders' not found: Error: command 'remote-internal.setActiveFolders' not found
    at k.n (vscode-file://vscode-app/home/drdbrioso/Desktop/code-stable-x64-1705560028/VSCode-linux-x64/resources/app/out/vs/workbench/workbench.desktop.main.js:1538:12339)
    at k.executeCommand (vscode-file://vscode-app/home/drdbrioso/Desktop/code-stable-x64-1705560028/VSCode-linux-x64/resources/app/out/vs/workbench/workbench.desktop.main.js:1538:12268)
2025-10-07 19:22:35.681 [info] Extension host (Remote) is unresponsive.
2025-10-07 19:22:39.917 [info] Extension host (Remote) is responsive.
2025-10-07 20:07:47.945 [info] [remote-connection][Management   ][58ebc…][reconnect] received socket timeout event (unacknowledgedMsgCount: 1, timeSinceOldestUnacknowledgedMsg: 20000, timeSinceLastReceivedSomeData: 133424).
2025-10-07 20:07:47.946 [info] [remote-connection][Management   ][58ebc…][reconnect] starting reconnecting loop. You can get more information with the trace log level.
2025-10-07 20:07:47.947 [info] [remote-connection][Management   ][58ebc…][reconnect] resolving connection...
2025-10-07 20:07:47.947 [info] Invoking resolveAuthority(ssh-remote)...
2025-10-07 20:07:47.947 [info] [LocalProcess0][resolveAuthority(ssh-remote,2)][0ms] obtaining proxy...
2025-10-07 20:07:47.947 [info] [LocalProcess0][resolveAuthority(ssh-remote,2)][0ms] invoking...
2025-10-07 20:07:48.947 [info] [LocalProcess0][resolveAuthority(ssh-remote,2)][1000ms] waiting...
2025-10-07 20:07:49.947 [info] [LocalProcess0][resolveAuthority(ssh-remote,2)][2000ms] waiting...
2025-10-07 20:07:50.948 [info] [LocalProcess0][resolveAuthority(ssh-remote,2)][3001ms] waiting...
2025-10-07 20:07:51.005 [info] Extension host (Remote) is unresponsive.
2025-10-07 20:07:51.947 [info] [LocalProcess0][resolveAuthority(ssh-remote,2)][4000ms] waiting...
2025-10-07 20:07:52.245 [info] [remote-connection][ExtensionHost][8816c…][reconnect] received socket close event (wasClean: false, code: 1006, reason: ).
2025-10-07 20:07:52.246 [error] {"isTrusted":true}
2025-10-07 20:07:52.247 [info] [remote-connection][ExtensionHost][8816c…][reconnect] starting reconnecting loop. You can get more information with the trace log level.
2025-10-07 20:07:52.247 [info] [remote-connection][ExtensionHost][8816c…][reconnect] resolving connection...
2025-10-07 20:07:52.247 [info] [remote-connection][Management   ][58ebc…][reconnect] received socket close event (wasClean: false, code: 1006, reason: ).
2025-10-07 20:07:52.248 [error] {"isTrusted":true}
2025-10-07 20:07:52.947 [info] [LocalProcess0][resolveAuthority(ssh-remote,2)][5000ms] waiting...
2025-10-07 20:07:53.947 [info] [LocalProcess0][resolveAuthority(ssh-remote,2)][6000ms] waiting...
2025-10-07 20:07:54.948 [info] [LocalProcess0][resolveAuthority(ssh-remote,2)][7000ms] waiting...
2025-10-07 20:07:55.947 [info] [LocalProcess0][resolveAuthority(ssh-remote,2)][8000ms] waiting...
2025-10-07 20:07:56.947 [info] [LocalProcess0][resolveAuthority(ssh-remote,2)][9000ms] waiting...
2025-10-07 20:07:57.947 [info] [LocalProcess0][resolveAuthority(ssh-remote,2)][10000ms] waiting...
2025-10-07 20:07:58.948 [info] [LocalProcess0][resolveAuthority(ssh-remote,2)][11000ms] waiting...
2025-10-07 20:07:59.947 [info] [LocalProcess0][resolveAuthority(ssh-remote,2)][12000ms] waiting...
2025-10-07 20:08:00.947 [info] [LocalProcess0][resolveAuthority(ssh-remote,2)][13000ms] waiting...
2025-10-07 20:08:01.947 [info] [LocalProcess0][resolveAuthority(ssh-remote,2)][14000ms] waiting...
2025-10-07 20:08:02.948 [info] [LocalProcess0][resolveAuthority(ssh-remote,2)][15000ms] waiting...
2025-10-07 20:08:03.215 [error] [LocalProcess0][resolveAuthority(ssh-remote,2)][15269ms] returned an error {"code":"TemporarilyNotAvailable","message":"The connection timed out"}
2025-10-07 20:08:03.215 [error] resolveAuthority(ssh-remote) returned an error after 15269 ms The connection timed out
2025-10-07 20:08:03.215 [info] [remote-connection][Management   ][58ebc…][reconnect] A temporarily not available error occurred while trying to reconnect, will try again...
2025-10-07 20:08:03.216 [info] [remote-connection][Management   ][58ebc…][reconnect] waiting for 5 seconds before reconnecting...
2025-10-07 20:08:03.216 [info] [remote-connection][ExtensionHost][8816c…][reconnect] A temporarily not available error occurred while trying to reconnect, will try again...
2025-10-07 20:08:03.216 [info] [remote-connection][ExtensionHost][8816c…][reconnect] waiting for 5 seconds before reconnecting...
2025-10-07 20:08:08.005 [info] [remote-connection][ExtensionHost][8816c…][reconnect] received socket timeout event (unacknowledgedMsgCount: 19, timeSinceOldestUnacknowledgedMsg: 20001, timeSinceLastReceivedSomeData: 150662).
2025-10-07 20:08:08.216 [info] [remote-connection][Management   ][58ebc…][reconnect] resolving connection...
2025-10-07 20:08:08.217 [info] Invoking resolveAuthority(ssh-remote)...
2025-10-07 20:08:08.217 [info] [LocalProcess0][resolveAuthority(ssh-remote,3)][0ms] obtaining proxy...
2025-10-07 20:08:08.223 [info] [LocalProcess0][resolveAuthority(ssh-remote,3)][7ms] invoking...
2025-10-07 20:08:08.239 [info] [remote-connection][ExtensionHost][8816c…][reconnect] resolving connection...
2025-10-07 20:08:09.224 [info] [LocalProcess0][resolveAuthority(ssh-remote,3)][1007ms] waiting...
2025-10-07 20:08:10.225 [info] [LocalProcess0][resolveAuthority(ssh-remote,3)][2007ms] waiting...
2025-10-07 20:08:11.224 [info] [LocalProcess0][resolveAuthority(ssh-remote,3)][3007ms] waiting...
2025-10-07 20:08:12.224 [info] [LocalProcess0][resolveAuthority(ssh-remote,3)][4007ms] waiting...
2025-10-07 20:08:13.225 [info] [LocalProcess0][resolveAuthority(ssh-remote,3)][5007ms] waiting...
2025-10-07 20:08:14.225 [info] [LocalProcess0][resolveAuthority(ssh-remote,3)][6007ms] waiting...
2025-10-07 20:08:15.225 [info] [LocalProcess0][resolveAuthority(ssh-remote,3)][7007ms] waiting...
2025-10-07 20:08:16.224 [info] [LocalProcess0][resolveAuthority(ssh-remote,3)][8007ms] waiting...
2025-10-07 20:08:17.224 [info] [LocalProcess0][resolveAuthority(ssh-remote,3)][9007ms] waiting...
2025-10-07 20:08:18.225 [info] [LocalProcess0][resolveAuthority(ssh-remote,3)][10007ms] waiting...
2025-10-07 20:08:19.224 [info] [LocalProcess0][resolveAuthority(ssh-remote,3)][11007ms] waiting...
2025-10-07 20:08:20.224 [info] [LocalProcess0][resolveAuthority(ssh-remote,3)][12007ms] waiting...
2025-10-07 20:08:21.225 [info] [LocalProcess0][resolveAuthority(ssh-remote,3)][13007ms] waiting...
2025-10-07 20:08:22.225 [info] [LocalProcess0][resolveAuthority(ssh-remote,3)][14007ms] waiting...
2025-10-07 20:08:23.224 [info] [LocalProcess0][resolveAuthority(ssh-remote,3)][15007ms] waiting...
2025-10-07 20:08:23.459 [error] [LocalProcess0][resolveAuthority(ssh-remote,3)][15242ms] returned an error {"code":"TemporarilyNotAvailable","message":"The connection timed out"}
2025-10-07 20:08:23.460 [error] resolveAuthority(ssh-remote) returned an error after 15242 ms The connection timed out
2025-10-07 20:08:23.460 [info] [remote-connection][Management   ][58ebc…][reconnect] A temporarily not available error occurred while trying to reconnect, will try again...
2025-10-07 20:08:23.461 [info] [remote-connection][Management   ][58ebc…][reconnect] waiting for 5 seconds before reconnecting...
2025-10-07 20:08:23.461 [info] [remote-connection][ExtensionHost][8816c…][reconnect] A temporarily not available error occurred while trying to reconnect, will try again...
2025-10-07 20:08:23.462 [info] [remote-connection][ExtensionHost][8816c…][reconnect] waiting for 5 seconds before reconnecting...
2025-10-07 20:08:28.006 [info] [remote-connection][ExtensionHost][8816c…][reconnect] received socket timeout event (unacknowledgedMsgCount: 33, timeSinceOldestUnacknowledgedMsg: 40002, timeSinceLastReceivedSomeData: 170663).
2025-10-07 20:08:28.461 [info] [remote-connection][Management   ][58ebc…][reconnect] resolving connection...
2025-10-07 20:08:28.462 [info] Invoking resolveAuthority(ssh-remote)...
2025-10-07 20:08:28.464 [info] [LocalProcess0][resolveAuthority(ssh-remote,4)][0ms] obtaining proxy...
2025-10-07 20:08:28.475 [info] [LocalProcess0][resolveAuthority(ssh-remote,4)][13ms] invoking...
2025-10-07 20:08:28.492 [info] [remote-connection][ExtensionHost][8816c…][reconnect] resolving connection...
2025-10-07 20:08:29.476 [info] [LocalProcess0][resolveAuthority(ssh-remote,4)][1014ms] waiting...
2025-10-07 20:08:30.476 [info] [LocalProcess0][resolveAuthority(ssh-remote,4)][2014ms] waiting...
2025-10-07 20:08:31.476 [info] [LocalProcess0][resolveAuthority(ssh-remote,4)][3014ms] waiting...
2025-10-07 20:08:32.476 [info] [LocalProcess0][resolveAuthority(ssh-remote,4)][4014ms] waiting...
2025-10-07 20:08:33.476 [info] [LocalProcess0][resolveAuthority(ssh-remote,4)][5014ms] waiting...
2025-10-07 20:08:34.476 [info] [LocalProcess0][resolveAuthority(ssh-remote,4)][6014ms] waiting...
2025-10-07 20:08:35.476 [info] [LocalProcess0][resolveAuthority(ssh-remote,4)][7014ms] waiting...
2025-10-07 20:08:36.478 [info] [LocalProcess0][resolveAuthority(ssh-remote,4)][8014ms] waiting...
2025-10-07 20:08:37.476 [info] [LocalProcess0][resolveAuthority(ssh-remote,4)][9014ms] waiting...
2025-10-07 20:08:38.476 [info] [LocalProcess0][resolveAuthority(ssh-remote,4)][10014ms] waiting...
2025-10-07 20:08:39.476 [info] [LocalProcess0][resolveAuthority(ssh-remote,4)][11014ms] waiting...
2025-10-07 20:08:40.476 [info] [LocalProcess0][resolveAuthority(ssh-remote,4)][12014ms] waiting...
2025-10-07 20:08:41.476 [info] [LocalProcess0][resolveAuthority(ssh-remote,4)][13014ms] waiting...
2025-10-07 20:08:42.477 [info] [LocalProcess0][resolveAuthority(ssh-remote,4)][14014ms] waiting...
2025-10-07 20:08:43.476 [info] [LocalProcess0][resolveAuthority(ssh-remote,4)][15014ms] waiting...
2025-10-07 20:08:43.746 [error] [LocalProcess0][resolveAuthority(ssh-remote,4)][15284ms] returned an error {"code":"TemporarilyNotAvailable","message":"The connection timed out"}
2025-10-07 20:08:43.746 [error] resolveAuthority(ssh-remote) returned an error after 15285 ms The connection timed out
2025-10-07 20:08:43.747 [info] [remote-connection][Management   ][58ebc…][reconnect] A temporarily not available error occurred while trying to reconnect, will try again...
2025-10-07 20:08:43.747 [info] [remote-connection][Management   ][58ebc…][reconnect] waiting for 10 seconds before reconnecting...
2025-10-07 20:08:43.748 [info] [remote-connection][ExtensionHost][8816c…][reconnect] A temporarily not available error occurred while trying to reconnect, will try again...
2025-10-07 20:08:43.748 [info] [remote-connection][ExtensionHost][8816c…][reconnect] waiting for 10 seconds before reconnecting...
2025-10-07 20:08:48.008 [info] [remote-connection][ExtensionHost][8816c…][reconnect] received socket timeout event (unacknowledgedMsgCount: 47, timeSinceOldestUnacknowledgedMsg: 60002, timeSinceLastReceivedSomeData: 190663).
2025-10-07 20:08:53.748 [info] [remote-connection][Management   ][58ebc…][reconnect] resolving connection...
2025-10-07 20:08:53.780 [info] Invoking resolveAuthority(ssh-remote)...
2025-10-07 20:08:53.780 [info] [LocalProcess0][resolveAuthority(ssh-remote,5)][0ms] obtaining proxy...
2025-10-07 20:08:53.783 [info] [LocalProcess0][resolveAuthority(ssh-remote,5)][2ms] invoking...
2025-10-07 20:08:53.787 [info] [remote-connection][ExtensionHost][8816c…][reconnect] resolving connection...
2025-10-07 20:08:54.787 [info] [LocalProcess0][resolveAuthority(ssh-remote,5)][1006ms] waiting...
2025-10-07 20:08:55.784 [info] [LocalProcess0][resolveAuthority(ssh-remote,5)][2003ms] waiting...
2025-10-07 20:08:56.784 [info] [LocalProcess0][resolveAuthority(ssh-remote,5)][3003ms] waiting...
2025-10-07 20:08:57.784 [info] [LocalProcess0][resolveAuthority(ssh-remote,5)][4003ms] waiting...
2025-10-07 20:08:58.784 [info] [LocalProcess0][resolveAuthority(ssh-remote,5)][5003ms] waiting...
2025-10-07 20:08:59.787 [info] [LocalProcess0][resolveAuthority(ssh-remote,5)][6006ms] waiting...
2025-10-07 20:09:00.784 [info] [LocalProcess0][resolveAuthority(ssh-remote,5)][7003ms] waiting...
2025-10-07 20:09:01.784 [info] [LocalProcess0][resolveAuthority(ssh-remote,5)][8003ms] waiting...
2025-10-07 20:09:02.784 [info] [LocalProcess0][resolveAuthority(ssh-remote,5)][9003ms] waiting...
2025-10-07 20:09:03.784 [info] [LocalProcess0][resolveAuthority(ssh-remote,5)][10003ms] waiting...
2025-10-07 20:09:04.787 [info] [LocalProcess0][resolveAuthority(ssh-remote,5)][11006ms] waiting...
2025-10-07 20:09:05.784 [info] [LocalProcess0][resolveAuthority(ssh-remote,5)][12003ms] waiting...
2025-10-07 20:09:06.784 [info] [LocalProcess0][resolveAuthority(ssh-remote,5)][13003ms] waiting...
2025-10-07 20:09:07.784 [info] [LocalProcess0][resolveAuthority(ssh-remote,5)][14003ms] waiting...
2025-10-07 20:09:08.007 [info] [remote-connection][ExtensionHost][8816c…][reconnect] received socket timeout event (unacknowledgedMsgCount: 60, timeSinceOldestUnacknowledgedMsg: 80002, timeSinceLastReceivedSomeData: 210663).
2025-10-07 20:09:08.784 [info] [LocalProcess0][resolveAuthority(ssh-remote,5)][15003ms] waiting...
2025-10-07 20:09:09.024 [error] [LocalProcess0][resolveAuthority(ssh-remote,5)][15243ms] returned an error {"code":"TemporarilyNotAvailable","message":"The connection timed out"}
2025-10-07 20:09:09.024 [error] resolveAuthority(ssh-remote) returned an error after 15245 ms The connection timed out
2025-10-07 20:09:09.025 [info] [remote-connection][Management   ][58ebc…][reconnect] A temporarily not available error occurred while trying to reconnect, will try again...
2025-10-07 20:09:09.025 [info] [remote-connection][Management   ][58ebc…][reconnect] waiting for 10 seconds before reconnecting...
2025-10-07 20:09:09.025 [info] [remote-connection][ExtensionHost][8816c…][reconnect] A temporarily not available error occurred while trying to reconnect, will try again...
2025-10-07 20:09:09.025 [info] [remote-connection][ExtensionHost][8816c…][reconnect] waiting for 10 seconds before reconnecting...
2025-10-07 20:09:19.027 [info] [remote-connection][Management   ][58ebc…][reconnect] resolving connection...
2025-10-07 20:09:19.066 [info] Invoking resolveAuthority(ssh-remote)...
2025-10-07 20:09:19.067 [info] [LocalProcess0][resolveAuthority(ssh-remote,6)][0ms] obtaining proxy...
2025-10-07 20:09:19.069 [info] [LocalProcess0][resolveAuthority(ssh-remote,6)][3ms] invoking...
2025-10-07 20:09:19.072 [info] [remote-connection][ExtensionHost][8816c…][reconnect] resolving connection...
2025-10-07 20:09:20.070 [info] [LocalProcess0][resolveAuthority(ssh-remote,6)][1003ms] waiting...
2025-10-07 20:09:21.070 [info] [LocalProcess0][resolveAuthority(ssh-remote,6)][2003ms] waiting...
2025-10-07 20:09:22.070 [info] [LocalProcess0][resolveAuthority(ssh-remote,6)][3003ms] waiting...
2025-10-07 20:09:23.070 [info] [LocalProcess0][resolveAuthority(ssh-remote,6)][4003ms] waiting...
2025-10-07 20:09:24.070 [info] [LocalProcess0][resolveAuthority(ssh-remote,6)][5003ms] waiting...
2025-10-07 20:09:25.069 [info] [LocalProcess0][resolveAuthority(ssh-remote,6)][6003ms] waiting...
2025-10-07 20:09:26.069 [info] [LocalProcess0][resolveAuthority(ssh-remote,6)][7003ms] waiting...
2025-10-07 20:09:27.070 [info] [LocalProcess0][resolveAuthority(ssh-remote,6)][8003ms] waiting...
2025-10-07 20:09:28.007 [info] [remote-connection][ExtensionHost][8816c…][reconnect] received socket timeout event (unacknowledgedMsgCount: 78, timeSinceOldestUnacknowledgedMsg: 100002, timeSinceLastReceivedSomeData: 230663).
2025-10-07 20:09:28.070 [info] [LocalProcess0][resolveAuthority(ssh-remote,6)][9003ms] waiting...
2025-10-07 20:09:29.070 [info] [LocalProcess0][resolveAuthority(ssh-remote,6)][10003ms] waiting...
2025-10-07 20:09:30.070 [info] [LocalProcess0][resolveAuthority(ssh-remote,6)][11003ms] waiting...
2025-10-07 20:09:31.070 [info] [LocalProcess0][resolveAuthority(ssh-remote,6)][12003ms] waiting...
2025-10-07 20:09:32.070 [info] [LocalProcess0][resolveAuthority(ssh-remote,6)][13003ms] waiting...
2025-10-07 20:09:33.070 [info] [LocalProcess0][resolveAuthority(ssh-remote,6)][14003ms] waiting...
2025-10-07 20:09:34.071 [info] [LocalProcess0][resolveAuthority(ssh-remote,6)][15003ms] waiting...
2025-10-07 20:09:34.278 [error] [LocalProcess0][resolveAuthority(ssh-remote,6)][15211ms] returned an error {"code":"TemporarilyNotAvailable","message":"The connection timed out"}
2025-10-07 20:09:34.279 [error] resolveAuthority(ssh-remote) returned an error after 15212 ms The connection timed out
2025-10-07 20:09:34.280 [info] [remote-connection][Management   ][58ebc…][reconnect] A temporarily not available error occurred while trying to reconnect, will try again...
2025-10-07 20:09:34.280 [info] [remote-connection][Management   ][58ebc…][reconnect] waiting for 10 seconds before reconnecting...
2025-10-07 20:09:34.281 [info] [remote-connection][ExtensionHost][8816c…][reconnect] A temporarily not available error occurred while trying to reconnect, will try again...
2025-10-07 20:09:34.281 [info] [remote-connection][ExtensionHost][8816c…][reconnect] waiting for 10 seconds before reconnecting...
2025-10-07 20:09:44.280 [info] [remote-connection][Management   ][58ebc…][reconnect] resolving connection...
2025-10-07 20:09:44.305 [info] Invoking resolveAuthority(ssh-remote)...
2025-10-07 20:09:44.305 [info] [LocalProcess0][resolveAuthority(ssh-remote,7)][0ms] obtaining proxy...
2025-10-07 20:09:44.307 [info] [LocalProcess0][resolveAuthority(ssh-remote,7)][3ms] invoking...
2025-10-07 20:09:44.318 [info] [remote-connection][ExtensionHost][8816c…][reconnect] resolving connection...
2025-10-07 20:09:45.309 [info] [LocalProcess0][resolveAuthority(ssh-remote,7)][1003ms] waiting...
2025-10-07 20:09:46.308 [info] [LocalProcess0][resolveAuthority(ssh-remote,7)][2003ms] waiting...
2025-10-07 20:09:47.308 [info] [LocalProcess0][resolveAuthority(ssh-remote,7)][3003ms] waiting...
2025-10-07 20:09:48.006 [info] [remote-connection][ExtensionHost][8816c…][reconnect] received socket timeout event (unacknowledgedMsgCount: 92, timeSinceOldestUnacknowledgedMsg: 120002, timeSinceLastReceivedSomeData: 250663).
2025-10-07 20:09:48.308 [info] [LocalProcess0][resolveAuthority(ssh-remote,7)][4003ms] waiting...
2025-10-07 20:09:49.308 [info] [LocalProcess0][resolveAuthority(ssh-remote,7)][5003ms] waiting...
2025-10-07 20:09:50.308 [info] [LocalProcess0][resolveAuthority(ssh-remote,7)][6003ms] waiting...
2025-10-07 20:09:51.309 [info] [LocalProcess0][resolveAuthority(ssh-remote,7)][7003ms] waiting...
2025-10-07 20:09:52.308 [info] [LocalProcess0][resolveAuthority(ssh-remote,7)][8003ms] waiting...
2025-10-07 20:09:53.308 [info] [LocalProcess0][resolveAuthority(ssh-remote,7)][9003ms] waiting...
2025-10-07 20:09:54.308 [info] [LocalProcess0][resolveAuthority(ssh-remote,7)][10003ms] waiting...
2025-10-07 20:09:55.308 [info] [LocalProcess0][resolveAuthority(ssh-remote,7)][11003ms] waiting...
2025-10-07 20:09:56.309 [info] [LocalProcess0][resolveAuthority(ssh-remote,7)][12003ms] waiting...
2025-10-07 20:09:57.309 [info] [LocalProcess0][resolveAuthority(ssh-remote,7)][13003ms] waiting...
2025-10-07 20:09:58.308 [info] [LocalProcess0][resolveAuthority(ssh-remote,7)][14003ms] waiting...
2025-10-07 20:09:59.309 [info] [LocalProcess0][resolveAuthority(ssh-remote,7)][15003ms] waiting...
2025-10-07 20:09:59.526 [error] [LocalProcess0][resolveAuthority(ssh-remote,7)][15222ms] returned an error {"code":"TemporarilyNotAvailable","message":"The connection timed out"}
2025-10-07 20:09:59.527 [error] resolveAuthority(ssh-remote) returned an error after 15222 ms The connection timed out
2025-10-07 20:09:59.527 [info] [remote-connection][Management   ][58ebc…][reconnect] A temporarily not available error occurred while trying to reconnect, will try again...
2025-10-07 20:09:59.527 [info] [remote-connection][Management   ][58ebc…][reconnect] waiting for 10 seconds before reconnecting...
2025-10-07 20:09:59.528 [info] [remote-connection][ExtensionHost][8816c…][reconnect] A temporarily not available error occurred while trying to reconnect, will try again...
2025-10-07 20:09:59.528 [info] [remote-connection][ExtensionHost][8816c…][reconnect] waiting for 10 seconds before reconnecting...
2025-10-07 20:10:08.006 [info] [remote-connection][ExtensionHost][8816c…][reconnect] received socket timeout event (unacknowledgedMsgCount: 99, timeSinceOldestUnacknowledgedMsg: 140003, timeSinceLastReceivedSomeData: 270664).
2025-10-07 20:10:09.529 [info] [remote-connection][Management   ][58ebc…][reconnect] resolving connection...
2025-10-07 20:10:09.529 [info] Invoking resolveAuthority(ssh-remote)...
2025-10-07 20:10:09.530 [info] [LocalProcess0][resolveAuthority(ssh-remote,8)][0ms] obtaining proxy...
2025-10-07 20:10:09.536 [info] [LocalProcess0][resolveAuthority(ssh-remote,8)][8ms] invoking...
2025-10-07 20:10:09.549 [info] [remote-connection][ExtensionHost][8816c…][reconnect] resolving connection...
2025-10-07 20:10:10.538 [info] [LocalProcess0][resolveAuthority(ssh-remote,8)][1008ms] waiting...
2025-10-07 20:10:11.537 [info] [LocalProcess0][resolveAuthority(ssh-remote,8)][2008ms] waiting...
2025-10-07 20:10:12.538 [info] [LocalProcess0][resolveAuthority(ssh-remote,8)][3008ms] waiting...
2025-10-07 20:10:13.536 [info] [LocalProcess0][resolveAuthority(ssh-remote,8)][4008ms] waiting...
2025-10-07 20:10:14.537 [info] [LocalProcess0][resolveAuthority(ssh-remote,8)][5008ms] waiting...
2025-10-07 20:10:15.537 [info] [LocalProcess0][resolveAuthority(ssh-remote,8)][6008ms] waiting...
2025-10-07 20:10:16.538 [info] [LocalProcess0][resolveAuthority(ssh-remote,8)][7008ms] waiting...
2025-10-07 20:10:17.537 [info] [LocalProcess0][resolveAuthority(ssh-remote,8)][8008ms] waiting...
2025-10-07 20:10:18.537 [info] [LocalProcess0][resolveAuthority(ssh-remote,8)][9008ms] waiting...
2025-10-07 20:10:19.537 [info] [LocalProcess0][resolveAuthority(ssh-remote,8)][10008ms] waiting...
2025-10-07 20:10:20.537 [info] [LocalProcess0][resolveAuthority(ssh-remote,8)][11008ms] waiting...
2025-10-07 20:10:21.537 [info] [LocalProcess0][resolveAuthority(ssh-remote,8)][12008ms] waiting...
2025-10-07 20:10:22.537 [info] [LocalProcess0][resolveAuthority(ssh-remote,8)][13008ms] waiting...
2025-10-07 20:10:23.538 [info] [LocalProcess0][resolveAuthority(ssh-remote,8)][14008ms] waiting...
2025-10-07 20:10:24.537 [info] [LocalProcess0][resolveAuthority(ssh-remote,8)][15009ms] waiting...
2025-10-07 20:10:24.751 [error] [LocalProcess0][resolveAuthority(ssh-remote,8)][15222ms] returned an error {"code":"TemporarilyNotAvailable","message":"The connection timed out"}
2025-10-07 20:10:24.751 [error] resolveAuthority(ssh-remote) returned an error after 15222 ms The connection timed out
2025-10-07 20:10:24.752 [info] [remote-connection][Management   ][58ebc…][reconnect] A temporarily not available error occurred while trying to reconnect, will try again...
2025-10-07 20:10:24.752 [info] [remote-connection][Management   ][58ebc…][reconnect] waiting for 10 seconds before reconnecting...
2025-10-07 20:10:24.753 [info] [remote-connection][ExtensionHost][8816c…][reconnect] A temporarily not available error occurred while trying to reconnect, will try again...
2025-10-07 20:10:24.753 [info] [remote-connection][ExtensionHost][8816c…][reconnect] waiting for 10 seconds before reconnecting...
2025-10-07 20:10:28.008 [info] [remote-connection][ExtensionHost][8816c…][reconnect] received socket timeout event (unacknowledgedMsgCount: 115, timeSinceOldestUnacknowledgedMsg: 160004, timeSinceLastReceivedSomeData: 290665).
2025-10-07 20:10:34.753 [info] [remote-connection][Management   ][58ebc…][reconnect] resolving connection...
2025-10-07 20:10:34.794 [info] Invoking resolveAuthority(ssh-remote)...
2025-10-07 20:10:34.795 [info] [LocalProcess0][resolveAuthority(ssh-remote,9)][0ms] obtaining proxy...
2025-10-07 20:10:34.797 [info] [LocalProcess0][resolveAuthority(ssh-remote,9)][2ms] invoking...
2025-10-07 20:10:34.797 [info] [remote-connection][ExtensionHost][8816c…][reconnect] resolving connection...
2025-10-07 20:10:35.798 [info] [LocalProcess0][resolveAuthority(ssh-remote,9)][1003ms] waiting...
2025-10-07 20:10:36.798 [info] [LocalProcess0][resolveAuthority(ssh-remote,9)][2003ms] waiting...
2025-10-07 20:10:37.798 [info] [LocalProcess0][resolveAuthority(ssh-remote,9)][3003ms] waiting...
2025-10-07 20:10:38.798 [info] [LocalProcess0][resolveAuthority(ssh-remote,9)][4003ms] waiting...
2025-10-07 20:10:39.798 [info] [LocalProcess0][resolveAuthority(ssh-remote,9)][5003ms] waiting...
2025-10-07 20:10:40.798 [info] [LocalProcess0][resolveAuthority(ssh-remote,9)][6003ms] waiting...
2025-10-07 20:10:41.798 [info] [LocalProcess0][resolveAuthority(ssh-remote,9)][7003ms] waiting...
2025-10-07 20:10:42.798 [info] [LocalProcess0][resolveAuthority(ssh-remote,9)][8003ms] waiting...
2025-10-07 20:10:43.799 [info] [LocalProcess0][resolveAuthority(ssh-remote,9)][9003ms] waiting...
2025-10-07 20:10:44.798 [info] [LocalProcess0][resolveAuthority(ssh-remote,9)][10003ms] waiting...
2025-10-07 20:10:45.798 [info] [LocalProcess0][resolveAuthority(ssh-remote,9)][11003ms] waiting...
2025-10-07 20:10:46.798 [info] [LocalProcess0][resolveAuthority(ssh-remote,9)][12003ms] waiting...
2025-10-07 20:10:47.798 [info] [LocalProcess0][resolveAuthority(ssh-remote,9)][13003ms] waiting...
2025-10-07 20:10:48.009 [info] [remote-connection][ExtensionHost][8816c…][reconnect] received socket timeout event (unacknowledgedMsgCount: 124, timeSinceOldestUnacknowledgedMsg: 180004, timeSinceLastReceivedSomeData: 310665).
2025-10-07 20:10:48.798 [info] [LocalProcess0][resolveAuthority(ssh-remote,9)][14003ms] waiting...
2025-10-07 20:10:49.798 [info] [LocalProcess0][resolveAuthority(ssh-remote,9)][15003ms] waiting...
2025-10-07 20:10:50.569 [error] [LocalProcess0][resolveAuthority(ssh-remote,9)][15774ms] returned an error {"code":"TemporarilyNotAvailable","message":"The connection timed out"}
2025-10-07 20:10:50.569 [error] resolveAuthority(ssh-remote) returned an error after 15774 ms The connection timed out
2025-10-07 20:10:50.570 [info] [remote-connection][Management   ][58ebc…][reconnect] A temporarily not available error occurred while trying to reconnect, will try again...
2025-10-07 20:10:50.570 [info] [remote-connection][Management   ][58ebc…][reconnect] waiting for 30 seconds before reconnecting...
2025-10-07 20:10:50.570 [info] [remote-connection][ExtensionHost][8816c…][reconnect] A temporarily not available error occurred while trying to reconnect, will try again...
2025-10-07 20:10:50.571 [info] [remote-connection][ExtensionHost][8816c…][reconnect] waiting for 30 seconds before reconnecting...
2025-10-07 20:11:08.009 [info] [remote-connection][ExtensionHost][8816c…][reconnect] received socket timeout event (unacknowledgedMsgCount: 131, timeSinceOldestUnacknowledgedMsg: 200005, timeSinceLastReceivedSomeData: 330666).
2025-10-07 20:11:20.570 [info] [remote-connection][Management   ][58ebc…][reconnect] resolving connection...
2025-10-07 20:11:20.603 [info] Invoking resolveAuthority(ssh-remote)...
2025-10-07 20:11:20.604 [info] [LocalProcess0][resolveAuthority(ssh-remote,10)][0ms] obtaining proxy...
2025-10-07 20:11:20.606 [info] [LocalProcess0][resolveAuthority(ssh-remote,10)][3ms] invoking...
2025-10-07 20:11:20.614 [info] [remote-connection][ExtensionHost][8816c…][reconnect] resolving connection...
2025-10-07 20:11:21.607 [info] [LocalProcess0][resolveAuthority(ssh-remote,10)][1003ms] waiting...
2025-10-07 20:11:22.607 [info] [LocalProcess0][resolveAuthority(ssh-remote,10)][2003ms] waiting...
2025-10-07 20:11:23.607 [info] [LocalProcess0][resolveAuthority(ssh-remote,10)][3003ms] waiting...
2025-10-07 20:11:24.607 [info] [LocalProcess0][resolveAuthority(ssh-remote,10)][4003ms] waiting...
2025-10-07 20:11:25.607 [info] [LocalProcess0][resolveAuthority(ssh-remote,10)][5003ms] waiting...
2025-10-07 20:11:26.607 [info] [LocalProcess0][resolveAuthority(ssh-remote,10)][6003ms] waiting...
2025-10-07 20:11:27.607 [info] [LocalProcess0][resolveAuthority(ssh-remote,10)][7003ms] waiting...
2025-10-07 20:11:28.010 [info] [remote-connection][ExtensionHost][8816c…][reconnect] received socket timeout event (unacknowledgedMsgCount: 138, timeSinceOldestUnacknowledgedMsg: 220005, timeSinceLastReceivedSomeData: 350666).
2025-10-07 20:11:28.607 [info] [LocalProcess0][resolveAuthority(ssh-remote,10)][8003ms] waiting...
2025-10-07 20:11:29.608 [info] [LocalProcess0][resolveAuthority(ssh-remote,10)][9003ms] waiting...
2025-10-07 20:11:30.608 [info] [LocalProcess0][resolveAuthority(ssh-remote,10)][10003ms] waiting...
2025-10-07 20:11:31.607 [info] [LocalProcess0][resolveAuthority(ssh-remote,10)][11003ms] waiting...
2025-10-07 20:11:32.607 [info] [LocalProcess0][resolveAuthority(ssh-remote,10)][12003ms] waiting...
2025-10-07 20:11:33.607 [info] [LocalProcess0][resolveAuthority(ssh-remote,10)][13003ms] waiting...
2025-10-07 20:11:34.608 [info] [LocalProcess0][resolveAuthority(ssh-remote,10)][14003ms] waiting...
2025-10-07 20:11:35.607 [info] [LocalProcess0][resolveAuthority(ssh-remote,10)][15003ms] waiting...
2025-10-07 20:11:35.860 [error] [LocalProcess0][resolveAuthority(ssh-remote,10)][15256ms] returned an error {"code":"TemporarilyNotAvailable","message":"The connection timed out"}
2025-10-07 20:11:35.860 [error] resolveAuthority(ssh-remote) returned an error after 15256 ms The connection timed out
2025-10-07 20:11:35.861 [info] [remote-connection][Management   ][58ebc…][reconnect] A temporarily not available error occurred while trying to reconnect, will try again...
2025-10-07 20:11:35.862 [info] [remote-connection][Management   ][58ebc…][reconnect] waiting for 30 seconds before reconnecting...
2025-10-07 20:11:35.862 [info] [remote-connection][ExtensionHost][8816c…][reconnect] A temporarily not available error occurred while trying to reconnect, will try again...
2025-10-07 20:11:35.863 [info] [remote-connection][ExtensionHost][8816c…][reconnect] waiting for 30 seconds before reconnecting...
2025-10-07 20:11:48.009 [info] [remote-connection][ExtensionHost][8816c…][reconnect] received socket timeout event (unacknowledgedMsgCount: 145, timeSinceOldestUnacknowledgedMsg: 240005, timeSinceLastReceivedSomeData: 370666).
2025-10-07 20:12:05.862 [info] [remote-connection][Management   ][58ebc…][reconnect] resolving connection...
2025-10-07 20:12:05.890 [info] Invoking resolveAuthority(ssh-remote)...
2025-10-07 20:12:05.891 [info] [LocalProcess0][resolveAuthority(ssh-remote,11)][0ms] obtaining proxy...
2025-10-07 20:12:05.894 [info] [LocalProcess0][resolveAuthority(ssh-remote,11)][3ms] invoking...
2025-10-07 20:12:05.897 [info] [remote-connection][ExtensionHost][8816c…][reconnect] resolving connection...
2025-10-07 20:12:06.895 [info] [LocalProcess0][resolveAuthority(ssh-remote,11)][1004ms] waiting...
2025-10-07 20:12:07.895 [info] [LocalProcess0][resolveAuthority(ssh-remote,11)][2004ms] waiting...
2025-10-07 20:12:08.010 [info] [remote-connection][ExtensionHost][8816c…][reconnect] received socket timeout event (unacknowledgedMsgCount: 156, timeSinceOldestUnacknowledgedMsg: 260006, timeSinceLastReceivedSomeData: 390667).
2025-10-07 20:12:08.896 [info] [LocalProcess0][resolveAuthority(ssh-remote,11)][3004ms] waiting...
2025-10-07 20:12:09.895 [info] [LocalProcess0][resolveAuthority(ssh-remote,11)][4004ms] waiting...
2025-10-07 20:12:10.895 [info] [LocalProcess0][resolveAuthority(ssh-remote,11)][5004ms] waiting...
2025-10-07 20:12:11.895 [info] [LocalProcess0][resolveAuthority(ssh-remote,11)][6004ms] waiting...
2025-10-07 20:12:12.895 [info] [LocalProcess0][resolveAuthority(ssh-remote,11)][7004ms] waiting...
2025-10-07 20:12:13.895 [info] [LocalProcess0][resolveAuthority(ssh-remote,11)][8004ms] waiting...
2025-10-07 20:12:14.895 [info] [LocalProcess0][resolveAuthority(ssh-remote,11)][9004ms] waiting...
2025-10-07 20:12:15.895 [info] [LocalProcess0][resolveAuthority(ssh-remote,11)][10004ms] waiting...
2025-10-07 20:12:16.895 [info] [LocalProcess0][resolveAuthority(ssh-remote,11)][11004ms] waiting...
2025-10-07 20:12:17.895 [info] [LocalProcess0][resolveAuthority(ssh-remote,11)][12004ms] waiting...
2025-10-07 20:12:18.895 [info] [LocalProcess0][resolveAuthority(ssh-remote,11)][13004ms] waiting...
2025-10-07 20:12:19.895 [info] [LocalProcess0][resolveAuthority(ssh-remote,11)][14004ms] waiting...
2025-10-07 20:12:20.895 [info] [LocalProcess0][resolveAuthority(ssh-remote,11)][15004ms] waiting...
2025-10-07 20:12:21.124 [error] [LocalProcess0][resolveAuthority(ssh-remote,11)][15233ms] returned an error {"code":"TemporarilyNotAvailable","message":"The connection timed out"}
2025-10-07 20:12:21.125 [error] resolveAuthority(ssh-remote) returned an error after 15234 ms The connection timed out
2025-10-07 20:12:21.126 [info] [remote-connection][Management   ][58ebc…][reconnect] A temporarily not available error occurred while trying to reconnect, will try again...
2025-10-07 20:12:21.126 [info] [remote-connection][Management   ][58ebc…][reconnect] waiting for 30 seconds before reconnecting...
2025-10-07 20:12:21.127 [info] [remote-connection][ExtensionHost][8816c…][reconnect] A temporarily not available error occurred while trying to reconnect, will try again...
2025-10-07 20:12:21.127 [info] [remote-connection][ExtensionHost][8816c…][reconnect] waiting for 30 seconds before reconnecting...
2025-10-07 20:12:28.011 [info] [remote-connection][ExtensionHost][8816c…][reconnect] received socket timeout event (unacknowledgedMsgCount: 165, timeSinceOldestUnacknowledgedMsg: 280007, timeSinceLastReceivedSomeData: 410668).
2025-10-07 20:12:51.126 [info] [remote-connection][Management   ][58ebc…][reconnect] resolving connection...
2025-10-07 20:12:51.152 [info] Invoking resolveAuthority(ssh-remote)...
2025-10-07 20:12:51.152 [info] [LocalProcess0][resolveAuthority(ssh-remote,12)][0ms] obtaining proxy...
2025-10-07 20:12:51.155 [info] [LocalProcess0][resolveAuthority(ssh-remote,12)][2ms] invoking...
2025-10-07 20:12:51.158 [info] [remote-connection][ExtensionHost][8816c…][reconnect] resolving connection...
2025-10-07 20:12:51.162 [info] [remote-connection][ExtensionHost][8816c…][reconnect] received socket timeout event (unacknowledgedMsgCount: 166, timeSinceOldestUnacknowledgedMsg: 303159, timeSinceLastReceivedSomeData: 433820).
2025-10-07 20:12:52.156 [info] [LocalProcess0][resolveAuthority(ssh-remote,12)][1003ms] waiting...
2025-10-07 20:12:53.156 [info] [LocalProcess0][resolveAuthority(ssh-remote,12)][2003ms] waiting...
2025-10-07 20:12:54.156 [info] [LocalProcess0][resolveAuthority(ssh-remote,12)][3003ms] waiting...
2025-10-07 20:12:55.156 [info] [LocalProcess0][resolveAuthority(ssh-remote,12)][4003ms] waiting...
2025-10-07 20:12:56.156 [info] [LocalProcess0][resolveAuthority(ssh-remote,12)][5003ms] waiting...
2025-10-07 20:12:57.156 [info] [LocalProcess0][resolveAuthority(ssh-remote,12)][6003ms] waiting...
2025-10-07 20:12:58.156 [info] [LocalProcess0][resolveAuthority(ssh-remote,12)][7003ms] waiting...
2025-10-07 20:12:59.155 [info] [LocalProcess0][resolveAuthority(ssh-remote,12)][8003ms] waiting...
2025-10-07 20:13:00.156 [info] [LocalProcess0][resolveAuthority(ssh-remote,12)][9003ms] waiting...
2025-10-07 20:13:01.156 [info] [LocalProcess0][resolveAuthority(ssh-remote,12)][10003ms] waiting...
2025-10-07 20:13:02.156 [info] [LocalProcess0][resolveAuthority(ssh-remote,12)][11003ms] waiting...
2025-10-07 20:13:03.156 [info] [LocalProcess0][resolveAuthority(ssh-remote,12)][12003ms] waiting...
2025-10-07 20:13:04.156 [info] [LocalProcess0][resolveAuthority(ssh-remote,12)][13003ms] waiting...
2025-10-07 20:13:05.156 [info] [LocalProcess0][resolveAuthority(ssh-remote,12)][14003ms] waiting...
2025-10-07 20:13:06.156 [info] [LocalProcess0][resolveAuthority(ssh-remote,12)][15003ms] waiting...
2025-10-07 20:13:06.414 [error] [LocalProcess0][resolveAuthority(ssh-remote,12)][15261ms] returned an error {"code":"TemporarilyNotAvailable","message":"The connection timed out"}
2025-10-07 20:13:06.415 [error] resolveAuthority(ssh-remote) returned an error after 15262 ms The connection timed out
2025-10-07 20:13:06.415 [info] [remote-connection][Management   ][58ebc…][reconnect] A temporarily not available error occurred while trying to reconnect, will try again...
2025-10-07 20:13:06.416 [info] [remote-connection][Management   ][58ebc…][reconnect] waiting for 30 seconds before reconnecting...
2025-10-07 20:13:06.417 [info] [remote-connection][ExtensionHost][8816c…][reconnect] A temporarily not available error occurred while trying to reconnect, will try again...
2025-10-07 20:13:06.417 [info] [remote-connection][ExtensionHost][8816c…][reconnect] waiting for 30 seconds before reconnecting...
2025-10-07 20:13:11.164 [info] [remote-connection][ExtensionHost][8816c…][reconnect] received socket timeout event (unacknowledgedMsgCount: 185, timeSinceOldestUnacknowledgedMsg: 323159, timeSinceLastReceivedSomeData: 453820).
2025-10-07 20:13:36.416 [info] [remote-connection][Management   ][58ebc…][reconnect] resolving connection...
2025-10-07 20:13:36.448 [info] Invoking resolveAuthority(ssh-remote)...
2025-10-07 20:13:36.448 [info] [LocalProcess0][resolveAuthority(ssh-remote,13)][0ms] obtaining proxy...
2025-10-07 20:13:36.451 [info] [LocalProcess0][resolveAuthority(ssh-remote,13)][2ms] invoking...
2025-10-07 20:13:36.454 [info] [remote-connection][ExtensionHost][8816c…][reconnect] resolving connection...
2025-10-07 20:13:36.459 [info] [remote-connection][ExtensionHost][8816c…][reconnect] received socket timeout event (unacknowledgedMsgCount: 186, timeSinceOldestUnacknowledgedMsg: 348455, timeSinceLastReceivedSomeData: 479116).
2025-10-07 20:13:37.452 [info] [LocalProcess0][resolveAuthority(ssh-remote,13)][1003ms] waiting...
2025-10-07 20:13:38.452 [info] [LocalProcess0][resolveAuthority(ssh-remote,13)][2003ms] waiting...
2025-10-07 20:13:39.452 [info] [LocalProcess0][resolveAuthority(ssh-remote,13)][3003ms] waiting...
2025-10-07 20:13:40.452 [info] [LocalProcess0][resolveAuthority(ssh-remote,13)][4003ms] waiting...
2025-10-07 20:13:41.452 [info] [LocalProcess0][resolveAuthority(ssh-remote,13)][5003ms] waiting...
2025-10-07 20:13:42.451 [info] [LocalProcess0][resolveAuthority(ssh-remote,13)][6003ms] waiting...
2025-10-07 20:13:43.452 [info] [LocalProcess0][resolveAuthority(ssh-remote,13)][7003ms] waiting...
2025-10-07 20:13:44.452 [info] [LocalProcess0][resolveAuthority(ssh-remote,13)][8003ms] waiting...
2025-10-07 20:13:45.452 [info] [LocalProcess0][resolveAuthority(ssh-remote,13)][9003ms] waiting...
2025-10-07 20:13:46.452 [info] [LocalProcess0][resolveAuthority(ssh-remote,13)][10003ms] waiting...
2025-10-07 20:13:47.452 [info] [LocalProcess0][resolveAuthority(ssh-remote,13)][11003ms] waiting...
2025-10-07 20:13:48.452 [info] [LocalProcess0][resolveAuthority(ssh-remote,13)][12003ms] waiting...
2025-10-07 20:13:49.452 [info] [LocalProcess0][resolveAuthority(ssh-remote,13)][13003ms] waiting...
2025-10-07 20:13:50.452 [info] [LocalProcess0][resolveAuthority(ssh-remote,13)][14003ms] waiting...
2025-10-07 20:13:51.452 [info] [LocalProcess0][resolveAuthority(ssh-remote,13)][15003ms] waiting...
2025-10-07 20:13:51.687 [error] [LocalProcess0][resolveAuthority(ssh-remote,13)][15238ms] returned an error {"code":"TemporarilyNotAvailable","message":"The connection timed out"}
2025-10-07 20:13:51.687 [error] resolveAuthority(ssh-remote) returned an error after 15240 ms The connection timed out
2025-10-07 20:13:51.688 [info] [remote-connection][Management   ][58ebc…][reconnect] A temporarily not available error occurred while trying to reconnect, will try again...
2025-10-07 20:13:51.688 [info] [remote-connection][Management   ][58ebc…][reconnect] waiting for 30 seconds before reconnecting...
2025-10-07 20:13:51.688 [info] [remote-connection][ExtensionHost][8816c…][reconnect] A temporarily not available error occurred while trying to reconnect, will try again...
2025-10-07 20:13:51.688 [info] [remote-connection][ExtensionHost][8816c…][reconnect] waiting for 30 seconds before reconnecting...
2025-10-07 20:13:56.459 [info] [remote-connection][ExtensionHost][8816c…][reconnect] received socket timeout event (unacknowledgedMsgCount: 203, timeSinceOldestUnacknowledgedMsg: 368455, timeSinceLastReceivedSomeData: 499116).
2025-10-07 20:14:21.689 [info] [remote-connection][Management   ][58ebc…][reconnect] resolving connection...
2025-10-07 20:14:21.725 [info] Invoking resolveAuthority(ssh-remote)...
2025-10-07 20:14:21.725 [info] [LocalProcess0][resolveAuthority(ssh-remote,14)][0ms] obtaining proxy...
2025-10-07 20:14:21.728 [info] [LocalProcess0][resolveAuthority(ssh-remote,14)][3ms] invoking...
2025-10-07 20:14:21.731 [info] [remote-connection][ExtensionHost][8816c…][reconnect] resolving connection...
2025-10-07 20:14:21.741 [info] [remote-connection][ExtensionHost][8816c…][reconnect] received socket timeout event (unacknowledgedMsgCount: 204, timeSinceOldestUnacknowledgedMsg: 393738, timeSinceLastReceivedSomeData: 524399).
2025-10-07 20:14:22.729 [info] [LocalProcess0][resolveAuthority(ssh-remote,14)][1004ms] waiting...
2025-10-07 20:14:23.730 [info] [LocalProcess0][resolveAuthority(ssh-remote,14)][2004ms] waiting...
2025-10-07 20:14:24.729 [info] [LocalProcess0][resolveAuthority(ssh-remote,14)][3004ms] waiting...
2025-10-07 20:14:25.729 [info] [LocalProcess0][resolveAuthority(ssh-remote,14)][4004ms] waiting...
2025-10-07 20:14:26.729 [info] [LocalProcess0][resolveAuthority(ssh-remote,14)][5004ms] waiting...
2025-10-07 20:14:27.729 [info] [LocalProcess0][resolveAuthority(ssh-remote,14)][6004ms] waiting...
2025-10-07 20:14:28.730 [info] [LocalProcess0][resolveAuthority(ssh-remote,14)][7004ms] waiting...
2025-10-07 20:14:29.729 [info] [LocalProcess0][resolveAuthority(ssh-remote,14)][8004ms] waiting...
2025-10-07 20:14:30.729 [info] [LocalProcess0][resolveAuthority(ssh-remote,14)][9004ms] waiting...
2025-10-07 20:14:31.729 [info] [LocalProcess0][resolveAuthority(ssh-remote,14)][10004ms] waiting...
2025-10-07 20:14:32.729 [info] [LocalProcess0][resolveAuthority(ssh-remote,14)][11004ms] waiting...
2025-10-07 20:14:33.729 [info] [LocalProcess0][resolveAuthority(ssh-remote,14)][12004ms] waiting...
2025-10-07 20:14:34.729 [info] [LocalProcess0][resolveAuthority(ssh-remote,14)][13004ms] waiting...
2025-10-07 20:14:35.728 [info] [LocalProcess0][resolveAuthority(ssh-remote,14)][14004ms] waiting...
2025-10-07 20:14:36.729 [info] [LocalProcess0][resolveAuthority(ssh-remote,14)][15004ms] waiting...
2025-10-07 20:14:36.968 [error] [LocalProcess0][resolveAuthority(ssh-remote,14)][15243ms] returned an error {"code":"TemporarilyNotAvailable","message":"The connection timed out"}
2025-10-07 20:14:36.968 [error] resolveAuthority(ssh-remote) returned an error after 15243 ms The connection timed out
2025-10-07 20:14:36.969 [info] [remote-connection][Management   ][58ebc…][reconnect] A temporarily not available error occurred while trying to reconnect, will try again...
2025-10-07 20:14:36.969 [info] [remote-connection][Management   ][58ebc…][reconnect] waiting for 30 seconds before reconnecting...
2025-10-07 20:14:36.969 [info] [remote-connection][ExtensionHost][8816c…][reconnect] A temporarily not available error occurred while trying to reconnect, will try again...
2025-10-07 20:14:36.970 [info] [remote-connection][ExtensionHost][8816c…][reconnect] waiting for 30 seconds before reconnecting...
2025-10-07 20:14:41.742 [info] [remote-connection][ExtensionHost][8816c…][reconnect] received socket timeout event (unacknowledgedMsgCount: 219, timeSinceOldestUnacknowledgedMsg: 413738, timeSinceLastReceivedSomeData: 544399).
2025-10-07 20:15:06.969 [info] [remote-connection][Management   ][58ebc…][reconnect] resolving connection...
2025-10-07 20:15:07.013 [info] Invoking resolveAuthority(ssh-remote)...
2025-10-07 20:15:07.014 [info] [LocalProcess0][resolveAuthority(ssh-remote,15)][0ms] obtaining proxy...
2025-10-07 20:15:07.016 [info] [LocalProcess0][resolveAuthority(ssh-remote,15)][3ms] invoking...
2025-10-07 20:15:07.022 [info] [remote-connection][ExtensionHost][8816c…][reconnect] resolving connection...
2025-10-07 20:15:07.027 [info] [remote-connection][ExtensionHost][8816c…][reconnect] received socket timeout event (unacknowledgedMsgCount: 220, timeSinceOldestUnacknowledgedMsg: 439023, timeSinceLastReceivedSomeData: 569684).
2025-10-07 20:15:08.017 [info] [LocalProcess0][resolveAuthority(ssh-remote,15)][1003ms] waiting...
2025-10-07 20:15:09.017 [info] [LocalProcess0][resolveAuthority(ssh-remote,15)][2003ms] waiting...
2025-10-07 20:15:10.018 [info] [LocalProcess0][resolveAuthority(ssh-remote,15)][3003ms] waiting...
2025-10-07 20:15:11.018 [info] [LocalProcess0][resolveAuthority(ssh-remote,15)][4003ms] waiting...
2025-10-07 20:15:12.018 [info] [LocalProcess0][resolveAuthority(ssh-remote,15)][5003ms] waiting...
2025-10-07 20:15:13.017 [info] [LocalProcess0][resolveAuthority(ssh-remote,15)][6003ms] waiting...
2025-10-07 20:15:14.017 [info] [LocalProcess0][resolveAuthority(ssh-remote,15)][7003ms] waiting...
2025-10-07 20:15:15.018 [info] [LocalProcess0][resolveAuthority(ssh-remote,15)][8003ms] waiting...
2025-10-07 20:15:16.017 [info] [LocalProcess0][resolveAuthority(ssh-remote,15)][9003ms] waiting...
2025-10-07 20:15:17.018 [info] [LocalProcess0][resolveAuthority(ssh-remote,15)][10003ms] waiting...
2025-10-07 20:15:18.017 [info] [LocalProcess0][resolveAuthority(ssh-remote,15)][11003ms] waiting...
2025-10-07 20:15:19.017 [info] [LocalProcess0][resolveAuthority(ssh-remote,15)][12003ms] waiting...
2025-10-07 20:15:20.017 [info] [LocalProcess0][resolveAuthority(ssh-remote,15)][13003ms] waiting...
2025-10-07 20:15:21.017 [info] [LocalProcess0][resolveAuthority(ssh-remote,15)][14003ms] waiting...
2025-10-07 20:15:22.017 [info] [LocalProcess0][resolveAuthority(ssh-remote,15)][15003ms] waiting...
2025-10-07 20:15:22.269 [error] [LocalProcess0][resolveAuthority(ssh-remote,15)][15255ms] returned an error {"code":"TemporarilyNotAvailable","message":"The connection timed out"}
2025-10-07 20:15:22.270 [error] resolveAuthority(ssh-remote) returned an error after 15256 ms The connection timed out
2025-10-07 20:15:22.270 [info] [remote-connection][Management   ][58ebc…][reconnect] A temporarily not available error occurred while trying to reconnect, will try again...
2025-10-07 20:15:22.271 [info] [remote-connection][Management   ][58ebc…][reconnect] waiting for 30 seconds before reconnecting...
2025-10-07 20:15:22.271 [info] [remote-connection][ExtensionHost][8816c…][reconnect] A temporarily not available error occurred while trying to reconnect, will try again...
2025-10-07 20:15:22.272 [info] [remote-connection][ExtensionHost][8816c…][reconnect] waiting for 30 seconds before reconnecting...
2025-10-07 20:15:27.028 [info] [remote-connection][ExtensionHost][8816c…][reconnect] received socket timeout event (unacknowledgedMsgCount: 239, timeSinceOldestUnacknowledgedMsg: 459024, timeSinceLastReceivedSomeData: 589685).
2025-10-07 20:15:52.271 [info] [remote-connection][Management   ][58ebc…][reconnect] resolving connection...
2025-10-07 20:15:52.301 [info] Invoking resolveAuthority(ssh-remote)...
2025-10-07 20:15:52.301 [info] [LocalProcess0][resolveAuthority(ssh-remote,16)][0ms] obtaining proxy...
2025-10-07 20:15:52.303 [info] [LocalProcess0][resolveAuthority(ssh-remote,16)][3ms] invoking...
2025-10-07 20:15:52.307 [info] [remote-connection][ExtensionHost][8816c…][reconnect] resolving connection...
2025-10-07 20:15:52.310 [info] [remote-connection][ExtensionHost][8816c…][reconnect] received socket timeout event (unacknowledgedMsgCount: 240, timeSinceOldestUnacknowledgedMsg: 484307, timeSinceLastReceivedSomeData: 614968).
2025-10-07 20:15:53.305 [info] [LocalProcess0][resolveAuthority(ssh-remote,16)][1004ms] waiting...
2025-10-07 20:15:54.305 [info] [LocalProcess0][resolveAuthority(ssh-remote,16)][2004ms] waiting...
2025-10-07 20:15:55.305 [info] [LocalProcess0][resolveAuthority(ssh-remote,16)][3004ms] waiting...
2025-10-07 20:15:56.305 [info] [LocalProcess0][resolveAuthority(ssh-remote,16)][4004ms] waiting...
2025-10-07 20:15:57.304 [info] [LocalProcess0][resolveAuthority(ssh-remote,16)][5003ms] waiting...
2025-10-07 20:15:58.305 [info] [LocalProcess0][resolveAuthority(ssh-remote,16)][6004ms] waiting...
2025-10-07 20:15:59.305 [info] [LocalProcess0][resolveAuthority(ssh-remote,16)][7004ms] waiting...
2025-10-07 20:16:00.305 [info] [LocalProcess0][resolveAuthority(ssh-remote,16)][8004ms] waiting...
2025-10-07 20:16:01.305 [info] [LocalProcess0][resolveAuthority(ssh-remote,16)][9004ms] waiting...
2025-10-07 20:16:02.305 [info] [LocalProcess0][resolveAuthority(ssh-remote,16)][10004ms] waiting...
2025-10-07 20:16:03.305 [info] [LocalProcess0][resolveAuthority(ssh-remote,16)][11004ms] waiting...
2025-10-07 20:16:04.305 [info] [LocalProcess0][resolveAuthority(ssh-remote,16)][12004ms] waiting...
2025-10-07 20:16:05.305 [info] [LocalProcess0][resolveAuthority(ssh-remote,16)][13004ms] waiting...
2025-10-07 20:16:06.305 [info] [LocalProcess0][resolveAuthority(ssh-remote,16)][14004ms] waiting...
2025-10-07 20:16:07.305 [info] [LocalProcess0][resolveAuthority(ssh-remote,16)][15004ms] waiting...
2025-10-07 20:16:07.507 [error] [LocalProcess0][resolveAuthority(ssh-remote,16)][15207ms] returned an error {"code":"TemporarilyNotAvailable","message":"The connection timed out"}
2025-10-07 20:16:07.508 [error] resolveAuthority(ssh-remote) returned an error after 15207 ms The connection timed out
2025-10-07 20:16:07.508 [info] [remote-connection][Management   ][58ebc…][reconnect] A temporarily not available error occurred while trying to reconnect, will try again...
2025-10-07 20:16:07.508 [info] [remote-connection][Management   ][58ebc…][reconnect] waiting for 30 seconds before reconnecting...
2025-10-07 20:16:07.508 [info] [remote-connection][ExtensionHost][8816c…][reconnect] A temporarily not available error occurred while trying to reconnect, will try again...
2025-10-07 20:16:07.509 [info] [remote-connection][ExtensionHost][8816c…][reconnect] waiting for 30 seconds before reconnecting...
2025-10-07 20:16:12.312 [info] [remote-connection][ExtensionHost][8816c…][reconnect] received socket timeout event (unacknowledgedMsgCount: 259, timeSinceOldestUnacknowledgedMsg: 504308, timeSinceLastReceivedSomeData: 634969).
2025-10-07 20:16:37.509 [info] [remote-connection][Management   ][58ebc…][reconnect] resolving connection...
2025-10-07 20:16:37.539 [info] Invoking resolveAuthority(ssh-remote)...
2025-10-07 20:16:37.540 [info] [LocalProcess0][resolveAuthority(ssh-remote,17)][0ms] obtaining proxy...
2025-10-07 20:16:37.542 [info] [LocalProcess0][resolveAuthority(ssh-remote,17)][3ms] invoking...
2025-10-07 20:16:37.546 [info] [remote-connection][ExtensionHost][8816c…][reconnect] resolving connection...
2025-10-07 20:16:37.552 [info] [remote-connection][ExtensionHost][8816c…][reconnect] received socket timeout event (unacknowledgedMsgCount: 260, timeSinceOldestUnacknowledgedMsg: 529548, timeSinceLastReceivedSomeData: 660209).
2025-10-07 20:16:38.544 [info] [LocalProcess0][resolveAuthority(ssh-remote,17)][1003ms] waiting...
2025-10-07 20:16:39.543 [info] [LocalProcess0][resolveAuthority(ssh-remote,17)][2003ms] waiting...
2025-10-07 20:16:40.543 [info] [LocalProcess0][resolveAuthority(ssh-remote,17)][3003ms] waiting...
2025-10-07 20:16:41.543 [info] [LocalProcess0][resolveAuthority(ssh-remote,17)][4003ms] waiting...
2025-10-07 20:16:42.543 [info] [LocalProcess0][resolveAuthority(ssh-remote,17)][5003ms] waiting...
2025-10-07 20:16:43.543 [info] [LocalProcess0][resolveAuthority(ssh-remote,17)][6003ms] waiting...
2025-10-07 20:16:44.543 [info] [LocalProcess0][resolveAuthority(ssh-remote,17)][7003ms] waiting...
2025-10-07 20:16:45.543 [info] [LocalProcess0][resolveAuthority(ssh-remote,17)][8003ms] waiting...
2025-10-07 20:16:46.543 [info] [LocalProcess0][resolveAuthority(ssh-remote,17)][9003ms] waiting...
2025-10-07 20:16:47.543 [info] [LocalProcess0][resolveAuthority(ssh-remote,17)][10003ms] waiting...
2025-10-07 20:16:48.543 [info] [LocalProcess0][resolveAuthority(ssh-remote,17)][11003ms] waiting...
2025-10-07 20:16:49.543 [info] [LocalProcess0][resolveAuthority(ssh-remote,17)][12003ms] waiting...
2025-10-07 20:16:50.543 [info] [LocalProcess0][resolveAuthority(ssh-remote,17)][13003ms] waiting...
2025-10-07 20:16:51.544 [info] [LocalProcess0][resolveAuthority(ssh-remote,17)][14003ms] waiting...
2025-10-07 20:16:52.543 [info] [LocalProcess0][resolveAuthority(ssh-remote,17)][15003ms] waiting...
2025-10-07 20:16:52.738 [error] [LocalProcess0][resolveAuthority(ssh-remote,17)][15198ms] returned an error {"code":"TemporarilyNotAvailable","message":"The connection timed out"}
2025-10-07 20:16:52.738 [error] resolveAuthority(ssh-remote) returned an error after 15199 ms The connection timed out
2025-10-07 20:16:52.738 [info] [remote-connection][Management   ][58ebc…][reconnect] A temporarily not available error occurred while trying to reconnect, will try again...
2025-10-07 20:16:52.739 [info] [remote-connection][Management   ][58ebc…][reconnect] waiting for 30 seconds before reconnecting...
2025-10-07 20:16:52.739 [info] [remote-connection][ExtensionHost][8816c…][reconnect] A temporarily not available error occurred while trying to reconnect, will try again...
2025-10-07 20:16:52.739 [info] [remote-connection][ExtensionHost][8816c…][reconnect] waiting for 30 seconds before reconnecting...
2025-10-07 20:16:57.553 [info] [remote-connection][ExtensionHost][8816c…][reconnect] received socket timeout event (unacknowledgedMsgCount: 279, timeSinceOldestUnacknowledgedMsg: 549548, timeSinceLastReceivedSomeData: 680209).
2025-10-07 20:17:22.739 [info] [remote-connection][Management   ][58ebc…][reconnect] resolving connection...
2025-10-07 20:17:22.776 [info] Invoking resolveAuthority(ssh-remote)...
2025-10-07 20:17:22.777 [info] [LocalProcess0][resolveAuthority(ssh-remote,18)][0ms] obtaining proxy...
2025-10-07 20:17:22.779 [info] [LocalProcess0][resolveAuthority(ssh-remote,18)][2ms] invoking...
2025-10-07 20:17:22.782 [info] [remote-connection][ExtensionHost][8816c…][reconnect] resolving connection...
2025-10-07 20:17:22.786 [info] [remote-connection][ExtensionHost][8816c…][reconnect] received socket timeout event (unacknowledgedMsgCount: 280, timeSinceOldestUnacknowledgedMsg: 574782, timeSinceLastReceivedSomeData: 705443).
2025-10-07 20:17:23.780 [info] [LocalProcess0][resolveAuthority(ssh-remote,18)][1003ms] waiting...
2025-10-07 20:17:24.780 [info] [LocalProcess0][resolveAuthority(ssh-remote,18)][2003ms] waiting...
2025-10-07 20:17:25.780 [info] [LocalProcess0][resolveAuthority(ssh-remote,18)][3003ms] waiting...
2025-10-07 20:17:26.780 [info] [LocalProcess0][resolveAuthority(ssh-remote,18)][4003ms] waiting...
2025-10-07 20:17:27.780 [info] [LocalProcess0][resolveAuthority(ssh-remote,18)][5003ms] waiting...
2025-10-07 20:17:28.780 [info] [LocalProcess0][resolveAuthority(ssh-remote,18)][6003ms] waiting...
2025-10-07 20:17:29.780 [info] [LocalProcess0][resolveAuthority(ssh-remote,18)][7003ms] waiting...
2025-10-07 20:17:30.780 [info] [LocalProcess0][resolveAuthority(ssh-remote,18)][8003ms] waiting...
2025-10-07 20:17:31.780 [info] [LocalProcess0][resolveAuthority(ssh-remote,18)][9003ms] waiting...
2025-10-07 20:17:32.780 [info] [LocalProcess0][resolveAuthority(ssh-remote,18)][10003ms] waiting...
2025-10-07 20:17:33.780 [info] [LocalProcess0][resolveAuthority(ssh-remote,18)][11003ms] waiting...
2025-10-07 20:17:34.780 [info] [LocalProcess0][resolveAuthority(ssh-remote,18)][12003ms] waiting...
2025-10-07 20:17:35.780 [info] [LocalProcess0][resolveAuthority(ssh-remote,18)][13003ms] waiting...
2025-10-07 20:17:36.780 [info] [LocalProcess0][resolveAuthority(ssh-remote,18)][14003ms] waiting...
2025-10-07 20:17:37.780 [info] [LocalProcess0][resolveAuthority(ssh-remote,18)][15003ms] waiting...
2025-10-07 20:17:38.027 [error] [LocalProcess0][resolveAuthority(ssh-remote,18)][15251ms] returned an error {"code":"TemporarilyNotAvailable","message":"The connection timed out"}
2025-10-07 20:17:38.028 [error] resolveAuthority(ssh-remote) returned an error after 15251 ms The connection timed out
2025-10-07 20:17:38.028 [info] [remote-connection][Management   ][58ebc…][reconnect] A temporarily not available error occurred while trying to reconnect, will try again...
2025-10-07 20:17:38.029 [info] [remote-connection][Management   ][58ebc…][reconnect] waiting for 30 seconds before reconnecting...
2025-10-07 20:17:38.030 [info] [remote-connection][ExtensionHost][8816c…][reconnect] A temporarily not available error occurred while trying to reconnect, will try again...
2025-10-07 20:17:38.031 [info] [remote-connection][ExtensionHost][8816c…][reconnect] waiting for 30 seconds before reconnecting...
2025-10-07 20:17:42.786 [info] [remote-connection][ExtensionHost][8816c…][reconnect] received socket timeout event (unacknowledgedMsgCount: 297, timeSinceOldestUnacknowledgedMsg: 594782, timeSinceLastReceivedSomeData: 725443).
2025-10-07 20:18:08.030 [info] [remote-connection][Management   ][58ebc…][reconnect] resolving connection...
2025-10-07 20:18:08.067 [info] Invoking resolveAuthority(ssh-remote)...
2025-10-07 20:18:08.067 [info] [LocalProcess0][resolveAuthority(ssh-remote,19)][0ms] obtaining proxy...
2025-10-07 20:18:08.071 [info] [LocalProcess0][resolveAuthority(ssh-remote,19)][4ms] invoking...
2025-10-07 20:18:08.078 [info] [remote-connection][ExtensionHost][8816c…][reconnect] resolving connection...
2025-10-07 20:18:08.104 [info] [remote-connection][ExtensionHost][8816c…][reconnect] received socket timeout event (unacknowledgedMsgCount: 298, timeSinceOldestUnacknowledgedMsg: 620101, timeSinceLastReceivedSomeData: 750762).
2025-10-07 20:18:09.071 [info] [LocalProcess0][resolveAuthority(ssh-remote,19)][1004ms] waiting...
2025-10-07 20:18:10.073 [info] [LocalProcess0][resolveAuthority(ssh-remote,19)][2005ms] waiting...
2025-10-07 20:18:11.071 [info] [LocalProcess0][resolveAuthority(ssh-remote,19)][3004ms] waiting...
2025-10-07 20:18:12.072 [info] [LocalProcess0][resolveAuthority(ssh-remote,19)][4005ms] waiting...
2025-10-07 20:18:13.072 [info] [LocalProcess0][resolveAuthority(ssh-remote,19)][5005ms] waiting...
2025-10-07 20:18:14.072 [info] [LocalProcess0][resolveAuthority(ssh-remote,19)][6005ms] waiting...
2025-10-07 20:18:15.072 [info] [LocalProcess0][resolveAuthority(ssh-remote,19)][7005ms] waiting...
2025-10-07 20:18:16.071 [info] [LocalProcess0][resolveAuthority(ssh-remote,19)][8005ms] waiting...
2025-10-07 20:18:17.072 [info] [LocalProcess0][resolveAuthority(ssh-remote,19)][9005ms] waiting...
2025-10-07 20:18:18.072 [info] [LocalProcess0][resolveAuthority(ssh-remote,19)][10005ms] waiting...
2025-10-07 20:18:19.072 [info] [LocalProcess0][resolveAuthority(ssh-remote,19)][11005ms] waiting...
2025-10-07 20:18:20.072 [info] [LocalProcess0][resolveAuthority(ssh-remote,19)][12005ms] waiting...
2025-10-07 20:18:21.071 [info] [LocalProcess0][resolveAuthority(ssh-remote,19)][13005ms] waiting...
2025-10-07 20:18:22.071 [info] [LocalProcess0][resolveAuthority(ssh-remote,19)][14004ms] waiting...
2025-10-07 20:18:23.072 [info] [LocalProcess0][resolveAuthority(ssh-remote,19)][15005ms] waiting...
2025-10-07 20:18:23.270 [error] [LocalProcess0][resolveAuthority(ssh-remote,19)][15203ms] returned an error {"code":"TemporarilyNotAvailable","message":"The connection timed out"}
2025-10-07 20:18:23.271 [error] resolveAuthority(ssh-remote) returned an error after 15204 ms The connection timed out
2025-10-07 20:18:23.271 [info] [remote-connection][Management   ][58ebc…][reconnect] A temporarily not available error occurred while trying to reconnect, will try again...
2025-10-07 20:18:23.271 [info] [remote-connection][Management   ][58ebc…][reconnect] waiting for 30 seconds before reconnecting...
2025-10-07 20:18:23.272 [info] [remote-connection][ExtensionHost][8816c…][reconnect] A temporarily not available error occurred while trying to reconnect, will try again...
2025-10-07 20:18:23.272 [info] [remote-connection][ExtensionHost][8816c…][reconnect] waiting for 30 seconds before reconnecting...
2025-10-07 20:18:28.105 [info] [remote-connection][ExtensionHost][8816c…][reconnect] received socket timeout event (unacknowledgedMsgCount: 311, timeSinceOldestUnacknowledgedMsg: 640101, timeSinceLastReceivedSomeData: 770762).
2025-10-07 20:18:53.272 [info] [remote-connection][Management   ][58ebc…][reconnect] resolving connection...
2025-10-07 20:18:53.308 [info] Invoking resolveAuthority(ssh-remote)...
2025-10-07 20:18:53.308 [info] [LocalProcess0][resolveAuthority(ssh-remote,20)][0ms] obtaining proxy...
2025-10-07 20:18:53.311 [info] [LocalProcess0][resolveAuthority(ssh-remote,20)][2ms] invoking...
2025-10-07 20:18:53.315 [info] [remote-connection][ExtensionHost][8816c…][reconnect] resolving connection...
2025-10-07 20:18:53.320 [info] [remote-connection][ExtensionHost][8816c…][reconnect] received socket timeout event (unacknowledgedMsgCount: 312, timeSinceOldestUnacknowledgedMsg: 665317, timeSinceLastReceivedSomeData: 795978).
2025-10-07 20:18:54.311 [info] [LocalProcess0][resolveAuthority(ssh-remote,20)][1003ms] waiting...
2025-10-07 20:18:55.312 [info] [LocalProcess0][resolveAuthority(ssh-remote,20)][2003ms] waiting...
2025-10-07 20:18:56.312 [info] [LocalProcess0][resolveAuthority(ssh-remote,20)][3003ms] waiting...
2025-10-07 20:18:57.312 [info] [LocalProcess0][resolveAuthority(ssh-remote,20)][4003ms] waiting...
2025-10-07 20:18:58.312 [info] [LocalProcess0][resolveAuthority(ssh-remote,20)][5003ms] waiting...
2025-10-07 20:18:59.312 [info] [LocalProcess0][resolveAuthority(ssh-remote,20)][6003ms] waiting...
2025-10-07 20:19:00.312 [info] [LocalProcess0][resolveAuthority(ssh-remote,20)][7003ms] waiting...
2025-10-07 20:19:01.312 [info] [LocalProcess0][resolveAuthority(ssh-remote,20)][8003ms] waiting...
2025-10-07 20:19:02.312 [info] [LocalProcess0][resolveAuthority(ssh-remote,20)][9003ms] waiting...
2025-10-07 20:19:03.312 [info] [LocalProcess0][resolveAuthority(ssh-remote,20)][10003ms] waiting...
2025-10-07 20:19:04.312 [info] [LocalProcess0][resolveAuthority(ssh-remote,20)][11003ms] waiting...
2025-10-07 20:19:05.312 [info] [LocalProcess0][resolveAuthority(ssh-remote,20)][12003ms] waiting...
2025-10-07 20:19:06.312 [info] [LocalProcess0][resolveAuthority(ssh-remote,20)][13003ms] waiting...
2025-10-07 20:19:07.312 [info] [LocalProcess0][resolveAuthority(ssh-remote,20)][14003ms] waiting...
2025-10-07 20:19:08.312 [info] [LocalProcess0][resolveAuthority(ssh-remote,20)][15003ms] waiting...
2025-10-07 20:19:08.594 [error] [LocalProcess0][resolveAuthority(ssh-remote,20)][15286ms] returned an error {"code":"TemporarilyNotAvailable","message":"The connection timed out"}
2025-10-07 20:19:08.594 [error] resolveAuthority(ssh-remote) returned an error after 15286 ms The connection timed out
2025-10-07 20:19:08.595 [info] [remote-connection][Management   ][58ebc…][reconnect] A temporarily not available error occurred while trying to reconnect, will try again...
2025-10-07 20:19:08.595 [info] [remote-connection][Management   ][58ebc…][reconnect] waiting for 30 seconds before reconnecting...
2025-10-07 20:19:08.596 [info] [remote-connection][ExtensionHost][8816c…][reconnect] A temporarily not available error occurred while trying to reconnect, will try again...
2025-10-07 20:19:08.596 [info] [remote-connection][ExtensionHost][8816c…][reconnect] waiting for 30 seconds before reconnecting...
2025-10-07 20:19:13.322 [info] [remote-connection][ExtensionHost][8816c…][reconnect] received socket timeout event (unacknowledgedMsgCount: 329, timeSinceOldestUnacknowledgedMsg: 685317, timeSinceLastReceivedSomeData: 815978).
2025-10-07 20:19:38.596 [info] [remote-connection][Management   ][58ebc…][reconnect] resolving connection...
2025-10-07 20:19:38.641 [info] Invoking resolveAuthority(ssh-remote)...
2025-10-07 20:19:38.642 [info] [LocalProcess0][resolveAuthority(ssh-remote,21)][0ms] obtaining proxy...
2025-10-07 20:19:38.645 [info] [LocalProcess0][resolveAuthority(ssh-remote,21)][3ms] invoking...
2025-10-07 20:19:38.653 [info] [remote-connection][ExtensionHost][8816c…][reconnect] resolving connection...
2025-10-07 20:19:38.665 [info] [remote-connection][ExtensionHost][8816c…][reconnect] received socket timeout event (unacknowledgedMsgCount: 330, timeSinceOldestUnacknowledgedMsg: 710661, timeSinceLastReceivedSomeData: 841322).
2025-10-07 20:19:39.646 [info] [LocalProcess0][resolveAuthority(ssh-remote,21)][1004ms] waiting...
2025-10-07 20:19:40.646 [info] [LocalProcess0][resolveAuthority(ssh-remote,21)][2004ms] waiting...
2025-10-07 20:19:41.646 [info] [LocalProcess0][resolveAuthority(ssh-remote,21)][3004ms] waiting...
2025-10-07 20:19:42.646 [info] [LocalProcess0][resolveAuthority(ssh-remote,21)][4004ms] waiting...
2025-10-07 20:19:43.645 [info] [LocalProcess0][resolveAuthority(ssh-remote,21)][5004ms] waiting...
2025-10-07 20:19:44.646 [info] [LocalProcess0][resolveAuthority(ssh-remote,21)][6004ms] waiting...
2025-10-07 20:19:45.646 [info] [LocalProcess0][resolveAuthority(ssh-remote,21)][7004ms] waiting...
2025-10-07 20:19:46.646 [info] [LocalProcess0][resolveAuthority(ssh-remote,21)][8004ms] waiting...
2025-10-07 20:19:47.646 [info] [LocalProcess0][resolveAuthority(ssh-remote,21)][9004ms] waiting...
2025-10-07 20:19:48.646 [info] [LocalProcess0][resolveAuthority(ssh-remote,21)][10004ms] waiting...
2025-10-07 20:19:49.646 [info] [LocalProcess0][resolveAuthority(ssh-remote,21)][11004ms] waiting...
2025-10-07 20:19:50.646 [info] [LocalProcess0][resolveAuthority(ssh-remote,21)][12004ms] waiting...
2025-10-07 20:19:51.646 [info] [LocalProcess0][resolveAuthority(ssh-remote,21)][13004ms] waiting...
2025-10-07 20:19:52.646 [info] [LocalProcess0][resolveAuthority(ssh-remote,21)][14004ms] waiting...
2025-10-07 20:19:53.646 [info] [LocalProcess0][resolveAuthority(ssh-remote,21)][15004ms] waiting...
2025-10-07 20:19:53.889 [error] [LocalProcess0][resolveAuthority(ssh-remote,21)][15247ms] returned an error {"code":"TemporarilyNotAvailable","message":"The connection timed out"}
2025-10-07 20:19:53.889 [error] resolveAuthority(ssh-remote) returned an error after 15247 ms The connection timed out
2025-10-07 20:19:53.889 [info] [remote-connection][Management   ][58ebc…][reconnect] A temporarily not available error occurred while trying to reconnect, will try again...
2025-10-07 20:19:53.890 [info] [remote-connection][Management   ][58ebc…][reconnect] waiting for 30 seconds before reconnecting...
2025-10-07 20:19:53.890 [info] [remote-connection][ExtensionHost][8816c…][reconnect] A temporarily not available error occurred while trying to reconnect, will try again...
2025-10-07 20:19:53.890 [info] [remote-connection][ExtensionHost][8816c…][reconnect] waiting for 30 seconds before reconnecting...
2025-10-07 20:19:58.666 [info] [remote-connection][ExtensionHost][8816c…][reconnect] received socket timeout event (unacknowledgedMsgCount: 347, timeSinceOldestUnacknowledgedMsg: 730662, timeSinceLastReceivedSomeData: 861323).
2025-10-07 20:20:23.891 [info] [remote-connection][Management   ][58ebc…][reconnect] resolving connection...
2025-10-07 20:20:23.927 [info] Invoking resolveAuthority(ssh-remote)...
2025-10-07 20:20:23.927 [info] [LocalProcess0][resolveAuthority(ssh-remote,22)][0ms] obtaining proxy...
2025-10-07 20:20:23.929 [info] [LocalProcess0][resolveAuthority(ssh-remote,22)][3ms] invoking...
2025-10-07 20:20:23.933 [info] [remote-connection][ExtensionHost][8816c…][reconnect] resolving connection...
2025-10-07 20:20:23.942 [info] [remote-connection][ExtensionHost][8816c…][reconnect] received socket timeout event (unacknowledgedMsgCount: 348, timeSinceOldestUnacknowledgedMsg: 755939, timeSinceLastReceivedSomeData: 886600).
2025-10-07 20:20:24.931 [info] [LocalProcess0][resolveAuthority(ssh-remote,22)][1003ms] waiting...
2025-10-07 20:20:25.931 [info] [LocalProcess0][resolveAuthority(ssh-remote,22)][2003ms] waiting...
2025-10-07 20:20:26.931 [info] [LocalProcess0][resolveAuthority(ssh-remote,22)][3003ms] waiting...
2025-10-07 20:20:27.931 [info] [LocalProcess0][resolveAuthority(ssh-remote,22)][4003ms] waiting...
2025-10-07 20:20:28.931 [info] [LocalProcess0][resolveAuthority(ssh-remote,22)][5003ms] waiting...
2025-10-07 20:20:29.930 [info] [LocalProcess0][resolveAuthority(ssh-remote,22)][6003ms] waiting...
2025-10-07 20:20:30.930 [info] [LocalProcess0][resolveAuthority(ssh-remote,22)][7003ms] waiting...
2025-10-07 20:20:31.931 [info] [LocalProcess0][resolveAuthority(ssh-remote,22)][8003ms] waiting...
2025-10-07 20:20:32.930 [info] [LocalProcess0][resolveAuthority(ssh-remote,22)][9003ms] waiting...
2025-10-07 20:20:33.931 [info] [LocalProcess0][resolveAuthority(ssh-remote,22)][10003ms] waiting...
2025-10-07 20:20:34.930 [info] [LocalProcess0][resolveAuthority(ssh-remote,22)][11003ms] waiting...
2025-10-07 20:20:35.931 [info] [LocalProcess0][resolveAuthority(ssh-remote,22)][12003ms] waiting...
2025-10-07 20:20:36.931 [info] [LocalProcess0][resolveAuthority(ssh-remote,22)][13003ms] waiting...
2025-10-07 20:20:37.931 [info] [LocalProcess0][resolveAuthority(ssh-remote,22)][14003ms] waiting...
2025-10-07 20:20:38.930 [info] [LocalProcess0][resolveAuthority(ssh-remote,22)][15003ms] waiting...
2025-10-07 20:20:39.123 [error] [LocalProcess0][resolveAuthority(ssh-remote,22)][15196ms] returned an error {"code":"TemporarilyNotAvailable","message":"The connection timed out"}
2025-10-07 20:20:39.124 [error] resolveAuthority(ssh-remote) returned an error after 15196 ms The connection timed out
2025-10-07 20:20:39.125 [info] [remote-connection][Management   ][58ebc…][reconnect] A temporarily not available error occurred while trying to reconnect, will try again...
2025-10-07 20:20:39.125 [info] [remote-connection][Management   ][58ebc…][reconnect] waiting for 30 seconds before reconnecting...
2025-10-07 20:20:39.126 [info] [remote-connection][ExtensionHost][8816c…][reconnect] A temporarily not available error occurred while trying to reconnect, will try again...
2025-10-07 20:20:39.127 [info] [remote-connection][ExtensionHost][8816c…][reconnect] waiting for 30 seconds before reconnecting...
2025-10-07 20:20:43.943 [info] [remote-connection][ExtensionHost][8816c…][reconnect] received socket timeout event (unacknowledgedMsgCount: 367, timeSinceOldestUnacknowledgedMsg: 775939, timeSinceLastReceivedSomeData: 906600).
2025-10-07 20:21:09.124 [info] [remote-connection][Management   ][58ebc…][reconnect] resolving connection...
2025-10-07 20:21:09.153 [info] Invoking resolveAuthority(ssh-remote)...
2025-10-07 20:21:09.153 [info] [LocalProcess0][resolveAuthority(ssh-remote,23)][0ms] obtaining proxy...
2025-10-07 20:21:09.156 [info] [LocalProcess0][resolveAuthority(ssh-remote,23)][4ms] invoking...
2025-10-07 20:21:09.159 [info] [remote-connection][ExtensionHost][8816c…][reconnect] resolving connection...
2025-10-07 20:21:09.165 [info] [remote-connection][ExtensionHost][8816c…][reconnect] received socket timeout event (unacknowledgedMsgCount: 368, timeSinceOldestUnacknowledgedMsg: 801161, timeSinceLastReceivedSomeData: 931822).
2025-10-07 20:21:10.157 [info] [LocalProcess0][resolveAuthority(ssh-remote,23)][1004ms] waiting...
2025-10-07 20:21:11.161 [info] [LocalProcess0][resolveAuthority(ssh-remote,23)][2004ms] waiting...
2025-10-07 20:21:12.157 [info] [LocalProcess0][resolveAuthority(ssh-remote,23)][3004ms] waiting...
2025-10-07 20:21:13.157 [info] [LocalProcess0][resolveAuthority(ssh-remote,23)][4004ms] waiting...
2025-10-07 20:21:14.157 [info] [LocalProcess0][resolveAuthority(ssh-remote,23)][5004ms] waiting...
2025-10-07 20:21:15.157 [info] [LocalProcess0][resolveAuthority(ssh-remote,23)][6004ms] waiting...
2025-10-07 20:21:16.157 [info] [LocalProcess0][resolveAuthority(ssh-remote,23)][7004ms] waiting...
2025-10-07 20:21:17.157 [info] [LocalProcess0][resolveAuthority(ssh-remote,23)][8004ms] waiting...
2025-10-07 20:21:18.157 [info] [LocalProcess0][resolveAuthority(ssh-remote,23)][9004ms] waiting...
2025-10-07 20:21:19.157 [info] [LocalProcess0][resolveAuthority(ssh-remote,23)][10004ms] waiting...
2025-10-07 20:21:20.157 [info] [LocalProcess0][resolveAuthority(ssh-remote,23)][11004ms] waiting...
2025-10-07 20:21:21.157 [info] [LocalProcess0][resolveAuthority(ssh-remote,23)][12004ms] waiting...
2025-10-07 20:21:22.157 [info] [LocalProcess0][resolveAuthority(ssh-remote,23)][13004ms] waiting...
2025-10-07 20:21:23.157 [info] [LocalProcess0][resolveAuthority(ssh-remote,23)][14004ms] waiting...
2025-10-07 20:21:24.157 [info] [LocalProcess0][resolveAuthority(ssh-remote,23)][15004ms] waiting...
2025-10-07 20:21:24.392 [error] [LocalProcess0][resolveAuthority(ssh-remote,23)][15240ms] returned an error {"code":"TemporarilyNotAvailable","message":"The connection timed out"}
2025-10-07 20:21:24.392 [error] resolveAuthority(ssh-remote) returned an error after 15240 ms The connection timed out
2025-10-07 20:21:24.393 [info] [remote-connection][Management   ][58ebc…][reconnect] A temporarily not available error occurred while trying to reconnect, will try again...
2025-10-07 20:21:24.393 [info] [remote-connection][Management   ][58ebc…][reconnect] waiting for 30 seconds before reconnecting...
2025-10-07 20:21:24.393 [info] [remote-connection][ExtensionHost][8816c…][reconnect] A temporarily not available error occurred while trying to reconnect, will try again...
2025-10-07 20:21:24.393 [info] [remote-connection][ExtensionHost][8816c…][reconnect] waiting for 30 seconds before reconnecting...
2025-10-07 20:21:29.166 [info] [remote-connection][ExtensionHost][8816c…][reconnect] received socket timeout event (unacknowledgedMsgCount: 387, timeSinceOldestUnacknowledgedMsg: 821162, timeSinceLastReceivedSomeData: 951823).
2025-10-07 20:21:54.394 [info] [remote-connection][Management   ][58ebc…][reconnect] resolving connection...
2025-10-07 20:21:54.428 [info] Invoking resolveAuthority(ssh-remote)...
2025-10-07 20:21:54.428 [info] [LocalProcess0][resolveAuthority(ssh-remote,24)][0ms] obtaining proxy...
2025-10-07 20:21:54.431 [info] [LocalProcess0][resolveAuthority(ssh-remote,24)][3ms] invoking...
2025-10-07 20:21:54.431 [info] [remote-connection][ExtensionHost][8816c…][reconnect] resolving connection...
2025-10-07 20:21:54.442 [info] [remote-connection][ExtensionHost][8816c…][reconnect] received socket timeout event (unacknowledgedMsgCount: 388, timeSinceOldestUnacknowledgedMsg: 846439, timeSinceLastReceivedSomeData: 977100).
2025-10-07 20:21:55.432 [info] [LocalProcess0][resolveAuthority(ssh-remote,24)][1003ms] waiting...
2025-10-07 20:21:56.432 [info] [LocalProcess0][resolveAuthority(ssh-remote,24)][2003ms] waiting...
2025-10-07 20:21:57.432 [info] [LocalProcess0][resolveAuthority(ssh-remote,24)][3003ms] waiting...
2025-10-07 20:21:58.432 [info] [LocalProcess0][resolveAuthority(ssh-remote,24)][4003ms] waiting...
2025-10-07 20:21:59.434 [info] [LocalProcess0][resolveAuthority(ssh-remote,24)][5003ms] waiting...
2025-10-07 20:22:00.432 [info] [LocalProcess0][resolveAuthority(ssh-remote,24)][6003ms] waiting...
2025-10-07 20:22:01.432 [info] [LocalProcess0][resolveAuthority(ssh-remote,24)][7003ms] waiting...
2025-10-07 20:22:02.432 [info] [LocalProcess0][resolveAuthority(ssh-remote,24)][8003ms] waiting...
2025-10-07 20:22:03.432 [info] [LocalProcess0][resolveAuthority(ssh-remote,24)][9003ms] waiting...
2025-10-07 20:22:04.432 [info] [LocalProcess0][resolveAuthority(ssh-remote,24)][10003ms] waiting...
2025-10-07 20:22:05.432 [info] [LocalProcess0][resolveAuthority(ssh-remote,24)][11003ms] waiting...
2025-10-07 20:22:06.432 [info] [LocalProcess0][resolveAuthority(ssh-remote,24)][12003ms] waiting...
2025-10-07 20:22:07.432 [info] [LocalProcess0][resolveAuthority(ssh-remote,24)][13003ms] waiting...
2025-10-07 20:22:08.432 [info] [LocalProcess0][resolveAuthority(ssh-remote,24)][14003ms] waiting...
2025-10-07 20:22:09.432 [info] [LocalProcess0][resolveAuthority(ssh-remote,24)][15003ms] waiting...
2025-10-07 20:22:09.689 [error] [LocalProcess0][resolveAuthority(ssh-remote,24)][15260ms] returned an error {"code":"TemporarilyNotAvailable","message":"The connection timed out"}
2025-10-07 20:22:09.689 [error] resolveAuthority(ssh-remote) returned an error after 15260 ms The connection timed out
2025-10-07 20:22:09.689 [info] [remote-connection][Management   ][58ebc…][reconnect] A temporarily not available error occurred while trying to reconnect, will try again...
2025-10-07 20:22:09.689 [info] [remote-connection][Management   ][58ebc…][reconnect] waiting for 30 seconds before reconnecting...
2025-10-07 20:22:09.690 [info] [remote-connection][ExtensionHost][8816c…][reconnect] A temporarily not available error occurred while trying to reconnect, will try again...
2025-10-07 20:22:09.690 [info] [remote-connection][ExtensionHost][8816c…][reconnect] waiting for 30 seconds before reconnecting...
2025-10-07 20:22:14.443 [info] [remote-connection][ExtensionHost][8816c…][reconnect] received socket timeout event (unacknowledgedMsgCount: 407, timeSinceOldestUnacknowledgedMsg: 866439, timeSinceLastReceivedSomeData: 997100).
2025-10-07 20:22:39.690 [info] [remote-connection][Management   ][58ebc…][reconnect] resolving connection...
2025-10-07 20:22:39.732 [info] Invoking resolveAuthority(ssh-remote)...
2025-10-07 20:22:39.732 [info] [LocalProcess0][resolveAuthority(ssh-remote,25)][0ms] obtaining proxy...
2025-10-07 20:22:39.734 [info] [LocalProcess0][resolveAuthority(ssh-remote,25)][2ms] invoking...
2025-10-07 20:22:39.737 [info] [remote-connection][ExtensionHost][8816c…][reconnect] resolving connection...
2025-10-07 20:22:39.768 [info] [remote-connection][ExtensionHost][8816c…][reconnect] received socket timeout event (unacknowledgedMsgCount: 408, timeSinceOldestUnacknowledgedMsg: 891765, timeSinceLastReceivedSomeData: 1022426).
2025-10-07 20:22:40.735 [info] [LocalProcess0][resolveAuthority(ssh-remote,25)][1002ms] waiting...
2025-10-07 20:22:41.736 [info] [LocalProcess0][resolveAuthority(ssh-remote,25)][2002ms] waiting...
2025-10-07 20:22:42.736 [info] [LocalProcess0][resolveAuthority(ssh-remote,25)][3002ms] waiting...
2025-10-07 20:22:43.736 [info] [LocalProcess0][resolveAuthority(ssh-remote,25)][4002ms] waiting...
2025-10-07 20:22:44.736 [info] [LocalProcess0][resolveAuthority(ssh-remote,25)][5003ms] waiting...
2025-10-07 20:22:45.736 [info] [LocalProcess0][resolveAuthority(ssh-remote,25)][6003ms] waiting...
2025-10-07 20:22:46.735 [info] [LocalProcess0][resolveAuthority(ssh-remote,25)][7002ms] waiting...
2025-10-07 20:22:47.736 [info] [LocalProcess0][resolveAuthority(ssh-remote,25)][8002ms] waiting...
2025-10-07 20:22:48.736 [info] [LocalProcess0][resolveAuthority(ssh-remote,25)][9002ms] waiting...
2025-10-07 20:22:49.736 [info] [LocalProcess0][resolveAuthority(ssh-remote,25)][10002ms] waiting...
2025-10-07 20:22:50.736 [info] [LocalProcess0][resolveAuthority(ssh-remote,25)][11002ms] waiting...
2025-10-07 20:22:51.735 [info] [LocalProcess0][resolveAuthority(ssh-remote,25)][12002ms] waiting...
2025-10-07 20:22:52.736 [info] [LocalProcess0][resolveAuthority(ssh-remote,25)][13002ms] waiting...
2025-10-07 20:22:53.735 [info] [LocalProcess0][resolveAuthority(ssh-remote,25)][14002ms] waiting...
2025-10-07 20:22:54.736 [info] [LocalProcess0][resolveAuthority(ssh-remote,25)][15003ms] waiting...
2025-10-07 20:22:55.001 [error] [LocalProcess0][resolveAuthority(ssh-remote,25)][15269ms] returned an error {"code":"TemporarilyNotAvailable","message":"The connection timed out"}
2025-10-07 20:22:55.002 [error] resolveAuthority(ssh-remote) returned an error after 15269 ms The connection timed out
2025-10-07 20:22:55.002 [info] [remote-connection][Management   ][58ebc…][reconnect] A temporarily not available error occurred while trying to reconnect, will try again...
2025-10-07 20:22:55.003 [info] [remote-connection][Management   ][58ebc…][reconnect] waiting for 30 seconds before reconnecting...
2025-10-07 20:22:55.003 [info] [remote-connection][ExtensionHost][8816c…][reconnect] A temporarily not available error occurred while trying to reconnect, will try again...
2025-10-07 20:22:55.003 [info] [remote-connection][ExtensionHost][8816c…][reconnect] waiting for 30 seconds before reconnecting...
2025-10-07 20:22:59.769 [info] [remote-connection][ExtensionHost][8816c…][reconnect] received socket timeout event (unacknowledgedMsgCount: 423, timeSinceOldestUnacknowledgedMsg: 911765, timeSinceLastReceivedSomeData: 1042426).
2025-10-07 20:23:25.003 [info] [remote-connection][Management   ][58ebc…][reconnect] resolving connection...
2025-10-07 20:23:25.041 [info] Invoking resolveAuthority(ssh-remote)...
2025-10-07 20:23:25.041 [info] [LocalProcess0][resolveAuthority(ssh-remote,26)][0ms] obtaining proxy...
2025-10-07 20:23:25.043 [info] [LocalProcess0][resolveAuthority(ssh-remote,26)][2ms] invoking...
2025-10-07 20:23:25.046 [info] [remote-connection][ExtensionHost][8816c…][reconnect] resolving connection...
2025-10-07 20:23:25.053 [info] [remote-connection][ExtensionHost][8816c…][reconnect] received socket timeout event (unacknowledgedMsgCount: 424, timeSinceOldestUnacknowledgedMsg: 937050, timeSinceLastReceivedSomeData: 1067711).
2025-10-07 20:23:26.044 [info] [LocalProcess0][resolveAuthority(ssh-remote,26)][1002ms] waiting...
2025-10-07 20:23:27.045 [info] [LocalProcess0][resolveAuthority(ssh-remote,26)][2002ms] waiting...
2025-10-07 20:23:28.044 [info] [LocalProcess0][resolveAuthority(ssh-remote,26)][3002ms] waiting...
2025-10-07 20:23:29.044 [info] [LocalProcess0][resolveAuthority(ssh-remote,26)][4002ms] waiting...
2025-10-07 20:23:30.044 [info] [LocalProcess0][resolveAuthority(ssh-remote,26)][5002ms] waiting...
2025-10-07 20:23:31.044 [info] [LocalProcess0][resolveAuthority(ssh-remote,26)][6002ms] waiting...
2025-10-07 20:23:32.044 [info] [LocalProcess0][resolveAuthority(ssh-remote,26)][7002ms] waiting...
2025-10-07 20:23:33.044 [info] [LocalProcess0][resolveAuthority(ssh-remote,26)][8002ms] waiting...
2025-10-07 20:23:34.044 [info] [LocalProcess0][resolveAuthority(ssh-remote,26)][9002ms] waiting...
2025-10-07 20:23:35.044 [info] [LocalProcess0][resolveAuthority(ssh-remote,26)][10002ms] waiting...
2025-10-07 20:23:36.044 [info] [LocalProcess0][resolveAuthority(ssh-remote,26)][11002ms] waiting...
2025-10-07 20:23:37.044 [info] [LocalProcess0][resolveAuthority(ssh-remote,26)][12002ms] waiting...
2025-10-07 20:23:38.044 [info] [LocalProcess0][resolveAuthority(ssh-remote,26)][13002ms] waiting...
2025-10-07 20:23:39.044 [info] [LocalProcess0][resolveAuthority(ssh-remote,26)][14002ms] waiting...
2025-10-07 20:23:40.044 [info] [LocalProcess0][resolveAuthority(ssh-remote,26)][15002ms] waiting...
2025-10-07 20:23:40.272 [error] [LocalProcess0][resolveAuthority(ssh-remote,26)][15230ms] returned an error {"code":"TemporarilyNotAvailable","message":"The connection timed out"}
2025-10-07 20:23:40.273 [error] resolveAuthority(ssh-remote) returned an error after 15232 ms The connection timed out
2025-10-07 20:23:40.274 [info] [remote-connection][Management   ][58ebc…][reconnect] A temporarily not available error occurred while trying to reconnect, will try again...
2025-10-07 20:23:40.274 [info] [remote-connection][Management   ][58ebc…][reconnect] waiting for 30 seconds before reconnecting...
2025-10-07 20:23:40.275 [info] [remote-connection][ExtensionHost][8816c…][reconnect] A temporarily not available error occurred while trying to reconnect, will try again...
2025-10-07 20:23:40.276 [info] [remote-connection][ExtensionHost][8816c…][reconnect] waiting for 30 seconds before reconnecting...
2025-10-07 20:23:45.055 [info] [remote-connection][ExtensionHost][8816c…][reconnect] received socket timeout event (unacknowledgedMsgCount: 443, timeSinceOldestUnacknowledgedMsg: 957050, timeSinceLastReceivedSomeData: 1087711).
2025-10-07 20:24:10.274 [info] [remote-connection][Management   ][58ebc…][reconnect] resolving connection...
2025-10-07 20:24:10.304 [info] Invoking resolveAuthority(ssh-remote)...
2025-10-07 20:24:10.305 [info] [LocalProcess0][resolveAuthority(ssh-remote,27)][0ms] obtaining proxy...
2025-10-07 20:24:10.307 [info] [LocalProcess0][resolveAuthority(ssh-remote,27)][3ms] invoking...
2025-10-07 20:24:10.311 [info] [remote-connection][ExtensionHost][8816c…][reconnect] resolving connection...
2025-10-07 20:24:10.316 [info] [remote-connection][ExtensionHost][8816c…][reconnect] received socket timeout event (unacknowledgedMsgCount: 444, timeSinceOldestUnacknowledgedMsg: 982313, timeSinceLastReceivedSomeData: 1112974).
2025-10-07 20:24:11.309 [info] [LocalProcess0][resolveAuthority(ssh-remote,27)][1003ms] waiting...
2025-10-07 20:24:12.309 [info] [LocalProcess0][resolveAuthority(ssh-remote,27)][2003ms] waiting...
2025-10-07 20:24:13.309 [info] [LocalProcess0][resolveAuthority(ssh-remote,27)][3003ms] waiting...
2025-10-07 20:24:14.309 [info] [LocalProcess0][resolveAuthority(ssh-remote,27)][4003ms] waiting...
2025-10-07 20:24:15.308 [info] [LocalProcess0][resolveAuthority(ssh-remote,27)][5003ms] waiting...
2025-10-07 20:24:16.308 [info] [LocalProcess0][resolveAuthority(ssh-remote,27)][6003ms] waiting...
2025-10-07 20:24:17.309 [info] [LocalProcess0][resolveAuthority(ssh-remote,27)][7003ms] waiting...
2025-10-07 20:24:18.308 [info] [LocalProcess0][resolveAuthority(ssh-remote,27)][8003ms] waiting...
2025-10-07 20:24:19.308 [info] [LocalProcess0][resolveAuthority(ssh-remote,27)][9003ms] waiting...
2025-10-07 20:24:20.309 [info] [LocalProcess0][resolveAuthority(ssh-remote,27)][10003ms] waiting...
2025-10-07 20:24:21.309 [info] [LocalProcess0][resolveAuthority(ssh-remote,27)][11003ms] waiting...
2025-10-07 20:24:22.309 [info] [LocalProcess0][resolveAuthority(ssh-remote,27)][12003ms] waiting...
2025-10-07 20:24:23.308 [info] [LocalProcess0][resolveAuthority(ssh-remote,27)][13003ms] waiting...
2025-10-07 20:24:24.309 [info] [LocalProcess0][resolveAuthority(ssh-remote,27)][14003ms] waiting...
2025-10-07 20:24:25.309 [info] [LocalProcess0][resolveAuthority(ssh-remote,27)][15003ms] waiting...
2025-10-07 20:24:25.491 [error] [LocalProcess0][resolveAuthority(ssh-remote,27)][15186ms] returned an error {"code":"TemporarilyNotAvailable","message":"The connection timed out"}
2025-10-07 20:24:25.491 [error] resolveAuthority(ssh-remote) returned an error after 15187 ms The connection timed out
2025-10-07 20:24:25.492 [info] [remote-connection][Management   ][58ebc…][reconnect] A temporarily not available error occurred while trying to reconnect, will try again...
2025-10-07 20:24:25.492 [info] [remote-connection][Management   ][58ebc…][reconnect] waiting for 30 seconds before reconnecting...
2025-10-07 20:24:25.492 [info] [remote-connection][ExtensionHost][8816c…][reconnect] A temporarily not available error occurred while trying to reconnect, will try again...
2025-10-07 20:24:25.493 [info] [remote-connection][ExtensionHost][8816c…][reconnect] waiting for 30 seconds before reconnecting...
2025-10-07 20:24:30.317 [info] [remote-connection][ExtensionHost][8816c…][reconnect] received socket timeout event (unacknowledgedMsgCount: 463, timeSinceOldestUnacknowledgedMsg: 1002313, timeSinceLastReceivedSomeData: 1132974).
2025-10-07 20:24:55.492 [info] [remote-connection][Management   ][58ebc…][reconnect] resolving connection...
2025-10-07 20:24:55.528 [info] Invoking resolveAuthority(ssh-remote)...
2025-10-07 20:24:55.528 [info] [LocalProcess0][resolveAuthority(ssh-remote,28)][0ms] obtaining proxy...
2025-10-07 20:24:55.531 [info] [LocalProcess0][resolveAuthority(ssh-remote,28)][3ms] invoking...
2025-10-07 20:24:55.533 [info] [remote-connection][ExtensionHost][8816c…][reconnect] resolving connection...
2025-10-07 20:24:55.540 [info] [remote-connection][ExtensionHost][8816c…][reconnect] received socket timeout event (unacknowledgedMsgCount: 464, timeSinceOldestUnacknowledgedMsg: 1027537, timeSinceLastReceivedSomeData: 1158198).
2025-10-07 20:24:56.533 [info] [LocalProcess0][resolveAuthority(ssh-remote,28)][1003ms] waiting...
2025-10-07 20:24:57.533 [info] [LocalProcess0][resolveAuthority(ssh-remote,28)][2003ms] waiting...
2025-10-07 20:24:58.532 [info] [LocalProcess0][resolveAuthority(ssh-remote,28)][3003ms] waiting...
2025-10-07 20:24:59.532 [info] [LocalProcess0][resolveAuthority(ssh-remote,28)][4003ms] waiting...
2025-10-07 20:25:00.533 [info] [LocalProcess0][resolveAuthority(ssh-remote,28)][5003ms] waiting...
2025-10-07 20:25:01.532 [info] [LocalProcess0][resolveAuthority(ssh-remote,28)][6003ms] waiting...
2025-10-07 20:25:02.532 [info] [LocalProcess0][resolveAuthority(ssh-remote,28)][7003ms] waiting...
2025-10-07 20:25:03.533 [info] [LocalProcess0][resolveAuthority(ssh-remote,28)][8003ms] waiting...
2025-10-07 20:25:04.533 [info] [LocalProcess0][resolveAuthority(ssh-remote,28)][9003ms] waiting...
2025-10-07 20:25:05.532 [info] [LocalProcess0][resolveAuthority(ssh-remote,28)][10003ms] waiting...
2025-10-07 20:25:06.532 [info] [LocalProcess0][resolveAuthority(ssh-remote,28)][11003ms] waiting...
2025-10-07 20:25:07.532 [info] [LocalProcess0][resolveAuthority(ssh-remote,28)][12003ms] waiting...
2025-10-07 20:25:08.532 [info] [LocalProcess0][resolveAuthority(ssh-remote,28)][13003ms] waiting...
2025-10-07 20:25:09.533 [info] [LocalProcess0][resolveAuthority(ssh-remote,28)][14003ms] waiting...
2025-10-07 20:25:10.533 [info] [LocalProcess0][resolveAuthority(ssh-remote,28)][15003ms] waiting...
2025-10-07 20:25:10.710 [error] [LocalProcess0][resolveAuthority(ssh-remote,28)][15182ms] returned an error {"code":"TemporarilyNotAvailable","message":"The connection timed out"}
2025-10-07 20:25:10.711 [error] resolveAuthority(ssh-remote) returned an error after 15182 ms The connection timed out
2025-10-07 20:25:10.712 [info] [remote-connection][Management   ][58ebc…][reconnect] A temporarily not available error occurred while trying to reconnect, will try again...
2025-10-07 20:25:10.712 [info] [remote-connection][Management   ][58ebc…][reconnect] waiting for 30 seconds before reconnecting...
2025-10-07 20:25:10.713 [info] [remote-connection][ExtensionHost][8816c…][reconnect] A temporarily not available error occurred while trying to reconnect, will try again...
2025-10-07 20:25:10.714 [info] [remote-connection][ExtensionHost][8816c…][reconnect] waiting for 30 seconds before reconnecting...
2025-10-07 20:25:15.542 [info] [remote-connection][ExtensionHost][8816c…][reconnect] received socket timeout event (unacknowledgedMsgCount: 481, timeSinceOldestUnacknowledgedMsg: 1047537, timeSinceLastReceivedSomeData: 1178198).
2025-10-07 20:25:40.712 [info] [remote-connection][Management   ][58ebc…][reconnect] resolving connection...
2025-10-07 20:25:40.753 [info] Invoking resolveAuthority(ssh-remote)...
2025-10-07 20:25:40.753 [info] [LocalProcess0][resolveAuthority(ssh-remote,29)][0ms] obtaining proxy...
2025-10-07 20:25:40.755 [info] [LocalProcess0][resolveAuthority(ssh-remote,29)][3ms] invoking...
2025-10-07 20:25:40.760 [info] [remote-connection][ExtensionHost][8816c…][reconnect] resolving connection...
2025-10-07 20:25:40.779 [info] [remote-connection][ExtensionHost][8816c…][reconnect] received socket timeout event (unacknowledgedMsgCount: 482, timeSinceOldestUnacknowledgedMsg: 1072775, timeSinceLastReceivedSomeData: 1203436).
2025-10-07 20:25:41.756 [info] [LocalProcess0][resolveAuthority(ssh-remote,29)][1003ms] waiting...
2025-10-07 20:25:42.756 [info] [LocalProcess0][resolveAuthority(ssh-remote,29)][2003ms] waiting...
2025-10-07 20:25:43.757 [info] [LocalProcess0][resolveAuthority(ssh-remote,29)][3004ms] waiting...
2025-10-07 20:25:44.757 [info] [LocalProcess0][resolveAuthority(ssh-remote,29)][4004ms] waiting...
2025-10-07 20:25:45.756 [info] [LocalProcess0][resolveAuthority(ssh-remote,29)][5003ms] waiting...
2025-10-07 20:25:46.757 [info] [LocalProcess0][resolveAuthority(ssh-remote,29)][6004ms] waiting...
2025-10-07 20:25:47.757 [info] [LocalProcess0][resolveAuthority(ssh-remote,29)][7004ms] waiting...
2025-10-07 20:25:48.757 [info] [LocalProcess0][resolveAuthority(ssh-remote,29)][8004ms] waiting...
2025-10-07 20:25:49.757 [info] [LocalProcess0][resolveAuthority(ssh-remote,29)][9004ms] waiting...
2025-10-07 20:25:50.757 [info] [LocalProcess0][resolveAuthority(ssh-remote,29)][10004ms] waiting...
2025-10-07 20:25:51.757 [info] [LocalProcess0][resolveAuthority(ssh-remote,29)][11004ms] waiting...
2025-10-07 20:25:52.757 [info] [LocalProcess0][resolveAuthority(ssh-remote,29)][12003ms] waiting...
2025-10-07 20:25:53.757 [info] [LocalProcess0][resolveAuthority(ssh-remote,29)][13004ms] waiting...
2025-10-07 20:25:54.757 [info] [LocalProcess0][resolveAuthority(ssh-remote,29)][14004ms] waiting...
2025-10-07 20:25:55.756 [info] [LocalProcess0][resolveAuthority(ssh-remote,29)][15003ms] waiting...
2025-10-07 20:25:56.003 [error] [LocalProcess0][resolveAuthority(ssh-remote,29)][15250ms] returned an error {"code":"TemporarilyNotAvailable","message":"The connection timed out"}
2025-10-07 20:25:56.004 [error] resolveAuthority(ssh-remote) returned an error after 15250 ms The connection timed out
2025-10-07 20:25:56.004 [info] [remote-connection][Management   ][58ebc…][reconnect] A temporarily not available error occurred while trying to reconnect, will try again...
2025-10-07 20:25:56.005 [info] [remote-connection][Management   ][58ebc…][reconnect] waiting for 30 seconds before reconnecting...
2025-10-07 20:25:56.006 [info] [remote-connection][ExtensionHost][8816c…][reconnect] A temporarily not available error occurred while trying to reconnect, will try again...
2025-10-07 20:25:56.006 [info] [remote-connection][ExtensionHost][8816c…][reconnect] waiting for 30 seconds before reconnecting...
2025-10-07 20:26:00.779 [info] [remote-connection][ExtensionHost][8816c…][reconnect] received socket timeout event (unacknowledgedMsgCount: 497, timeSinceOldestUnacknowledgedMsg: 1092775, timeSinceLastReceivedSomeData: 1223436).
2025-10-07 20:26:26.004 [info] [remote-connection][Management   ][58ebc…][reconnect] resolving connection...
2025-10-07 20:26:26.039 [info] Invoking resolveAuthority(ssh-remote)...
2025-10-07 20:26:26.039 [info] [LocalProcess0][resolveAuthority(ssh-remote,30)][0ms] obtaining proxy...
2025-10-07 20:26:26.041 [info] [LocalProcess0][resolveAuthority(ssh-remote,30)][2ms] invoking...
2025-10-07 20:26:26.045 [info] [remote-connection][ExtensionHost][8816c…][reconnect] resolving connection...
2025-10-07 20:26:26.061 [info] [remote-connection][ExtensionHost][8816c…][reconnect] received socket timeout event (unacknowledgedMsgCount: 498, timeSinceOldestUnacknowledgedMsg: 1118057, timeSinceLastReceivedSomeData: 1248718).
2025-10-07 20:26:27.043 [info] [LocalProcess0][resolveAuthority(ssh-remote,30)][1002ms] waiting...
2025-10-07 20:26:28.043 [info] [LocalProcess0][resolveAuthority(ssh-remote,30)][2002ms] waiting...
2025-10-07 20:26:29.043 [info] [LocalProcess0][resolveAuthority(ssh-remote,30)][3002ms] waiting...
2025-10-07 20:26:30.043 [info] [LocalProcess0][resolveAuthority(ssh-remote,30)][4002ms] waiting...
2025-10-07 20:26:31.043 [info] [LocalProcess0][resolveAuthority(ssh-remote,30)][5002ms] waiting...
2025-10-07 20:26:32.043 [info] [LocalProcess0][resolveAuthority(ssh-remote,30)][6002ms] waiting...
2025-10-07 20:26:33.043 [info] [LocalProcess0][resolveAuthority(ssh-remote,30)][7002ms] waiting...
2025-10-07 20:26:34.043 [info] [LocalProcess0][resolveAuthority(ssh-remote,30)][8002ms] waiting...
2025-10-07 20:26:35.043 [info] [LocalProcess0][resolveAuthority(ssh-remote,30)][9002ms] waiting...
2025-10-07 20:26:36.042 [info] [LocalProcess0][resolveAuthority(ssh-remote,30)][10002ms] waiting...
2025-10-07 20:26:37.043 [info] [LocalProcess0][resolveAuthority(ssh-remote,30)][11002ms] waiting...
2025-10-07 20:26:38.043 [info] [LocalProcess0][resolveAuthority(ssh-remote,30)][12002ms] waiting...
2025-10-07 20:26:39.043 [info] [LocalProcess0][resolveAuthority(ssh-remote,30)][13002ms] waiting...
2025-10-07 20:26:40.043 [info] [LocalProcess0][resolveAuthority(ssh-remote,30)][14002ms] waiting...
2025-10-07 20:26:41.042 [info] [LocalProcess0][resolveAuthority(ssh-remote,30)][15002ms] waiting...
2025-10-07 20:26:41.271 [error] [LocalProcess0][resolveAuthority(ssh-remote,30)][15231ms] returned an error {"code":"TemporarilyNotAvailable","message":"The connection timed out"}
2025-10-07 20:26:41.273 [error] resolveAuthority(ssh-remote) returned an error after 15233 ms The connection timed out
2025-10-07 20:26:41.273 [info] [remote-connection][Management   ][58ebc…][reconnect] A temporarily not available error occurred while trying to reconnect, will try again...
2025-10-07 20:26:41.274 [info] [remote-connection][Management   ][58ebc…][reconnect] waiting for 30 seconds before reconnecting...
2025-10-07 20:26:41.274 [info] [remote-connection][ExtensionHost][8816c…][reconnect] A temporarily not available error occurred while trying to reconnect, will try again...
2025-10-07 20:26:41.275 [info] [remote-connection][ExtensionHost][8816c…][reconnect] waiting for 30 seconds before reconnecting...
2025-10-07 20:26:46.062 [info] [remote-connection][ExtensionHost][8816c…][reconnect] received socket timeout event (unacknowledgedMsgCount: 513, timeSinceOldestUnacknowledgedMsg: 1138058, timeSinceLastReceivedSomeData: 1268719).
2025-10-07 20:27:11.273 [info] [remote-connection][Management   ][58ebc…][reconnect] resolving connection...
2025-10-07 20:27:11.306 [info] Invoking resolveAuthority(ssh-remote)...
2025-10-07 20:27:11.307 [info] [LocalProcess0][resolveAuthority(ssh-remote,31)][0ms] obtaining proxy...
2025-10-07 20:27:11.309 [info] [LocalProcess0][resolveAuthority(ssh-remote,31)][3ms] invoking...
2025-10-07 20:27:11.313 [info] [remote-connection][ExtensionHost][8816c…][reconnect] resolving connection...
2025-10-07 20:27:11.317 [info] [remote-connection][ExtensionHost][8816c…][reconnect] received socket timeout event (unacknowledgedMsgCount: 514, timeSinceOldestUnacknowledgedMsg: 1163314, timeSinceLastReceivedSomeData: 1293975).
2025-10-07 20:27:12.310 [info] [LocalProcess0][resolveAuthority(ssh-remote,31)][1003ms] waiting...
2025-10-07 20:27:13.311 [info] [LocalProcess0][resolveAuthority(ssh-remote,31)][2003ms] waiting...
2025-10-07 20:27:14.310 [info] [LocalProcess0][resolveAuthority(ssh-remote,31)][3003ms] waiting...
2025-10-07 20:27:15.311 [info] [LocalProcess0][resolveAuthority(ssh-remote,31)][4003ms] waiting...
2025-10-07 20:27:16.310 [info] [LocalProcess0][resolveAuthority(ssh-remote,31)][5003ms] waiting...
2025-10-07 20:27:17.310 [info] [LocalProcess0][resolveAuthority(ssh-remote,31)][6003ms] waiting...
2025-10-07 20:27:18.310 [info] [LocalProcess0][resolveAuthority(ssh-remote,31)][7003ms] waiting...
2025-10-07 20:27:19.310 [info] [LocalProcess0][resolveAuthority(ssh-remote,31)][8003ms] waiting...
2025-10-07 20:27:20.310 [info] [LocalProcess0][resolveAuthority(ssh-remote,31)][9003ms] waiting...
2025-10-07 20:27:21.310 [info] [LocalProcess0][resolveAuthority(ssh-remote,31)][10003ms] waiting...
2025-10-07 20:27:22.311 [info] [LocalProcess0][resolveAuthority(ssh-remote,31)][11003ms] waiting...
2025-10-07 20:27:23.310 [info] [LocalProcess0][resolveAuthority(ssh-remote,31)][12003ms] waiting...
2025-10-07 20:27:24.311 [info] [LocalProcess0][resolveAuthority(ssh-remote,31)][13003ms] waiting...
2025-10-07 20:27:25.310 [info] [LocalProcess0][resolveAuthority(ssh-remote,31)][14003ms] waiting...
2025-10-07 20:27:26.310 [info] [LocalProcess0][resolveAuthority(ssh-remote,31)][15003ms] waiting...
2025-10-07 20:27:26.539 [error] [LocalProcess0][resolveAuthority(ssh-remote,31)][15233ms] returned an error {"code":"TemporarilyNotAvailable","message":"The connection timed out"}
2025-10-07 20:27:26.540 [error] resolveAuthority(ssh-remote) returned an error after 15233 ms The connection timed out
2025-10-07 20:27:26.540 [info] [remote-connection][Management   ][58ebc…][reconnect] A temporarily not available error occurred while trying to reconnect, will try again...
2025-10-07 20:27:26.540 [info] [remote-connection][Management   ][58ebc…][reconnect] waiting for 30 seconds before reconnecting...
2025-10-07 20:27:26.541 [info] [remote-connection][ExtensionHost][8816c…][reconnect] A temporarily not available error occurred while trying to reconnect, will try again...
2025-10-07 20:27:26.541 [info] [remote-connection][ExtensionHost][8816c…][reconnect] waiting for 30 seconds before reconnecting...
2025-10-07 20:27:31.319 [info] [remote-connection][ExtensionHost][8816c…][reconnect] received socket timeout event (unacknowledgedMsgCount: 531, timeSinceOldestUnacknowledgedMsg: 1183315, timeSinceLastReceivedSomeData: 1313976).
2025-10-07 20:27:56.541 [info] [remote-connection][Management   ][58ebc…][reconnect] resolving connection...
2025-10-07 20:27:56.578 [info] Invoking resolveAuthority(ssh-remote)...
2025-10-07 20:27:56.578 [info] [LocalProcess0][resolveAuthority(ssh-remote,32)][0ms] obtaining proxy...
2025-10-07 20:27:56.581 [info] [LocalProcess0][resolveAuthority(ssh-remote,32)][2ms] invoking...
2025-10-07 20:27:56.585 [info] [remote-connection][ExtensionHost][8816c…][reconnect] resolving connection...
2025-10-07 20:27:56.590 [info] [remote-connection][ExtensionHost][8816c…][reconnect] received socket timeout event (unacknowledgedMsgCount: 532, timeSinceOldestUnacknowledgedMsg: 1208587, timeSinceLastReceivedSomeData: 1339248).
2025-10-07 20:27:57.582 [info] [LocalProcess0][resolveAuthority(ssh-remote,32)][1003ms] waiting...
2025-10-07 20:27:58.587 [info] [LocalProcess0][resolveAuthority(ssh-remote,32)][2003ms] waiting...
2025-10-07 20:27:59.582 [info] [LocalProcess0][resolveAuthority(ssh-remote,32)][3003ms] waiting...
2025-10-07 20:28:00.582 [info] [LocalProcess0][resolveAuthority(ssh-remote,32)][4003ms] waiting...
2025-10-07 20:28:01.582 [info] [LocalProcess0][resolveAuthority(ssh-remote,32)][5003ms] waiting...
2025-10-07 20:28:02.582 [info] [LocalProcess0][resolveAuthority(ssh-remote,32)][6003ms] waiting...
2025-10-07 20:28:03.582 [info] [LocalProcess0][resolveAuthority(ssh-remote,32)][7003ms] waiting...
2025-10-07 20:28:04.582 [info] [LocalProcess0][resolveAuthority(ssh-remote,32)][8003ms] waiting...
2025-10-07 20:28:05.582 [info] [LocalProcess0][resolveAuthority(ssh-remote,32)][9003ms] waiting...
2025-10-07 20:28:06.583 [info] [LocalProcess0][resolveAuthority(ssh-remote,32)][10003ms] waiting...
2025-10-07 20:28:07.582 [info] [LocalProcess0][resolveAuthority(ssh-remote,32)][11003ms] waiting...
2025-10-07 20:28:08.581 [info] [LocalProcess0][resolveAuthority(ssh-remote,32)][12003ms] waiting...
2025-10-07 20:28:09.582 [info] [LocalProcess0][resolveAuthority(ssh-remote,32)][13003ms] waiting...
2025-10-07 20:28:10.582 [info] [LocalProcess0][resolveAuthority(ssh-remote,32)][14003ms] waiting...
2025-10-07 20:28:11.582 [info] [LocalProcess0][resolveAuthority(ssh-remote,32)][15003ms] waiting...
2025-10-07 20:28:11.787 [error] [LocalProcess0][resolveAuthority(ssh-remote,32)][15208ms] returned an error {"code":"TemporarilyNotAvailable","message":"The connection timed out"}
2025-10-07 20:28:11.788 [error] resolveAuthority(ssh-remote) returned an error after 15210 ms The connection timed out
2025-10-07 20:28:11.789 [info] [remote-connection][Management   ][58ebc…][reconnect] A temporarily not available error occurred while trying to reconnect, will try again...
2025-10-07 20:28:11.789 [info] [remote-connection][Management   ][58ebc…][reconnect] waiting for 30 seconds before reconnecting...
2025-10-07 20:28:11.790 [info] [remote-connection][ExtensionHost][8816c…][reconnect] A temporarily not available error occurred while trying to reconnect, will try again...
2025-10-07 20:28:11.791 [info] [remote-connection][ExtensionHost][8816c…][reconnect] waiting for 30 seconds before reconnecting...
2025-10-07 20:28:16.591 [info] [remote-connection][ExtensionHost][8816c…][reconnect] received socket timeout event (unacknowledgedMsgCount: 551, timeSinceOldestUnacknowledgedMsg: 1228587, timeSinceLastReceivedSomeData: 1359248).
2025-10-07 20:28:41.789 [info] [remote-connection][Management   ][58ebc…][reconnect] resolving connection...
2025-10-07 20:28:41.824 [info] Invoking resolveAuthority(ssh-remote)...
2025-10-07 20:28:41.824 [info] [LocalProcess0][resolveAuthority(ssh-remote,33)][0ms] obtaining proxy...
2025-10-07 20:28:41.827 [info] [LocalProcess0][resolveAuthority(ssh-remote,33)][3ms] invoking...
2025-10-07 20:28:41.832 [info] [remote-connection][ExtensionHost][8816c…][reconnect] resolving connection...
2025-10-07 20:28:41.839 [info] [remote-connection][ExtensionHost][8816c…][reconnect] received socket timeout event (unacknowledgedMsgCount: 552, timeSinceOldestUnacknowledgedMsg: 1253836, timeSinceLastReceivedSomeData: 1384497).
2025-10-07 20:28:42.827 [info] [LocalProcess0][resolveAuthority(ssh-remote,33)][1003ms] waiting...
2025-10-07 20:28:43.827 [info] [LocalProcess0][resolveAuthority(ssh-remote,33)][2004ms] waiting...
2025-10-07 20:28:44.828 [info] [LocalProcess0][resolveAuthority(ssh-remote,33)][3004ms] waiting...
2025-10-07 20:28:45.828 [info] [LocalProcess0][resolveAuthority(ssh-remote,33)][4004ms] waiting...
2025-10-07 20:28:46.828 [info] [LocalProcess0][resolveAuthority(ssh-remote,33)][5004ms] waiting...
2025-10-07 20:28:47.828 [info] [LocalProcess0][resolveAuthority(ssh-remote,33)][6004ms] waiting...
2025-10-07 20:28:48.828 [info] [LocalProcess0][resolveAuthority(ssh-remote,33)][7004ms] waiting...
2025-10-07 20:28:49.828 [info] [LocalProcess0][resolveAuthority(ssh-remote,33)][8004ms] waiting...
2025-10-07 20:28:50.828 [info] [LocalProcess0][resolveAuthority(ssh-remote,33)][9004ms] waiting...
2025-10-07 20:28:51.828 [info] [LocalProcess0][resolveAuthority(ssh-remote,33)][10004ms] waiting...
2025-10-07 20:28:52.828 [info] [LocalProcess0][resolveAuthority(ssh-remote,33)][11004ms] waiting...
2025-10-07 20:28:53.827 [info] [LocalProcess0][resolveAuthority(ssh-remote,33)][12004ms] waiting...
2025-10-07 20:28:54.828 [info] [LocalProcess0][resolveAuthority(ssh-remote,33)][13004ms] waiting...
2025-10-07 20:28:55.828 [info] [LocalProcess0][resolveAuthority(ssh-remote,33)][14003ms] waiting...
2025-10-07 20:28:56.828 [info] [LocalProcess0][resolveAuthority(ssh-remote,33)][15004ms] waiting...
2025-10-07 20:28:57.078 [error] [LocalProcess0][resolveAuthority(ssh-remote,33)][15254ms] returned an error {"code":"TemporarilyNotAvailable","message":"The connection timed out"}
2025-10-07 20:28:57.079 [error] resolveAuthority(ssh-remote) returned an error after 15255 ms The connection timed out
2025-10-07 20:28:57.079 [info] [remote-connection][Management   ][58ebc…][reconnect] A temporarily not available error occurred while trying to reconnect, will try again...
2025-10-07 20:28:57.080 [info] [remote-connection][Management   ][58ebc…][reconnect] waiting for 30 seconds before reconnecting...
2025-10-07 20:28:57.080 [info] [remote-connection][ExtensionHost][8816c…][reconnect] A temporarily not available error occurred while trying to reconnect, will try again...
2025-10-07 20:28:57.081 [info] [remote-connection][ExtensionHost][8816c…][reconnect] waiting for 30 seconds before reconnecting...
2025-10-07 20:29:01.842 [info] [remote-connection][ExtensionHost][8816c…][reconnect] received socket timeout event (unacknowledgedMsgCount: 569, timeSinceOldestUnacknowledgedMsg: 1273837, timeSinceLastReceivedSomeData: 1404498).
2025-10-07 20:29:27.080 [info] [remote-connection][Management   ][58ebc…][reconnect] resolving connection...
2025-10-07 20:29:27.114 [info] Invoking resolveAuthority(ssh-remote)...
2025-10-07 20:29:27.115 [info] [LocalProcess0][resolveAuthority(ssh-remote,34)][0ms] obtaining proxy...
2025-10-07 20:29:27.117 [info] [LocalProcess0][resolveAuthority(ssh-remote,34)][2ms] invoking...
2025-10-07 20:29:27.120 [info] [remote-connection][ExtensionHost][8816c…][reconnect] resolving connection...
2025-10-07 20:29:27.137 [info] [remote-connection][ExtensionHost][8816c…][reconnect] received socket timeout event (unacknowledgedMsgCount: 570, timeSinceOldestUnacknowledgedMsg: 1299134, timeSinceLastReceivedSomeData: 1429795).
2025-10-07 20:29:28.118 [info] [LocalProcess0][resolveAuthority(ssh-remote,34)][1003ms] waiting...
2025-10-07 20:29:29.118 [info] [LocalProcess0][resolveAuthority(ssh-remote,34)][2003ms] waiting...
2025-10-07 20:29:30.118 [info] [LocalProcess0][resolveAuthority(ssh-remote,34)][3003ms] waiting...
2025-10-07 20:29:31.118 [info] [LocalProcess0][resolveAuthority(ssh-remote,34)][4003ms] waiting...
2025-10-07 20:29:32.117 [info] [LocalProcess0][resolveAuthority(ssh-remote,34)][5003ms] waiting...
2025-10-07 20:29:33.118 [info] [LocalProcess0][resolveAuthority(ssh-remote,34)][6003ms] waiting...
2025-10-07 20:29:34.118 [info] [LocalProcess0][resolveAuthority(ssh-remote,34)][7003ms] waiting...
2025-10-07 20:29:35.118 [info] [LocalProcess0][resolveAuthority(ssh-remote,34)][8003ms] waiting...
2025-10-07 20:29:36.118 [info] [LocalProcess0][resolveAuthority(ssh-remote,34)][9003ms] waiting...
2025-10-07 20:29:37.118 [info] [LocalProcess0][resolveAuthority(ssh-remote,34)][10003ms] waiting...
2025-10-07 20:29:38.118 [info] [LocalProcess0][resolveAuthority(ssh-remote,34)][11003ms] waiting...
2025-10-07 20:29:39.118 [info] [LocalProcess0][resolveAuthority(ssh-remote,34)][12003ms] waiting...
2025-10-07 20:29:40.118 [info] [LocalProcess0][resolveAuthority(ssh-remote,34)][13003ms] waiting...
2025-10-07 20:29:41.118 [info] [LocalProcess0][resolveAuthority(ssh-remote,34)][14003ms] waiting...
2025-10-07 20:29:42.118 [info] [LocalProcess0][resolveAuthority(ssh-remote,34)][15003ms] waiting...
2025-10-07 20:29:42.671 [error] [LocalProcess0][resolveAuthority(ssh-remote,34)][15556ms] returned an error {"code":"TemporarilyNotAvailable","message":"The connection timed out"}
2025-10-07 20:29:42.671 [error] resolveAuthority(ssh-remote) returned an error after 15557 ms The connection timed out
2025-10-07 20:29:42.672 [info] [remote-connection][Management   ][58ebc…][reconnect] A temporarily not available error occurred while trying to reconnect, will try again...
2025-10-07 20:29:42.672 [info] [remote-connection][Management   ][58ebc…][reconnect] waiting for 30 seconds before reconnecting...
2025-10-07 20:29:42.672 [info] [remote-connection][ExtensionHost][8816c…][reconnect] A temporarily not available error occurred while trying to reconnect, will try again...
2025-10-07 20:29:42.673 [info] [remote-connection][ExtensionHost][8816c…][reconnect] waiting for 30 seconds before reconnecting...
2025-10-07 20:29:47.139 [info] [remote-connection][ExtensionHost][8816c…][reconnect] received socket timeout event (unacknowledgedMsgCount: 583, timeSinceOldestUnacknowledgedMsg: 1319134, timeSinceLastReceivedSomeData: 1449795).
2025-10-07 20:30:12.673 [info] [remote-connection][Management   ][58ebc…][reconnect] resolving connection...
2025-10-07 20:30:12.702 [info] Invoking resolveAuthority(ssh-remote)...
2025-10-07 20:30:12.702 [info] [LocalProcess0][resolveAuthority(ssh-remote,35)][0ms] obtaining proxy...
2025-10-07 20:30:12.707 [info] [LocalProcess0][resolveAuthority(ssh-remote,35)][6ms] invoking...
2025-10-07 20:30:12.716 [info] [remote-connection][ExtensionHost][8816c…][reconnect] resolving connection...
2025-10-07 20:30:12.723 [info] [remote-connection][ExtensionHost][8816c…][reconnect] received socket timeout event (unacknowledgedMsgCount: 584, timeSinceOldestUnacknowledgedMsg: 1344720, timeSinceLastReceivedSomeData: 1475381).
2025-10-07 20:30:13.708 [info] [LocalProcess0][resolveAuthority(ssh-remote,35)][1006ms] waiting...
2025-10-07 20:30:14.708 [info] [LocalProcess0][resolveAuthority(ssh-remote,35)][2006ms] waiting...
2025-10-07 20:30:15.708 [info] [LocalProcess0][resolveAuthority(ssh-remote,35)][3006ms] waiting...
2025-10-07 20:30:16.709 [info] [LocalProcess0][resolveAuthority(ssh-remote,35)][4006ms] waiting...
2025-10-07 20:30:17.708 [info] [LocalProcess0][resolveAuthority(ssh-remote,35)][5006ms] waiting...
2025-10-07 20:30:18.708 [info] [LocalProcess0][resolveAuthority(ssh-remote,35)][6006ms] waiting...
2025-10-07 20:30:19.708 [info] [LocalProcess0][resolveAuthority(ssh-remote,35)][7006ms] waiting...
2025-10-07 20:30:20.708 [info] [LocalProcess0][resolveAuthority(ssh-remote,35)][8006ms] waiting...
2025-10-07 20:30:21.709 [info] [LocalProcess0][resolveAuthority(ssh-remote,35)][9006ms] waiting...
2025-10-07 20:30:22.708 [info] [LocalProcess0][resolveAuthority(ssh-remote,35)][10006ms] waiting...
2025-10-07 20:30:23.708 [info] [LocalProcess0][resolveAuthority(ssh-remote,35)][11006ms] waiting...
2025-10-07 20:30:24.708 [info] [LocalProcess0][resolveAuthority(ssh-remote,35)][12006ms] waiting...
2025-10-07 20:30:25.708 [info] [LocalProcess0][resolveAuthority(ssh-remote,35)][13006ms] waiting...
2025-10-07 20:30:26.708 [info] [LocalProcess0][resolveAuthority(ssh-remote,35)][14006ms] waiting...
2025-10-07 20:30:27.709 [info] [LocalProcess0][resolveAuthority(ssh-remote,35)][15006ms] waiting...
2025-10-07 20:30:27.942 [error] [LocalProcess0][resolveAuthority(ssh-remote,35)][15241ms] returned an error {"code":"TemporarilyNotAvailable","message":"The connection timed out"}
2025-10-07 20:30:27.942 [error] resolveAuthority(ssh-remote) returned an error after 15241 ms The connection timed out
2025-10-07 20:30:27.943 [info] [remote-connection][Management   ][58ebc…][reconnect] A temporarily not available error occurred while trying to reconnect, will try again...
2025-10-07 20:30:27.943 [info] [remote-connection][Management   ][58ebc…][reconnect] waiting for 30 seconds before reconnecting...
2025-10-07 20:30:27.944 [info] [remote-connection][ExtensionHost][8816c…][reconnect] A temporarily not available error occurred while trying to reconnect, will try again...
2025-10-07 20:30:27.944 [info] [remote-connection][ExtensionHost][8816c…][reconnect] waiting for 30 seconds before reconnecting...
2025-10-07 20:30:32.725 [info] [remote-connection][ExtensionHost][8816c…][reconnect] received socket timeout event (unacknowledgedMsgCount: 599, timeSinceOldestUnacknowledgedMsg: 1364721, timeSinceLastReceivedSomeData: 1495382).
2025-10-07 20:30:57.944 [info] [remote-connection][Management   ][58ebc…][reconnect] resolving connection...
2025-10-07 20:30:57.979 [info] Invoking resolveAuthority(ssh-remote)...
2025-10-07 20:30:57.979 [info] [LocalProcess0][resolveAuthority(ssh-remote,36)][0ms] obtaining proxy...
2025-10-07 20:30:57.981 [info] [LocalProcess0][resolveAuthority(ssh-remote,36)][3ms] invoking...
2025-10-07 20:30:57.981 [info] [remote-connection][ExtensionHost][8816c…][reconnect] resolving connection...
2025-10-07 20:30:57.989 [info] [remote-connection][ExtensionHost][8816c…][reconnect] received socket timeout event (unacknowledgedMsgCount: 600, timeSinceOldestUnacknowledgedMsg: 1389985, timeSinceLastReceivedSomeData: 1520646).
2025-10-07 20:30:58.983 [info] [LocalProcess0][resolveAuthority(ssh-remote,36)][1003ms] waiting...
2025-10-07 20:30:59.983 [info] [LocalProcess0][resolveAuthority(ssh-remote,36)][2003ms] waiting...
2025-10-07 20:31:00.982 [info] [LocalProcess0][resolveAuthority(ssh-remote,36)][3003ms] waiting...
2025-10-07 20:31:01.982 [info] [LocalProcess0][resolveAuthority(ssh-remote,36)][4003ms] waiting...
2025-10-07 20:31:02.982 [info] [LocalProcess0][resolveAuthority(ssh-remote,36)][5003ms] waiting...
2025-10-07 20:31:03.982 [info] [LocalProcess0][resolveAuthority(ssh-remote,36)][6003ms] waiting...
2025-10-07 20:31:04.982 [info] [LocalProcess0][resolveAuthority(ssh-remote,36)][7003ms] waiting...
2025-10-07 20:31:05.982 [info] [LocalProcess0][resolveAuthority(ssh-remote,36)][8003ms] waiting...
2025-10-07 20:31:06.982 [info] [LocalProcess0][resolveAuthority(ssh-remote,36)][9003ms] waiting...
2025-10-07 20:31:07.981 [info] [LocalProcess0][resolveAuthority(ssh-remote,36)][10003ms] waiting...
2025-10-07 20:31:08.982 [info] [LocalProcess0][resolveAuthority(ssh-remote,36)][11003ms] waiting...
2025-10-07 20:31:09.982 [info] [LocalProcess0][resolveAuthority(ssh-remote,36)][12003ms] waiting...
2025-10-07 20:31:10.982 [info] [LocalProcess0][resolveAuthority(ssh-remote,36)][13003ms] waiting...
2025-10-07 20:31:11.982 [info] [LocalProcess0][resolveAuthority(ssh-remote,36)][14003ms] waiting...
2025-10-07 20:31:12.982 [info] [LocalProcess0][resolveAuthority(ssh-remote,36)][15003ms] waiting...
2025-10-07 20:31:13.895 [error] [LocalProcess0][resolveAuthority(ssh-remote,36)][15916ms] returned an error {"code":"TemporarilyNotAvailable","message":"The connection timed out"}
2025-10-07 20:31:13.896 [error] resolveAuthority(ssh-remote) returned an error after 15916 ms The connection timed out
2025-10-07 20:31:13.896 [info] [remote-connection][Management   ][58ebc…][reconnect] A temporarily not available error occurred while trying to reconnect, will try again...
2025-10-07 20:31:13.897 [info] [remote-connection][Management   ][58ebc…][reconnect] waiting for 30 seconds before reconnecting...
2025-10-07 20:31:13.897 [info] [remote-connection][ExtensionHost][8816c…][reconnect] A temporarily not available error occurred while trying to reconnect, will try again...
2025-10-07 20:31:13.897 [info] [remote-connection][ExtensionHost][8816c…][reconnect] waiting for 30 seconds before reconnecting...
2025-10-07 20:31:17.990 [info] [remote-connection][ExtensionHost][8816c…][reconnect] received socket timeout event (unacknowledgedMsgCount: 617, timeSinceOldestUnacknowledgedMsg: 1409985, timeSinceLastReceivedSomeData: 1540646).
2025-10-07 20:31:43.896 [info] [remote-connection][Management   ][58ebc…][reconnect] resolving connection...
2025-10-07 20:31:43.932 [info] Invoking resolveAuthority(ssh-remote)...
2025-10-07 20:31:43.932 [info] [LocalProcess0][resolveAuthority(ssh-remote,37)][0ms] obtaining proxy...
2025-10-07 20:31:43.934 [info] [LocalProcess0][resolveAuthority(ssh-remote,37)][2ms] invoking...
2025-10-07 20:31:43.937 [info] [remote-connection][ExtensionHost][8816c…][reconnect] resolving connection...
2025-10-07 20:31:43.940 [info] [remote-connection][ExtensionHost][8816c…][reconnect] received socket timeout event (unacknowledgedMsgCount: 618, timeSinceOldestUnacknowledgedMsg: 1435937, timeSinceLastReceivedSomeData: 1566598).
2025-10-07 20:31:44.935 [info] [LocalProcess0][resolveAuthority(ssh-remote,37)][1002ms] waiting...
2025-10-07 20:31:45.935 [info] [LocalProcess0][resolveAuthority(ssh-remote,37)][2002ms] waiting...
2025-10-07 20:31:46.935 [info] [LocalProcess0][resolveAuthority(ssh-remote,37)][3002ms] waiting...
2025-10-07 20:31:47.935 [info] [LocalProcess0][resolveAuthority(ssh-remote,37)][4002ms] waiting...
2025-10-07 20:31:48.935 [info] [LocalProcess0][resolveAuthority(ssh-remote,37)][5002ms] waiting...
2025-10-07 20:31:49.935 [info] [LocalProcess0][resolveAuthority(ssh-remote,37)][6002ms] waiting...
2025-10-07 20:31:50.935 [info] [LocalProcess0][resolveAuthority(ssh-remote,37)][7002ms] waiting...
2025-10-07 20:31:51.935 [info] [LocalProcess0][resolveAuthority(ssh-remote,37)][8002ms] waiting...
2025-10-07 20:31:52.935 [info] [LocalProcess0][resolveAuthority(ssh-remote,37)][9002ms] waiting...
2025-10-07 20:31:53.935 [info] [LocalProcess0][resolveAuthority(ssh-remote,37)][10002ms] waiting...
2025-10-07 20:31:54.935 [info] [LocalProcess0][resolveAuthority(ssh-remote,37)][11002ms] waiting...
2025-10-07 20:31:55.935 [info] [LocalProcess0][resolveAuthority(ssh-remote,37)][12002ms] waiting...
2025-10-07 20:31:56.935 [info] [LocalProcess0][resolveAuthority(ssh-remote,37)][13002ms] waiting...
2025-10-07 20:31:57.935 [info] [LocalProcess0][resolveAuthority(ssh-remote,37)][14002ms] waiting...
2025-10-07 20:31:58.935 [info] [LocalProcess0][resolveAuthority(ssh-remote,37)][15002ms] waiting...
2025-10-07 20:31:59.196 [error] [LocalProcess0][resolveAuthority(ssh-remote,37)][15264ms] returned an error {"code":"TemporarilyNotAvailable","message":"The connection timed out"}
2025-10-07 20:31:59.197 [error] resolveAuthority(ssh-remote) returned an error after 15265 ms The connection timed out
2025-10-07 20:31:59.197 [info] [remote-connection][Management   ][58ebc…][reconnect] A temporarily not available error occurred while trying to reconnect, will try again...
2025-10-07 20:31:59.198 [info] [remote-connection][Management   ][58ebc…][reconnect] waiting for 30 seconds before reconnecting...
2025-10-07 20:31:59.198 [info] [remote-connection][ExtensionHost][8816c…][reconnect] A temporarily not available error occurred while trying to reconnect, will try again...
2025-10-07 20:31:59.198 [info] [remote-connection][ExtensionHost][8816c…][reconnect] waiting for 30 seconds before reconnecting...
2025-10-07 20:32:03.942 [info] [remote-connection][ExtensionHost][8816c…][reconnect] received socket timeout event (unacknowledgedMsgCount: 637, timeSinceOldestUnacknowledgedMsg: 1455937, timeSinceLastReceivedSomeData: 1586598).
2025-10-07 20:32:29.198 [info] [remote-connection][Management   ][58ebc…][reconnect] resolving connection...
2025-10-07 20:32:29.237 [info] Invoking resolveAuthority(ssh-remote)...
2025-10-07 20:32:29.237 [info] [LocalProcess0][resolveAuthority(ssh-remote,38)][0ms] obtaining proxy...
2025-10-07 20:32:29.239 [info] [LocalProcess0][resolveAuthority(ssh-remote,38)][3ms] invoking...
2025-10-07 20:32:29.242 [info] [remote-connection][ExtensionHost][8816c…][reconnect] resolving connection...
2025-10-07 20:32:29.247 [info] [remote-connection][ExtensionHost][8816c…][reconnect] received socket timeout event (unacknowledgedMsgCount: 638, timeSinceOldestUnacknowledgedMsg: 1481244, timeSinceLastReceivedSomeData: 1611905).
2025-10-07 20:32:30.240 [info] [LocalProcess0][resolveAuthority(ssh-remote,38)][1003ms] waiting...
2025-10-07 20:32:31.241 [info] [LocalProcess0][resolveAuthority(ssh-remote,38)][2003ms] waiting...
2025-10-07 20:32:32.241 [info] [LocalProcess0][resolveAuthority(ssh-remote,38)][3003ms] waiting...
2025-10-07 20:32:33.241 [info] [LocalProcess0][resolveAuthority(ssh-remote,38)][4003ms] waiting...
2025-10-07 20:32:34.241 [info] [LocalProcess0][resolveAuthority(ssh-remote,38)][5003ms] waiting...
2025-10-07 20:32:35.241 [info] [LocalProcess0][resolveAuthority(ssh-remote,38)][6003ms] waiting...
2025-10-07 20:32:36.241 [info] [LocalProcess0][resolveAuthority(ssh-remote,38)][7003ms] waiting...
2025-10-07 20:32:37.240 [info] [LocalProcess0][resolveAuthority(ssh-remote,38)][8003ms] waiting...
2025-10-07 20:32:38.240 [info] [LocalProcess0][resolveAuthority(ssh-remote,38)][9003ms] waiting...
2025-10-07 20:32:39.241 [info] [LocalProcess0][resolveAuthority(ssh-remote,38)][10003ms] waiting...
2025-10-07 20:32:40.240 [info] [LocalProcess0][resolveAuthority(ssh-remote,38)][11003ms] waiting...
2025-10-07 20:32:41.240 [info] [LocalProcess0][resolveAuthority(ssh-remote,38)][12003ms] waiting...
2025-10-07 20:32:42.240 [info] [LocalProcess0][resolveAuthority(ssh-remote,38)][13003ms] waiting...
2025-10-07 20:32:43.241 [info] [LocalProcess0][resolveAuthority(ssh-remote,38)][14003ms] waiting...
2025-10-07 20:32:44.241 [info] [LocalProcess0][resolveAuthority(ssh-remote,38)][15003ms] waiting...
2025-10-07 20:32:44.764 [error] [LocalProcess0][resolveAuthority(ssh-remote,38)][15528ms] returned an error {"code":"TemporarilyNotAvailable","message":"The connection timed out"}
2025-10-07 20:32:44.765 [error] resolveAuthority(ssh-remote) returned an error after 15528 ms The connection timed out
2025-10-07 20:32:44.765 [info] [remote-connection][Management   ][58ebc…][reconnect] A temporarily not available error occurred while trying to reconnect, will try again...
2025-10-07 20:32:44.765 [info] [remote-connection][Management   ][58ebc…][reconnect] waiting for 30 seconds before reconnecting...
2025-10-07 20:32:44.765 [info] [remote-connection][ExtensionHost][8816c…][reconnect] A temporarily not available error occurred while trying to reconnect, will try again...
2025-10-07 20:32:44.766 [info] [remote-connection][ExtensionHost][8816c…][reconnect] waiting for 30 seconds before reconnecting...
2025-10-07 20:32:49.249 [info] [remote-connection][ExtensionHost][8816c…][reconnect] received socket timeout event (unacknowledgedMsgCount: 655, timeSinceOldestUnacknowledgedMsg: 1501244, timeSinceLastReceivedSomeData: 1631905).
2025-10-07 20:33:14.766 [info] [remote-connection][Management   ][58ebc…][reconnect] resolving connection...
2025-10-07 20:33:14.801 [info] Invoking resolveAuthority(ssh-remote)...
2025-10-07 20:33:14.801 [info] [LocalProcess0][resolveAuthority(ssh-remote,39)][0ms] obtaining proxy...
2025-10-07 20:33:14.803 [info] [LocalProcess0][resolveAuthority(ssh-remote,39)][3ms] invoking...
2025-10-07 20:33:14.806 [info] [remote-connection][ExtensionHost][8816c…][reconnect] resolving connection...
2025-10-07 20:33:14.821 [info] [remote-connection][ExtensionHost][8816c…][reconnect] received socket timeout event (unacknowledgedMsgCount: 656, timeSinceOldestUnacknowledgedMsg: 1526818, timeSinceLastReceivedSomeData: 1657479).
2025-10-07 20:33:15.804 [info] [LocalProcess0][resolveAuthority(ssh-remote,39)][1003ms] waiting...
2025-10-07 20:33:16.804 [info] [LocalProcess0][resolveAuthority(ssh-remote,39)][2003ms] waiting...
2025-10-07 20:33:17.804 [info] [LocalProcess0][resolveAuthority(ssh-remote,39)][3003ms] waiting...
2025-10-07 20:33:18.804 [info] [LocalProcess0][resolveAuthority(ssh-remote,39)][4003ms] waiting...
2025-10-07 20:33:19.804 [info] [LocalProcess0][resolveAuthority(ssh-remote,39)][5003ms] waiting...
2025-10-07 20:33:20.804 [info] [LocalProcess0][resolveAuthority(ssh-remote,39)][6003ms] waiting...
2025-10-07 20:33:21.804 [info] [LocalProcess0][resolveAuthority(ssh-remote,39)][7003ms] waiting...
2025-10-07 20:33:22.804 [info] [LocalProcess0][resolveAuthority(ssh-remote,39)][8003ms] waiting...
2025-10-07 20:33:23.804 [info] [LocalProcess0][resolveAuthority(ssh-remote,39)][9003ms] waiting...
2025-10-07 20:33:24.804 [info] [LocalProcess0][resolveAuthority(ssh-remote,39)][10003ms] waiting...
2025-10-07 20:33:25.804 [info] [LocalProcess0][resolveAuthority(ssh-remote,39)][11003ms] waiting...
2025-10-07 20:33:26.804 [info] [LocalProcess0][resolveAuthority(ssh-remote,39)][12003ms] waiting...
2025-10-07 20:33:27.804 [info] [LocalProcess0][resolveAuthority(ssh-remote,39)][13003ms] waiting...
2025-10-07 20:33:28.804 [info] [LocalProcess0][resolveAuthority(ssh-remote,39)][14003ms] waiting...
2025-10-07 20:33:29.804 [info] [LocalProcess0][resolveAuthority(ssh-remote,39)][15003ms] waiting...
2025-10-07 20:33:30.030 [error] [LocalProcess0][resolveAuthority(ssh-remote,39)][15229ms] returned an error {"code":"TemporarilyNotAvailable","message":"The connection timed out"}
2025-10-07 20:33:30.030 [error] resolveAuthority(ssh-remote) returned an error after 15229 ms The connection timed out
2025-10-07 20:33:30.031 [info] [remote-connection][Management   ][58ebc…][reconnect] A temporarily not available error occurred while trying to reconnect, will try again...
2025-10-07 20:33:30.031 [info] [remote-connection][Management   ][58ebc…][reconnect] waiting for 30 seconds before reconnecting...
2025-10-07 20:33:30.031 [info] [remote-connection][ExtensionHost][8816c…][reconnect] A temporarily not available error occurred while trying to reconnect, will try again...
2025-10-07 20:33:30.031 [info] [remote-connection][ExtensionHost][8816c…][reconnect] waiting for 30 seconds before reconnecting...
2025-10-07 20:33:34.823 [info] [remote-connection][ExtensionHost][8816c…][reconnect] received socket timeout event (unacknowledgedMsgCount: 671, timeSinceOldestUnacknowledgedMsg: 1546818, timeSinceLastReceivedSomeData: 1677479).
2025-10-07 20:34:00.032 [info] [remote-connection][Management   ][58ebc…][reconnect] resolving connection...
2025-10-07 20:34:00.062 [info] Invoking resolveAuthority(ssh-remote)...
2025-10-07 20:34:00.063 [info] [LocalProcess0][resolveAuthority(ssh-remote,40)][0ms] obtaining proxy...
2025-10-07 20:34:00.068 [info] [LocalProcess0][resolveAuthority(ssh-remote,40)][6ms] invoking...
2025-10-07 20:34:00.079 [info] [remote-connection][ExtensionHost][8816c…][reconnect] resolving connection...
2025-10-07 20:34:00.108 [info] [remote-connection][ExtensionHost][8816c…][reconnect] received socket timeout event (unacknowledgedMsgCount: 672, timeSinceOldestUnacknowledgedMsg: 1572105, timeSinceLastReceivedSomeData: 1702766).
2025-10-07 20:34:01.069 [info] [LocalProcess0][resolveAuthority(ssh-remote,40)][1006ms] waiting...
2025-10-07 20:34:02.070 [info] [LocalProcess0][resolveAuthority(ssh-remote,40)][2006ms] waiting...
2025-10-07 20:34:03.069 [info] [LocalProcess0][resolveAuthority(ssh-remote,40)][3006ms] waiting...
2025-10-07 20:34:04.069 [info] [LocalProcess0][resolveAuthority(ssh-remote,40)][4006ms] waiting...
2025-10-07 20:34:05.069 [info] [LocalProcess0][resolveAuthority(ssh-remote,40)][5006ms] waiting...
2025-10-07 20:34:06.069 [info] [LocalProcess0][resolveAuthority(ssh-remote,40)][6006ms] waiting...
2025-10-07 20:34:07.069 [info] [LocalProcess0][resolveAuthority(ssh-remote,40)][7006ms] waiting...
2025-10-07 20:34:08.070 [info] [LocalProcess0][resolveAuthority(ssh-remote,40)][8006ms] waiting...
2025-10-07 20:34:09.069 [info] [LocalProcess0][resolveAuthority(ssh-remote,40)][9006ms] waiting...
2025-10-07 20:34:10.069 [info] [LocalProcess0][resolveAuthority(ssh-remote,40)][10006ms] waiting...
2025-10-07 20:34:11.069 [info] [LocalProcess0][resolveAuthority(ssh-remote,40)][11006ms] waiting...
2025-10-07 20:34:12.069 [info] [LocalProcess0][resolveAuthority(ssh-remote,40)][12006ms] waiting...
2025-10-07 20:34:13.069 [info] [LocalProcess0][resolveAuthority(ssh-remote,40)][13006ms] waiting...
2025-10-07 20:34:14.069 [info] [LocalProcess0][resolveAuthority(ssh-remote,40)][14006ms] waiting...
2025-10-07 20:34:15.069 [info] [LocalProcess0][resolveAuthority(ssh-remote,40)][15006ms] waiting...
2025-10-07 20:34:15.302 [error] [LocalProcess0][resolveAuthority(ssh-remote,40)][15239ms] returned an error {"code":"TemporarilyNotAvailable","message":"The connection timed out"}
2025-10-07 20:34:15.303 [error] resolveAuthority(ssh-remote) returned an error after 15240 ms The connection timed out
2025-10-07 20:34:15.304 [info] [remote-connection][Management   ][58ebc…][reconnect] A temporarily not available error occurred while trying to reconnect, will try again...
2025-10-07 20:34:15.304 [info] [remote-connection][Management   ][58ebc…][reconnect] waiting for 30 seconds before reconnecting...
2025-10-07 20:34:15.305 [info] [remote-connection][ExtensionHost][8816c…][reconnect] A temporarily not available error occurred while trying to reconnect, will try again...
2025-10-07 20:34:15.305 [info] [remote-connection][ExtensionHost][8816c…][reconnect] waiting for 30 seconds before reconnecting...
2025-10-07 20:34:20.110 [info] [remote-connection][ExtensionHost][8816c…][reconnect] received socket timeout event (unacknowledgedMsgCount: 685, timeSinceOldestUnacknowledgedMsg: 1592105, timeSinceLastReceivedSomeData: 1722766).
2025-10-07 20:34:45.304 [info] [remote-connection][Management   ][58ebc…][reconnect] resolving connection...
2025-10-07 20:34:45.335 [info] Invoking resolveAuthority(ssh-remote)...
2025-10-07 20:34:45.336 [info] [LocalProcess0][resolveAuthority(ssh-remote,41)][0ms] obtaining proxy...
2025-10-07 20:34:45.337 [info] [LocalProcess0][resolveAuthority(ssh-remote,41)][2ms] invoking...
2025-10-07 20:34:45.341 [info] [remote-connection][ExtensionHost][8816c…][reconnect] resolving connection...
2025-10-07 20:34:45.372 [info] [remote-connection][ExtensionHost][8816c…][reconnect] received socket timeout event (unacknowledgedMsgCount: 686, timeSinceOldestUnacknowledgedMsg: 1617369, timeSinceLastReceivedSomeData: 1748030).
2025-10-07 20:34:46.339 [info] [LocalProcess0][resolveAuthority(ssh-remote,41)][1003ms] waiting...
2025-10-07 20:34:47.339 [info] [LocalProcess0][resolveAuthority(ssh-remote,41)][2003ms] waiting...
2025-10-07 20:34:48.338 [info] [LocalProcess0][resolveAuthority(ssh-remote,41)][3003ms] waiting...
2025-10-07 20:34:49.339 [info] [LocalProcess0][resolveAuthority(ssh-remote,41)][4003ms] waiting...
2025-10-07 20:34:50.338 [info] [LocalProcess0][resolveAuthority(ssh-remote,41)][5003ms] waiting...
2025-10-07 20:34:51.339 [info] [LocalProcess0][resolveAuthority(ssh-remote,41)][6003ms] waiting...
2025-10-07 20:34:52.339 [info] [LocalProcess0][resolveAuthority(ssh-remote,41)][7003ms] waiting...
2025-10-07 20:34:53.339 [info] [LocalProcess0][resolveAuthority(ssh-remote,41)][8003ms] waiting...
2025-10-07 20:34:54.339 [info] [LocalProcess0][resolveAuthority(ssh-remote,41)][9003ms] waiting...
2025-10-07 20:34:55.338 [info] [LocalProcess0][resolveAuthority(ssh-remote,41)][10003ms] waiting...
2025-10-07 20:34:56.339 [info] [LocalProcess0][resolveAuthority(ssh-remote,41)][11003ms] waiting...
2025-10-07 20:34:57.339 [info] [LocalProcess0][resolveAuthority(ssh-remote,41)][12003ms] waiting...
2025-10-07 20:34:58.339 [info] [LocalProcess0][resolveAuthority(ssh-remote,41)][13003ms] waiting...
2025-10-07 20:34:59.339 [info] [LocalProcess0][resolveAuthority(ssh-remote,41)][14003ms] waiting...
2025-10-07 20:35:00.339 [info] [LocalProcess0][resolveAuthority(ssh-remote,41)][15003ms] waiting...
2025-10-07 20:35:00.575 [error] [LocalProcess0][resolveAuthority(ssh-remote,41)][15239ms] returned an error {"code":"TemporarilyNotAvailable","message":"The connection timed out"}
2025-10-07 20:35:00.575 [error] resolveAuthority(ssh-remote) returned an error after 15239 ms The connection timed out
2025-10-07 20:35:00.575 [info] [remote-connection][Management   ][58ebc…][reconnect] A temporarily not available error occurred while trying to reconnect, will try again...
2025-10-07 20:35:00.575 [info] [remote-connection][Management   ][58ebc…][reconnect] waiting for 30 seconds before reconnecting...
2025-10-07 20:35:00.575 [info] [remote-connection][ExtensionHost][8816c…][reconnect] A temporarily not available error occurred while trying to reconnect, will try again...
2025-10-07 20:35:00.576 [info] [remote-connection][ExtensionHost][8816c…][reconnect] waiting for 30 seconds before reconnecting...
2025-10-07 20:35:05.374 [info] [remote-connection][ExtensionHost][8816c…][reconnect] received socket timeout event (unacknowledgedMsgCount: 701, timeSinceOldestUnacknowledgedMsg: 1637370, timeSinceLastReceivedSomeData: 1768031).
2025-10-07 20:35:30.577 [info] [remote-connection][Management   ][58ebc…][reconnect] resolving connection...
2025-10-07 20:35:30.615 [info] Invoking resolveAuthority(ssh-remote)...
2025-10-07 20:35:30.615 [info] [LocalProcess0][resolveAuthority(ssh-remote,42)][0ms] obtaining proxy...
2025-10-07 20:35:30.617 [info] [LocalProcess0][resolveAuthority(ssh-remote,42)][3ms] invoking...
2025-10-07 20:35:30.623 [info] [remote-connection][ExtensionHost][8816c…][reconnect] resolving connection...
2025-10-07 20:35:30.627 [info] [remote-connection][ExtensionHost][8816c…][reconnect] received socket timeout event (unacknowledgedMsgCount: 702, timeSinceOldestUnacknowledgedMsg: 1662624, timeSinceLastReceivedSomeData: 1793285).
2025-10-07 20:35:31.618 [info] [LocalProcess0][resolveAuthority(ssh-remote,42)][1003ms] waiting...
2025-10-07 20:35:32.618 [info] [LocalProcess0][resolveAuthority(ssh-remote,42)][2003ms] waiting...
2025-10-07 20:35:33.618 [info] [LocalProcess0][resolveAuthority(ssh-remote,42)][3003ms] waiting...
2025-10-07 20:35:34.618 [info] [LocalProcess0][resolveAuthority(ssh-remote,42)][4003ms] waiting...
2025-10-07 20:35:35.618 [info] [LocalProcess0][resolveAuthority(ssh-remote,42)][5003ms] waiting...
2025-10-07 20:35:36.619 [info] [LocalProcess0][resolveAuthority(ssh-remote,42)][6003ms] waiting...
2025-10-07 20:35:37.618 [info] [LocalProcess0][resolveAuthority(ssh-remote,42)][7003ms] waiting...
2025-10-07 20:35:38.618 [info] [LocalProcess0][resolveAuthority(ssh-remote,42)][8003ms] waiting...
2025-10-07 20:35:39.618 [info] [LocalProcess0][resolveAuthority(ssh-remote,42)][9003ms] waiting...
2025-10-07 20:35:40.618 [info] [LocalProcess0][resolveAuthority(ssh-remote,42)][10003ms] waiting...
2025-10-07 20:35:41.618 [info] [LocalProcess0][resolveAuthority(ssh-remote,42)][11003ms] waiting...
2025-10-07 20:35:42.619 [info] [LocalProcess0][resolveAuthority(ssh-remote,42)][12003ms] waiting...
2025-10-07 20:35:43.618 [info] [LocalProcess0][resolveAuthority(ssh-remote,42)][13003ms] waiting...
2025-10-07 20:35:44.619 [info] [LocalProcess0][resolveAuthority(ssh-remote,42)][14003ms] waiting...
2025-10-07 20:35:45.618 [info] [LocalProcess0][resolveAuthority(ssh-remote,42)][15003ms] waiting...
2025-10-07 20:35:45.944 [error] [LocalProcess0][resolveAuthority(ssh-remote,42)][15330ms] returned an error {"code":"TemporarilyNotAvailable","message":"The connection timed out"}
2025-10-07 20:35:45.945 [error] resolveAuthority(ssh-remote) returned an error after 15330 ms The connection timed out
2025-10-07 20:35:45.945 [info] [remote-connection][Management   ][58ebc…][reconnect] A temporarily not available error occurred while trying to reconnect, will try again...
2025-10-07 20:35:45.945 [info] [remote-connection][Management   ][58ebc…][reconnect] waiting for 30 seconds before reconnecting...
2025-10-07 20:35:45.946 [info] [remote-connection][ExtensionHost][8816c…][reconnect] A temporarily not available error occurred while trying to reconnect, will try again...
2025-10-07 20:35:45.946 [info] [remote-connection][ExtensionHost][8816c…][reconnect] waiting for 30 seconds before reconnecting...
2025-10-07 20:35:50.629 [info] [remote-connection][ExtensionHost][8816c…][reconnect] received socket timeout event (unacknowledgedMsgCount: 721, timeSinceOldestUnacknowledgedMsg: 1682625, timeSinceLastReceivedSomeData: 1813286).
2025-10-07 20:36:15.945 [info] [remote-connection][Management   ][58ebc…][reconnect] resolving connection...
2025-10-07 20:36:15.973 [info] Invoking resolveAuthority(ssh-remote)...
2025-10-07 20:36:15.973 [info] [LocalProcess0][resolveAuthority(ssh-remote,43)][0ms] obtaining proxy...
2025-10-07 20:36:15.975 [info] [LocalProcess0][resolveAuthority(ssh-remote,43)][3ms] invoking...
2025-10-07 20:36:15.978 [info] [remote-connection][ExtensionHost][8816c…][reconnect] resolving connection...
2025-10-07 20:36:15.984 [info] [remote-connection][ExtensionHost][8816c…][reconnect] received socket timeout event (unacknowledgedMsgCount: 722, timeSinceOldestUnacknowledgedMsg: 1707981, timeSinceLastReceivedSomeData: 1838642).
2025-10-07 20:36:16.976 [info] [LocalProcess0][resolveAuthority(ssh-remote,43)][1003ms] waiting...
2025-10-07 20:36:17.977 [info] [LocalProcess0][resolveAuthority(ssh-remote,43)][2003ms] waiting...
2025-10-07 20:36:18.977 [info] [LocalProcess0][resolveAuthority(ssh-remote,43)][3003ms] waiting...
2025-10-07 20:36:19.976 [info] [LocalProcess0][resolveAuthority(ssh-remote,43)][4003ms] waiting...
2025-10-07 20:36:20.976 [info] [LocalProcess0][resolveAuthority(ssh-remote,43)][5003ms] waiting...
2025-10-07 20:36:21.976 [info] [LocalProcess0][resolveAuthority(ssh-remote,43)][6003ms] waiting...
2025-10-07 20:36:22.977 [info] [LocalProcess0][resolveAuthority(ssh-remote,43)][7003ms] waiting...
2025-10-07 20:36:23.976 [info] [LocalProcess0][resolveAuthority(ssh-remote,43)][8003ms] waiting...
2025-10-07 20:36:24.976 [info] [LocalProcess0][resolveAuthority(ssh-remote,43)][9003ms] waiting...
2025-10-07 20:36:25.976 [info] [LocalProcess0][resolveAuthority(ssh-remote,43)][10003ms] waiting...
2025-10-07 20:36:26.976 [info] [LocalProcess0][resolveAuthority(ssh-remote,43)][11003ms] waiting...
2025-10-07 20:36:27.976 [info] [LocalProcess0][resolveAuthority(ssh-remote,43)][12003ms] waiting...
2025-10-07 20:36:28.977 [info] [LocalProcess0][resolveAuthority(ssh-remote,43)][13003ms] waiting...
2025-10-07 20:36:29.976 [info] [LocalProcess0][resolveAuthority(ssh-remote,43)][14003ms] waiting...
2025-10-07 20:36:30.976 [info] [LocalProcess0][resolveAuthority(ssh-remote,43)][15003ms] waiting...
2025-10-07 20:36:31.247 [error] [LocalProcess0][resolveAuthority(ssh-remote,43)][15275ms] returned an error {"code":"TemporarilyNotAvailable","message":"The connection timed out"}
2025-10-07 20:36:31.248 [error] resolveAuthority(ssh-remote) returned an error after 15275 ms The connection timed out
2025-10-07 20:36:31.248 [info] [remote-connection][Management   ][58ebc…][reconnect] A temporarily not available error occurred while trying to reconnect, will try again...
2025-10-07 20:36:31.248 [info] [remote-connection][Management   ][58ebc…][reconnect] waiting for 30 seconds before reconnecting...
2025-10-07 20:36:31.248 [info] [remote-connection][ExtensionHost][8816c…][reconnect] A temporarily not available error occurred while trying to reconnect, will try again...
2025-10-07 20:36:31.249 [info] [remote-connection][ExtensionHost][8816c…][reconnect] waiting for 30 seconds before reconnecting...
2025-10-07 20:36:35.985 [info] [remote-connection][ExtensionHost][8816c…][reconnect] received socket timeout event (unacknowledgedMsgCount: 739, timeSinceOldestUnacknowledgedMsg: 1727981, timeSinceLastReceivedSomeData: 1858642).
2025-10-07 20:37:01.249 [info] [remote-connection][Management   ][58ebc…][reconnect] resolving connection...
2025-10-07 20:37:01.276 [info] Invoking resolveAuthority(ssh-remote)...
2025-10-07 20:37:01.276 [info] [LocalProcess0][resolveAuthority(ssh-remote,44)][0ms] obtaining proxy...
2025-10-07 20:37:01.278 [info] [LocalProcess0][resolveAuthority(ssh-remote,44)][2ms] invoking...
2025-10-07 20:37:01.282 [info] [remote-connection][ExtensionHost][8816c…][reconnect] resolving connection...
2025-10-07 20:37:01.286 [info] [remote-connection][ExtensionHost][8816c…][reconnect] received socket timeout event (unacknowledgedMsgCount: 740, timeSinceOldestUnacknowledgedMsg: 1753282, timeSinceLastReceivedSomeData: 1883943).
2025-10-07 20:37:02.283 [info] [LocalProcess0][resolveAuthority(ssh-remote,44)][1003ms] waiting...
2025-10-07 20:37:03.279 [info] [LocalProcess0][resolveAuthority(ssh-remote,44)][2002ms] waiting...
2025-10-07 20:37:04.280 [info] [LocalProcess0][resolveAuthority(ssh-remote,44)][3003ms] waiting...
2025-10-07 20:37:05.280 [info] [LocalProcess0][resolveAuthority(ssh-remote,44)][4003ms] waiting...
2025-10-07 20:37:06.280 [info] [LocalProcess0][resolveAuthority(ssh-remote,44)][5003ms] waiting...
2025-10-07 20:37:07.280 [info] [LocalProcess0][resolveAuthority(ssh-remote,44)][6003ms] waiting...
2025-10-07 20:37:08.279 [info] [LocalProcess0][resolveAuthority(ssh-remote,44)][7003ms] waiting...
2025-10-07 20:37:09.280 [info] [LocalProcess0][resolveAuthority(ssh-remote,44)][8003ms] waiting...
2025-10-07 20:37:10.280 [info] [LocalProcess0][resolveAuthority(ssh-remote,44)][9003ms] waiting...
2025-10-07 20:37:11.280 [info] [LocalProcess0][resolveAuthority(ssh-remote,44)][10003ms] waiting...
2025-10-07 20:37:12.280 [info] [LocalProcess0][resolveAuthority(ssh-remote,44)][11003ms] waiting...
2025-10-07 20:37:13.280 [info] [LocalProcess0][resolveAuthority(ssh-remote,44)][12002ms] waiting...
2025-10-07 20:37:14.279 [info] [LocalProcess0][resolveAuthority(ssh-remote,44)][13003ms] waiting...
2025-10-07 20:37:15.280 [info] [LocalProcess0][resolveAuthority(ssh-remote,44)][14003ms] waiting...
2025-10-07 20:37:16.279 [info] [LocalProcess0][resolveAuthority(ssh-remote,44)][15002ms] waiting...
2025-10-07 20:37:16.529 [error] [LocalProcess0][resolveAuthority(ssh-remote,44)][15253ms] returned an error {"code":"TemporarilyNotAvailable","message":"The connection timed out"}
2025-10-07 20:37:16.529 [error] resolveAuthority(ssh-remote) returned an error after 15254 ms The connection timed out
2025-10-07 20:37:16.530 [info] [remote-connection][Management   ][58ebc…][reconnect] A temporarily not available error occurred while trying to reconnect, will try again...
2025-10-07 20:37:16.530 [info] [remote-connection][Management   ][58ebc…][reconnect] waiting for 30 seconds before reconnecting...
2025-10-07 20:37:16.530 [info] [remote-connection][ExtensionHost][8816c…][reconnect] A temporarily not available error occurred while trying to reconnect, will try again...
2025-10-07 20:37:16.531 [info] [remote-connection][ExtensionHost][8816c…][reconnect] waiting for 30 seconds before reconnecting...
2025-10-07 20:37:21.287 [info] [remote-connection][ExtensionHost][8816c…][reconnect] received socket timeout event (unacknowledgedMsgCount: 759, timeSinceOldestUnacknowledgedMsg: 1773283, timeSinceLastReceivedSomeData: 1903944).
2025-10-07 20:37:46.531 [info] [remote-connection][Management   ][58ebc…][reconnect] resolving connection...
2025-10-07 20:37:46.570 [info] Invoking resolveAuthority(ssh-remote)...
2025-10-07 20:37:46.571 [info] [LocalProcess0][resolveAuthority(ssh-remote,45)][0ms] obtaining proxy...
2025-10-07 20:37:46.575 [info] [LocalProcess0][resolveAuthority(ssh-remote,45)][4ms] invoking...
2025-10-07 20:37:46.584 [info] [remote-connection][ExtensionHost][8816c…][reconnect] resolving connection...
2025-10-07 20:37:46.591 [info] [remote-connection][ExtensionHost][8816c…][reconnect] received socket timeout event (unacknowledgedMsgCount: 760, timeSinceOldestUnacknowledgedMsg: 1798587, timeSinceLastReceivedSomeData: 1929248).
2025-10-07 20:37:47.576 [info] [LocalProcess0][resolveAuthority(ssh-remote,45)][1005ms] waiting...
2025-10-07 20:37:48.577 [info] [LocalProcess0][resolveAuthority(ssh-remote,45)][2005ms] waiting...
2025-10-07 20:37:49.576 [info] [LocalProcess0][resolveAuthority(ssh-remote,45)][3005ms] waiting...
2025-10-07 20:37:50.576 [info] [LocalProcess0][resolveAuthority(ssh-remote,45)][4005ms] waiting...
2025-10-07 20:37:51.575 [info] [LocalProcess0][resolveAuthority(ssh-remote,45)][5005ms] waiting...
2025-10-07 20:37:52.576 [info] [LocalProcess0][resolveAuthority(ssh-remote,45)][6005ms] waiting...
2025-10-07 20:37:53.576 [info] [LocalProcess0][resolveAuthority(ssh-remote,45)][7005ms] waiting...
2025-10-07 20:37:54.576 [info] [LocalProcess0][resolveAuthority(ssh-remote,45)][8005ms] waiting...
2025-10-07 20:37:55.576 [info] [LocalProcess0][resolveAuthority(ssh-remote,45)][9005ms] waiting...
2025-10-07 20:37:56.576 [info] [LocalProcess0][resolveAuthority(ssh-remote,45)][10005ms] waiting...
2025-10-07 20:37:57.576 [info] [LocalProcess0][resolveAuthority(ssh-remote,45)][11005ms] waiting...
2025-10-07 20:37:58.576 [info] [LocalProcess0][resolveAuthority(ssh-remote,45)][12005ms] waiting...
2025-10-07 20:37:59.577 [info] [LocalProcess0][resolveAuthority(ssh-remote,45)][13005ms] waiting...
2025-10-07 20:38:00.577 [info] [LocalProcess0][resolveAuthority(ssh-remote,45)][14005ms] waiting...
