2025-10-17 16:37:52.390 [error] [/home/drdbrioso/.vscode/extensions/ms-toolsai.vscode-jupyter-cell-tags-0.1.9]: Extension is not compatible with Code 1.85.2. Extension requires: ^1.88.0.
2025-10-17 16:37:52.391 [error] [/home/drdbrioso/.vscode/extensions/ms-toolsai.vscode-jupyter-slideshow-0.1.6]: Extension is not compatible with Code 1.85.2. Extension requires: ^1.88.0.
2025-10-17 16:37:52.391 [error] [/home/drdbrioso/.vscode/extensions/ms-toolsai.jupyter-renderers-1.3.0]: Extension is not compatible with Code 1.85.2. Extension requires: ^1.95.0.
2025-10-17 16:37:52.420 [error] [/home/drdbrioso/.vscode/extensions/ms-toolsai.vscode-jupyter-cell-tags-0.1.9]: Extension is not compatible with Code 1.85.2. Extension requires: ^1.88.0.
2025-10-17 16:37:52.420 [error] [/home/drdbrioso/.vscode/extensions/ms-toolsai.vscode-jupyter-slideshow-0.1.6]: Extension is not compatible with Code 1.85.2. Extension requires: ^1.88.0.
2025-10-17 16:37:52.420 [error] [/home/drdbrioso/.vscode/extensions/ms-toolsai.jupyter-renderers-1.3.0]: Extension is not compatible with Code 1.85.2. Extension requires: ^1.95.0.
2025-10-17 16:37:52.457 [error] [/home/drdbrioso/.vscode/extensions/ms-vscode.remote-explorer-0.5.0]: Extension is not compatible with Code 1.85.2. Extension requires: ^1.87.0.
2025-10-17 16:37:52.458 [error] [/home/drdbrioso/.vscode/extensions/ms-vscode.remote-server-1.5.3]: Extension is not compatible with Code 1.85.2. Extension requires: ^1.87.0.
2025-10-17 16:37:52.459 [error] [/home/drdbrioso/.vscode/extensions/ms-vscode-remote.remote-containers-0.427.0]: Extension is not compatible with Code 1.85.2. Extension requires: ^1.99.0.
2025-10-17 16:37:52.460 [error] [/home/drdbrioso/.vscode/extensions/ms-vscode-remote.remote-wsl-0.104.3]: Extension is not compatible with Code 1.85.2. Extension requires: ^1.104.0.
2025-10-17 16:37:52.461 [error] [/home/drdbrioso/.vscode/extensions/ms-python.vscode-pylance-2025.8.3]: Extension is not compatible with Code 1.85.2. Extension requires: ^1.101.0.
2025-10-17 16:37:52.462 [error] [/home/drdbrioso/.vscode/extensions/ms-python.debugpy-2025.10.0-linux-x64]: Extension is not compatible with Code 1.85.2. Extension requires: ^1.92.0.
2025-10-17 16:37:52.463 [error] [/home/drdbrioso/.vscode/extensions/ms-python.vscode-python-envs-1.8.0-linux-x64]: Extension is not compatible with Code 1.85.2. Extension requires: ^1.104.0-20250815.
2025-10-17 16:37:52.464 [error] [/home/drdbrioso/.vscode/extensions/ms-python.python-2025.14.0-linux-x64]: Extension is not compatible with Code 1.85.2. Extension requires: ^1.95.0.
2025-10-17 16:37:52.471 [error] [/home/drdbrioso/.vscode/extensions/ms-vscode.remote-server-1.5.3]: Extension is not compatible with Code 1.85.2. Extension requires: ^1.87.0.
2025-10-17 16:37:52.472 [error] [/home/drdbrioso/.vscode/extensions/ms-vscode-remote.remote-containers-0.427.0]: Extension is not compatible with Code 1.85.2. Extension requires: ^1.99.0.
2025-10-17 16:37:52.474 [error] [/home/drdbrioso/.vscode/extensions/ms-vscode.remote-explorer-0.5.0]: Extension is not compatible with Code 1.85.2. Extension requires: ^1.87.0.
2025-10-17 16:37:52.474 [error] [/home/drdbrioso/.vscode/extensions/ms-vscode-remote.remote-wsl-0.104.3]: Extension is not compatible with Code 1.85.2. Extension requires: ^1.104.0.
2025-10-17 16:37:52.475 [error] [/home/drdbrioso/.vscode/extensions/ms-python.vscode-python-envs-1.8.0-linux-x64]: Extension is not compatible with Code 1.85.2. Extension requires: ^1.104.0-20250815.
2025-10-17 16:37:52.475 [error] [/home/drdbrioso/.vscode/extensions/ms-python.debugpy-2025.10.0-linux-x64]: Extension is not compatible with Code 1.85.2. Extension requires: ^1.92.0.
2025-10-17 16:37:52.476 [error] [/home/drdbrioso/.vscode/extensions/ms-python.python-2025.14.0-linux-x64]: Extension is not compatible with Code 1.85.2. Extension requires: ^1.95.0.
2025-10-17 16:37:52.478 [error] [/home/drdbrioso/.vscode/extensions/ms-python.vscode-pylance-2025.8.3]: Extension is not compatible with Code 1.85.2. Extension requires: ^1.101.0.
2025-10-17 16:37:52.517 [error] [/home/drdbrioso/.vscode/extensions/ms-toolsai.vscode-jupyter-cell-tags-0.1.9]: Extension is not compatible with Code 1.85.2. Extension requires: ^1.88.0.
2025-10-17 16:37:52.518 [error] [/home/drdbrioso/.vscode/extensions/ms-toolsai.vscode-jupyter-slideshow-0.1.6]: Extension is not compatible with Code 1.85.2. Extension requires: ^1.88.0.
2025-10-17 16:37:52.518 [error] [/home/drdbrioso/.vscode/extensions/ms-toolsai.jupyter-renderers-1.3.0]: Extension is not compatible with Code 1.85.2. Extension requires: ^1.95.0.
2025-10-17 16:37:52.548 [error] [/home/drdbrioso/.vscode/extensions/ms-toolsai.vscode-jupyter-cell-tags-0.1.9]: Extension is not compatible with Code 1.85.2. Extension requires: ^1.88.0.
2025-10-17 16:37:52.549 [error] [/home/drdbrioso/.vscode/extensions/ms-toolsai.vscode-jupyter-slideshow-0.1.6]: Extension is not compatible with Code 1.85.2. Extension requires: ^1.88.0.
2025-10-17 16:37:52.549 [error] [/home/drdbrioso/.vscode/extensions/ms-toolsai.jupyter-renderers-1.3.0]: Extension is not compatible with Code 1.85.2. Extension requires: ^1.95.0.
2025-10-17 16:37:52.563 [error] [/home/drdbrioso/.vscode/extensions/ms-python.debugpy-2025.10.0-linux-x64]: Extension is not compatible with Code 1.85.2. Extension requires: ^1.92.0.
2025-10-17 16:37:52.563 [error] [/home/drdbrioso/.vscode/extensions/ms-python.python-2025.14.0-linux-x64]: Extension is not compatible with Code 1.85.2. Extension requires: ^1.95.0.
2025-10-17 16:37:52.564 [error] [/home/drdbrioso/.vscode/extensions/ms-python.vscode-python-envs-1.8.0-linux-x64]: Extension is not compatible with Code 1.85.2. Extension requires: ^1.104.0-20250815.
2025-10-17 16:37:52.564 [error] [/home/drdbrioso/.vscode/extensions/ms-vscode-remote.remote-containers-0.427.0]: Extension is not compatible with Code 1.85.2. Extension requires: ^1.99.0.
2025-10-17 16:37:52.565 [error] [/home/drdbrioso/.vscode/extensions/ms-vscode-remote.remote-wsl-0.104.3]: Extension is not compatible with Code 1.85.2. Extension requires: ^1.104.0.
2025-10-17 16:37:52.565 [error] [/home/drdbrioso/.vscode/extensions/ms-python.vscode-pylance-2025.8.3]: Extension is not compatible with Code 1.85.2. Extension requires: ^1.101.0.
2025-10-17 16:37:52.566 [error] [/home/drdbrioso/.vscode/extensions/ms-vscode.remote-explorer-0.5.0]: Extension is not compatible with Code 1.85.2. Extension requires: ^1.87.0.
2025-10-17 16:37:52.567 [error] [/home/drdbrioso/.vscode/extensions/ms-vscode.remote-server-1.5.3]: Extension is not compatible with Code 1.85.2. Extension requires: ^1.87.0.
2025-10-17 16:37:52.568 [error] [/home/drdbrioso/.vscode/extensions/ms-toolsai.vscode-jupyter-cell-tags-0.1.9]: Extension is not compatible with Code 1.85.2. Extension requires: ^1.88.0.
2025-10-17 16:37:52.568 [error] [/home/drdbrioso/.vscode/extensions/ms-toolsai.jupyter-renderers-1.3.0]: Extension is not compatible with Code 1.85.2. Extension requires: ^1.95.0.
2025-10-17 16:37:52.569 [error] [/home/drdbrioso/.vscode/extensions/ms-toolsai.vscode-jupyter-slideshow-0.1.6]: Extension is not compatible with Code 1.85.2. Extension requires: ^1.88.0.
2025-10-17 16:37:52.579 [error] [/home/drdbrioso/.vscode/extensions/ms-vscode.remote-server-1.5.3]: Extension is not compatible with Code 1.85.2. Extension requires: ^1.87.0.
2025-10-17 16:37:52.580 [error] [/home/drdbrioso/.vscode/extensions/ms-vscode-remote.remote-wsl-0.104.3]: Extension is not compatible with Code 1.85.2. Extension requires: ^1.104.0.
2025-10-17 16:37:52.580 [error] [/home/drdbrioso/.vscode/extensions/ms-vscode.remote-explorer-0.5.0]: Extension is not compatible with Code 1.85.2. Extension requires: ^1.87.0.
2025-10-17 16:37:52.581 [error] [/home/drdbrioso/.vscode/extensions/ms-python.vscode-python-envs-1.8.0-linux-x64]: Extension is not compatible with Code 1.85.2. Extension requires: ^1.104.0-20250815.
2025-10-17 16:37:52.581 [error] [/home/drdbrioso/.vscode/extensions/ms-vscode-remote.remote-containers-0.427.0]: Extension is not compatible with Code 1.85.2. Extension requires: ^1.99.0.
2025-10-17 16:37:52.582 [error] [/home/drdbrioso/.vscode/extensions/ms-python.debugpy-2025.10.0-linux-x64]: Extension is not compatible with Code 1.85.2. Extension requires: ^1.92.0.
2025-10-17 16:37:52.583 [error] [/home/drdbrioso/.vscode/extensions/ms-python.python-2025.14.0-linux-x64]: Extension is not compatible with Code 1.85.2. Extension requires: ^1.95.0.
2025-10-17 16:37:52.584 [error] [/home/drdbrioso/.vscode/extensions/ms-python.vscode-pylance-2025.8.3]: Extension is not compatible with Code 1.85.2. Extension requires: ^1.101.0.
2025-10-17 16:37:52.599 [error] [/home/drdbrioso/.vscode/extensions/ms-vscode.remote-server-1.5.3]: Extension is not compatible with Code 1.85.2. Extension requires: ^1.87.0.
2025-10-17 16:37:52.600 [error] [/home/drdbrioso/.vscode/extensions/ms-vscode.remote-explorer-0.5.0]: Extension is not compatible with Code 1.85.2. Extension requires: ^1.87.0.
2025-10-17 16:37:52.601 [error] [/home/drdbrioso/.vscode/extensions/ms-vscode-remote.remote-wsl-0.104.3]: Extension is not compatible with Code 1.85.2. Extension requires: ^1.104.0.
2025-10-17 16:37:52.601 [error] [/home/drdbrioso/.vscode/extensions/ms-python.vscode-python-envs-1.8.0-linux-x64]: Extension is not compatible with Code 1.85.2. Extension requires: ^1.104.0-20250815.
2025-10-17 16:37:52.602 [error] [/home/drdbrioso/.vscode/extensions/ms-python.debugpy-2025.10.0-linux-x64]: Extension is not compatible with Code 1.85.2. Extension requires: ^1.92.0.
2025-10-17 16:37:52.603 [error] [/home/drdbrioso/.vscode/extensions/ms-vscode-remote.remote-containers-0.427.0]: Extension is not compatible with Code 1.85.2. Extension requires: ^1.99.0.
2025-10-17 16:37:52.605 [error] [/home/drdbrioso/.vscode/extensions/ms-python.python-2025.14.0-linux-x64]: Extension is not compatible with Code 1.85.2. Extension requires: ^1.95.0.
2025-10-17 16:37:52.610 [error] [/home/drdbrioso/.vscode/extensions/ms-python.vscode-pylance-2025.8.3]: Extension is not compatible with Code 1.85.2. Extension requires: ^1.101.0.
2025-10-17 16:37:52.743 [error] [/home/drdbrioso/.vscode/extensions/ms-toolsai.vscode-jupyter-cell-tags-0.1.9]: Extension is not compatible with Code 1.85.2. Extension requires: ^1.88.0.
2025-10-17 16:37:52.744 [error] [/home/drdbrioso/.vscode/extensions/ms-toolsai.vscode-jupyter-slideshow-0.1.6]: Extension is not compatible with Code 1.85.2. Extension requires: ^1.88.0.
2025-10-17 16:37:52.744 [error] [/home/drdbrioso/.vscode/extensions/ms-toolsai.jupyter-renderers-1.3.0]: Extension is not compatible with Code 1.85.2. Extension requires: ^1.95.0.
2025-10-17 16:37:52.751 [error] [/home/drdbrioso/.vscode/extensions/ms-vscode.remote-server-1.5.3]: Extension is not compatible with Code 1.85.2. Extension requires: ^1.87.0.
2025-10-17 16:37:52.752 [error] [/home/drdbrioso/.vscode/extensions/ms-vscode-remote.remote-containers-0.427.0]: Extension is not compatible with Code 1.85.2. Extension requires: ^1.99.0.
2025-10-17 16:37:52.752 [error] [/home/drdbrioso/.vscode/extensions/ms-vscode-remote.remote-wsl-0.104.3]: Extension is not compatible with Code 1.85.2. Extension requires: ^1.104.0.
2025-10-17 16:37:52.753 [error] [/home/drdbrioso/.vscode/extensions/ms-vscode.remote-explorer-0.5.0]: Extension is not compatible with Code 1.85.2. Extension requires: ^1.87.0.
2025-10-17 16:37:52.753 [error] [/home/drdbrioso/.vscode/extensions/ms-python.vscode-python-envs-1.8.0-linux-x64]: Extension is not compatible with Code 1.85.2. Extension requires: ^1.104.0-20250815.
2025-10-17 16:37:52.753 [error] [/home/drdbrioso/.vscode/extensions/ms-python.debugpy-2025.10.0-linux-x64]: Extension is not compatible with Code 1.85.2. Extension requires: ^1.92.0.
2025-10-17 16:37:52.754 [error] [/home/drdbrioso/.vscode/extensions/ms-python.python-2025.14.0-linux-x64]: Extension is not compatible with Code 1.85.2. Extension requires: ^1.95.0.
2025-10-17 16:37:52.756 [error] [/home/drdbrioso/.vscode/extensions/ms-python.vscode-pylance-2025.8.3]: Extension is not compatible with Code 1.85.2. Extension requires: ^1.101.0.
2025-10-17 16:37:52.827 [error] [/home/drdbrioso/.vscode/extensions/ms-toolsai.vscode-jupyter-cell-tags-0.1.9]: Extension is not compatible with Code 1.85.2. Extension requires: ^1.88.0.
2025-10-17 16:37:52.827 [error] [/home/drdbrioso/.vscode/extensions/ms-toolsai.vscode-jupyter-slideshow-0.1.6]: Extension is not compatible with Code 1.85.2. Extension requires: ^1.88.0.
2025-10-17 16:37:52.828 [error] [/home/drdbrioso/.vscode/extensions/ms-toolsai.jupyter-renderers-1.3.0]: Extension is not compatible with Code 1.85.2. Extension requires: ^1.95.0.
2025-10-17 16:37:52.843 [error] [/home/drdbrioso/.vscode/extensions/ms-vscode.remote-server-1.5.3]: Extension is not compatible with Code 1.85.2. Extension requires: ^1.87.0.
2025-10-17 16:37:52.843 [error] [/home/drdbrioso/.vscode/extensions/ms-vscode.remote-explorer-0.5.0]: Extension is not compatible with Code 1.85.2. Extension requires: ^1.87.0.
2025-10-17 16:37:52.843 [error] [/home/drdbrioso/.vscode/extensions/ms-python.vscode-python-envs-1.8.0-linux-x64]: Extension is not compatible with Code 1.85.2. Extension requires: ^1.104.0-20250815.
2025-10-17 16:37:52.844 [error] [/home/drdbrioso/.vscode/extensions/ms-python.debugpy-2025.10.0-linux-x64]: Extension is not compatible with Code 1.85.2. Extension requires: ^1.92.0.
2025-10-17 16:37:52.844 [error] [/home/drdbrioso/.vscode/extensions/ms-vscode-remote.remote-containers-0.427.0]: Extension is not compatible with Code 1.85.2. Extension requires: ^1.99.0.
2025-10-17 16:37:52.844 [error] [/home/drdbrioso/.vscode/extensions/ms-vscode-remote.remote-wsl-0.104.3]: Extension is not compatible with Code 1.85.2. Extension requires: ^1.104.0.
2025-10-17 16:37:52.844 [error] [/home/drdbrioso/.vscode/extensions/ms-python.python-2025.14.0-linux-x64]: Extension is not compatible with Code 1.85.2. Extension requires: ^1.95.0.
2025-10-17 16:37:52.845 [error] [/home/drdbrioso/.vscode/extensions/ms-python.vscode-pylance-2025.8.3]: Extension is not compatible with Code 1.85.2. Extension requires: ^1.101.0.
2025-10-17 16:37:52.909 [error] [/home/drdbrioso/.vscode/extensions/ms-toolsai.vscode-jupyter-cell-tags-0.1.9]: Extension is not compatible with Code 1.85.2. Extension requires: ^1.88.0.
2025-10-17 16:37:52.909 [error] [/home/drdbrioso/.vscode/extensions/ms-toolsai.vscode-jupyter-slideshow-0.1.6]: Extension is not compatible with Code 1.85.2. Extension requires: ^1.88.0.
2025-10-17 16:37:52.909 [error] [/home/drdbrioso/.vscode/extensions/ms-toolsai.jupyter-renderers-1.3.0]: Extension is not compatible with Code 1.85.2. Extension requires: ^1.95.0.
2025-10-17 16:37:52.915 [error] [/home/drdbrioso/.vscode/extensions/ms-vscode.remote-server-1.5.3]: Extension is not compatible with Code 1.85.2. Extension requires: ^1.87.0.
2025-10-17 16:37:52.915 [error] [/home/drdbrioso/.vscode/extensions/ms-vscode.remote-explorer-0.5.0]: Extension is not compatible with Code 1.85.2. Extension requires: ^1.87.0.
2025-10-17 16:37:52.915 [error] [/home/drdbrioso/.vscode/extensions/ms-vscode-remote.remote-wsl-0.104.3]: Extension is not compatible with Code 1.85.2. Extension requires: ^1.104.0.
2025-10-17 16:37:52.915 [error] [/home/drdbrioso/.vscode/extensions/ms-vscode-remote.remote-containers-0.427.0]: Extension is not compatible with Code 1.85.2. Extension requires: ^1.99.0.
2025-10-17 16:37:52.915 [error] [/home/drdbrioso/.vscode/extensions/ms-python.debugpy-2025.10.0-linux-x64]: Extension is not compatible with Code 1.85.2. Extension requires: ^1.92.0.
2025-10-17 16:37:52.916 [error] [/home/drdbrioso/.vscode/extensions/ms-python.vscode-python-envs-1.8.0-linux-x64]: Extension is not compatible with Code 1.85.2. Extension requires: ^1.104.0-20250815.
2025-10-17 16:37:52.916 [error] [/home/drdbrioso/.vscode/extensions/ms-python.python-2025.14.0-linux-x64]: Extension is not compatible with Code 1.85.2. Extension requires: ^1.95.0.
2025-10-17 16:37:52.917 [error] [/home/drdbrioso/.vscode/extensions/ms-python.vscode-pylance-2025.8.3]: Extension is not compatible with Code 1.85.2. Extension requires: ^1.101.0.
2025-10-17 16:37:52.965 [error] [/home/drdbrioso/.vscode/extensions/ms-toolsai.vscode-jupyter-cell-tags-0.1.9]: Extension is not compatible with Code 1.85.2. Extension requires: ^1.88.0.
2025-10-17 16:37:52.965 [error] [/home/drdbrioso/.vscode/extensions/ms-toolsai.vscode-jupyter-slideshow-0.1.6]: Extension is not compatible with Code 1.85.2. Extension requires: ^1.88.0.
2025-10-17 16:37:52.965 [error] [/home/drdbrioso/.vscode/extensions/ms-toolsai.jupyter-renderers-1.3.0]: Extension is not compatible with Code 1.85.2. Extension requires: ^1.95.0.
2025-10-17 16:37:52.966 [error] [/home/drdbrioso/.vscode/extensions/ms-vscode.remote-server-1.5.3]: Extension is not compatible with Code 1.85.2. Extension requires: ^1.87.0.
2025-10-17 16:37:52.966 [error] [/home/drdbrioso/.vscode/extensions/ms-vscode-remote.remote-wsl-0.104.3]: Extension is not compatible with Code 1.85.2. Extension requires: ^1.104.0.
2025-10-17 16:37:52.966 [error] [/home/drdbrioso/.vscode/extensions/ms-vscode-remote.remote-containers-0.427.0]: Extension is not compatible with Code 1.85.2. Extension requires: ^1.99.0.
2025-10-17 16:37:52.967 [error] [/home/drdbrioso/.vscode/extensions/ms-vscode.remote-explorer-0.5.0]: Extension is not compatible with Code 1.85.2. Extension requires: ^1.87.0.
2025-10-17 16:37:52.967 [error] [/home/drdbrioso/.vscode/extensions/ms-python.debugpy-2025.10.0-linux-x64]: Extension is not compatible with Code 1.85.2. Extension requires: ^1.92.0.
2025-10-17 16:37:52.967 [error] [/home/drdbrioso/.vscode/extensions/ms-python.vscode-python-envs-1.8.0-linux-x64]: Extension is not compatible with Code 1.85.2. Extension requires: ^1.104.0-20250815.
2025-10-17 16:37:52.967 [error] [/home/drdbrioso/.vscode/extensions/ms-python.python-2025.14.0-linux-x64]: Extension is not compatible with Code 1.85.2. Extension requires: ^1.95.0.
2025-10-17 16:37:52.968 [error] [/home/drdbrioso/.vscode/extensions/ms-python.vscode-pylance-2025.8.3]: Extension is not compatible with Code 1.85.2. Extension requires: ^1.101.0.
2025-10-17 16:37:53.023 [error] [/home/drdbrioso/.vscode/extensions/ms-toolsai.vscode-jupyter-cell-tags-0.1.9]: Extension is not compatible with Code 1.85.2. Extension requires: ^1.88.0.
2025-10-17 16:37:53.023 [error] [/home/drdbrioso/.vscode/extensions/ms-toolsai.vscode-jupyter-slideshow-0.1.6]: Extension is not compatible with Code 1.85.2. Extension requires: ^1.88.0.
2025-10-17 16:37:53.024 [error] [/home/drdbrioso/.vscode/extensions/ms-toolsai.jupyter-renderers-1.3.0]: Extension is not compatible with Code 1.85.2. Extension requires: ^1.95.0.
2025-10-17 16:37:53.027 [error] [/home/drdbrioso/.vscode/extensions/ms-vscode.remote-server-1.5.3]: Extension is not compatible with Code 1.85.2. Extension requires: ^1.87.0.
2025-10-17 16:37:53.027 [error] [/home/drdbrioso/.vscode/extensions/ms-vscode-remote.remote-wsl-0.104.3]: Extension is not compatible with Code 1.85.2. Extension requires: ^1.104.0.
2025-10-17 16:37:53.028 [error] [/home/drdbrioso/.vscode/extensions/ms-python.vscode-python-envs-1.8.0-linux-x64]: Extension is not compatible with Code 1.85.2. Extension requires: ^1.104.0-20250815.
2025-10-17 16:37:53.028 [error] [/home/drdbrioso/.vscode/extensions/ms-vscode.remote-explorer-0.5.0]: Extension is not compatible with Code 1.85.2. Extension requires: ^1.87.0.
2025-10-17 16:37:53.028 [error] [/home/drdbrioso/.vscode/extensions/ms-vscode-remote.remote-containers-0.427.0]: Extension is not compatible with Code 1.85.2. Extension requires: ^1.99.0.
2025-10-17 16:37:53.028 [error] [/home/drdbrioso/.vscode/extensions/ms-python.debugpy-2025.10.0-linux-x64]: Extension is not compatible with Code 1.85.2. Extension requires: ^1.92.0.
2025-10-17 16:37:53.029 [error] [/home/drdbrioso/.vscode/extensions/ms-python.python-2025.14.0-linux-x64]: Extension is not compatible with Code 1.85.2. Extension requires: ^1.95.0.
2025-10-17 16:37:53.029 [error] [/home/drdbrioso/.vscode/extensions/ms-python.vscode-pylance-2025.8.3]: Extension is not compatible with Code 1.85.2. Extension requires: ^1.101.0.
2025-10-17 16:37:53.263 [error] [/home/drdbrioso/.vscode/extensions/ms-toolsai.vscode-jupyter-cell-tags-0.1.9]: Extension is not compatible with Code 1.85.2. Extension requires: ^1.88.0.
2025-10-17 16:37:53.264 [error] [/home/drdbrioso/.vscode/extensions/ms-toolsai.vscode-jupyter-slideshow-0.1.6]: Extension is not compatible with Code 1.85.2. Extension requires: ^1.88.0.
2025-10-17 16:37:53.264 [error] [/home/drdbrioso/.vscode/extensions/ms-toolsai.jupyter-renderers-1.3.0]: Extension is not compatible with Code 1.85.2. Extension requires: ^1.95.0.
2025-10-17 16:37:53.269 [error] [/home/drdbrioso/.vscode/extensions/ms-toolsai.vscode-jupyter-cell-tags-0.1.9]: Extension is not compatible with Code 1.85.2. Extension requires: ^1.88.0.
2025-10-17 16:37:53.270 [error] [/home/drdbrioso/.vscode/extensions/ms-toolsai.vscode-jupyter-slideshow-0.1.6]: Extension is not compatible with Code 1.85.2. Extension requires: ^1.88.0.
2025-10-17 16:37:53.270 [error] [/home/drdbrioso/.vscode/extensions/ms-toolsai.jupyter-renderers-1.3.0]: Extension is not compatible with Code 1.85.2. Extension requires: ^1.95.0.
2025-10-17 16:37:53.283 [error] [/home/drdbrioso/.vscode/extensions/ms-vscode.remote-server-1.5.3]: Extension is not compatible with Code 1.85.2. Extension requires: ^1.87.0.
2025-10-17 16:37:53.283 [error] [/home/drdbrioso/.vscode/extensions/ms-vscode-remote.remote-wsl-0.104.3]: Extension is not compatible with Code 1.85.2. Extension requires: ^1.104.0.
2025-10-17 16:37:53.283 [error] [/home/drdbrioso/.vscode/extensions/ms-vscode.remote-explorer-0.5.0]: Extension is not compatible with Code 1.85.2. Extension requires: ^1.87.0.
2025-10-17 16:37:53.284 [error] [/home/drdbrioso/.vscode/extensions/ms-python.vscode-python-envs-1.8.0-linux-x64]: Extension is not compatible with Code 1.85.2. Extension requires: ^1.104.0-20250815.
2025-10-17 16:37:53.284 [error] [/home/drdbrioso/.vscode/extensions/ms-python.debugpy-2025.10.0-linux-x64]: Extension is not compatible with Code 1.85.2. Extension requires: ^1.92.0.
2025-10-17 16:37:53.284 [error] [/home/drdbrioso/.vscode/extensions/ms-vscode-remote.remote-containers-0.427.0]: Extension is not compatible with Code 1.85.2. Extension requires: ^1.99.0.
2025-10-17 16:37:53.285 [error] [/home/drdbrioso/.vscode/extensions/ms-python.python-2025.14.0-linux-x64]: Extension is not compatible with Code 1.85.2. Extension requires: ^1.95.0.
2025-10-17 16:37:53.285 [error] [/home/drdbrioso/.vscode/extensions/ms-python.vscode-pylance-2025.8.3]: Extension is not compatible with Code 1.85.2. Extension requires: ^1.101.0.
2025-10-17 16:37:53.286 [error] [/home/drdbrioso/.vscode/extensions/ms-toolsai.vscode-jupyter-cell-tags-0.1.9]: Extension is not compatible with Code 1.85.2. Extension requires: ^1.88.0.
2025-10-17 16:37:53.287 [error] [/home/drdbrioso/.vscode/extensions/ms-toolsai.vscode-jupyter-slideshow-0.1.6]: Extension is not compatible with Code 1.85.2. Extension requires: ^1.88.0.
2025-10-17 16:37:53.287 [error] [/home/drdbrioso/.vscode/extensions/ms-toolsai.jupyter-renderers-1.3.0]: Extension is not compatible with Code 1.85.2. Extension requires: ^1.95.0.
2025-10-17 16:37:53.289 [error] [/home/drdbrioso/.vscode/extensions/ms-vscode.remote-server-1.5.3]: Extension is not compatible with Code 1.85.2. Extension requires: ^1.87.0.
2025-10-17 16:37:53.290 [error] [/home/drdbrioso/.vscode/extensions/ms-vscode-remote.remote-wsl-0.104.3]: Extension is not compatible with Code 1.85.2. Extension requires: ^1.104.0.
2025-10-17 16:37:53.290 [error] [/home/drdbrioso/.vscode/extensions/ms-vscode.remote-explorer-0.5.0]: Extension is not compatible with Code 1.85.2. Extension requires: ^1.87.0.
2025-10-17 16:37:53.290 [error] [/home/drdbrioso/.vscode/extensions/ms-python.debugpy-2025.10.0-linux-x64]: Extension is not compatible with Code 1.85.2. Extension requires: ^1.92.0.
2025-10-17 16:37:53.290 [error] [/home/drdbrioso/.vscode/extensions/ms-python.vscode-python-envs-1.8.0-linux-x64]: Extension is not compatible with Code 1.85.2. Extension requires: ^1.104.0-20250815.
2025-10-17 16:37:53.290 [error] [/home/drdbrioso/.vscode/extensions/ms-vscode-remote.remote-containers-0.427.0]: Extension is not compatible with Code 1.85.2. Extension requires: ^1.99.0.
2025-10-17 16:37:53.291 [error] [/home/drdbrioso/.vscode/extensions/ms-python.python-2025.14.0-linux-x64]: Extension is not compatible with Code 1.85.2. Extension requires: ^1.95.0.
2025-10-17 16:37:53.291 [error] [/home/drdbrioso/.vscode/extensions/ms-python.vscode-pylance-2025.8.3]: Extension is not compatible with Code 1.85.2. Extension requires: ^1.101.0.
2025-10-17 16:37:53.293 [error] [/home/drdbrioso/.vscode/extensions/ms-toolsai.vscode-jupyter-cell-tags-0.1.9]: Extension is not compatible with Code 1.85.2. Extension requires: ^1.88.0.
2025-10-17 16:37:53.293 [error] [/home/drdbrioso/.vscode/extensions/ms-toolsai.vscode-jupyter-slideshow-0.1.6]: Extension is not compatible with Code 1.85.2. Extension requires: ^1.88.0.
2025-10-17 16:37:53.293 [error] [/home/drdbrioso/.vscode/extensions/ms-toolsai.jupyter-renderers-1.3.0]: Extension is not compatible with Code 1.85.2. Extension requires: ^1.95.0.
2025-10-17 16:37:53.296 [error] [/home/drdbrioso/.vscode/extensions/ms-vscode.remote-server-1.5.3]: Extension is not compatible with Code 1.85.2. Extension requires: ^1.87.0.
2025-10-17 16:37:53.296 [error] [/home/drdbrioso/.vscode/extensions/ms-vscode.remote-explorer-0.5.0]: Extension is not compatible with Code 1.85.2. Extension requires: ^1.87.0.
2025-10-17 16:37:53.297 [error] [/home/drdbrioso/.vscode/extensions/ms-vscode-remote.remote-wsl-0.104.3]: Extension is not compatible with Code 1.85.2. Extension requires: ^1.104.0.
2025-10-17 16:37:53.297 [error] [/home/drdbrioso/.vscode/extensions/ms-python.vscode-python-envs-1.8.0-linux-x64]: Extension is not compatible with Code 1.85.2. Extension requires: ^1.104.0-20250815.
2025-10-17 16:37:53.297 [error] [/home/drdbrioso/.vscode/extensions/ms-python.debugpy-2025.10.0-linux-x64]: Extension is not compatible with Code 1.85.2. Extension requires: ^1.92.0.
2025-10-17 16:37:53.298 [error] [/home/drdbrioso/.vscode/extensions/ms-vscode-remote.remote-containers-0.427.0]: Extension is not compatible with Code 1.85.2. Extension requires: ^1.99.0.
2025-10-17 16:37:53.298 [error] [/home/drdbrioso/.vscode/extensions/ms-python.python-2025.14.0-linux-x64]: Extension is not compatible with Code 1.85.2. Extension requires: ^1.95.0.
2025-10-17 16:37:53.298 [error] [/home/drdbrioso/.vscode/extensions/ms-python.vscode-pylance-2025.8.3]: Extension is not compatible with Code 1.85.2. Extension requires: ^1.101.0.
2025-10-17 16:37:53.313 [error] [/home/drdbrioso/.vscode/extensions/ms-vscode.remote-server-1.5.3]: Extension is not compatible with Code 1.85.2. Extension requires: ^1.87.0.
2025-10-17 16:37:53.313 [error] [/home/drdbrioso/.vscode/extensions/ms-vscode.remote-explorer-0.5.0]: Extension is not compatible with Code 1.85.2. Extension requires: ^1.87.0.
2025-10-17 16:37:53.313 [error] [/home/drdbrioso/.vscode/extensions/ms-vscode-remote.remote-wsl-0.104.3]: Extension is not compatible with Code 1.85.2. Extension requires: ^1.104.0.
2025-10-17 16:37:53.314 [error] [/home/drdbrioso/.vscode/extensions/ms-python.vscode-python-envs-1.8.0-linux-x64]: Extension is not compatible with Code 1.85.2. Extension requires: ^1.104.0-20250815.
2025-10-17 16:37:53.314 [error] [/home/drdbrioso/.vscode/extensions/ms-python.debugpy-2025.10.0-linux-x64]: Extension is not compatible with Code 1.85.2. Extension requires: ^1.92.0.
2025-10-17 16:37:53.314 [error] [/home/drdbrioso/.vscode/extensions/ms-vscode-remote.remote-containers-0.427.0]: Extension is not compatible with Code 1.85.2. Extension requires: ^1.99.0.
2025-10-17 16:37:53.315 [error] [/home/drdbrioso/.vscode/extensions/ms-python.python-2025.14.0-linux-x64]: Extension is not compatible with Code 1.85.2. Extension requires: ^1.95.0.
2025-10-17 16:37:53.316 [error] [/home/drdbrioso/.vscode/extensions/ms-python.vscode-pylance-2025.8.3]: Extension is not compatible with Code 1.85.2. Extension requires: ^1.101.0.
2025-10-17 16:37:53.947 [error] [/home/drdbrioso/.vscode/extensions/ms-toolsai.vscode-jupyter-cell-tags-0.1.9]: Extension is not compatible with Code 1.85.2. Extension requires: ^1.88.0.
2025-10-17 16:37:53.947 [error] [/home/drdbrioso/.vscode/extensions/ms-toolsai.vscode-jupyter-slideshow-0.1.6]: Extension is not compatible with Code 1.85.2. Extension requires: ^1.88.0.
2025-10-17 16:37:53.947 [error] [/home/drdbrioso/.vscode/extensions/ms-toolsai.jupyter-renderers-1.3.0]: Extension is not compatible with Code 1.85.2. Extension requires: ^1.95.0.
2025-10-17 16:37:53.953 [error] [/home/drdbrioso/.vscode/extensions/ms-toolsai.vscode-jupyter-slideshow-0.1.6]: Extension is not compatible with Code 1.85.2. Extension requires: ^1.88.0.
2025-10-17 16:37:53.953 [error] [/home/drdbrioso/.vscode/extensions/ms-toolsai.vscode-jupyter-cell-tags-0.1.9]: Extension is not compatible with Code 1.85.2. Extension requires: ^1.88.0.
2025-10-17 16:37:53.953 [error] [/home/drdbrioso/.vscode/extensions/ms-toolsai.jupyter-renderers-1.3.0]: Extension is not compatible with Code 1.85.2. Extension requires: ^1.95.0.
2025-10-17 16:37:53.955 [error] [/home/drdbrioso/.vscode/extensions/ms-vscode.remote-server-1.5.3]: Extension is not compatible with Code 1.85.2. Extension requires: ^1.87.0.
2025-10-17 16:37:53.956 [error] [/home/drdbrioso/.vscode/extensions/ms-vscode-remote.remote-wsl-0.104.3]: Extension is not compatible with Code 1.85.2. Extension requires: ^1.104.0.
2025-10-17 16:37:53.956 [error] [/home/drdbrioso/.vscode/extensions/ms-vscode.remote-explorer-0.5.0]: Extension is not compatible with Code 1.85.2. Extension requires: ^1.87.0.
2025-10-17 16:37:53.957 [error] [/home/drdbrioso/.vscode/extensions/ms-python.vscode-python-envs-1.8.0-linux-x64]: Extension is not compatible with Code 1.85.2. Extension requires: ^1.104.0-20250815.
2025-10-17 16:37:53.957 [error] [/home/drdbrioso/.vscode/extensions/ms-vscode-remote.remote-containers-0.427.0]: Extension is not compatible with Code 1.85.2. Extension requires: ^1.99.0.
2025-10-17 16:37:53.957 [error] [/home/drdbrioso/.vscode/extensions/ms-python.debugpy-2025.10.0-linux-x64]: Extension is not compatible with Code 1.85.2. Extension requires: ^1.92.0.
2025-10-17 16:37:53.958 [error] [/home/drdbrioso/.vscode/extensions/ms-python.python-2025.14.0-linux-x64]: Extension is not compatible with Code 1.85.2. Extension requires: ^1.95.0.
2025-10-17 16:37:53.958 [error] [/home/drdbrioso/.vscode/extensions/ms-python.vscode-pylance-2025.8.3]: Extension is not compatible with Code 1.85.2. Extension requires: ^1.101.0.
2025-10-17 16:37:53.961 [error] [/home/drdbrioso/.vscode/extensions/ms-vscode.remote-server-1.5.3]: Extension is not compatible with Code 1.85.2. Extension requires: ^1.87.0.
2025-10-17 16:37:53.961 [error] [/home/drdbrioso/.vscode/extensions/ms-python.vscode-python-envs-1.8.0-linux-x64]: Extension is not compatible with Code 1.85.2. Extension requires: ^1.104.0-20250815.
2025-10-17 16:37:53.961 [error] [/home/drdbrioso/.vscode/extensions/ms-python.debugpy-2025.10.0-linux-x64]: Extension is not compatible with Code 1.85.2. Extension requires: ^1.92.0.
2025-10-17 16:37:53.962 [error] [/home/drdbrioso/.vscode/extensions/ms-vscode-remote.remote-wsl-0.104.3]: Extension is not compatible with Code 1.85.2. Extension requires: ^1.104.0.
2025-10-17 16:37:53.962 [error] [/home/drdbrioso/.vscode/extensions/ms-vscode.remote-explorer-0.5.0]: Extension is not compatible with Code 1.85.2. Extension requires: ^1.87.0.
2025-10-17 16:37:53.962 [error] [/home/drdbrioso/.vscode/extensions/ms-vscode-remote.remote-containers-0.427.0]: Extension is not compatible with Code 1.85.2. Extension requires: ^1.99.0.
2025-10-17 16:37:53.962 [error] [/home/drdbrioso/.vscode/extensions/ms-python.python-2025.14.0-linux-x64]: Extension is not compatible with Code 1.85.2. Extension requires: ^1.95.0.
2025-10-17 16:37:53.963 [error] [/home/drdbrioso/.vscode/extensions/ms-python.vscode-pylance-2025.8.3]: Extension is not compatible with Code 1.85.2. Extension requires: ^1.101.0.
2025-10-17 16:37:54.282 [error] [/home/drdbrioso/.vscode/extensions/ms-toolsai.vscode-jupyter-cell-tags-0.1.9]: Extension is not compatible with Code 1.85.2. Extension requires: ^1.88.0.
2025-10-17 16:37:54.282 [error] [/home/drdbrioso/.vscode/extensions/ms-toolsai.vscode-jupyter-slideshow-0.1.6]: Extension is not compatible with Code 1.85.2. Extension requires: ^1.88.0.
2025-10-17 16:37:54.282 [error] [/home/drdbrioso/.vscode/extensions/ms-toolsai.jupyter-renderers-1.3.0]: Extension is not compatible with Code 1.85.2. Extension requires: ^1.95.0.
2025-10-17 16:37:54.296 [error] [/home/drdbrioso/.vscode/extensions/ms-vscode-remote.remote-containers-0.427.0]: Extension is not compatible with Code 1.85.2. Extension requires: ^1.99.0.
2025-10-17 16:37:54.297 [error] [/home/drdbrioso/.vscode/extensions/ms-vscode.remote-server-1.5.3]: Extension is not compatible with Code 1.85.2. Extension requires: ^1.87.0.
2025-10-17 16:37:54.297 [error] [/home/drdbrioso/.vscode/extensions/ms-vscode.remote-explorer-0.5.0]: Extension is not compatible with Code 1.85.2. Extension requires: ^1.87.0.
2025-10-17 16:37:54.297 [error] [/home/drdbrioso/.vscode/extensions/ms-python.vscode-python-envs-1.8.0-linux-x64]: Extension is not compatible with Code 1.85.2. Extension requires: ^1.104.0-20250815.
2025-10-17 16:37:54.297 [error] [/home/drdbrioso/.vscode/extensions/ms-python.debugpy-2025.10.0-linux-x64]: Extension is not compatible with Code 1.85.2. Extension requires: ^1.92.0.
2025-10-17 16:37:54.297 [error] [/home/drdbrioso/.vscode/extensions/ms-vscode-remote.remote-wsl-0.104.3]: Extension is not compatible with Code 1.85.2. Extension requires: ^1.104.0.
2025-10-17 16:37:54.298 [error] [/home/drdbrioso/.vscode/extensions/ms-python.python-2025.14.0-linux-x64]: Extension is not compatible with Code 1.85.2. Extension requires: ^1.95.0.
2025-10-17 16:37:54.298 [error] [/home/drdbrioso/.vscode/extensions/ms-python.vscode-pylance-2025.8.3]: Extension is not compatible with Code 1.85.2. Extension requires: ^1.101.0.
2025-10-17 16:37:54.310 [error] [/home/drdbrioso/.vscode/extensions/ms-toolsai.vscode-jupyter-cell-tags-0.1.9]: Extension is not compatible with Code 1.85.2. Extension requires: ^1.88.0.
2025-10-17 16:37:54.311 [error] [/home/drdbrioso/.vscode/extensions/ms-toolsai.vscode-jupyter-slideshow-0.1.6]: Extension is not compatible with Code 1.85.2. Extension requires: ^1.88.0.
2025-10-17 16:37:54.311 [error] [/home/drdbrioso/.vscode/extensions/ms-toolsai.jupyter-renderers-1.3.0]: Extension is not compatible with Code 1.85.2. Extension requires: ^1.95.0.
2025-10-17 16:37:54.326 [error] [/home/drdbrioso/.vscode/extensions/ms-vscode.remote-server-1.5.3]: Extension is not compatible with Code 1.85.2. Extension requires: ^1.87.0.
2025-10-17 16:37:54.327 [error] [/home/drdbrioso/.vscode/extensions/ms-python.vscode-python-envs-1.8.0-linux-x64]: Extension is not compatible with Code 1.85.2. Extension requires: ^1.104.0-20250815.
2025-10-17 16:37:54.327 [error] [/home/drdbrioso/.vscode/extensions/ms-python.debugpy-2025.10.0-linux-x64]: Extension is not compatible with Code 1.85.2. Extension requires: ^1.92.0.
2025-10-17 16:37:54.327 [error] [/home/drdbrioso/.vscode/extensions/ms-vscode-remote.remote-wsl-0.104.3]: Extension is not compatible with Code 1.85.2. Extension requires: ^1.104.0.
2025-10-17 16:37:54.327 [error] [/home/drdbrioso/.vscode/extensions/ms-vscode.remote-explorer-0.5.0]: Extension is not compatible with Code 1.85.2. Extension requires: ^1.87.0.
2025-10-17 16:37:54.328 [error] [/home/drdbrioso/.vscode/extensions/ms-vscode-remote.remote-containers-0.427.0]: Extension is not compatible with Code 1.85.2. Extension requires: ^1.99.0.
2025-10-17 16:37:54.328 [error] [/home/drdbrioso/.vscode/extensions/ms-python.python-2025.14.0-linux-x64]: Extension is not compatible with Code 1.85.2. Extension requires: ^1.95.0.
2025-10-17 16:37:54.328 [error] [/home/drdbrioso/.vscode/extensions/ms-python.vscode-pylance-2025.8.3]: Extension is not compatible with Code 1.85.2. Extension requires: ^1.101.0.
2025-10-17 16:37:54.617 [error] [/home/drdbrioso/.vscode/extensions/ms-toolsai.vscode-jupyter-cell-tags-0.1.9]: Extension is not compatible with Code 1.85.2. Extension requires: ^1.88.0.
2025-10-17 16:37:54.617 [error] [/home/drdbrioso/.vscode/extensions/ms-toolsai.vscode-jupyter-slideshow-0.1.6]: Extension is not compatible with Code 1.85.2. Extension requires: ^1.88.0.
2025-10-17 16:37:54.617 [error] [/home/drdbrioso/.vscode/extensions/ms-toolsai.jupyter-renderers-1.3.0]: Extension is not compatible with Code 1.85.2. Extension requires: ^1.95.0.
2025-10-17 16:37:54.617 [error] [/home/drdbrioso/.vscode/extensions/ms-vscode.remote-server-1.5.3]: Extension is not compatible with Code 1.85.2. Extension requires: ^1.87.0.
2025-10-17 16:37:54.617 [error] [/home/drdbrioso/.vscode/extensions/ms-vscode-remote.remote-wsl-0.104.3]: Extension is not compatible with Code 1.85.2. Extension requires: ^1.104.0.
2025-10-17 16:37:54.617 [error] [/home/drdbrioso/.vscode/extensions/ms-vscode.remote-explorer-0.5.0]: Extension is not compatible with Code 1.85.2. Extension requires: ^1.87.0.
2025-10-17 16:37:54.617 [error] [/home/drdbrioso/.vscode/extensions/ms-vscode-remote.remote-containers-0.427.0]: Extension is not compatible with Code 1.85.2. Extension requires: ^1.99.0.
2025-10-17 16:37:54.617 [error] [/home/drdbrioso/.vscode/extensions/ms-python.vscode-python-envs-1.8.0-linux-x64]: Extension is not compatible with Code 1.85.2. Extension requires: ^1.104.0-20250815.
2025-10-17 16:37:54.617 [error] [/home/drdbrioso/.vscode/extensions/ms-python.debugpy-2025.10.0-linux-x64]: Extension is not compatible with Code 1.85.2. Extension requires: ^1.92.0.
2025-10-17 16:37:54.617 [error] [/home/drdbrioso/.vscode/extensions/ms-python.python-2025.14.0-linux-x64]: Extension is not compatible with Code 1.85.2. Extension requires: ^1.95.0.
2025-10-17 16:37:54.617 [error] [/home/drdbrioso/.vscode/extensions/ms-python.vscode-pylance-2025.8.3]: Extension is not compatible with Code 1.85.2. Extension requires: ^1.101.0.
2025-10-17 16:37:54.653 [error] [/home/drdbrioso/.vscode/extensions/ms-toolsai.vscode-jupyter-cell-tags-0.1.9]: Extension is not compatible with Code 1.85.2. Extension requires: ^1.88.0.
2025-10-17 16:37:54.653 [error] [/home/drdbrioso/.vscode/extensions/ms-toolsai.vscode-jupyter-slideshow-0.1.6]: Extension is not compatible with Code 1.85.2. Extension requires: ^1.88.0.
2025-10-17 16:37:54.653 [error] [/home/drdbrioso/.vscode/extensions/ms-toolsai.jupyter-renderers-1.3.0]: Extension is not compatible with Code 1.85.2. Extension requires: ^1.95.0.
2025-10-17 16:37:54.663 [error] [/home/drdbrioso/.vscode/extensions/ms-toolsai.vscode-jupyter-cell-tags-0.1.9]: Extension is not compatible with Code 1.85.2. Extension requires: ^1.88.0.
2025-10-17 16:37:54.663 [error] [/home/drdbrioso/.vscode/extensions/ms-toolsai.vscode-jupyter-slideshow-0.1.6]: Extension is not compatible with Code 1.85.2. Extension requires: ^1.88.0.
2025-10-17 16:37:54.663 [error] [/home/drdbrioso/.vscode/extensions/ms-toolsai.jupyter-renderers-1.3.0]: Extension is not compatible with Code 1.85.2. Extension requires: ^1.95.0.
2025-10-17 16:37:54.664 [error] [/home/drdbrioso/.vscode/extensions/ms-vscode.remote-server-1.5.3]: Extension is not compatible with Code 1.85.2. Extension requires: ^1.87.0.
2025-10-17 16:37:54.664 [error] [/home/drdbrioso/.vscode/extensions/ms-vscode-remote.remote-wsl-0.104.3]: Extension is not compatible with Code 1.85.2. Extension requires: ^1.104.0.
2025-10-17 16:37:54.664 [error] [/home/drdbrioso/.vscode/extensions/ms-python.vscode-python-envs-1.8.0-linux-x64]: Extension is not compatible with Code 1.85.2. Extension requires: ^1.104.0-20250815.
2025-10-17 16:37:54.664 [error] [/home/drdbrioso/.vscode/extensions/ms-vscode-remote.remote-containers-0.427.0]: Extension is not compatible with Code 1.85.2. Extension requires: ^1.99.0.
2025-10-17 16:37:54.664 [error] [/home/drdbrioso/.vscode/extensions/ms-vscode.remote-explorer-0.5.0]: Extension is not compatible with Code 1.85.2. Extension requires: ^1.87.0.
2025-10-17 16:37:54.665 [error] [/home/drdbrioso/.vscode/extensions/ms-python.debugpy-2025.10.0-linux-x64]: Extension is not compatible with Code 1.85.2. Extension requires: ^1.92.0.
2025-10-17 16:37:54.665 [error] [/home/drdbrioso/.vscode/extensions/ms-python.python-2025.14.0-linux-x64]: Extension is not compatible with Code 1.85.2. Extension requires: ^1.95.0.
2025-10-17 16:37:54.666 [error] [/home/drdbrioso/.vscode/extensions/ms-python.vscode-pylance-2025.8.3]: Extension is not compatible with Code 1.85.2. Extension requires: ^1.101.0.
2025-10-17 16:37:54.668 [error] [/home/drdbrioso/.vscode/extensions/ms-vscode.remote-explorer-0.5.0]: Extension is not compatible with Code 1.85.2. Extension requires: ^1.87.0.
2025-10-17 16:37:54.668 [error] [/home/drdbrioso/.vscode/extensions/ms-vscode-remote.remote-wsl-0.104.3]: Extension is not compatible with Code 1.85.2. Extension requires: ^1.104.0.
2025-10-17 16:37:54.668 [error] [/home/drdbrioso/.vscode/extensions/ms-vscode.remote-server-1.5.3]: Extension is not compatible with Code 1.85.2. Extension requires: ^1.87.0.
2025-10-17 16:37:54.668 [error] [/home/drdbrioso/.vscode/extensions/ms-vscode-remote.remote-containers-0.427.0]: Extension is not compatible with Code 1.85.2. Extension requires: ^1.99.0.
2025-10-17 16:37:54.669 [error] [/home/drdbrioso/.vscode/extensions/ms-python.debugpy-2025.10.0-linux-x64]: Extension is not compatible with Code 1.85.2. Extension requires: ^1.92.0.
2025-10-17 16:37:54.669 [error] [/home/drdbrioso/.vscode/extensions/ms-python.vscode-python-envs-1.8.0-linux-x64]: Extension is not compatible with Code 1.85.2. Extension requires: ^1.104.0-20250815.
2025-10-17 16:37:54.669 [error] [/home/drdbrioso/.vscode/extensions/ms-python.python-2025.14.0-linux-x64]: Extension is not compatible with Code 1.85.2. Extension requires: ^1.95.0.
2025-10-17 16:37:54.670 [error] [/home/drdbrioso/.vscode/extensions/ms-python.vscode-pylance-2025.8.3]: Extension is not compatible with Code 1.85.2. Extension requires: ^1.101.0.
2025-10-17 16:37:55.255 [error] [/home/drdbrioso/.vscode/extensions/ms-toolsai.vscode-jupyter-cell-tags-0.1.9]: Extension is not compatible with Code 1.85.2. Extension requires: ^1.88.0.
2025-10-17 16:37:55.261 [error] [/home/drdbrioso/.vscode/extensions/ms-toolsai.vscode-jupyter-slideshow-0.1.6]: Extension is not compatible with Code 1.85.2. Extension requires: ^1.88.0.
2025-10-17 16:37:55.261 [error] [/home/drdbrioso/.vscode/extensions/ms-toolsai.jupyter-renderers-1.3.0]: Extension is not compatible with Code 1.85.2. Extension requires: ^1.95.0.
2025-10-17 16:37:55.261 [error] [/home/drdbrioso/.vscode/extensions/ms-vscode.remote-explorer-0.5.0]: Extension is not compatible with Code 1.85.2. Extension requires: ^1.87.0.
2025-10-17 16:37:55.262 [error] [/home/drdbrioso/.vscode/extensions/ms-vscode-remote.remote-wsl-0.104.3]: Extension is not compatible with Code 1.85.2. Extension requires: ^1.104.0.
2025-10-17 16:37:55.262 [error] [/home/drdbrioso/.vscode/extensions/ms-vscode-remote.remote-containers-0.427.0]: Extension is not compatible with Code 1.85.2. Extension requires: ^1.99.0.
2025-10-17 16:37:55.262 [error] [/home/drdbrioso/.vscode/extensions/ms-vscode.remote-server-1.5.3]: Extension is not compatible with Code 1.85.2. Extension requires: ^1.87.0.
2025-10-17 16:37:55.262 [error] [/home/drdbrioso/.vscode/extensions/ms-python.vscode-python-envs-1.8.0-linux-x64]: Extension is not compatible with Code 1.85.2. Extension requires: ^1.104.0-20250815.
2025-10-17 16:37:55.262 [error] [/home/drdbrioso/.vscode/extensions/ms-python.debugpy-2025.10.0-linux-x64]: Extension is not compatible with Code 1.85.2. Extension requires: ^1.92.0.
2025-10-17 16:37:55.262 [error] [/home/drdbrioso/.vscode/extensions/ms-python.python-2025.14.0-linux-x64]: Extension is not compatible with Code 1.85.2. Extension requires: ^1.95.0.
2025-10-17 16:37:55.271 [error] [/home/drdbrioso/.vscode/extensions/ms-python.vscode-pylance-2025.8.3]: Extension is not compatible with Code 1.85.2. Extension requires: ^1.101.0.
2025-10-17 16:37:56.738 [error] [/home/drdbrioso/.vscode/extensions/ms-toolsai.vscode-jupyter-cell-tags-0.1.9]: Extension is not compatible with Code 1.85.2. Extension requires: ^1.88.0.
2025-10-17 16:37:56.739 [error] [/home/drdbrioso/.vscode/extensions/ms-toolsai.vscode-jupyter-slideshow-0.1.6]: Extension is not compatible with Code 1.85.2. Extension requires: ^1.88.0.
2025-10-17 16:37:56.739 [error] [/home/drdbrioso/.vscode/extensions/ms-toolsai.jupyter-renderers-1.3.0]: Extension is not compatible with Code 1.85.2. Extension requires: ^1.95.0.
2025-10-17 16:37:56.742 [error] [/home/drdbrioso/.vscode/extensions/ms-toolsai.vscode-jupyter-cell-tags-0.1.9]: Extension is not compatible with Code 1.85.2. Extension requires: ^1.88.0.
2025-10-17 16:37:56.743 [error] [/home/drdbrioso/.vscode/extensions/ms-toolsai.vscode-jupyter-slideshow-0.1.6]: Extension is not compatible with Code 1.85.2. Extension requires: ^1.88.0.
2025-10-17 16:37:56.743 [error] [/home/drdbrioso/.vscode/extensions/ms-toolsai.jupyter-renderers-1.3.0]: Extension is not compatible with Code 1.85.2. Extension requires: ^1.95.0.
2025-10-17 16:37:56.746 [error] [/home/drdbrioso/.vscode/extensions/ms-vscode-remote.remote-wsl-0.104.3]: Extension is not compatible with Code 1.85.2. Extension requires: ^1.104.0.
2025-10-17 16:37:56.746 [error] [/home/drdbrioso/.vscode/extensions/ms-vscode.remote-server-1.5.3]: Extension is not compatible with Code 1.85.2. Extension requires: ^1.87.0.
2025-10-17 16:37:56.746 [error] [/home/drdbrioso/.vscode/extensions/ms-vscode.remote-explorer-0.5.0]: Extension is not compatible with Code 1.85.2. Extension requires: ^1.87.0.
2025-10-17 16:37:56.747 [error] [/home/drdbrioso/.vscode/extensions/ms-python.debugpy-2025.10.0-linux-x64]: Extension is not compatible with Code 1.85.2. Extension requires: ^1.92.0.
2025-10-17 16:37:56.747 [error] [/home/drdbrioso/.vscode/extensions/ms-vscode-remote.remote-containers-0.427.0]: Extension is not compatible with Code 1.85.2. Extension requires: ^1.99.0.
2025-10-17 16:37:56.747 [error] [/home/drdbrioso/.vscode/extensions/ms-python.vscode-python-envs-1.8.0-linux-x64]: Extension is not compatible with Code 1.85.2. Extension requires: ^1.104.0-20250815.
2025-10-17 16:37:56.748 [error] [/home/drdbrioso/.vscode/extensions/ms-python.python-2025.14.0-linux-x64]: Extension is not compatible with Code 1.85.2. Extension requires: ^1.95.0.
2025-10-17 16:37:56.748 [error] [/home/drdbrioso/.vscode/extensions/ms-python.vscode-pylance-2025.8.3]: Extension is not compatible with Code 1.85.2. Extension requires: ^1.101.0.
2025-10-17 16:37:56.750 [error] [/home/drdbrioso/.vscode/extensions/ms-vscode-remote.remote-containers-0.427.0]: Extension is not compatible with Code 1.85.2. Extension requires: ^1.99.0.
2025-10-17 16:37:56.750 [error] [/home/drdbrioso/.vscode/extensions/ms-vscode.remote-explorer-0.5.0]: Extension is not compatible with Code 1.85.2. Extension requires: ^1.87.0.
2025-10-17 16:37:56.751 [error] [/home/drdbrioso/.vscode/extensions/ms-vscode-remote.remote-wsl-0.104.3]: Extension is not compatible with Code 1.85.2. Extension requires: ^1.104.0.
2025-10-17 16:37:56.751 [error] [/home/drdbrioso/.vscode/extensions/ms-python.vscode-python-envs-1.8.0-linux-x64]: Extension is not compatible with Code 1.85.2. Extension requires: ^1.104.0-20250815.
2025-10-17 16:37:56.751 [error] [/home/drdbrioso/.vscode/extensions/ms-python.debugpy-2025.10.0-linux-x64]: Extension is not compatible with Code 1.85.2. Extension requires: ^1.92.0.
2025-10-17 16:37:56.752 [error] [/home/drdbrioso/.vscode/extensions/ms-python.python-2025.14.0-linux-x64]: Extension is not compatible with Code 1.85.2. Extension requires: ^1.95.0.
2025-10-17 16:37:56.752 [error] [/home/drdbrioso/.vscode/extensions/ms-python.vscode-pylance-2025.8.3]: Extension is not compatible with Code 1.85.2. Extension requires: ^1.101.0.
2025-10-17 16:37:56.752 [error] [/home/drdbrioso/.vscode/extensions/ms-vscode.remote-server-1.5.3]: Extension is not compatible with Code 1.85.2. Extension requires: ^1.87.0.
2025-10-17 16:37:57.504 [error] [/home/drdbrioso/.vscode/extensions/ms-toolsai.vscode-jupyter-cell-tags-0.1.9]: Extension is not compatible with Code 1.85.2. Extension requires: ^1.88.0.
2025-10-17 16:37:57.504 [error] [/home/drdbrioso/.vscode/extensions/ms-toolsai.vscode-jupyter-slideshow-0.1.6]: Extension is not compatible with Code 1.85.2. Extension requires: ^1.88.0.
2025-10-17 16:37:57.504 [error] [/home/drdbrioso/.vscode/extensions/ms-toolsai.jupyter-renderers-1.3.0]: Extension is not compatible with Code 1.85.2. Extension requires: ^1.95.0.
2025-10-17 16:37:57.516 [error] [/home/drdbrioso/.vscode/extensions/ms-vscode-remote.remote-containers-0.427.0]: Extension is not compatible with Code 1.85.2. Extension requires: ^1.99.0.
2025-10-17 16:37:57.516 [error] [/home/drdbrioso/.vscode/extensions/ms-vscode.remote-server-1.5.3]: Extension is not compatible with Code 1.85.2. Extension requires: ^1.87.0.
2025-10-17 16:37:57.517 [error] [/home/drdbrioso/.vscode/extensions/ms-vscode-remote.remote-wsl-0.104.3]: Extension is not compatible with Code 1.85.2. Extension requires: ^1.104.0.
2025-10-17 16:37:57.517 [error] [/home/drdbrioso/.vscode/extensions/ms-vscode.remote-explorer-0.5.0]: Extension is not compatible with Code 1.85.2. Extension requires: ^1.87.0.
2025-10-17 16:37:57.518 [error] [/home/drdbrioso/.vscode/extensions/ms-python.vscode-python-envs-1.8.0-linux-x64]: Extension is not compatible with Code 1.85.2. Extension requires: ^1.104.0-20250815.
2025-10-17 16:37:57.518 [error] [/home/drdbrioso/.vscode/extensions/ms-python.debugpy-2025.10.0-linux-x64]: Extension is not compatible with Code 1.85.2. Extension requires: ^1.92.0.
2025-10-17 16:37:57.520 [error] [/home/drdbrioso/.vscode/extensions/ms-python.python-2025.14.0-linux-x64]: Extension is not compatible with Code 1.85.2. Extension requires: ^1.95.0.
2025-10-17 16:37:57.520 [error] [/home/drdbrioso/.vscode/extensions/ms-python.vscode-pylance-2025.8.3]: Extension is not compatible with Code 1.85.2. Extension requires: ^1.101.0.
2025-10-17 16:37:57.656 [error] [/home/drdbrioso/.vscode/extensions/ms-toolsai.vscode-jupyter-slideshow-0.1.6]: Extension is not compatible with Code 1.85.2. Extension requires: ^1.88.0.
2025-10-17 16:37:57.656 [error] [/home/drdbrioso/.vscode/extensions/ms-toolsai.vscode-jupyter-cell-tags-0.1.9]: Extension is not compatible with Code 1.85.2. Extension requires: ^1.88.0.
2025-10-17 16:37:57.657 [error] [/home/drdbrioso/.vscode/extensions/ms-toolsai.jupyter-renderers-1.3.0]: Extension is not compatible with Code 1.85.2. Extension requires: ^1.95.0.
2025-10-17 16:37:57.695 [error] [/home/drdbrioso/.vscode/extensions/ms-vscode.remote-server-1.5.3]: Extension is not compatible with Code 1.85.2. Extension requires: ^1.87.0.
2025-10-17 16:37:57.696 [error] [/home/drdbrioso/.vscode/extensions/ms-vscode-remote.remote-wsl-0.104.3]: Extension is not compatible with Code 1.85.2. Extension requires: ^1.104.0.
2025-10-17 16:37:57.696 [error] [/home/drdbrioso/.vscode/extensions/ms-vscode.remote-explorer-0.5.0]: Extension is not compatible with Code 1.85.2. Extension requires: ^1.87.0.
2025-10-17 16:37:57.697 [error] [/home/drdbrioso/.vscode/extensions/ms-python.vscode-python-envs-1.8.0-linux-x64]: Extension is not compatible with Code 1.85.2. Extension requires: ^1.104.0-20250815.
2025-10-17 16:37:57.698 [error] [/home/drdbrioso/.vscode/extensions/ms-vscode-remote.remote-containers-0.427.0]: Extension is not compatible with Code 1.85.2. Extension requires: ^1.99.0.
2025-10-17 16:37:57.699 [error] [/home/drdbrioso/.vscode/extensions/ms-python.debugpy-2025.10.0-linux-x64]: Extension is not compatible with Code 1.85.2. Extension requires: ^1.92.0.
2025-10-17 16:37:57.700 [error] [/home/drdbrioso/.vscode/extensions/ms-python.python-2025.14.0-linux-x64]: Extension is not compatible with Code 1.85.2. Extension requires: ^1.95.0.
2025-10-17 16:37:57.700 [error] [/home/drdbrioso/.vscode/extensions/ms-python.vscode-pylance-2025.8.3]: Extension is not compatible with Code 1.85.2. Extension requires: ^1.101.0.
2025-10-17 16:37:57.701 [error] [/home/drdbrioso/.vscode/extensions/ms-toolsai.vscode-jupyter-cell-tags-0.1.9]: Extension is not compatible with Code 1.85.2. Extension requires: ^1.88.0.
2025-10-17 16:37:57.701 [error] [/home/drdbrioso/.vscode/extensions/ms-toolsai.vscode-jupyter-slideshow-0.1.6]: Extension is not compatible with Code 1.85.2. Extension requires: ^1.88.0.
2025-10-17 16:37:57.701 [error] [/home/drdbrioso/.vscode/extensions/ms-toolsai.jupyter-renderers-1.3.0]: Extension is not compatible with Code 1.85.2. Extension requires: ^1.95.0.
2025-10-17 16:37:57.716 [error] [/home/drdbrioso/.vscode/extensions/ms-toolsai.vscode-jupyter-cell-tags-0.1.9]: Extension is not compatible with Code 1.85.2. Extension requires: ^1.88.0.
2025-10-17 16:37:57.717 [error] [/home/drdbrioso/.vscode/extensions/ms-toolsai.vscode-jupyter-slideshow-0.1.6]: Extension is not compatible with Code 1.85.2. Extension requires: ^1.88.0.
2025-10-17 16:37:57.717 [error] [/home/drdbrioso/.vscode/extensions/ms-toolsai.jupyter-renderers-1.3.0]: Extension is not compatible with Code 1.85.2. Extension requires: ^1.95.0.
2025-10-17 16:37:57.721 [error] [/home/drdbrioso/.vscode/extensions/ms-vscode.remote-server-1.5.3]: Extension is not compatible with Code 1.85.2. Extension requires: ^1.87.0.
2025-10-17 16:37:57.721 [error] [/home/drdbrioso/.vscode/extensions/ms-vscode-remote.remote-wsl-0.104.3]: Extension is not compatible with Code 1.85.2. Extension requires: ^1.104.0.
2025-10-17 16:37:57.721 [error] [/home/drdbrioso/.vscode/extensions/ms-vscode.remote-explorer-0.5.0]: Extension is not compatible with Code 1.85.2. Extension requires: ^1.87.0.
2025-10-17 16:37:57.722 [error] [/home/drdbrioso/.vscode/extensions/ms-python.debugpy-2025.10.0-linux-x64]: Extension is not compatible with Code 1.85.2. Extension requires: ^1.92.0.
2025-10-17 16:37:57.722 [error] [/home/drdbrioso/.vscode/extensions/ms-python.vscode-python-envs-1.8.0-linux-x64]: Extension is not compatible with Code 1.85.2. Extension requires: ^1.104.0-20250815.
2025-10-17 16:37:57.723 [error] [/home/drdbrioso/.vscode/extensions/ms-vscode-remote.remote-containers-0.427.0]: Extension is not compatible with Code 1.85.2. Extension requires: ^1.99.0.
2025-10-17 16:37:57.725 [error] [/home/drdbrioso/.vscode/extensions/ms-python.vscode-pylance-2025.8.3]: Extension is not compatible with Code 1.85.2. Extension requires: ^1.101.0.
2025-10-17 16:37:57.726 [error] [/home/drdbrioso/.vscode/extensions/ms-python.python-2025.14.0-linux-x64]: Extension is not compatible with Code 1.85.2. Extension requires: ^1.95.0.
2025-10-17 16:37:57.744 [error] [/home/drdbrioso/.vscode/extensions/ms-vscode.remote-server-1.5.3]: Extension is not compatible with Code 1.85.2. Extension requires: ^1.87.0.
2025-10-17 16:37:57.744 [error] [/home/drdbrioso/.vscode/extensions/ms-vscode-remote.remote-wsl-0.104.3]: Extension is not compatible with Code 1.85.2. Extension requires: ^1.104.0.
2025-10-17 16:37:57.744 [error] [/home/drdbrioso/.vscode/extensions/ms-vscode.remote-explorer-0.5.0]: Extension is not compatible with Code 1.85.2. Extension requires: ^1.87.0.
2025-10-17 16:37:57.745 [error] [/home/drdbrioso/.vscode/extensions/ms-python.vscode-python-envs-1.8.0-linux-x64]: Extension is not compatible with Code 1.85.2. Extension requires: ^1.104.0-20250815.
2025-10-17 16:37:57.745 [error] [/home/drdbrioso/.vscode/extensions/ms-python.debugpy-2025.10.0-linux-x64]: Extension is not compatible with Code 1.85.2. Extension requires: ^1.92.0.
2025-10-17 16:37:57.745 [error] [/home/drdbrioso/.vscode/extensions/ms-vscode-remote.remote-containers-0.427.0]: Extension is not compatible with Code 1.85.2. Extension requires: ^1.99.0.
2025-10-17 16:37:57.745 [error] [/home/drdbrioso/.vscode/extensions/ms-python.python-2025.14.0-linux-x64]: Extension is not compatible with Code 1.85.2. Extension requires: ^1.95.0.
2025-10-17 16:37:57.746 [error] [/home/drdbrioso/.vscode/extensions/ms-python.vscode-pylance-2025.8.3]: Extension is not compatible with Code 1.85.2. Extension requires: ^1.101.0.
2025-10-17 16:37:59.960 [error] [/home/drdbrioso/.vscode/extensions/ms-toolsai.vscode-jupyter-cell-tags-0.1.9]: Extension is not compatible with Code 1.85.2. Extension requires: ^1.88.0.
2025-10-17 16:37:59.961 [error] [/home/drdbrioso/.vscode/extensions/ms-toolsai.vscode-jupyter-slideshow-0.1.6]: Extension is not compatible with Code 1.85.2. Extension requires: ^1.88.0.
2025-10-17 16:37:59.961 [error] [/home/drdbrioso/.vscode/extensions/ms-toolsai.jupyter-renderers-1.3.0]: Extension is not compatible with Code 1.85.2. Extension requires: ^1.95.0.
2025-10-17 16:37:59.965 [error] [/home/drdbrioso/.vscode/extensions/ms-toolsai.vscode-jupyter-cell-tags-0.1.9]: Extension is not compatible with Code 1.85.2. Extension requires: ^1.88.0.
2025-10-17 16:37:59.965 [error] [/home/drdbrioso/.vscode/extensions/ms-toolsai.vscode-jupyter-slideshow-0.1.6]: Extension is not compatible with Code 1.85.2. Extension requires: ^1.88.0.
2025-10-17 16:37:59.966 [error] [/home/drdbrioso/.vscode/extensions/ms-toolsai.jupyter-renderers-1.3.0]: Extension is not compatible with Code 1.85.2. Extension requires: ^1.95.0.
2025-10-17 16:37:59.973 [error] [/home/drdbrioso/.vscode/extensions/ms-vscode.remote-server-1.5.3]: Extension is not compatible with Code 1.85.2. Extension requires: ^1.87.0.
2025-10-17 16:37:59.974 [error] [/home/drdbrioso/.vscode/extensions/ms-vscode.remote-explorer-0.5.0]: Extension is not compatible with Code 1.85.2. Extension requires: ^1.87.0.
2025-10-17 16:37:59.975 [error] [/home/drdbrioso/.vscode/extensions/ms-vscode-remote.remote-wsl-0.104.3]: Extension is not compatible with Code 1.85.2. Extension requires: ^1.104.0.
2025-10-17 16:37:59.975 [error] [/home/drdbrioso/.vscode/extensions/ms-vscode-remote.remote-containers-0.427.0]: Extension is not compatible with Code 1.85.2. Extension requires: ^1.99.0.
2025-10-17 16:37:59.976 [error] [/home/drdbrioso/.vscode/extensions/ms-python.vscode-python-envs-1.8.0-linux-x64]: Extension is not compatible with Code 1.85.2. Extension requires: ^1.104.0-20250815.
2025-10-17 16:37:59.976 [error] [/home/drdbrioso/.vscode/extensions/ms-python.debugpy-2025.10.0-linux-x64]: Extension is not compatible with Code 1.85.2. Extension requires: ^1.92.0.
2025-10-17 16:37:59.977 [error] [/home/drdbrioso/.vscode/extensions/ms-python.python-2025.14.0-linux-x64]: Extension is not compatible with Code 1.85.2. Extension requires: ^1.95.0.
2025-10-17 16:37:59.978 [error] [/home/drdbrioso/.vscode/extensions/ms-python.vscode-pylance-2025.8.3]: Extension is not compatible with Code 1.85.2. Extension requires: ^1.101.0.
2025-10-17 16:37:59.980 [error] [/home/drdbrioso/.vscode/extensions/ms-vscode.remote-server-1.5.3]: Extension is not compatible with Code 1.85.2. Extension requires: ^1.87.0.
2025-10-17 16:37:59.980 [error] [/home/drdbrioso/.vscode/extensions/ms-vscode-remote.remote-wsl-0.104.3]: Extension is not compatible with Code 1.85.2. Extension requires: ^1.104.0.
2025-10-17 16:37:59.981 [error] [/home/drdbrioso/.vscode/extensions/ms-vscode.remote-explorer-0.5.0]: Extension is not compatible with Code 1.85.2. Extension requires: ^1.87.0.
2025-10-17 16:37:59.981 [error] [/home/drdbrioso/.vscode/extensions/ms-python.debugpy-2025.10.0-linux-x64]: Extension is not compatible with Code 1.85.2. Extension requires: ^1.92.0.
2025-10-17 16:37:59.981 [error] [/home/drdbrioso/.vscode/extensions/ms-python.vscode-python-envs-1.8.0-linux-x64]: Extension is not compatible with Code 1.85.2. Extension requires: ^1.104.0-20250815.
2025-10-17 16:37:59.981 [error] [/home/drdbrioso/.vscode/extensions/ms-vscode-remote.remote-containers-0.427.0]: Extension is not compatible with Code 1.85.2. Extension requires: ^1.99.0.
2025-10-17 16:37:59.982 [error] [/home/drdbrioso/.vscode/extensions/ms-python.python-2025.14.0-linux-x64]: Extension is not compatible with Code 1.85.2. Extension requires: ^1.95.0.
2025-10-17 16:37:59.983 [error] [/home/drdbrioso/.vscode/extensions/ms-python.vscode-pylance-2025.8.3]: Extension is not compatible with Code 1.85.2. Extension requires: ^1.101.0.
2025-10-17 16:39:00.001 [error] [/home/drdbrioso/.vscode/extensions/ms-toolsai.vscode-jupyter-cell-tags-0.1.9]: Extension is not compatible with Code 1.85.2. Extension requires: ^1.88.0.
2025-10-17 16:39:00.001 [error] [/home/drdbrioso/.vscode/extensions/ms-toolsai.vscode-jupyter-slideshow-0.1.6]: Extension is not compatible with Code 1.85.2. Extension requires: ^1.88.0.
2025-10-17 16:39:00.002 [error] [/home/drdbrioso/.vscode/extensions/ms-toolsai.jupyter-renderers-1.3.0]: Extension is not compatible with Code 1.85.2. Extension requires: ^1.95.0.
2025-10-17 16:39:00.016 [error] [/home/drdbrioso/.vscode/extensions/ms-vscode.remote-server-1.5.3]: Extension is not compatible with Code 1.85.2. Extension requires: ^1.87.0.
2025-10-17 16:39:00.018 [error] [/home/drdbrioso/.vscode/extensions/ms-vscode-remote.remote-containers-0.427.0]: Extension is not compatible with Code 1.85.2. Extension requires: ^1.99.0.
2025-10-17 16:39:00.019 [error] [/home/drdbrioso/.vscode/extensions/ms-vscode-remote.remote-wsl-0.104.3]: Extension is not compatible with Code 1.85.2. Extension requires: ^1.104.0.
2025-10-17 16:39:00.019 [error] [/home/drdbrioso/.vscode/extensions/ms-vscode.remote-explorer-0.5.0]: Extension is not compatible with Code 1.85.2. Extension requires: ^1.87.0.
2025-10-17 16:39:00.020 [error] [/home/drdbrioso/.vscode/extensions/ms-python.vscode-python-envs-1.8.0-linux-x64]: Extension is not compatible with Code 1.85.2. Extension requires: ^1.104.0-20250815.
2025-10-17 16:39:00.021 [error] [/home/drdbrioso/.vscode/extensions/ms-python.debugpy-2025.10.0-linux-x64]: Extension is not compatible with Code 1.85.2. Extension requires: ^1.92.0.
2025-10-17 16:39:00.021 [error] [/home/drdbrioso/.vscode/extensions/ms-python.python-2025.14.0-linux-x64]: Extension is not compatible with Code 1.85.2. Extension requires: ^1.95.0.
2025-10-17 16:39:00.025 [error] [/home/drdbrioso/.vscode/extensions/ms-python.vscode-pylance-2025.8.3]: Extension is not compatible with Code 1.85.2. Extension requires: ^1.101.0.
2025-10-17 16:39:00.104 [error] [/home/drdbrioso/.vscode/extensions/ms-toolsai.vscode-jupyter-cell-tags-0.1.9]: Extension is not compatible with Code 1.85.2. Extension requires: ^1.88.0.
2025-10-17 16:39:00.104 [error] [/home/drdbrioso/.vscode/extensions/ms-toolsai.vscode-jupyter-slideshow-0.1.6]: Extension is not compatible with Code 1.85.2. Extension requires: ^1.88.0.
2025-10-17 16:39:00.105 [error] [/home/drdbrioso/.vscode/extensions/ms-toolsai.jupyter-renderers-1.3.0]: Extension is not compatible with Code 1.85.2. Extension requires: ^1.95.0.
2025-10-17 16:39:00.126 [error] [/home/drdbrioso/.vscode/extensions/ms-vscode.remote-server-1.5.3]: Extension is not compatible with Code 1.85.2. Extension requires: ^1.87.0.
2025-10-17 16:39:00.126 [error] [/home/drdbrioso/.vscode/extensions/ms-vscode.remote-explorer-0.5.0]: Extension is not compatible with Code 1.85.2. Extension requires: ^1.87.0.
2025-10-17 16:39:00.127 [error] [/home/drdbrioso/.vscode/extensions/ms-vscode-remote.remote-wsl-0.104.3]: Extension is not compatible with Code 1.85.2. Extension requires: ^1.104.0.
2025-10-17 16:39:00.127 [error] [/home/drdbrioso/.vscode/extensions/ms-python.vscode-python-envs-1.8.0-linux-x64]: Extension is not compatible with Code 1.85.2. Extension requires: ^1.104.0-20250815.
2025-10-17 16:39:00.128 [error] [/home/drdbrioso/.vscode/extensions/ms-python.debugpy-2025.10.0-linux-x64]: Extension is not compatible with Code 1.85.2. Extension requires: ^1.92.0.
2025-10-17 16:39:00.130 [error] [/home/drdbrioso/.vscode/extensions/ms-vscode-remote.remote-containers-0.427.0]: Extension is not compatible with Code 1.85.2. Extension requires: ^1.99.0.
2025-10-17 16:39:00.132 [error] [/home/drdbrioso/.vscode/extensions/ms-python.python-2025.14.0-linux-x64]: Extension is not compatible with Code 1.85.2. Extension requires: ^1.95.0.
2025-10-17 16:39:00.133 [error] [/home/drdbrioso/.vscode/extensions/ms-python.vscode-pylance-2025.8.3]: Extension is not compatible with Code 1.85.2. Extension requires: ^1.101.0.
2025-10-17 16:39:05.491 [error] [/home/drdbrioso/.vscode/extensions/ms-toolsai.vscode-jupyter-slideshow-0.1.6]: Extension is not compatible with Code 1.85.2. Extension requires: ^1.88.0.
2025-10-17 16:39:05.491 [error] [/home/drdbrioso/.vscode/extensions/ms-toolsai.vscode-jupyter-cell-tags-0.1.9]: Extension is not compatible with Code 1.85.2. Extension requires: ^1.88.0.
2025-10-17 16:39:05.491 [error] [/home/drdbrioso/.vscode/extensions/ms-toolsai.jupyter-renderers-1.3.0]: Extension is not compatible with Code 1.85.2. Extension requires: ^1.95.0.
2025-10-17 16:39:05.513 [error] [/home/drdbrioso/.vscode/extensions/ms-vscode.remote-server-1.5.3]: Extension is not compatible with Code 1.85.2. Extension requires: ^1.87.0.
2025-10-17 16:39:05.514 [error] [/home/drdbrioso/.vscode/extensions/ms-vscode-remote.remote-wsl-0.104.3]: Extension is not compatible with Code 1.85.2. Extension requires: ^1.104.0.
2025-10-17 16:39:05.514 [error] [/home/drdbrioso/.vscode/extensions/ms-vscode.remote-explorer-0.5.0]: Extension is not compatible with Code 1.85.2. Extension requires: ^1.87.0.
2025-10-17 16:39:05.514 [error] [/home/drdbrioso/.vscode/extensions/ms-python.vscode-python-envs-1.8.0-linux-x64]: Extension is not compatible with Code 1.85.2. Extension requires: ^1.104.0-20250815.
2025-10-17 16:39:05.515 [error] [/home/drdbrioso/.vscode/extensions/ms-vscode-remote.remote-containers-0.427.0]: Extension is not compatible with Code 1.85.2. Extension requires: ^1.99.0.
2025-10-17 16:39:05.515 [error] [/home/drdbrioso/.vscode/extensions/ms-python.debugpy-2025.10.0-linux-x64]: Extension is not compatible with Code 1.85.2. Extension requires: ^1.92.0.
2025-10-17 16:39:05.516 [error] [/home/drdbrioso/.vscode/extensions/ms-python.vscode-pylance-2025.8.3]: Extension is not compatible with Code 1.85.2. Extension requires: ^1.101.0.
2025-10-17 16:39:05.517 [error] [/home/drdbrioso/.vscode/extensions/ms-python.python-2025.14.0-linux-x64]: Extension is not compatible with Code 1.85.2. Extension requires: ^1.95.0.
2025-10-17 16:39:05.518 [error] [/home/drdbrioso/.vscode/extensions/ms-toolsai.vscode-jupyter-slideshow-0.1.6]: Extension is not compatible with Code 1.85.2. Extension requires: ^1.88.0.
2025-10-17 16:39:05.519 [error] [/home/drdbrioso/.vscode/extensions/ms-toolsai.vscode-jupyter-cell-tags-0.1.9]: Extension is not compatible with Code 1.85.2. Extension requires: ^1.88.0.
2025-10-17 16:39:05.519 [error] [/home/drdbrioso/.vscode/extensions/ms-toolsai.jupyter-renderers-1.3.0]: Extension is not compatible with Code 1.85.2. Extension requires: ^1.95.0.
2025-10-17 16:39:05.546 [error] [/home/drdbrioso/.vscode/extensions/ms-vscode-remote.remote-containers-0.427.0]: Extension is not compatible with Code 1.85.2. Extension requires: ^1.99.0.
2025-10-17 16:39:05.546 [error] [/home/drdbrioso/.vscode/extensions/ms-vscode-remote.remote-wsl-0.104.3]: Extension is not compatible with Code 1.85.2. Extension requires: ^1.104.0.
2025-10-17 16:39:05.546 [error] [/home/drdbrioso/.vscode/extensions/ms-vscode.remote-server-1.5.3]: Extension is not compatible with Code 1.85.2. Extension requires: ^1.87.0.
2025-10-17 16:39:05.548 [error] [/home/drdbrioso/.vscode/extensions/ms-vscode.remote-explorer-0.5.0]: Extension is not compatible with Code 1.85.2. Extension requires: ^1.87.0.
2025-10-17 16:39:05.548 [error] [/home/drdbrioso/.vscode/extensions/ms-python.vscode-python-envs-1.8.0-linux-x64]: Extension is not compatible with Code 1.85.2. Extension requires: ^1.104.0-20250815.
2025-10-17 16:39:05.548 [error] [/home/drdbrioso/.vscode/extensions/ms-python.debugpy-2025.10.0-linux-x64]: Extension is not compatible with Code 1.85.2. Extension requires: ^1.92.0.
2025-10-17 16:39:05.549 [error] [/home/drdbrioso/.vscode/extensions/ms-python.python-2025.14.0-linux-x64]: Extension is not compatible with Code 1.85.2. Extension requires: ^1.95.0.
2025-10-17 16:39:05.550 [error] [/home/drdbrioso/.vscode/extensions/ms-python.vscode-pylance-2025.8.3]: Extension is not compatible with Code 1.85.2. Extension requires: ^1.101.0.
2025-10-17 16:39:05.684 [error] [/home/drdbrioso/.vscode/extensions/ms-toolsai.vscode-jupyter-cell-tags-0.1.9]: Extension is not compatible with Code 1.85.2. Extension requires: ^1.88.0.
2025-10-17 16:39:05.684 [error] [/home/drdbrioso/.vscode/extensions/ms-toolsai.vscode-jupyter-slideshow-0.1.6]: Extension is not compatible with Code 1.85.2. Extension requires: ^1.88.0.
2025-10-17 16:39:05.684 [error] [/home/drdbrioso/.vscode/extensions/ms-toolsai.jupyter-renderers-1.3.0]: Extension is not compatible with Code 1.85.2. Extension requires: ^1.95.0.
2025-10-17 16:39:05.704 [error] [/home/drdbrioso/.vscode/extensions/ms-toolsai.vscode-jupyter-cell-tags-0.1.9]: Extension is not compatible with Code 1.85.2. Extension requires: ^1.88.0.
2025-10-17 16:39:05.704 [error] [/home/drdbrioso/.vscode/extensions/ms-toolsai.vscode-jupyter-slideshow-0.1.6]: Extension is not compatible with Code 1.85.2. Extension requires: ^1.88.0.
2025-10-17 16:39:05.705 [error] [/home/drdbrioso/.vscode/extensions/ms-toolsai.jupyter-renderers-1.3.0]: Extension is not compatible with Code 1.85.2. Extension requires: ^1.95.0.
2025-10-17 16:39:05.706 [error] [/home/drdbrioso/.vscode/extensions/ms-vscode.remote-server-1.5.3]: Extension is not compatible with Code 1.85.2. Extension requires: ^1.87.0.
2025-10-17 16:39:05.706 [error] [/home/drdbrioso/.vscode/extensions/ms-vscode-remote.remote-wsl-0.104.3]: Extension is not compatible with Code 1.85.2. Extension requires: ^1.104.0.
2025-10-17 16:39:05.706 [error] [/home/drdbrioso/.vscode/extensions/ms-vscode.remote-explorer-0.5.0]: Extension is not compatible with Code 1.85.2. Extension requires: ^1.87.0.
2025-10-17 16:39:05.707 [error] [/home/drdbrioso/.vscode/extensions/ms-python.vscode-python-envs-1.8.0-linux-x64]: Extension is not compatible with Code 1.85.2. Extension requires: ^1.104.0-20250815.
2025-10-17 16:39:05.708 [error] [/home/drdbrioso/.vscode/extensions/ms-python.debugpy-2025.10.0-linux-x64]: Extension is not compatible with Code 1.85.2. Extension requires: ^1.92.0.
2025-10-17 16:39:05.708 [error] [/home/drdbrioso/.vscode/extensions/ms-vscode-remote.remote-containers-0.427.0]: Extension is not compatible with Code 1.85.2. Extension requires: ^1.99.0.
2025-10-17 16:39:05.709 [error] [/home/drdbrioso/.vscode/extensions/ms-python.python-2025.14.0-linux-x64]: Extension is not compatible with Code 1.85.2. Extension requires: ^1.95.0.
2025-10-17 16:39:05.710 [error] [/home/drdbrioso/.vscode/extensions/ms-python.vscode-pylance-2025.8.3]: Extension is not compatible with Code 1.85.2. Extension requires: ^1.101.0.
2025-10-17 16:39:05.716 [error] [/home/drdbrioso/.vscode/extensions/ms-vscode.remote-server-1.5.3]: Extension is not compatible with Code 1.85.2. Extension requires: ^1.87.0.
2025-10-17 16:39:05.717 [error] [/home/drdbrioso/.vscode/extensions/ms-vscode-remote.remote-wsl-0.104.3]: Extension is not compatible with Code 1.85.2. Extension requires: ^1.104.0.
2025-10-17 16:39:05.718 [error] [/home/drdbrioso/.vscode/extensions/ms-vscode-remote.remote-containers-0.427.0]: Extension is not compatible with Code 1.85.2. Extension requires: ^1.99.0.
2025-10-17 16:39:05.718 [error] [/home/drdbrioso/.vscode/extensions/ms-vscode.remote-explorer-0.5.0]: Extension is not compatible with Code 1.85.2. Extension requires: ^1.87.0.
2025-10-17 16:39:05.719 [error] [/home/drdbrioso/.vscode/extensions/ms-python.vscode-python-envs-1.8.0-linux-x64]: Extension is not compatible with Code 1.85.2. Extension requires: ^1.104.0-20250815.
2025-10-17 16:39:05.719 [error] [/home/drdbrioso/.vscode/extensions/ms-python.debugpy-2025.10.0-linux-x64]: Extension is not compatible with Code 1.85.2. Extension requires: ^1.92.0.
2025-10-17 16:39:05.719 [error] [/home/drdbrioso/.vscode/extensions/ms-python.python-2025.14.0-linux-x64]: Extension is not compatible with Code 1.85.2. Extension requires: ^1.95.0.
2025-10-17 16:39:05.720 [error] [/home/drdbrioso/.vscode/extensions/ms-python.vscode-pylance-2025.8.3]: Extension is not compatible with Code 1.85.2. Extension requires: ^1.101.0.
2025-10-17 16:39:08.127 [error] [/home/drdbrioso/.vscode/extensions/ms-toolsai.vscode-jupyter-cell-tags-0.1.9]: Extension is not compatible with Code 1.85.2. Extension requires: ^1.88.0.
2025-10-17 16:39:08.128 [error] [/home/drdbrioso/.vscode/extensions/ms-toolsai.vscode-jupyter-slideshow-0.1.6]: Extension is not compatible with Code 1.85.2. Extension requires: ^1.88.0.
2025-10-17 16:39:08.128 [error] [/home/drdbrioso/.vscode/extensions/ms-toolsai.jupyter-renderers-1.3.0]: Extension is not compatible with Code 1.85.2. Extension requires: ^1.95.0.
2025-10-17 16:39:08.132 [error] [/home/drdbrioso/.vscode/extensions/ms-toolsai.vscode-jupyter-cell-tags-0.1.9]: Extension is not compatible with Code 1.85.2. Extension requires: ^1.88.0.
2025-10-17 16:39:08.133 [error] [/home/drdbrioso/.vscode/extensions/ms-toolsai.vscode-jupyter-slideshow-0.1.6]: Extension is not compatible with Code 1.85.2. Extension requires: ^1.88.0.
2025-10-17 16:39:08.133 [error] [/home/drdbrioso/.vscode/extensions/ms-toolsai.jupyter-renderers-1.3.0]: Extension is not compatible with Code 1.85.2. Extension requires: ^1.95.0.
2025-10-17 16:39:08.140 [error] [/home/drdbrioso/.vscode/extensions/ms-vscode-remote.remote-wsl-0.104.3]: Extension is not compatible with Code 1.85.2. Extension requires: ^1.104.0.
2025-10-17 16:39:08.140 [error] [/home/drdbrioso/.vscode/extensions/ms-vscode.remote-server-1.5.3]: Extension is not compatible with Code 1.85.2. Extension requires: ^1.87.0.
2025-10-17 16:39:08.143 [error] [/home/drdbrioso/.vscode/extensions/ms-vscode.remote-explorer-0.5.0]: Extension is not compatible with Code 1.85.2. Extension requires: ^1.87.0.
2025-10-17 16:39:08.144 [error] [/home/drdbrioso/.vscode/extensions/ms-python.vscode-python-envs-1.8.0-linux-x64]: Extension is not compatible with Code 1.85.2. Extension requires: ^1.104.0-20250815.
2025-10-17 16:39:08.144 [error] [/home/drdbrioso/.vscode/extensions/ms-python.debugpy-2025.10.0-linux-x64]: Extension is not compatible with Code 1.85.2. Extension requires: ^1.92.0.
2025-10-17 16:39:08.145 [error] [/home/drdbrioso/.vscode/extensions/ms-vscode-remote.remote-containers-0.427.0]: Extension is not compatible with Code 1.85.2. Extension requires: ^1.99.0.
2025-10-17 16:39:08.146 [error] [/home/drdbrioso/.vscode/extensions/ms-python.python-2025.14.0-linux-x64]: Extension is not compatible with Code 1.85.2. Extension requires: ^1.95.0.
2025-10-17 16:39:08.147 [error] [/home/drdbrioso/.vscode/extensions/ms-python.vscode-pylance-2025.8.3]: Extension is not compatible with Code 1.85.2. Extension requires: ^1.101.0.
2025-10-17 16:39:08.149 [error] [/home/drdbrioso/.vscode/extensions/ms-vscode-remote.remote-wsl-0.104.3]: Extension is not compatible with Code 1.85.2. Extension requires: ^1.104.0.
2025-10-17 16:39:08.150 [error] [/home/drdbrioso/.vscode/extensions/ms-vscode.remote-explorer-0.5.0]: Extension is not compatible with Code 1.85.2. Extension requires: ^1.87.0.
2025-10-17 16:39:08.150 [error] [/home/drdbrioso/.vscode/extensions/ms-vscode.remote-server-1.5.3]: Extension is not compatible with Code 1.85.2. Extension requires: ^1.87.0.
2025-10-17 16:39:08.150 [error] [/home/drdbrioso/.vscode/extensions/ms-python.vscode-python-envs-1.8.0-linux-x64]: Extension is not compatible with Code 1.85.2. Extension requires: ^1.104.0-20250815.
2025-10-17 16:39:08.150 [error] [/home/drdbrioso/.vscode/extensions/ms-python.debugpy-2025.10.0-linux-x64]: Extension is not compatible with Code 1.85.2. Extension requires: ^1.92.0.
2025-10-17 16:39:08.151 [error] [/home/drdbrioso/.vscode/extensions/ms-vscode-remote.remote-containers-0.427.0]: Extension is not compatible with Code 1.85.2. Extension requires: ^1.99.0.
2025-10-17 16:39:08.151 [error] [/home/drdbrioso/.vscode/extensions/ms-python.python-2025.14.0-linux-x64]: Extension is not compatible with Code 1.85.2. Extension requires: ^1.95.0.
2025-10-17 16:39:08.152 [error] [/home/drdbrioso/.vscode/extensions/ms-python.vscode-pylance-2025.8.3]: Extension is not compatible with Code 1.85.2. Extension requires: ^1.101.0.
2025-10-17 16:39:43.242 [error] [/home/drdbrioso/.vscode/extensions/ms-toolsai.vscode-jupyter-cell-tags-0.1.9]: Extension is not compatible with Code 1.85.2. Extension requires: ^1.88.0.
2025-10-17 16:39:43.242 [error] [/home/drdbrioso/.vscode/extensions/ms-toolsai.vscode-jupyter-slideshow-0.1.6]: Extension is not compatible with Code 1.85.2. Extension requires: ^1.88.0.
2025-10-17 16:39:43.243 [error] [/home/drdbrioso/.vscode/extensions/ms-toolsai.jupyter-renderers-1.3.0]: Extension is not compatible with Code 1.85.2. Extension requires: ^1.95.0.
2025-10-17 16:39:43.256 [error] [/home/drdbrioso/.vscode/extensions/ms-vscode-remote.remote-wsl-0.104.3]: Extension is not compatible with Code 1.85.2. Extension requires: ^1.104.0.
2025-10-17 16:39:43.257 [error] [/home/drdbrioso/.vscode/extensions/ms-vscode.remote-explorer-0.5.0]: Extension is not compatible with Code 1.85.2. Extension requires: ^1.87.0.
2025-10-17 16:39:43.257 [error] [/home/drdbrioso/.vscode/extensions/ms-python.vscode-python-envs-1.8.0-linux-x64]: Extension is not compatible with Code 1.85.2. Extension requires: ^1.104.0-20250815.
2025-10-17 16:39:43.257 [error] [/home/drdbrioso/.vscode/extensions/ms-vscode.remote-server-1.5.3]: Extension is not compatible with Code 1.85.2. Extension requires: ^1.87.0.
2025-10-17 16:39:43.257 [error] [/home/drdbrioso/.vscode/extensions/ms-python.debugpy-2025.10.0-linux-x64]: Extension is not compatible with Code 1.85.2. Extension requires: ^1.92.0.
2025-10-17 16:39:43.259 [error] [/home/drdbrioso/.vscode/extensions/ms-vscode-remote.remote-containers-0.427.0]: Extension is not compatible with Code 1.85.2. Extension requires: ^1.99.0.
2025-10-17 16:39:43.260 [error] [/home/drdbrioso/.vscode/extensions/ms-python.vscode-pylance-2025.8.3]: Extension is not compatible with Code 1.85.2. Extension requires: ^1.101.0.
2025-10-17 16:39:43.261 [error] [/home/drdbrioso/.vscode/extensions/ms-python.python-2025.14.0-linux-x64]: Extension is not compatible with Code 1.85.2. Extension requires: ^1.95.0.
2025-10-17 16:39:43.311 [error] [/home/drdbrioso/.vscode/extensions/ms-toolsai.vscode-jupyter-cell-tags-0.1.9]: Extension is not compatible with Code 1.85.2. Extension requires: ^1.88.0.
2025-10-17 16:39:43.311 [error] [/home/drdbrioso/.vscode/extensions/ms-toolsai.vscode-jupyter-slideshow-0.1.6]: Extension is not compatible with Code 1.85.2. Extension requires: ^1.88.0.
2025-10-17 16:39:43.311 [error] [/home/drdbrioso/.vscode/extensions/ms-toolsai.jupyter-renderers-1.3.0]: Extension is not compatible with Code 1.85.2. Extension requires: ^1.95.0.
2025-10-17 16:39:43.321 [error] [/home/drdbrioso/.vscode/extensions/ms-python.vscode-python-envs-1.8.0-linux-x64]: Extension is not compatible with Code 1.85.2. Extension requires: ^1.104.0-20250815.
2025-10-17 16:39:43.321 [error] [/home/drdbrioso/.vscode/extensions/ms-vscode.remote-server-1.5.3]: Extension is not compatible with Code 1.85.2. Extension requires: ^1.87.0.
2025-10-17 16:39:43.322 [error] [/home/drdbrioso/.vscode/extensions/ms-vscode.remote-explorer-0.5.0]: Extension is not compatible with Code 1.85.2. Extension requires: ^1.87.0.
2025-10-17 16:39:43.322 [error] [/home/drdbrioso/.vscode/extensions/ms-vscode-remote.remote-wsl-0.104.3]: Extension is not compatible with Code 1.85.2. Extension requires: ^1.104.0.
2025-10-17 16:39:43.322 [error] [/home/drdbrioso/.vscode/extensions/ms-python.debugpy-2025.10.0-linux-x64]: Extension is not compatible with Code 1.85.2. Extension requires: ^1.92.0.
2025-10-17 16:39:43.322 [error] [/home/drdbrioso/.vscode/extensions/ms-vscode-remote.remote-containers-0.427.0]: Extension is not compatible with Code 1.85.2. Extension requires: ^1.99.0.
2025-10-17 16:39:43.323 [error] [/home/drdbrioso/.vscode/extensions/ms-python.python-2025.14.0-linux-x64]: Extension is not compatible with Code 1.85.2. Extension requires: ^1.95.0.
2025-10-17 16:39:43.325 [error] [/home/drdbrioso/.vscode/extensions/ms-python.vscode-pylance-2025.8.3]: Extension is not compatible with Code 1.85.2. Extension requires: ^1.101.0.
2025-10-17 16:40:43.595 [error] [/home/drdbrioso/.vscode/extensions/ms-toolsai.vscode-jupyter-slideshow-0.1.6]: Extension is not compatible with Code 1.85.2. Extension requires: ^1.88.0.
2025-10-17 16:40:43.595 [error] [/home/drdbrioso/.vscode/extensions/ms-toolsai.vscode-jupyter-cell-tags-0.1.9]: Extension is not compatible with Code 1.85.2. Extension requires: ^1.88.0.
2025-10-17 16:40:43.596 [error] [/home/drdbrioso/.vscode/extensions/ms-toolsai.jupyter-renderers-1.3.0]: Extension is not compatible with Code 1.85.2. Extension requires: ^1.95.0.
2025-10-17 16:40:43.600 [error] [/home/drdbrioso/.vscode/extensions/ms-vscode.remote-server-1.5.3]: Extension is not compatible with Code 1.85.2. Extension requires: ^1.87.0.
2025-10-17 16:40:43.601 [error] [/home/drdbrioso/.vscode/extensions/ms-vscode-remote.remote-wsl-0.104.3]: Extension is not compatible with Code 1.85.2. Extension requires: ^1.104.0.
2025-10-17 16:40:43.601 [error] [/home/drdbrioso/.vscode/extensions/ms-vscode.remote-explorer-0.5.0]: Extension is not compatible with Code 1.85.2. Extension requires: ^1.87.0.
2025-10-17 16:40:43.601 [error] [/home/drdbrioso/.vscode/extensions/ms-python.vscode-python-envs-1.8.0-linux-x64]: Extension is not compatible with Code 1.85.2. Extension requires: ^1.104.0-20250815.
2025-10-17 16:40:43.601 [error] [/home/drdbrioso/.vscode/extensions/ms-python.debugpy-2025.10.0-linux-x64]: Extension is not compatible with Code 1.85.2. Extension requires: ^1.92.0.
2025-10-17 16:40:43.601 [error] [/home/drdbrioso/.vscode/extensions/ms-vscode-remote.remote-containers-0.427.0]: Extension is not compatible with Code 1.85.2. Extension requires: ^1.99.0.
2025-10-17 16:40:43.602 [error] [/home/drdbrioso/.vscode/extensions/ms-python.python-2025.14.0-linux-x64]: Extension is not compatible with Code 1.85.2. Extension requires: ^1.95.0.
2025-10-17 16:40:43.603 [error] [/home/drdbrioso/.vscode/extensions/ms-python.vscode-pylance-2025.8.3]: Extension is not compatible with Code 1.85.2. Extension requires: ^1.101.0.
2025-10-17 16:40:43.957 [error] [/home/drdbrioso/.vscode/extensions/ms-toolsai.vscode-jupyter-cell-tags-0.1.9]: Extension is not compatible with Code 1.85.2. Extension requires: ^1.88.0.
2025-10-17 16:40:43.958 [error] [/home/drdbrioso/.vscode/extensions/ms-toolsai.vscode-jupyter-slideshow-0.1.6]: Extension is not compatible with Code 1.85.2. Extension requires: ^1.88.0.
2025-10-17 16:40:43.958 [error] [/home/drdbrioso/.vscode/extensions/ms-toolsai.jupyter-renderers-1.3.0]: Extension is not compatible with Code 1.85.2. Extension requires: ^1.95.0.
2025-10-17 16:40:43.968 [error] [/home/drdbrioso/.vscode/extensions/ms-vscode.remote-server-1.5.3]: Extension is not compatible with Code 1.85.2. Extension requires: ^1.87.0.
2025-10-17 16:40:43.968 [error] [/home/drdbrioso/.vscode/extensions/ms-vscode-remote.remote-wsl-0.104.3]: Extension is not compatible with Code 1.85.2. Extension requires: ^1.104.0.
2025-10-17 16:40:43.968 [error] [/home/drdbrioso/.vscode/extensions/ms-python.vscode-python-envs-1.8.0-linux-x64]: Extension is not compatible with Code 1.85.2. Extension requires: ^1.104.0-20250815.
2025-10-17 16:40:43.969 [error] [/home/drdbrioso/.vscode/extensions/ms-vscode.remote-explorer-0.5.0]: Extension is not compatible with Code 1.85.2. Extension requires: ^1.87.0.
2025-10-17 16:40:43.969 [error] [/home/drdbrioso/.vscode/extensions/ms-vscode-remote.remote-containers-0.427.0]: Extension is not compatible with Code 1.85.2. Extension requires: ^1.99.0.
2025-10-17 16:40:43.970 [error] [/home/drdbrioso/.vscode/extensions/ms-python.debugpy-2025.10.0-linux-x64]: Extension is not compatible with Code 1.85.2. Extension requires: ^1.92.0.
2025-10-17 16:40:43.972 [error] [/home/drdbrioso/.vscode/extensions/ms-python.python-2025.14.0-linux-x64]: Extension is not compatible with Code 1.85.2. Extension requires: ^1.95.0.
2025-10-17 16:40:43.973 [error] [/home/drdbrioso/.vscode/extensions/ms-python.vscode-pylance-2025.8.3]: Extension is not compatible with Code 1.85.2. Extension requires: ^1.101.0.
2025-10-17 16:40:44.321 [error] [/home/drdbrioso/.vscode/extensions/ms-toolsai.vscode-jupyter-cell-tags-0.1.9]: Extension is not compatible with Code 1.85.2. Extension requires: ^1.88.0.
2025-10-17 16:40:44.321 [error] [/home/drdbrioso/.vscode/extensions/ms-toolsai.vscode-jupyter-slideshow-0.1.6]: Extension is not compatible with Code 1.85.2. Extension requires: ^1.88.0.
2025-10-17 16:40:44.322 [error] [/home/drdbrioso/.vscode/extensions/ms-toolsai.jupyter-renderers-1.3.0]: Extension is not compatible with Code 1.85.2. Extension requires: ^1.95.0.
2025-10-17 16:40:44.330 [error] [/home/drdbrioso/.vscode/extensions/ms-vscode.remote-server-1.5.3]: Extension is not compatible with Code 1.85.2. Extension requires: ^1.87.0.
2025-10-17 16:40:44.331 [error] [/home/drdbrioso/.vscode/extensions/ms-vscode-remote.remote-wsl-0.104.3]: Extension is not compatible with Code 1.85.2. Extension requires: ^1.104.0.
2025-10-17 16:40:44.332 [error] [/home/drdbrioso/.vscode/extensions/ms-vscode-remote.remote-containers-0.427.0]: Extension is not compatible with Code 1.85.2. Extension requires: ^1.99.0.
2025-10-17 16:40:44.333 [error] [/home/drdbrioso/.vscode/extensions/ms-vscode.remote-explorer-0.5.0]: Extension is not compatible with Code 1.85.2. Extension requires: ^1.87.0.
2025-10-17 16:40:44.333 [error] [/home/drdbrioso/.vscode/extensions/ms-python.vscode-python-envs-1.8.0-linux-x64]: Extension is not compatible with Code 1.85.2. Extension requires: ^1.104.0-20250815.
2025-10-17 16:40:44.333 [error] [/home/drdbrioso/.vscode/extensions/ms-python.debugpy-2025.10.0-linux-x64]: Extension is not compatible with Code 1.85.2. Extension requires: ^1.92.0.
2025-10-17 16:40:44.334 [error] [/home/drdbrioso/.vscode/extensions/ms-python.python-2025.14.0-linux-x64]: Extension is not compatible with Code 1.85.2. Extension requires: ^1.95.0.
2025-10-17 16:40:44.335 [error] [/home/drdbrioso/.vscode/extensions/ms-python.vscode-pylance-2025.8.3]: Extension is not compatible with Code 1.85.2. Extension requires: ^1.101.0.
2025-10-17 16:40:45.083 [error] [/home/drdbrioso/.vscode/extensions/ms-toolsai.vscode-jupyter-cell-tags-0.1.9]: Extension is not compatible with Code 1.85.2. Extension requires: ^1.88.0.
2025-10-17 16:40:45.083 [error] [/home/drdbrioso/.vscode/extensions/ms-toolsai.vscode-jupyter-slideshow-0.1.6]: Extension is not compatible with Code 1.85.2. Extension requires: ^1.88.0.
2025-10-17 16:40:45.084 [error] [/home/drdbrioso/.vscode/extensions/ms-toolsai.jupyter-renderers-1.3.0]: Extension is not compatible with Code 1.85.2. Extension requires: ^1.95.0.
2025-10-17 16:40:45.098 [error] [/home/drdbrioso/.vscode/extensions/ms-vscode.remote-server-1.5.3]: Extension is not compatible with Code 1.85.2. Extension requires: ^1.87.0.
2025-10-17 16:40:45.098 [error] [/home/drdbrioso/.vscode/extensions/ms-vscode-remote.remote-containers-0.427.0]: Extension is not compatible with Code 1.85.2. Extension requires: ^1.99.0.
2025-10-17 16:40:45.099 [error] [/home/drdbrioso/.vscode/extensions/ms-vscode.remote-explorer-0.5.0]: Extension is not compatible with Code 1.85.2. Extension requires: ^1.87.0.
2025-10-17 16:40:45.099 [error] [/home/drdbrioso/.vscode/extensions/ms-vscode-remote.remote-wsl-0.104.3]: Extension is not compatible with Code 1.85.2. Extension requires: ^1.104.0.
2025-10-17 16:40:45.099 [error] [/home/drdbrioso/.vscode/extensions/ms-python.vscode-python-envs-1.8.0-linux-x64]: Extension is not compatible with Code 1.85.2. Extension requires: ^1.104.0-20250815.
2025-10-17 16:40:45.099 [error] [/home/drdbrioso/.vscode/extensions/ms-python.debugpy-2025.10.0-linux-x64]: Extension is not compatible with Code 1.85.2. Extension requires: ^1.92.0.
2025-10-17 16:40:45.100 [error] [/home/drdbrioso/.vscode/extensions/ms-python.python-2025.14.0-linux-x64]: Extension is not compatible with Code 1.85.2. Extension requires: ^1.95.0.
2025-10-17 16:40:45.101 [error] [/home/drdbrioso/.vscode/extensions/ms-python.vscode-pylance-2025.8.3]: Extension is not compatible with Code 1.85.2. Extension requires: ^1.101.0.
2025-10-17 16:40:45.493 [error] [/home/drdbrioso/.vscode/extensions/ms-toolsai.vscode-jupyter-slideshow-0.1.6]: Extension is not compatible with Code 1.85.2. Extension requires: ^1.88.0.
2025-10-17 16:40:45.494 [error] [/home/drdbrioso/.vscode/extensions/ms-toolsai.vscode-jupyter-cell-tags-0.1.9]: Extension is not compatible with Code 1.85.2. Extension requires: ^1.88.0.
2025-10-17 16:40:45.495 [error] [/home/drdbrioso/.vscode/extensions/ms-toolsai.jupyter-renderers-1.3.0]: Extension is not compatible with Code 1.85.2. Extension requires: ^1.95.0.
2025-10-17 16:40:45.497 [error] [/home/drdbrioso/.vscode/extensions/ms-vscode.remote-server-1.5.3]: Extension is not compatible with Code 1.85.2. Extension requires: ^1.87.0.
2025-10-17 16:40:45.497 [error] [/home/drdbrioso/.vscode/extensions/ms-python.debugpy-2025.10.0-linux-x64]: Extension is not compatible with Code 1.85.2. Extension requires: ^1.92.0.
2025-10-17 16:40:45.497 [error] [/home/drdbrioso/.vscode/extensions/ms-vscode.remote-explorer-0.5.0]: Extension is not compatible with Code 1.85.2. Extension requires: ^1.87.0.
2025-10-17 16:40:45.497 [error] [/home/drdbrioso/.vscode/extensions/ms-python.vscode-python-envs-1.8.0-linux-x64]: Extension is not compatible with Code 1.85.2. Extension requires: ^1.104.0-20250815.
2025-10-17 16:40:45.498 [error] [/home/drdbrioso/.vscode/extensions/ms-vscode-remote.remote-wsl-0.104.3]: Extension is not compatible with Code 1.85.2. Extension requires: ^1.104.0.
2025-10-17 16:40:45.498 [error] [/home/drdbrioso/.vscode/extensions/ms-vscode-remote.remote-containers-0.427.0]: Extension is not compatible with Code 1.85.2. Extension requires: ^1.99.0.
2025-10-17 16:40:45.498 [error] [/home/drdbrioso/.vscode/extensions/ms-python.python-2025.14.0-linux-x64]: Extension is not compatible with Code 1.85.2. Extension requires: ^1.95.0.
2025-10-17 16:40:45.499 [error] [/home/drdbrioso/.vscode/extensions/ms-python.vscode-pylance-2025.8.3]: Extension is not compatible with Code 1.85.2. Extension requires: ^1.101.0.
2025-10-17 16:40:45.824 [error] [/home/drdbrioso/.vscode/extensions/ms-toolsai.vscode-jupyter-cell-tags-0.1.9]: Extension is not compatible with Code 1.85.2. Extension requires: ^1.88.0.
2025-10-17 16:40:45.824 [error] [/home/drdbrioso/.vscode/extensions/ms-toolsai.vscode-jupyter-slideshow-0.1.6]: Extension is not compatible with Code 1.85.2. Extension requires: ^1.88.0.
2025-10-17 16:40:45.824 [error] [/home/drdbrioso/.vscode/extensions/ms-toolsai.jupyter-renderers-1.3.0]: Extension is not compatible with Code 1.85.2. Extension requires: ^1.95.0.
2025-10-17 16:40:45.827 [error] [/home/drdbrioso/.vscode/extensions/ms-vscode.remote-server-1.5.3]: Extension is not compatible with Code 1.85.2. Extension requires: ^1.87.0.
2025-10-17 16:40:45.828 [error] [/home/drdbrioso/.vscode/extensions/ms-vscode-remote.remote-wsl-0.104.3]: Extension is not compatible with Code 1.85.2. Extension requires: ^1.104.0.
2025-10-17 16:40:45.828 [error] [/home/drdbrioso/.vscode/extensions/ms-vscode.remote-explorer-0.5.0]: Extension is not compatible with Code 1.85.2. Extension requires: ^1.87.0.
2025-10-17 16:40:45.828 [error] [/home/drdbrioso/.vscode/extensions/ms-python.debugpy-2025.10.0-linux-x64]: Extension is not compatible with Code 1.85.2. Extension requires: ^1.92.0.
2025-10-17 16:40:45.828 [error] [/home/drdbrioso/.vscode/extensions/ms-python.python-2025.14.0-linux-x64]: Extension is not compatible with Code 1.85.2. Extension requires: ^1.95.0.
2025-10-17 16:40:45.829 [error] [/home/drdbrioso/.vscode/extensions/ms-vscode-remote.remote-containers-0.427.0]: Extension is not compatible with Code 1.85.2. Extension requires: ^1.99.0.
2025-10-17 16:40:45.829 [error] [/home/drdbrioso/.vscode/extensions/ms-python.vscode-python-envs-1.8.0-linux-x64]: Extension is not compatible with Code 1.85.2. Extension requires: ^1.104.0-20250815.
2025-10-17 16:40:45.830 [error] [/home/drdbrioso/.vscode/extensions/ms-python.vscode-pylance-2025.8.3]: Extension is not compatible with Code 1.85.2. Extension requires: ^1.101.0.
2025-10-17 16:40:46.190 [error] [/home/drdbrioso/.vscode/extensions/ms-toolsai.vscode-jupyter-slideshow-0.1.6]: Extension is not compatible with Code 1.85.2. Extension requires: ^1.88.0.
2025-10-17 16:40:46.190 [error] [/home/drdbrioso/.vscode/extensions/ms-toolsai.vscode-jupyter-cell-tags-0.1.9]: Extension is not compatible with Code 1.85.2. Extension requires: ^1.88.0.
2025-10-17 16:40:46.191 [error] [/home/drdbrioso/.vscode/extensions/ms-toolsai.jupyter-renderers-1.3.0]: Extension is not compatible with Code 1.85.2. Extension requires: ^1.95.0.
2025-10-17 16:40:46.193 [error] [/home/drdbrioso/.vscode/extensions/ms-vscode.remote-server-1.5.3]: Extension is not compatible with Code 1.85.2. Extension requires: ^1.87.0.
2025-10-17 16:40:46.194 [error] [/home/drdbrioso/.vscode/extensions/ms-vscode-remote.remote-wsl-0.104.3]: Extension is not compatible with Code 1.85.2. Extension requires: ^1.104.0.
2025-10-17 16:40:46.194 [error] [/home/drdbrioso/.vscode/extensions/ms-vscode.remote-explorer-0.5.0]: Extension is not compatible with Code 1.85.2. Extension requires: ^1.87.0.
2025-10-17 16:40:46.194 [error] [/home/drdbrioso/.vscode/extensions/ms-python.debugpy-2025.10.0-linux-x64]: Extension is not compatible with Code 1.85.2. Extension requires: ^1.92.0.
2025-10-17 16:40:46.194 [error] [/home/drdbrioso/.vscode/extensions/ms-python.vscode-python-envs-1.8.0-linux-x64]: Extension is not compatible with Code 1.85.2. Extension requires: ^1.104.0-20250815.
2025-10-17 16:40:46.194 [error] [/home/drdbrioso/.vscode/extensions/ms-vscode-remote.remote-containers-0.427.0]: Extension is not compatible with Code 1.85.2. Extension requires: ^1.99.0.
2025-10-17 16:40:46.195 [error] [/home/drdbrioso/.vscode/extensions/ms-python.python-2025.14.0-linux-x64]: Extension is not compatible with Code 1.85.2. Extension requires: ^1.95.0.
2025-10-17 16:40:46.195 [error] [/home/drdbrioso/.vscode/extensions/ms-python.vscode-pylance-2025.8.3]: Extension is not compatible with Code 1.85.2. Extension requires: ^1.101.0.
2025-10-17 16:42:55.311 [error] [/home/drdbrioso/.vscode/extensions/ms-toolsai.vscode-jupyter-cell-tags-0.1.9]: Extension is not compatible with Code 1.85.2. Extension requires: ^1.88.0.
2025-10-17 16:42:55.311 [error] [/home/drdbrioso/.vscode/extensions/ms-toolsai.vscode-jupyter-slideshow-0.1.6]: Extension is not compatible with Code 1.85.2. Extension requires: ^1.88.0.
2025-10-17 16:42:55.312 [error] [/home/drdbrioso/.vscode/extensions/ms-toolsai.jupyter-renderers-1.3.0]: Extension is not compatible with Code 1.85.2. Extension requires: ^1.95.0.
2025-10-17 16:42:55.312 [error] [/home/drdbrioso/.vscode/extensions/ms-vscode-remote.remote-wsl-0.104.3]: Extension is not compatible with Code 1.85.2. Extension requires: ^1.104.0.
2025-10-17 16:42:55.313 [error] [/home/drdbrioso/.vscode/extensions/ms-vscode.remote-server-1.5.3]: Extension is not compatible with Code 1.85.2. Extension requires: ^1.87.0.
2025-10-17 16:42:55.313 [error] [/home/drdbrioso/.vscode/extensions/ms-vscode.remote-explorer-0.5.0]: Extension is not compatible with Code 1.85.2. Extension requires: ^1.87.0.
2025-10-17 16:42:55.313 [error] [/home/drdbrioso/.vscode/extensions/ms-python.debugpy-2025.10.0-linux-x64]: Extension is not compatible with Code 1.85.2. Extension requires: ^1.92.0.
2025-10-17 16:42:55.313 [error] [/home/drdbrioso/.vscode/extensions/ms-python.vscode-python-envs-1.8.0-linux-x64]: Extension is not compatible with Code 1.85.2. Extension requires: ^1.104.0-20250815.
2025-10-17 16:42:55.319 [error] [/home/drdbrioso/.vscode/extensions/ms-vscode-remote.remote-containers-0.427.0]: Extension is not compatible with Code 1.85.2. Extension requires: ^1.99.0.
2025-10-17 16:42:55.319 [error] [/home/drdbrioso/.vscode/extensions/ms-python.python-2025.14.0-linux-x64]: Extension is not compatible with Code 1.85.2. Extension requires: ^1.95.0.
2025-10-17 16:42:55.322 [error] [/home/drdbrioso/.vscode/extensions/ms-python.vscode-pylance-2025.8.3]: Extension is not compatible with Code 1.85.2. Extension requires: ^1.101.0.
2025-10-17 16:45:42.596 [error] [/home/drdbrioso/.vscode/extensions/ms-toolsai.vscode-jupyter-cell-tags-0.1.9]: Extension is not compatible with Code 1.85.2. Extension requires: ^1.88.0.
2025-10-17 16:45:42.596 [error] [/home/drdbrioso/.vscode/extensions/ms-toolsai.vscode-jupyter-slideshow-0.1.6]: Extension is not compatible with Code 1.85.2. Extension requires: ^1.88.0.
2025-10-17 16:45:42.597 [error] [/home/drdbrioso/.vscode/extensions/ms-toolsai.jupyter-renderers-1.3.0]: Extension is not compatible with Code 1.85.2. Extension requires: ^1.95.0.
2025-10-17 16:45:42.601 [error] [/home/drdbrioso/.vscode/extensions/ms-vscode.remote-server-1.5.3]: Extension is not compatible with Code 1.85.2. Extension requires: ^1.87.0.
2025-10-17 16:45:42.602 [error] [/home/drdbrioso/.vscode/extensions/ms-vscode-remote.remote-containers-0.427.0]: Extension is not compatible with Code 1.85.2. Extension requires: ^1.99.0.
2025-10-17 16:45:42.602 [error] [/home/drdbrioso/.vscode/extensions/ms-vscode.remote-explorer-0.5.0]: Extension is not compatible with Code 1.85.2. Extension requires: ^1.87.0.
2025-10-17 16:45:42.604 [error] [/home/drdbrioso/.vscode/extensions/ms-python.vscode-python-envs-1.8.0-linux-x64]: Extension is not compatible with Code 1.85.2. Extension requires: ^1.104.0-20250815.
2025-10-17 16:45:42.604 [error] [/home/drdbrioso/.vscode/extensions/ms-python.debugpy-2025.10.0-linux-x64]: Extension is not compatible with Code 1.85.2. Extension requires: ^1.92.0.
2025-10-17 16:45:42.606 [error] [/home/drdbrioso/.vscode/extensions/ms-python.python-2025.14.0-linux-x64]: Extension is not compatible with Code 1.85.2. Extension requires: ^1.95.0.
2025-10-17 16:45:42.609 [error] [/home/drdbrioso/.vscode/extensions/ms-python.vscode-pylance-2025.8.3]: Extension is not compatible with Code 1.85.2. Extension requires: ^1.101.0.
2025-10-17 16:45:42.610 [error] [/home/drdbrioso/.vscode/extensions/ms-vscode-remote.remote-wsl-0.104.3]: Extension is not compatible with Code 1.85.2. Extension requires: ^1.104.0.
2025-10-17 16:47:57.098 [error] [/home/drdbrioso/.vscode/extensions/ms-toolsai.vscode-jupyter-cell-tags-0.1.9]: Extension is not compatible with Code 1.85.2. Extension requires: ^1.88.0.
2025-10-17 16:47:57.099 [error] [/home/drdbrioso/.vscode/extensions/ms-toolsai.vscode-jupyter-slideshow-0.1.6]: Extension is not compatible with Code 1.85.2. Extension requires: ^1.88.0.
2025-10-17 16:47:57.111 [error] [/home/drdbrioso/.vscode/extensions/ms-toolsai.jupyter-renderers-1.3.0]: Extension is not compatible with Code 1.85.2. Extension requires: ^1.95.0.
2025-10-17 16:47:57.111 [error] [/home/drdbrioso/.vscode/extensions/ms-vscode.remote-server-1.5.3]: Extension is not compatible with Code 1.85.2. Extension requires: ^1.87.0.
2025-10-17 16:47:57.111 [error] [/home/drdbrioso/.vscode/extensions/ms-vscode-remote.remote-containers-0.427.0]: Extension is not compatible with Code 1.85.2. Extension requires: ^1.99.0.
2025-10-17 16:47:57.111 [error] [/home/drdbrioso/.vscode/extensions/ms-vscode.remote-explorer-0.5.0]: Extension is not compatible with Code 1.85.2. Extension requires: ^1.87.0.
2025-10-17 16:47:57.111 [error] [/home/drdbrioso/.vscode/extensions/ms-vscode-remote.remote-wsl-0.104.3]: Extension is not compatible with Code 1.85.2. Extension requires: ^1.104.0.
2025-10-17 16:47:57.111 [error] [/home/drdbrioso/.vscode/extensions/ms-python.vscode-python-envs-1.8.0-linux-x64]: Extension is not compatible with Code 1.85.2. Extension requires: ^1.104.0-20250815.
2025-10-17 16:47:57.111 [error] [/home/drdbrioso/.vscode/extensions/ms-python.debugpy-2025.10.0-linux-x64]: Extension is not compatible with Code 1.85.2. Extension requires: ^1.92.0.
2025-10-17 16:47:57.111 [error] [/home/drdbrioso/.vscode/extensions/ms-python.python-2025.14.0-linux-x64]: Extension is not compatible with Code 1.85.2. Extension requires: ^1.95.0.
2025-10-17 16:47:57.111 [error] [/home/drdbrioso/.vscode/extensions/ms-python.vscode-pylance-2025.8.3]: Extension is not compatible with Code 1.85.2. Extension requires: ^1.101.0.
2025-10-17 16:50:42.693 [error] [/home/drdbrioso/.vscode/extensions/ms-toolsai.vscode-jupyter-cell-tags-0.1.9]: Extension is not compatible with Code 1.85.2. Extension requires: ^1.88.0.
2025-10-17 16:50:42.693 [error] [/home/drdbrioso/.vscode/extensions/ms-toolsai.vscode-jupyter-slideshow-0.1.6]: Extension is not compatible with Code 1.85.2. Extension requires: ^1.88.0.
2025-10-17 16:50:42.693 [error] [/home/drdbrioso/.vscode/extensions/ms-toolsai.jupyter-renderers-1.3.0]: Extension is not compatible with Code 1.85.2. Extension requires: ^1.95.0.
2025-10-17 16:50:42.694 [error] [/home/drdbrioso/.vscode/extensions/ms-vscode.remote-server-1.5.3]: Extension is not compatible with Code 1.85.2. Extension requires: ^1.87.0.
2025-10-17 16:50:42.695 [error] [/home/drdbrioso/.vscode/extensions/ms-vscode-remote.remote-wsl-0.104.3]: Extension is not compatible with Code 1.85.2. Extension requires: ^1.104.0.
2025-10-17 16:50:42.695 [error] [/home/drdbrioso/.vscode/extensions/ms-vscode.remote-explorer-0.5.0]: Extension is not compatible with Code 1.85.2. Extension requires: ^1.87.0.
2025-10-17 16:50:42.695 [error] [/home/drdbrioso/.vscode/extensions/ms-python.vscode-python-envs-1.8.0-linux-x64]: Extension is not compatible with Code 1.85.2. Extension requires: ^1.104.0-20250815.
2025-10-17 16:50:42.696 [error] [/home/drdbrioso/.vscode/extensions/ms-vscode-remote.remote-containers-0.427.0]: Extension is not compatible with Code 1.85.2. Extension requires: ^1.99.0.
2025-10-17 16:50:42.696 [error] [/home/drdbrioso/.vscode/extensions/ms-python.debugpy-2025.10.0-linux-x64]: Extension is not compatible with Code 1.85.2. Extension requires: ^1.92.0.
2025-10-17 16:50:42.700 [error] [/home/drdbrioso/.vscode/extensions/ms-python.python-2025.14.0-linux-x64]: Extension is not compatible with Code 1.85.2. Extension requires: ^1.95.0.
2025-10-17 16:50:42.701 [error] [/home/drdbrioso/.vscode/extensions/ms-python.vscode-pylance-2025.8.3]: Extension is not compatible with Code 1.85.2. Extension requires: ^1.101.0.
2025-10-17 16:52:58.534 [error] [/home/drdbrioso/.vscode/extensions/ms-toolsai.vscode-jupyter-slideshow-0.1.6]: Extension is not compatible with Code 1.85.2. Extension requires: ^1.88.0.
2025-10-17 16:52:58.534 [error] [/home/drdbrioso/.vscode/extensions/ms-toolsai.vscode-jupyter-cell-tags-0.1.9]: Extension is not compatible with Code 1.85.2. Extension requires: ^1.88.0.
2025-10-17 16:52:58.535 [error] [/home/drdbrioso/.vscode/extensions/ms-toolsai.jupyter-renderers-1.3.0]: Extension is not compatible with Code 1.85.2. Extension requires: ^1.95.0.
2025-10-17 16:52:58.535 [error] [/home/drdbrioso/.vscode/extensions/ms-vscode.remote-explorer-0.5.0]: Extension is not compatible with Code 1.85.2. Extension requires: ^1.87.0.
2025-10-17 16:52:58.536 [error] [/home/drdbrioso/.vscode/extensions/ms-vscode.remote-server-1.5.3]: Extension is not compatible with Code 1.85.2. Extension requires: ^1.87.0.
2025-10-17 16:52:58.536 [error] [/home/drdbrioso/.vscode/extensions/ms-vscode-remote.remote-wsl-0.104.3]: Extension is not compatible with Code 1.85.2. Extension requires: ^1.104.0.
2025-10-17 16:52:58.538 [error] [/home/drdbrioso/.vscode/extensions/ms-python.vscode-python-envs-1.8.0-linux-x64]: Extension is not compatible with Code 1.85.2. Extension requires: ^1.104.0-20250815.
2025-10-17 16:52:58.538 [error] [/home/drdbrioso/.vscode/extensions/ms-python.debugpy-2025.10.0-linux-x64]: Extension is not compatible with Code 1.85.2. Extension requires: ^1.92.0.
2025-10-17 16:52:58.539 [error] [/home/drdbrioso/.vscode/extensions/ms-python.python-2025.14.0-linux-x64]: Extension is not compatible with Code 1.85.2. Extension requires: ^1.95.0.
2025-10-17 16:52:58.540 [error] [/home/drdbrioso/.vscode/extensions/ms-vscode-remote.remote-containers-0.427.0]: Extension is not compatible with Code 1.85.2. Extension requires: ^1.99.0.
2025-10-17 16:52:58.541 [error] [/home/drdbrioso/.vscode/extensions/ms-python.vscode-pylance-2025.8.3]: Extension is not compatible with Code 1.85.2. Extension requires: ^1.101.0.
2025-10-17 16:55:43.292 [error] [/home/drdbrioso/.vscode/extensions/ms-toolsai.vscode-jupyter-cell-tags-0.1.9]: Extension is not compatible with Code 1.85.2. Extension requires: ^1.88.0.
2025-10-17 16:55:43.292 [error] [/home/drdbrioso/.vscode/extensions/ms-toolsai.vscode-jupyter-slideshow-0.1.6]: Extension is not compatible with Code 1.85.2. Extension requires: ^1.88.0.
2025-10-17 16:55:43.293 [error] [/home/drdbrioso/.vscode/extensions/ms-toolsai.jupyter-renderers-1.3.0]: Extension is not compatible with Code 1.85.2. Extension requires: ^1.95.0.
2025-10-17 16:55:43.293 [error] [/home/drdbrioso/.vscode/extensions/ms-vscode.remote-server-1.5.3]: Extension is not compatible with Code 1.85.2. Extension requires: ^1.87.0.
2025-10-17 16:55:43.293 [error] [/home/drdbrioso/.vscode/extensions/ms-vscode-remote.remote-wsl-0.104.3]: Extension is not compatible with Code 1.85.2. Extension requires: ^1.104.0.
2025-10-17 16:55:43.293 [error] [/home/drdbrioso/.vscode/extensions/ms-vscode.remote-explorer-0.5.0]: Extension is not compatible with Code 1.85.2. Extension requires: ^1.87.0.
2025-10-17 16:55:43.293 [error] [/home/drdbrioso/.vscode/extensions/ms-vscode-remote.remote-containers-0.427.0]: Extension is not compatible with Code 1.85.2. Extension requires: ^1.99.0.
2025-10-17 16:55:43.294 [error] [/home/drdbrioso/.vscode/extensions/ms-python.debugpy-2025.10.0-linux-x64]: Extension is not compatible with Code 1.85.2. Extension requires: ^1.92.0.
2025-10-17 16:55:43.295 [error] [/home/drdbrioso/.vscode/extensions/ms-python.vscode-python-envs-1.8.0-linux-x64]: Extension is not compatible with Code 1.85.2. Extension requires: ^1.104.0-20250815.
2025-10-17 16:55:43.295 [error] [/home/drdbrioso/.vscode/extensions/ms-python.python-2025.14.0-linux-x64]: Extension is not compatible with Code 1.85.2. Extension requires: ^1.95.0.
2025-10-17 16:55:43.296 [error] [/home/drdbrioso/.vscode/extensions/ms-python.vscode-pylance-2025.8.3]: Extension is not compatible with Code 1.85.2. Extension requires: ^1.101.0.
2025-10-17 16:57:59.494 [error] [/home/drdbrioso/.vscode/extensions/ms-toolsai.vscode-jupyter-cell-tags-0.1.9]: Extension is not compatible with Code 1.85.2. Extension requires: ^1.88.0.
2025-10-17 16:57:59.495 [error] [/home/drdbrioso/.vscode/extensions/ms-toolsai.vscode-jupyter-slideshow-0.1.6]: Extension is not compatible with Code 1.85.2. Extension requires: ^1.88.0.
2025-10-17 16:57:59.495 [error] [/home/drdbrioso/.vscode/extensions/ms-toolsai.jupyter-renderers-1.3.0]: Extension is not compatible with Code 1.85.2. Extension requires: ^1.95.0.
2025-10-17 16:57:59.497 [error] [/home/drdbrioso/.vscode/extensions/ms-vscode-remote.remote-wsl-0.104.3]: Extension is not compatible with Code 1.85.2. Extension requires: ^1.104.0.
2025-10-17 16:57:59.498 [error] [/home/drdbrioso/.vscode/extensions/ms-vscode.remote-server-1.5.3]: Extension is not compatible with Code 1.85.2. Extension requires: ^1.87.0.
2025-10-17 16:57:59.498 [error] [/home/drdbrioso/.vscode/extensions/ms-vscode.remote-explorer-0.5.0]: Extension is not compatible with Code 1.85.2. Extension requires: ^1.87.0.
2025-10-17 16:57:59.499 [error] [/home/drdbrioso/.vscode/extensions/ms-vscode-remote.remote-containers-0.427.0]: Extension is not compatible with Code 1.85.2. Extension requires: ^1.99.0.
2025-10-17 16:57:59.499 [error] [/home/drdbrioso/.vscode/extensions/ms-python.vscode-python-envs-1.8.0-linux-x64]: Extension is not compatible with Code 1.85.2. Extension requires: ^1.104.0-20250815.
2025-10-17 16:57:59.500 [error] [/home/drdbrioso/.vscode/extensions/ms-python.debugpy-2025.10.0-linux-x64]: Extension is not compatible with Code 1.85.2. Extension requires: ^1.92.0.
2025-10-17 16:57:59.501 [error] [/home/drdbrioso/.vscode/extensions/ms-python.python-2025.14.0-linux-x64]: Extension is not compatible with Code 1.85.2. Extension requires: ^1.95.0.
2025-10-17 16:57:59.504 [error] [/home/drdbrioso/.vscode/extensions/ms-python.vscode-pylance-2025.8.3]: Extension is not compatible with Code 1.85.2. Extension requires: ^1.101.0.
