2025-10-13 15:56:56.554 [error] [/home/drdbrioso/.vscode/extensions/ms-toolsai.vscode-jupyter-slideshow-0.1.6]: Extension is not compatible with Code 1.85.2. Extension requires: ^1.88.0.
2025-10-13 15:56:56.554 [error] [/home/drdbrioso/.vscode/extensions/ms-toolsai.jupyter-renderers-1.3.0]: Extension is not compatible with Code 1.85.2. Extension requires: ^1.95.0.
2025-10-13 15:56:56.560 [error] [/home/drdbrioso/.vscode/extensions/ms-toolsai.vscode-jupyter-cell-tags-0.1.9]: Extension is not compatible with Code 1.85.2. Extension requires: ^1.88.0.
2025-10-13 15:56:56.596 [error] [/home/drdbrioso/.vscode/extensions/ms-toolsai.vscode-jupyter-cell-tags-0.1.9]: Extension is not compatible with Code 1.85.2. Extension requires: ^1.88.0.
2025-10-13 15:56:56.597 [error] [/home/drdbrioso/.vscode/extensions/ms-toolsai.vscode-jupyter-slideshow-0.1.6]: Extension is not compatible with Code 1.85.2. Extension requires: ^1.88.0.
2025-10-13 15:56:56.597 [error] [/home/drdbrioso/.vscode/extensions/ms-toolsai.jupyter-renderers-1.3.0]: Extension is not compatible with Code 1.85.2. Extension requires: ^1.95.0.
2025-10-13 15:56:56.599 [error] [/home/drdbrioso/.vscode/extensions/ms-toolsai.jupyter-renderers-1.3.0]: Extension is not compatible with Code 1.85.2. Extension requires: ^1.95.0.
2025-10-13 15:56:56.600 [error] [/home/drdbrioso/.vscode/extensions/ms-toolsai.vscode-jupyter-cell-tags-0.1.9]: Extension is not compatible with Code 1.85.2. Extension requires: ^1.88.0.
2025-10-13 15:56:56.600 [error] [/home/drdbrioso/.vscode/extensions/ms-toolsai.vscode-jupyter-slideshow-0.1.6]: Extension is not compatible with Code 1.85.2. Extension requires: ^1.88.0.
2025-10-13 15:56:56.604 [error] [/home/drdbrioso/.vscode/extensions/ms-vscode-remote.remote-containers-0.427.0]: Extension is not compatible with Code 1.85.2. Extension requires: ^1.99.0.
2025-10-13 15:56:56.605 [error] [/home/drdbrioso/.vscode/extensions/ms-vscode.remote-explorer-0.5.0]: Extension is not compatible with Code 1.85.2. Extension requires: ^1.87.0.
2025-10-13 15:56:56.605 [error] [/home/drdbrioso/.vscode/extensions/ms-vscode.remote-server-1.5.3]: Extension is not compatible with Code 1.85.2. Extension requires: ^1.87.0.
2025-10-13 15:56:56.605 [error] [/home/drdbrioso/.vscode/extensions/ms-python.python-2025.14.0-linux-x64]: Extension is not compatible with Code 1.85.2. Extension requires: ^1.95.0.
2025-10-13 15:56:56.606 [error] [/home/drdbrioso/.vscode/extensions/ms-python.vscode-python-envs-1.8.0-linux-x64]: Extension is not compatible with Code 1.85.2. Extension requires: ^1.104.0-20250815.
2025-10-13 15:56:56.607 [error] [/home/drdbrioso/.vscode/extensions/ms-vscode-remote.remote-wsl-0.104.3]: Extension is not compatible with Code 1.85.2. Extension requires: ^1.104.0.
2025-10-13 15:56:56.607 [error] [/home/drdbrioso/.vscode/extensions/ms-python.debugpy-2025.10.0-linux-x64]: Extension is not compatible with Code 1.85.2. Extension requires: ^1.92.0.
2025-10-13 15:56:56.610 [error] [/home/drdbrioso/.vscode/extensions/ms-python.vscode-pylance-2025.8.3]: Extension is not compatible with Code 1.85.2. Extension requires: ^1.101.0.
2025-10-13 15:56:56.620 [error] [/home/drdbrioso/.vscode/extensions/ms-vscode.remote-server-1.5.3]: Extension is not compatible with Code 1.85.2. Extension requires: ^1.87.0.
2025-10-13 15:56:56.621 [error] [/home/drdbrioso/.vscode/extensions/ms-vscode-remote.remote-wsl-0.104.3]: Extension is not compatible with Code 1.85.2. Extension requires: ^1.104.0.
2025-10-13 15:56:56.621 [error] [/home/drdbrioso/.vscode/extensions/ms-vscode.remote-explorer-0.5.0]: Extension is not compatible with Code 1.85.2. Extension requires: ^1.87.0.
2025-10-13 15:56:56.621 [error] [/home/drdbrioso/.vscode/extensions/ms-python.debugpy-2025.10.0-linux-x64]: Extension is not compatible with Code 1.85.2. Extension requires: ^1.92.0.
2025-10-13 15:56:56.622 [error] [/home/drdbrioso/.vscode/extensions/ms-python.vscode-python-envs-1.8.0-linux-x64]: Extension is not compatible with Code 1.85.2. Extension requires: ^1.104.0-20250815.
2025-10-13 15:56:56.622 [error] [/home/drdbrioso/.vscode/extensions/ms-vscode-remote.remote-containers-0.427.0]: Extension is not compatible with Code 1.85.2. Extension requires: ^1.99.0.
2025-10-13 15:56:56.623 [error] [/home/drdbrioso/.vscode/extensions/ms-python.python-2025.14.0-linux-x64]: Extension is not compatible with Code 1.85.2. Extension requires: ^1.95.0.
2025-10-13 15:56:56.623 [error] [/home/drdbrioso/.vscode/extensions/ms-python.vscode-pylance-2025.8.3]: Extension is not compatible with Code 1.85.2. Extension requires: ^1.101.0.
2025-10-13 15:56:56.627 [error] [/home/drdbrioso/.vscode/extensions/ms-python.debugpy-2025.10.0-linux-x64]: Extension is not compatible with Code 1.85.2. Extension requires: ^1.92.0.
2025-10-13 15:56:56.627 [error] [/home/drdbrioso/.vscode/extensions/ms-python.vscode-python-envs-1.8.0-linux-x64]: Extension is not compatible with Code 1.85.2. Extension requires: ^1.104.0-20250815.
2025-10-13 15:56:56.628 [error] [/home/drdbrioso/.vscode/extensions/ms-python.vscode-pylance-2025.8.3]: Extension is not compatible with Code 1.85.2. Extension requires: ^1.101.0.
2025-10-13 15:56:56.628 [error] [/home/drdbrioso/.vscode/extensions/ms-python.python-2025.14.0-linux-x64]: Extension is not compatible with Code 1.85.2. Extension requires: ^1.95.0.
2025-10-13 15:56:56.629 [error] [/home/drdbrioso/.vscode/extensions/ms-vscode.remote-explorer-0.5.0]: Extension is not compatible with Code 1.85.2. Extension requires: ^1.87.0.
2025-10-13 15:56:56.629 [error] [/home/drdbrioso/.vscode/extensions/ms-vscode.remote-server-1.5.3]: Extension is not compatible with Code 1.85.2. Extension requires: ^1.87.0.
2025-10-13 15:56:56.629 [error] [/home/drdbrioso/.vscode/extensions/ms-vscode-remote.remote-wsl-0.104.3]: Extension is not compatible with Code 1.85.2. Extension requires: ^1.104.0.
2025-10-13 15:56:56.629 [error] [/home/drdbrioso/.vscode/extensions/ms-vscode-remote.remote-containers-0.427.0]: Extension is not compatible with Code 1.85.2. Extension requires: ^1.99.0.
2025-10-13 15:56:56.640 [error] [/home/drdbrioso/.vscode/extensions/ms-toolsai.vscode-jupyter-cell-tags-0.1.9]: Extension is not compatible with Code 1.85.2. Extension requires: ^1.88.0.
2025-10-13 15:56:56.640 [error] [/home/drdbrioso/.vscode/extensions/ms-toolsai.vscode-jupyter-slideshow-0.1.6]: Extension is not compatible with Code 1.85.2. Extension requires: ^1.88.0.
2025-10-13 15:56:56.640 [error] [/home/drdbrioso/.vscode/extensions/ms-vscode-remote.remote-ssh-0.120.0]: Extension is not compatible with Code 1.85.2. Extension requires: ^1.96.0.
2025-10-13 15:56:56.641 [error] [/home/drdbrioso/.vscode/extensions/ms-toolsai.jupyter-renderers-1.3.0]: Extension is not compatible with Code 1.85.2. Extension requires: ^1.95.0.
2025-10-13 15:56:56.648 [error] [/home/drdbrioso/.vscode/extensions/ms-toolsai.jupyter-renderers-1.3.0]: Extension is not compatible with Code 1.85.2. Extension requires: ^1.95.0.
2025-10-13 15:56:56.648 [error] [/home/drdbrioso/.vscode/extensions/ms-toolsai.vscode-jupyter-cell-tags-0.1.9]: Extension is not compatible with Code 1.85.2. Extension requires: ^1.88.0.
2025-10-13 15:56:56.648 [error] [/home/drdbrioso/.vscode/extensions/ms-toolsai.vscode-jupyter-slideshow-0.1.6]: Extension is not compatible with Code 1.85.2. Extension requires: ^1.88.0.
2025-10-13 15:56:56.653 [error] [/home/drdbrioso/.vscode/extensions/ms-toolsai.vscode-jupyter-cell-tags-0.1.9]: Extension is not compatible with Code 1.85.2. Extension requires: ^1.88.0.
2025-10-13 15:56:56.653 [error] [/home/drdbrioso/.vscode/extensions/ms-toolsai.vscode-jupyter-slideshow-0.1.6]: Extension is not compatible with Code 1.85.2. Extension requires: ^1.88.0.
2025-10-13 15:56:56.653 [error] [/home/drdbrioso/.vscode/extensions/ms-toolsai.jupyter-renderers-1.3.0]: Extension is not compatible with Code 1.85.2. Extension requires: ^1.95.0.
2025-10-13 15:56:56.659 [error] [/home/drdbrioso/.vscode/extensions/ms-vscode.remote-server-1.5.3]: Extension is not compatible with Code 1.85.2. Extension requires: ^1.87.0.
2025-10-13 15:56:56.660 [error] [/home/drdbrioso/.vscode/extensions/ms-vscode-remote.remote-containers-0.427.0]: Extension is not compatible with Code 1.85.2. Extension requires: ^1.99.0.
2025-10-13 15:56:56.660 [error] [/home/drdbrioso/.vscode/extensions/ms-vscode-remote.remote-wsl-0.104.3]: Extension is not compatible with Code 1.85.2. Extension requires: ^1.104.0.
2025-10-13 15:56:56.661 [error] [/home/drdbrioso/.vscode/extensions/ms-vscode.remote-explorer-0.5.0]: Extension is not compatible with Code 1.85.2. Extension requires: ^1.87.0.
2025-10-13 15:56:56.661 [error] [/home/drdbrioso/.vscode/extensions/ms-python.vscode-python-envs-1.8.0-linux-x64]: Extension is not compatible with Code 1.85.2. Extension requires: ^1.104.0-20250815.
2025-10-13 15:56:56.661 [error] [/home/drdbrioso/.vscode/extensions/ms-python.debugpy-2025.10.0-linux-x64]: Extension is not compatible with Code 1.85.2. Extension requires: ^1.92.0.
2025-10-13 15:56:56.661 [error] [/home/drdbrioso/.vscode/extensions/ms-python.python-2025.14.0-linux-x64]: Extension is not compatible with Code 1.85.2. Extension requires: ^1.95.0.
2025-10-13 15:56:56.662 [error] [/home/drdbrioso/.vscode/extensions/ms-python.vscode-pylance-2025.8.3]: Extension is not compatible with Code 1.85.2. Extension requires: ^1.101.0.
2025-10-13 15:56:56.671 [error] [/home/drdbrioso/.vscode/extensions/ms-python.debugpy-2025.10.0-linux-x64]: Extension is not compatible with Code 1.85.2. Extension requires: ^1.92.0.
2025-10-13 15:56:56.671 [error] [/home/drdbrioso/.vscode/extensions/ms-python.vscode-pylance-2025.8.3]: Extension is not compatible with Code 1.85.2. Extension requires: ^1.101.0.
2025-10-13 15:56:56.672 [error] [/home/drdbrioso/.vscode/extensions/ms-python.vscode-python-envs-1.8.0-linux-x64]: Extension is not compatible with Code 1.85.2. Extension requires: ^1.104.0-20250815.
2025-10-13 15:56:56.672 [error] [/home/drdbrioso/.vscode/extensions/ms-python.python-2025.14.0-linux-x64]: Extension is not compatible with Code 1.85.2. Extension requires: ^1.95.0.
2025-10-13 15:56:56.673 [error] [/home/drdbrioso/.vscode/extensions/ms-vscode-remote.remote-ssh-0.120.0]: Extension is not compatible with Code 1.85.2. Extension requires: ^1.96.0.
2025-10-13 15:56:56.674 [error] [/home/drdbrioso/.vscode/extensions/ms-vscode-remote.remote-containers-0.427.0]: Extension is not compatible with Code 1.85.2. Extension requires: ^1.99.0.
2025-10-13 15:56:56.674 [error] [/home/drdbrioso/.vscode/extensions/ms-vscode.remote-server-1.5.3]: Extension is not compatible with Code 1.85.2. Extension requires: ^1.87.0.
2025-10-13 15:56:56.674 [error] [/home/drdbrioso/.vscode/extensions/ms-vscode-remote.remote-wsl-0.104.3]: Extension is not compatible with Code 1.85.2. Extension requires: ^1.104.0.
2025-10-13 15:56:56.674 [error] [/home/drdbrioso/.vscode/extensions/ms-vscode.remote-explorer-0.5.0]: Extension is not compatible with Code 1.85.2. Extension requires: ^1.87.0.
2025-10-13 15:56:56.681 [error] [/home/drdbrioso/.vscode/extensions/ms-vscode.remote-server-1.5.3]: Extension is not compatible with Code 1.85.2. Extension requires: ^1.87.0.
2025-10-13 15:56:56.681 [error] [/home/drdbrioso/.vscode/extensions/ms-vscode-remote.remote-wsl-0.104.3]: Extension is not compatible with Code 1.85.2. Extension requires: ^1.104.0.
2025-10-13 15:56:56.681 [error] [/home/drdbrioso/.vscode/extensions/ms-vscode.remote-explorer-0.5.0]: Extension is not compatible with Code 1.85.2. Extension requires: ^1.87.0.
2025-10-13 15:56:56.682 [error] [/home/drdbrioso/.vscode/extensions/ms-python.debugpy-2025.10.0-linux-x64]: Extension is not compatible with Code 1.85.2. Extension requires: ^1.92.0.
2025-10-13 15:56:56.682 [error] [/home/drdbrioso/.vscode/extensions/ms-vscode-remote.remote-containers-0.427.0]: Extension is not compatible with Code 1.85.2. Extension requires: ^1.99.0.
2025-10-13 15:56:56.682 [error] [/home/drdbrioso/.vscode/extensions/ms-python.vscode-python-envs-1.8.0-linux-x64]: Extension is not compatible with Code 1.85.2. Extension requires: ^1.104.0-20250815.
2025-10-13 15:56:56.684 [error] [/home/drdbrioso/.vscode/extensions/ms-python.python-2025.14.0-linux-x64]: Extension is not compatible with Code 1.85.2. Extension requires: ^1.95.0.
2025-10-13 15:56:56.685 [error] [/home/drdbrioso/.vscode/extensions/ms-python.vscode-pylance-2025.8.3]: Extension is not compatible with Code 1.85.2. Extension requires: ^1.101.0.
2025-10-13 15:56:56.728 [info] Deleted uninstalled extension from disk ms-vscode-remote.remote-ssh /home/drdbrioso/.vscode/extensions/ms-vscode-remote.remote-ssh-0.120.0
2025-10-13 15:56:56.769 [error] [/home/drdbrioso/.vscode/extensions/ms-toolsai.vscode-jupyter-cell-tags-0.1.9]: Extension is not compatible with Code 1.85.2. Extension requires: ^1.88.0.
2025-10-13 15:56:56.769 [error] [/home/drdbrioso/.vscode/extensions/ms-toolsai.vscode-jupyter-slideshow-0.1.6]: Extension is not compatible with Code 1.85.2. Extension requires: ^1.88.0.
2025-10-13 15:56:56.769 [error] [/home/drdbrioso/.vscode/extensions/ms-toolsai.jupyter-renderers-1.3.0]: Extension is not compatible with Code 1.85.2. Extension requires: ^1.95.0.
2025-10-13 15:56:56.775 [error] [/home/drdbrioso/.vscode/extensions/ms-vscode.remote-server-1.5.3]: Extension is not compatible with Code 1.85.2. Extension requires: ^1.87.0.
2025-10-13 15:56:56.775 [error] [/home/drdbrioso/.vscode/extensions/ms-vscode.remote-explorer-0.5.0]: Extension is not compatible with Code 1.85.2. Extension requires: ^1.87.0.
2025-10-13 15:56:56.776 [error] [/home/drdbrioso/.vscode/extensions/ms-vscode-remote.remote-wsl-0.104.3]: Extension is not compatible with Code 1.85.2. Extension requires: ^1.104.0.
2025-10-13 15:56:56.776 [error] [/home/drdbrioso/.vscode/extensions/ms-python.vscode-python-envs-1.8.0-linux-x64]: Extension is not compatible with Code 1.85.2. Extension requires: ^1.104.0-20250815.
2025-10-13 15:56:56.776 [error] [/home/drdbrioso/.vscode/extensions/ms-python.debugpy-2025.10.0-linux-x64]: Extension is not compatible with Code 1.85.2. Extension requires: ^1.92.0.
2025-10-13 15:56:56.777 [error] [/home/drdbrioso/.vscode/extensions/ms-vscode-remote.remote-containers-0.427.0]: Extension is not compatible with Code 1.85.2. Extension requires: ^1.99.0.
2025-10-13 15:56:56.778 [error] [/home/drdbrioso/.vscode/extensions/ms-python.python-2025.14.0-linux-x64]: Extension is not compatible with Code 1.85.2. Extension requires: ^1.95.0.
2025-10-13 15:56:56.780 [error] [/home/drdbrioso/.vscode/extensions/ms-python.vscode-pylance-2025.8.3]: Extension is not compatible with Code 1.85.2. Extension requires: ^1.101.0.
2025-10-13 15:56:56.872 [error] [/home/drdbrioso/.vscode/extensions/ms-toolsai.vscode-jupyter-cell-tags-0.1.9]: Extension is not compatible with Code 1.85.2. Extension requires: ^1.88.0.
2025-10-13 15:56:56.872 [error] [/home/drdbrioso/.vscode/extensions/ms-toolsai.vscode-jupyter-slideshow-0.1.6]: Extension is not compatible with Code 1.85.2. Extension requires: ^1.88.0.
2025-10-13 15:56:56.872 [error] [/home/drdbrioso/.vscode/extensions/ms-toolsai.jupyter-renderers-1.3.0]: Extension is not compatible with Code 1.85.2. Extension requires: ^1.95.0.
2025-10-13 15:56:56.878 [error] [/home/drdbrioso/.vscode/extensions/ms-vscode-remote.remote-wsl-0.104.3]: Extension is not compatible with Code 1.85.2. Extension requires: ^1.104.0.
2025-10-13 15:56:56.879 [error] [/home/drdbrioso/.vscode/extensions/ms-vscode.remote-explorer-0.5.0]: Extension is not compatible with Code 1.85.2. Extension requires: ^1.87.0.
2025-10-13 15:56:56.879 [error] [/home/drdbrioso/.vscode/extensions/ms-python.vscode-python-envs-1.8.0-linux-x64]: Extension is not compatible with Code 1.85.2. Extension requires: ^1.104.0-20250815.
2025-10-13 15:56:56.879 [error] [/home/drdbrioso/.vscode/extensions/ms-python.debugpy-2025.10.0-linux-x64]: Extension is not compatible with Code 1.85.2. Extension requires: ^1.92.0.
2025-10-13 15:56:56.879 [error] [/home/drdbrioso/.vscode/extensions/ms-vscode.remote-server-1.5.3]: Extension is not compatible with Code 1.85.2. Extension requires: ^1.87.0.
2025-10-13 15:56:56.879 [error] [/home/drdbrioso/.vscode/extensions/ms-python.python-2025.14.0-linux-x64]: Extension is not compatible with Code 1.85.2. Extension requires: ^1.95.0.
2025-10-13 15:56:56.880 [error] [/home/drdbrioso/.vscode/extensions/ms-vscode-remote.remote-containers-0.427.0]: Extension is not compatible with Code 1.85.2. Extension requires: ^1.99.0.
2025-10-13 15:56:56.880 [error] [/home/drdbrioso/.vscode/extensions/ms-python.vscode-pylance-2025.8.3]: Extension is not compatible with Code 1.85.2. Extension requires: ^1.101.0.
2025-10-13 15:56:56.931 [error] [/home/drdbrioso/.vscode/extensions/ms-toolsai.vscode-jupyter-slideshow-0.1.6]: Extension is not compatible with Code 1.85.2. Extension requires: ^1.88.0.
2025-10-13 15:56:56.931 [error] [/home/drdbrioso/.vscode/extensions/ms-toolsai.vscode-jupyter-cell-tags-0.1.9]: Extension is not compatible with Code 1.85.2. Extension requires: ^1.88.0.
2025-10-13 15:56:56.932 [error] [/home/drdbrioso/.vscode/extensions/ms-toolsai.jupyter-renderers-1.3.0]: Extension is not compatible with Code 1.85.2. Extension requires: ^1.95.0.
2025-10-13 15:56:56.937 [error] [/home/drdbrioso/.vscode/extensions/ms-vscode.remote-server-1.5.3]: Extension is not compatible with Code 1.85.2. Extension requires: ^1.87.0.
2025-10-13 15:56:56.938 [error] [/home/drdbrioso/.vscode/extensions/ms-vscode-remote.remote-wsl-0.104.3]: Extension is not compatible with Code 1.85.2. Extension requires: ^1.104.0.
2025-10-13 15:56:56.939 [error] [/home/drdbrioso/.vscode/extensions/ms-vscode.remote-explorer-0.5.0]: Extension is not compatible with Code 1.85.2. Extension requires: ^1.87.0.
2025-10-13 15:56:56.939 [error] [/home/drdbrioso/.vscode/extensions/ms-vscode-remote.remote-containers-0.427.0]: Extension is not compatible with Code 1.85.2. Extension requires: ^1.99.0.
2025-10-13 15:56:56.939 [error] [/home/drdbrioso/.vscode/extensions/ms-python.vscode-python-envs-1.8.0-linux-x64]: Extension is not compatible with Code 1.85.2. Extension requires: ^1.104.0-20250815.
2025-10-13 15:56:56.940 [error] [/home/drdbrioso/.vscode/extensions/ms-python.debugpy-2025.10.0-linux-x64]: Extension is not compatible with Code 1.85.2. Extension requires: ^1.92.0.
2025-10-13 15:56:56.941 [error] [/home/drdbrioso/.vscode/extensions/ms-python.vscode-pylance-2025.8.3]: Extension is not compatible with Code 1.85.2. Extension requires: ^1.101.0.
2025-10-13 15:56:56.942 [error] [/home/drdbrioso/.vscode/extensions/ms-python.python-2025.14.0-linux-x64]: Extension is not compatible with Code 1.85.2. Extension requires: ^1.95.0.
2025-10-13 15:56:57.012 [error] [/home/drdbrioso/.vscode/extensions/ms-toolsai.vscode-jupyter-cell-tags-0.1.9]: Extension is not compatible with Code 1.85.2. Extension requires: ^1.88.0.
2025-10-13 15:56:57.012 [error] [/home/drdbrioso/.vscode/extensions/ms-toolsai.vscode-jupyter-slideshow-0.1.6]: Extension is not compatible with Code 1.85.2. Extension requires: ^1.88.0.
2025-10-13 15:56:57.012 [error] [/home/drdbrioso/.vscode/extensions/ms-toolsai.jupyter-renderers-1.3.0]: Extension is not compatible with Code 1.85.2. Extension requires: ^1.95.0.
2025-10-13 15:56:57.016 [error] [/home/drdbrioso/.vscode/extensions/ms-vscode-remote.remote-containers-0.427.0]: Extension is not compatible with Code 1.85.2. Extension requires: ^1.99.0.
2025-10-13 15:56:57.016 [error] [/home/drdbrioso/.vscode/extensions/ms-vscode.remote-server-1.5.3]: Extension is not compatible with Code 1.85.2. Extension requires: ^1.87.0.
2025-10-13 15:56:57.016 [error] [/home/drdbrioso/.vscode/extensions/ms-vscode-remote.remote-wsl-0.104.3]: Extension is not compatible with Code 1.85.2. Extension requires: ^1.104.0.
2025-10-13 15:56:57.017 [error] [/home/drdbrioso/.vscode/extensions/ms-python.vscode-python-envs-1.8.0-linux-x64]: Extension is not compatible with Code 1.85.2. Extension requires: ^1.104.0-20250815.
2025-10-13 15:56:57.017 [error] [/home/drdbrioso/.vscode/extensions/ms-vscode.remote-explorer-0.5.0]: Extension is not compatible with Code 1.85.2. Extension requires: ^1.87.0.
2025-10-13 15:56:57.017 [error] [/home/drdbrioso/.vscode/extensions/ms-python.debugpy-2025.10.0-linux-x64]: Extension is not compatible with Code 1.85.2. Extension requires: ^1.92.0.
2025-10-13 15:56:57.017 [error] [/home/drdbrioso/.vscode/extensions/ms-python.vscode-pylance-2025.8.3]: Extension is not compatible with Code 1.85.2. Extension requires: ^1.101.0.
2025-10-13 15:56:57.018 [error] [/home/drdbrioso/.vscode/extensions/ms-python.python-2025.14.0-linux-x64]: Extension is not compatible with Code 1.85.2. Extension requires: ^1.95.0.
2025-10-13 15:56:57.070 [error] [/home/drdbrioso/.vscode/extensions/ms-toolsai.vscode-jupyter-cell-tags-0.1.9]: Extension is not compatible with Code 1.85.2. Extension requires: ^1.88.0.
2025-10-13 15:56:57.070 [error] [/home/drdbrioso/.vscode/extensions/ms-toolsai.vscode-jupyter-slideshow-0.1.6]: Extension is not compatible with Code 1.85.2. Extension requires: ^1.88.0.
2025-10-13 15:56:57.070 [error] [/home/drdbrioso/.vscode/extensions/ms-toolsai.jupyter-renderers-1.3.0]: Extension is not compatible with Code 1.85.2. Extension requires: ^1.95.0.
2025-10-13 15:56:57.074 [error] [/home/drdbrioso/.vscode/extensions/ms-vscode.remote-server-1.5.3]: Extension is not compatible with Code 1.85.2. Extension requires: ^1.87.0.
2025-10-13 15:56:57.074 [error] [/home/drdbrioso/.vscode/extensions/ms-vscode.remote-explorer-0.5.0]: Extension is not compatible with Code 1.85.2. Extension requires: ^1.87.0.
2025-10-13 15:56:57.074 [error] [/home/drdbrioso/.vscode/extensions/ms-vscode-remote.remote-containers-0.427.0]: Extension is not compatible with Code 1.85.2. Extension requires: ^1.99.0.
2025-10-13 15:56:57.074 [error] [/home/drdbrioso/.vscode/extensions/ms-python.debugpy-2025.10.0-linux-x64]: Extension is not compatible with Code 1.85.2. Extension requires: ^1.92.0.
2025-10-13 15:56:57.074 [error] [/home/drdbrioso/.vscode/extensions/ms-python.vscode-python-envs-1.8.0-linux-x64]: Extension is not compatible with Code 1.85.2. Extension requires: ^1.104.0-20250815.
2025-10-13 15:56:57.075 [error] [/home/drdbrioso/.vscode/extensions/ms-vscode-remote.remote-wsl-0.104.3]: Extension is not compatible with Code 1.85.2. Extension requires: ^1.104.0.
2025-10-13 15:56:57.075 [error] [/home/drdbrioso/.vscode/extensions/ms-python.python-2025.14.0-linux-x64]: Extension is not compatible with Code 1.85.2. Extension requires: ^1.95.0.
2025-10-13 15:56:57.076 [error] [/home/drdbrioso/.vscode/extensions/ms-python.vscode-pylance-2025.8.3]: Extension is not compatible with Code 1.85.2. Extension requires: ^1.101.0.
2025-10-13 15:56:57.850 [error] [/home/drdbrioso/.vscode/extensions/ms-toolsai.vscode-jupyter-cell-tags-0.1.9]: Extension is not compatible with Code 1.85.2. Extension requires: ^1.88.0.
2025-10-13 15:56:57.850 [error] [/home/drdbrioso/.vscode/extensions/ms-toolsai.vscode-jupyter-slideshow-0.1.6]: Extension is not compatible with Code 1.85.2. Extension requires: ^1.88.0.
2025-10-13 15:56:57.851 [error] [/home/drdbrioso/.vscode/extensions/ms-toolsai.jupyter-renderers-1.3.0]: Extension is not compatible with Code 1.85.2. Extension requires: ^1.95.0.
2025-10-13 15:56:57.854 [error] [/home/drdbrioso/.vscode/extensions/ms-vscode.remote-server-1.5.3]: Extension is not compatible with Code 1.85.2. Extension requires: ^1.87.0.
2025-10-13 15:56:57.854 [error] [/home/drdbrioso/.vscode/extensions/ms-vscode.remote-explorer-0.5.0]: Extension is not compatible with Code 1.85.2. Extension requires: ^1.87.0.
2025-10-13 15:56:57.854 [error] [/home/drdbrioso/.vscode/extensions/ms-vscode-remote.remote-containers-0.427.0]: Extension is not compatible with Code 1.85.2. Extension requires: ^1.99.0.
2025-10-13 15:56:57.855 [error] [/home/drdbrioso/.vscode/extensions/ms-python.debugpy-2025.10.0-linux-x64]: Extension is not compatible with Code 1.85.2. Extension requires: ^1.92.0.
2025-10-13 15:56:57.855 [error] [/home/drdbrioso/.vscode/extensions/ms-python.vscode-python-envs-1.8.0-linux-x64]: Extension is not compatible with Code 1.85.2. Extension requires: ^1.104.0-20250815.
2025-10-13 15:56:57.855 [error] [/home/drdbrioso/.vscode/extensions/ms-vscode-remote.remote-wsl-0.104.3]: Extension is not compatible with Code 1.85.2. Extension requires: ^1.104.0.
2025-10-13 15:56:57.857 [error] [/home/drdbrioso/.vscode/extensions/ms-python.python-2025.14.0-linux-x64]: Extension is not compatible with Code 1.85.2. Extension requires: ^1.95.0.
2025-10-13 15:56:57.858 [error] [/home/drdbrioso/.vscode/extensions/ms-python.vscode-pylance-2025.8.3]: Extension is not compatible with Code 1.85.2. Extension requires: ^1.101.0.
2025-10-13 15:56:59.406 [error] [/home/drdbrioso/.vscode/extensions/ms-toolsai.vscode-jupyter-cell-tags-0.1.9]: Extension is not compatible with Code 1.85.2. Extension requires: ^1.88.0.
2025-10-13 15:56:59.406 [error] [/home/drdbrioso/.vscode/extensions/ms-toolsai.vscode-jupyter-slideshow-0.1.6]: Extension is not compatible with Code 1.85.2. Extension requires: ^1.88.0.
2025-10-13 15:56:59.406 [error] [/home/drdbrioso/.vscode/extensions/ms-toolsai.jupyter-renderers-1.3.0]: Extension is not compatible with Code 1.85.2. Extension requires: ^1.95.0.
2025-10-13 15:56:59.409 [error] [/home/drdbrioso/.vscode/extensions/ms-vscode-remote.remote-wsl-0.104.3]: Extension is not compatible with Code 1.85.2. Extension requires: ^1.104.0.
2025-10-13 15:56:59.409 [error] [/home/drdbrioso/.vscode/extensions/ms-vscode-remote.remote-containers-0.427.0]: Extension is not compatible with Code 1.85.2. Extension requires: ^1.99.0.
2025-10-13 15:56:59.410 [error] [/home/drdbrioso/.vscode/extensions/ms-vscode.remote-server-1.5.3]: Extension is not compatible with Code 1.85.2. Extension requires: ^1.87.0.
2025-10-13 15:56:59.410 [error] [/home/drdbrioso/.vscode/extensions/ms-python.debugpy-2025.10.0-linux-x64]: Extension is not compatible with Code 1.85.2. Extension requires: ^1.92.0.
2025-10-13 15:56:59.410 [error] [/home/drdbrioso/.vscode/extensions/ms-vscode.remote-explorer-0.5.0]: Extension is not compatible with Code 1.85.2. Extension requires: ^1.87.0.
2025-10-13 15:56:59.410 [error] [/home/drdbrioso/.vscode/extensions/ms-python.vscode-python-envs-1.8.0-linux-x64]: Extension is not compatible with Code 1.85.2. Extension requires: ^1.104.0-20250815.
2025-10-13 15:56:59.411 [error] [/home/drdbrioso/.vscode/extensions/ms-python.vscode-pylance-2025.8.3]: Extension is not compatible with Code 1.85.2. Extension requires: ^1.101.0.
2025-10-13 15:56:59.411 [error] [/home/drdbrioso/.vscode/extensions/ms-python.python-2025.14.0-linux-x64]: Extension is not compatible with Code 1.85.2. Extension requires: ^1.95.0.
2025-10-13 15:57:12.078 [error] [/home/drdbrioso/.vscode/extensions/ms-toolsai.vscode-jupyter-cell-tags-0.1.9]: Extension is not compatible with Code 1.85.2. Extension requires: ^1.88.0.
2025-10-13 15:57:12.078 [error] [/home/drdbrioso/.vscode/extensions/ms-toolsai.vscode-jupyter-slideshow-0.1.6]: Extension is not compatible with Code 1.85.2. Extension requires: ^1.88.0.
2025-10-13 15:57:12.079 [error] [/home/drdbrioso/.vscode/extensions/ms-toolsai.jupyter-renderers-1.3.0]: Extension is not compatible with Code 1.85.2. Extension requires: ^1.95.0.
2025-10-13 15:57:12.097 [error] [/home/drdbrioso/.vscode/extensions/ms-toolsai.vscode-jupyter-cell-tags-0.1.9]: Extension is not compatible with Code 1.85.2. Extension requires: ^1.88.0.
2025-10-13 15:57:12.097 [error] [/home/drdbrioso/.vscode/extensions/ms-toolsai.jupyter-renderers-1.3.0]: Extension is not compatible with Code 1.85.2. Extension requires: ^1.95.0.
2025-10-13 15:57:12.097 [error] [/home/drdbrioso/.vscode/extensions/ms-toolsai.vscode-jupyter-slideshow-0.1.6]: Extension is not compatible with Code 1.85.2. Extension requires: ^1.88.0.
2025-10-13 15:57:12.110 [error] [/home/drdbrioso/.vscode/extensions/ms-vscode.remote-server-1.5.3]: Extension is not compatible with Code 1.85.2. Extension requires: ^1.87.0.
2025-10-13 15:57:12.110 [error] [/home/drdbrioso/.vscode/extensions/ms-vscode-remote.remote-wsl-0.104.3]: Extension is not compatible with Code 1.85.2. Extension requires: ^1.104.0.
2025-10-13 15:57:12.110 [error] [/home/drdbrioso/.vscode/extensions/ms-vscode.remote-explorer-0.5.0]: Extension is not compatible with Code 1.85.2. Extension requires: ^1.87.0.
2025-10-13 15:57:12.111 [error] [/home/drdbrioso/.vscode/extensions/ms-vscode-remote.remote-containers-0.427.0]: Extension is not compatible with Code 1.85.2. Extension requires: ^1.99.0.
2025-10-13 15:57:12.111 [error] [/home/drdbrioso/.vscode/extensions/ms-python.debugpy-2025.10.0-linux-x64]: Extension is not compatible with Code 1.85.2. Extension requires: ^1.92.0.
2025-10-13 15:57:12.111 [error] [/home/drdbrioso/.vscode/extensions/ms-python.vscode-python-envs-1.8.0-linux-x64]: Extension is not compatible with Code 1.85.2. Extension requires: ^1.104.0-20250815.
2025-10-13 15:57:12.112 [error] [/home/drdbrioso/.vscode/extensions/ms-python.python-2025.14.0-linux-x64]: Extension is not compatible with Code 1.85.2. Extension requires: ^1.95.0.
2025-10-13 15:57:12.113 [error] [/home/drdbrioso/.vscode/extensions/ms-python.vscode-pylance-2025.8.3]: Extension is not compatible with Code 1.85.2. Extension requires: ^1.101.0.
2025-10-13 15:57:12.115 [error] [/home/drdbrioso/.vscode/extensions/ms-toolsai.vscode-jupyter-cell-tags-0.1.9]: Extension is not compatible with Code 1.85.2. Extension requires: ^1.88.0.
2025-10-13 15:57:12.116 [error] [/home/drdbrioso/.vscode/extensions/ms-toolsai.vscode-jupyter-slideshow-0.1.6]: Extension is not compatible with Code 1.85.2. Extension requires: ^1.88.0.
2025-10-13 15:57:12.116 [error] [/home/drdbrioso/.vscode/extensions/ms-toolsai.jupyter-renderers-1.3.0]: Extension is not compatible with Code 1.85.2. Extension requires: ^1.95.0.
2025-10-13 15:57:12.121 [error] [/home/drdbrioso/.vscode/extensions/ms-vscode.remote-server-1.5.3]: Extension is not compatible with Code 1.85.2. Extension requires: ^1.87.0.
2025-10-13 15:57:12.121 [error] [/home/drdbrioso/.vscode/extensions/ms-vscode-remote.remote-wsl-0.104.3]: Extension is not compatible with Code 1.85.2. Extension requires: ^1.104.0.
2025-10-13 15:57:12.121 [error] [/home/drdbrioso/.vscode/extensions/ms-python.vscode-python-envs-1.8.0-linux-x64]: Extension is not compatible with Code 1.85.2. Extension requires: ^1.104.0-20250815.
2025-10-13 15:57:12.121 [error] [/home/drdbrioso/.vscode/extensions/ms-vscode.remote-explorer-0.5.0]: Extension is not compatible with Code 1.85.2. Extension requires: ^1.87.0.
2025-10-13 15:57:12.122 [error] [/home/drdbrioso/.vscode/extensions/ms-python.debugpy-2025.10.0-linux-x64]: Extension is not compatible with Code 1.85.2. Extension requires: ^1.92.0.
2025-10-13 15:57:12.123 [error] [/home/drdbrioso/.vscode/extensions/ms-vscode-remote.remote-containers-0.427.0]: Extension is not compatible with Code 1.85.2. Extension requires: ^1.99.0.
2025-10-13 15:57:12.123 [error] [/home/drdbrioso/.vscode/extensions/ms-python.python-2025.14.0-linux-x64]: Extension is not compatible with Code 1.85.2. Extension requires: ^1.95.0.
2025-10-13 15:57:12.123 [error] [/home/drdbrioso/.vscode/extensions/ms-python.vscode-pylance-2025.8.3]: Extension is not compatible with Code 1.85.2. Extension requires: ^1.101.0.
2025-10-13 15:57:12.125 [error] [/home/drdbrioso/.vscode/extensions/ms-toolsai.vscode-jupyter-cell-tags-0.1.9]: Extension is not compatible with Code 1.85.2. Extension requires: ^1.88.0.
2025-10-13 15:57:12.125 [error] [/home/drdbrioso/.vscode/extensions/ms-toolsai.vscode-jupyter-slideshow-0.1.6]: Extension is not compatible with Code 1.85.2. Extension requires: ^1.88.0.
2025-10-13 15:57:12.125 [error] [/home/drdbrioso/.vscode/extensions/ms-toolsai.jupyter-renderers-1.3.0]: Extension is not compatible with Code 1.85.2. Extension requires: ^1.95.0.
2025-10-13 15:57:12.131 [error] [/home/drdbrioso/.vscode/extensions/ms-vscode.remote-server-1.5.3]: Extension is not compatible with Code 1.85.2. Extension requires: ^1.87.0.
2025-10-13 15:57:12.131 [error] [/home/drdbrioso/.vscode/extensions/ms-vscode-remote.remote-wsl-0.104.3]: Extension is not compatible with Code 1.85.2. Extension requires: ^1.104.0.
2025-10-13 15:57:12.131 [error] [/home/drdbrioso/.vscode/extensions/ms-vscode.remote-explorer-0.5.0]: Extension is not compatible with Code 1.85.2. Extension requires: ^1.87.0.
2025-10-13 15:57:12.135 [error] [/home/drdbrioso/.vscode/extensions/ms-python.vscode-python-envs-1.8.0-linux-x64]: Extension is not compatible with Code 1.85.2. Extension requires: ^1.104.0-20250815.
2025-10-13 15:57:12.135 [error] [/home/drdbrioso/.vscode/extensions/ms-python.debugpy-2025.10.0-linux-x64]: Extension is not compatible with Code 1.85.2. Extension requires: ^1.92.0.
2025-10-13 15:57:12.135 [error] [/home/drdbrioso/.vscode/extensions/ms-vscode-remote.remote-containers-0.427.0]: Extension is not compatible with Code 1.85.2. Extension requires: ^1.99.0.
2025-10-13 15:57:12.135 [error] [/home/drdbrioso/.vscode/extensions/ms-python.python-2025.14.0-linux-x64]: Extension is not compatible with Code 1.85.2. Extension requires: ^1.95.0.
2025-10-13 15:57:12.136 [error] [/home/drdbrioso/.vscode/extensions/ms-python.vscode-pylance-2025.8.3]: Extension is not compatible with Code 1.85.2. Extension requires: ^1.101.0.
2025-10-13 15:57:12.143 [error] [/home/drdbrioso/.vscode/extensions/ms-toolsai.vscode-jupyter-cell-tags-0.1.9]: Extension is not compatible with Code 1.85.2. Extension requires: ^1.88.0.
2025-10-13 15:57:12.143 [error] [/home/drdbrioso/.vscode/extensions/ms-toolsai.vscode-jupyter-slideshow-0.1.6]: Extension is not compatible with Code 1.85.2. Extension requires: ^1.88.0.
2025-10-13 15:57:12.143 [error] [/home/drdbrioso/.vscode/extensions/ms-toolsai.jupyter-renderers-1.3.0]: Extension is not compatible with Code 1.85.2. Extension requires: ^1.95.0.
2025-10-13 15:57:12.159 [error] [/home/drdbrioso/.vscode/extensions/ms-vscode.remote-server-1.5.3]: Extension is not compatible with Code 1.85.2. Extension requires: ^1.87.0.
2025-10-13 15:57:12.160 [error] [/home/drdbrioso/.vscode/extensions/ms-vscode.remote-explorer-0.5.0]: Extension is not compatible with Code 1.85.2. Extension requires: ^1.87.0.
2025-10-13 15:57:12.160 [error] [/home/drdbrioso/.vscode/extensions/ms-vscode-remote.remote-containers-0.427.0]: Extension is not compatible with Code 1.85.2. Extension requires: ^1.99.0.
2025-10-13 15:57:12.160 [error] [/home/drdbrioso/.vscode/extensions/ms-python.vscode-python-envs-1.8.0-linux-x64]: Extension is not compatible with Code 1.85.2. Extension requires: ^1.104.0-20250815.
2025-10-13 15:57:12.160 [error] [/home/drdbrioso/.vscode/extensions/ms-python.debugpy-2025.10.0-linux-x64]: Extension is not compatible with Code 1.85.2. Extension requires: ^1.92.0.
2025-10-13 15:57:12.161 [error] [/home/drdbrioso/.vscode/extensions/ms-vscode-remote.remote-wsl-0.104.3]: Extension is not compatible with Code 1.85.2. Extension requires: ^1.104.0.
2025-10-13 15:57:12.161 [error] [/home/drdbrioso/.vscode/extensions/ms-python.python-2025.14.0-linux-x64]: Extension is not compatible with Code 1.85.2. Extension requires: ^1.95.0.
2025-10-13 15:57:12.162 [error] [/home/drdbrioso/.vscode/extensions/ms-python.vscode-pylance-2025.8.3]: Extension is not compatible with Code 1.85.2. Extension requires: ^1.101.0.
2025-10-13 15:57:12.162 [error] [/home/drdbrioso/.vscode/extensions/ms-toolsai.vscode-jupyter-slideshow-0.1.6]: Extension is not compatible with Code 1.85.2. Extension requires: ^1.88.0.
2025-10-13 15:57:12.163 [error] [/home/drdbrioso/.vscode/extensions/ms-toolsai.vscode-jupyter-cell-tags-0.1.9]: Extension is not compatible with Code 1.85.2. Extension requires: ^1.88.0.
2025-10-13 15:57:12.163 [error] [/home/drdbrioso/.vscode/extensions/ms-toolsai.jupyter-renderers-1.3.0]: Extension is not compatible with Code 1.85.2. Extension requires: ^1.95.0.
2025-10-13 15:57:12.179 [error] [/home/drdbrioso/.vscode/extensions/ms-vscode.remote-server-1.5.3]: Extension is not compatible with Code 1.85.2. Extension requires: ^1.87.0.
2025-10-13 15:57:12.179 [error] [/home/drdbrioso/.vscode/extensions/ms-vscode.remote-explorer-0.5.0]: Extension is not compatible with Code 1.85.2. Extension requires: ^1.87.0.
2025-10-13 15:57:12.179 [error] [/home/drdbrioso/.vscode/extensions/ms-vscode-remote.remote-wsl-0.104.3]: Extension is not compatible with Code 1.85.2. Extension requires: ^1.104.0.
2025-10-13 15:57:12.179 [error] [/home/drdbrioso/.vscode/extensions/ms-python.vscode-python-envs-1.8.0-linux-x64]: Extension is not compatible with Code 1.85.2. Extension requires: ^1.104.0-20250815.
2025-10-13 15:57:12.180 [error] [/home/drdbrioso/.vscode/extensions/ms-python.debugpy-2025.10.0-linux-x64]: Extension is not compatible with Code 1.85.2. Extension requires: ^1.92.0.
2025-10-13 15:57:12.180 [error] [/home/drdbrioso/.vscode/extensions/ms-vscode-remote.remote-containers-0.427.0]: Extension is not compatible with Code 1.85.2. Extension requires: ^1.99.0.
2025-10-13 15:57:12.180 [error] [/home/drdbrioso/.vscode/extensions/ms-python.python-2025.14.0-linux-x64]: Extension is not compatible with Code 1.85.2. Extension requires: ^1.95.0.
2025-10-13 15:57:12.181 [error] [/home/drdbrioso/.vscode/extensions/ms-python.vscode-pylance-2025.8.3]: Extension is not compatible with Code 1.85.2. Extension requires: ^1.101.0.
2025-10-13 15:57:12.184 [error] [/home/drdbrioso/.vscode/extensions/ms-vscode.remote-server-1.5.3]: Extension is not compatible with Code 1.85.2. Extension requires: ^1.87.0.
2025-10-13 15:57:12.184 [error] [/home/drdbrioso/.vscode/extensions/ms-vscode-remote.remote-wsl-0.104.3]: Extension is not compatible with Code 1.85.2. Extension requires: ^1.104.0.
2025-10-13 15:57:12.184 [error] [/home/drdbrioso/.vscode/extensions/ms-python.debugpy-2025.10.0-linux-x64]: Extension is not compatible with Code 1.85.2. Extension requires: ^1.92.0.
2025-10-13 15:57:12.184 [error] [/home/drdbrioso/.vscode/extensions/ms-vscode.remote-explorer-0.5.0]: Extension is not compatible with Code 1.85.2. Extension requires: ^1.87.0.
2025-10-13 15:57:12.184 [error] [/home/drdbrioso/.vscode/extensions/ms-vscode-remote.remote-containers-0.427.0]: Extension is not compatible with Code 1.85.2. Extension requires: ^1.99.0.
2025-10-13 15:57:12.185 [error] [/home/drdbrioso/.vscode/extensions/ms-python.python-2025.14.0-linux-x64]: Extension is not compatible with Code 1.85.2. Extension requires: ^1.95.0.
2025-10-13 15:57:12.185 [error] [/home/drdbrioso/.vscode/extensions/ms-python.vscode-pylance-2025.8.3]: Extension is not compatible with Code 1.85.2. Extension requires: ^1.101.0.
2025-10-13 15:57:12.185 [error] [/home/drdbrioso/.vscode/extensions/ms-python.vscode-python-envs-1.8.0-linux-x64]: Extension is not compatible with Code 1.85.2. Extension requires: ^1.104.0-20250815.
2025-10-13 15:57:12.236 [error] [/home/drdbrioso/.vscode/extensions/ms-toolsai.vscode-jupyter-cell-tags-0.1.9]: Extension is not compatible with Code 1.85.2. Extension requires: ^1.88.0.
2025-10-13 15:57:12.236 [error] [/home/drdbrioso/.vscode/extensions/ms-toolsai.vscode-jupyter-slideshow-0.1.6]: Extension is not compatible with Code 1.85.2. Extension requires: ^1.88.0.
2025-10-13 15:57:12.236 [error] [/home/drdbrioso/.vscode/extensions/ms-toolsai.jupyter-renderers-1.3.0]: Extension is not compatible with Code 1.85.2. Extension requires: ^1.95.0.
2025-10-13 15:57:12.243 [error] [/home/drdbrioso/.vscode/extensions/ms-vscode.remote-explorer-0.5.0]: Extension is not compatible with Code 1.85.2. Extension requires: ^1.87.0.
2025-10-13 15:57:12.243 [error] [/home/drdbrioso/.vscode/extensions/ms-vscode-remote.remote-wsl-0.104.3]: Extension is not compatible with Code 1.85.2. Extension requires: ^1.104.0.
2025-10-13 15:57:12.243 [error] [/home/drdbrioso/.vscode/extensions/ms-vscode.remote-server-1.5.3]: Extension is not compatible with Code 1.85.2. Extension requires: ^1.87.0.
2025-10-13 15:57:12.244 [error] [/home/drdbrioso/.vscode/extensions/ms-python.vscode-python-envs-1.8.0-linux-x64]: Extension is not compatible with Code 1.85.2. Extension requires: ^1.104.0-20250815.
2025-10-13 15:57:12.244 [error] [/home/drdbrioso/.vscode/extensions/ms-python.debugpy-2025.10.0-linux-x64]: Extension is not compatible with Code 1.85.2. Extension requires: ^1.92.0.
2025-10-13 15:57:12.245 [error] [/home/drdbrioso/.vscode/extensions/ms-vscode-remote.remote-containers-0.427.0]: Extension is not compatible with Code 1.85.2. Extension requires: ^1.99.0.
2025-10-13 15:57:12.245 [error] [/home/drdbrioso/.vscode/extensions/ms-python.python-2025.14.0-linux-x64]: Extension is not compatible with Code 1.85.2. Extension requires: ^1.95.0.
2025-10-13 15:57:12.245 [error] [/home/drdbrioso/.vscode/extensions/ms-python.vscode-pylance-2025.8.3]: Extension is not compatible with Code 1.85.2. Extension requires: ^1.101.0.
2025-10-13 15:57:16.962 [error] [/home/drdbrioso/.vscode/extensions/ms-toolsai.vscode-jupyter-cell-tags-0.1.9]: Extension is not compatible with Code 1.85.2. Extension requires: ^1.88.0.
2025-10-13 15:57:16.963 [error] [/home/drdbrioso/.vscode/extensions/ms-toolsai.vscode-jupyter-slideshow-0.1.6]: Extension is not compatible with Code 1.85.2. Extension requires: ^1.88.0.
2025-10-13 15:57:16.963 [error] [/home/drdbrioso/.vscode/extensions/ms-toolsai.jupyter-renderers-1.3.0]: Extension is not compatible with Code 1.85.2. Extension requires: ^1.95.0.
2025-10-13 15:57:16.973 [error] [/home/drdbrioso/.vscode/extensions/ms-vscode.remote-server-1.5.3]: Extension is not compatible with Code 1.85.2. Extension requires: ^1.87.0.
2025-10-13 15:57:16.974 [error] [/home/drdbrioso/.vscode/extensions/ms-vscode-remote.remote-wsl-0.104.3]: Extension is not compatible with Code 1.85.2. Extension requires: ^1.104.0.
2025-10-13 15:57:16.974 [error] [/home/drdbrioso/.vscode/extensions/ms-vscode-remote.remote-containers-0.427.0]: Extension is not compatible with Code 1.85.2. Extension requires: ^1.99.0.
2025-10-13 15:57:16.974 [error] [/home/drdbrioso/.vscode/extensions/ms-python.vscode-python-envs-1.8.0-linux-x64]: Extension is not compatible with Code 1.85.2. Extension requires: ^1.104.0-20250815.
2025-10-13 15:57:16.974 [error] [/home/drdbrioso/.vscode/extensions/ms-vscode.remote-explorer-0.5.0]: Extension is not compatible with Code 1.85.2. Extension requires: ^1.87.0.
2025-10-13 15:57:16.975 [error] [/home/drdbrioso/.vscode/extensions/ms-python.debugpy-2025.10.0-linux-x64]: Extension is not compatible with Code 1.85.2. Extension requires: ^1.92.0.
2025-10-13 15:57:16.975 [error] [/home/drdbrioso/.vscode/extensions/ms-python.python-2025.14.0-linux-x64]: Extension is not compatible with Code 1.85.2. Extension requires: ^1.95.0.
2025-10-13 15:57:16.975 [error] [/home/drdbrioso/.vscode/extensions/ms-python.vscode-pylance-2025.8.3]: Extension is not compatible with Code 1.85.2. Extension requires: ^1.101.0.
2025-10-13 15:57:17.085 [error] [/home/drdbrioso/.vscode/extensions/ms-toolsai.vscode-jupyter-cell-tags-0.1.9]: Extension is not compatible with Code 1.85.2. Extension requires: ^1.88.0.
2025-10-13 15:57:17.085 [error] [/home/drdbrioso/.vscode/extensions/ms-toolsai.vscode-jupyter-slideshow-0.1.6]: Extension is not compatible with Code 1.85.2. Extension requires: ^1.88.0.
2025-10-13 15:57:17.085 [error] [/home/drdbrioso/.vscode/extensions/ms-toolsai.jupyter-renderers-1.3.0]: Extension is not compatible with Code 1.85.2. Extension requires: ^1.95.0.
2025-10-13 15:57:17.116 [error] [/home/drdbrioso/.vscode/extensions/ms-vscode-remote.remote-wsl-0.104.3]: Extension is not compatible with Code 1.85.2. Extension requires: ^1.104.0.
2025-10-13 15:57:17.117 [error] [/home/drdbrioso/.vscode/extensions/ms-vscode.remote-server-1.5.3]: Extension is not compatible with Code 1.85.2. Extension requires: ^1.87.0.
2025-10-13 15:57:17.118 [error] [/home/drdbrioso/.vscode/extensions/ms-vscode-remote.remote-containers-0.427.0]: Extension is not compatible with Code 1.85.2. Extension requires: ^1.99.0.
2025-10-13 15:57:17.118 [error] [/home/drdbrioso/.vscode/extensions/ms-vscode.remote-explorer-0.5.0]: Extension is not compatible with Code 1.85.2. Extension requires: ^1.87.0.
2025-10-13 15:57:17.118 [error] [/home/drdbrioso/.vscode/extensions/ms-python.debugpy-2025.10.0-linux-x64]: Extension is not compatible with Code 1.85.2. Extension requires: ^1.92.0.
2025-10-13 15:57:17.118 [error] [/home/drdbrioso/.vscode/extensions/ms-python.vscode-python-envs-1.8.0-linux-x64]: Extension is not compatible with Code 1.85.2. Extension requires: ^1.104.0-20250815.
2025-10-13 15:57:17.119 [error] [/home/drdbrioso/.vscode/extensions/ms-python.python-2025.14.0-linux-x64]: Extension is not compatible with Code 1.85.2. Extension requires: ^1.95.0.
2025-10-13 15:57:17.119 [error] [/home/drdbrioso/.vscode/extensions/ms-python.vscode-pylance-2025.8.3]: Extension is not compatible with Code 1.85.2. Extension requires: ^1.101.0.
2025-10-13 15:57:17.120 [error] [/home/drdbrioso/.vscode/extensions/ms-toolsai.vscode-jupyter-cell-tags-0.1.9]: Extension is not compatible with Code 1.85.2. Extension requires: ^1.88.0.
2025-10-13 15:57:17.120 [error] [/home/drdbrioso/.vscode/extensions/ms-toolsai.vscode-jupyter-slideshow-0.1.6]: Extension is not compatible with Code 1.85.2. Extension requires: ^1.88.0.
2025-10-13 15:57:17.120 [error] [/home/drdbrioso/.vscode/extensions/ms-toolsai.jupyter-renderers-1.3.0]: Extension is not compatible with Code 1.85.2. Extension requires: ^1.95.0.
2025-10-13 15:57:17.135 [error] [/home/drdbrioso/.vscode/extensions/ms-toolsai.vscode-jupyter-cell-tags-0.1.9]: Extension is not compatible with Code 1.85.2. Extension requires: ^1.88.0.
2025-10-13 15:57:17.135 [error] [/home/drdbrioso/.vscode/extensions/ms-toolsai.vscode-jupyter-slideshow-0.1.6]: Extension is not compatible with Code 1.85.2. Extension requires: ^1.88.0.
2025-10-13 15:57:17.136 [error] [/home/drdbrioso/.vscode/extensions/ms-toolsai.jupyter-renderers-1.3.0]: Extension is not compatible with Code 1.85.2. Extension requires: ^1.95.0.
2025-10-13 15:57:17.139 [error] [/home/drdbrioso/.vscode/extensions/ms-vscode-remote.remote-containers-0.427.0]: Extension is not compatible with Code 1.85.2. Extension requires: ^1.99.0.
2025-10-13 15:57:17.139 [error] [/home/drdbrioso/.vscode/extensions/ms-vscode-remote.remote-wsl-0.104.3]: Extension is not compatible with Code 1.85.2. Extension requires: ^1.104.0.
2025-10-13 15:57:17.139 [error] [/home/drdbrioso/.vscode/extensions/ms-vscode.remote-server-1.5.3]: Extension is not compatible with Code 1.85.2. Extension requires: ^1.87.0.
2025-10-13 15:57:17.139 [error] [/home/drdbrioso/.vscode/extensions/ms-vscode.remote-explorer-0.5.0]: Extension is not compatible with Code 1.85.2. Extension requires: ^1.87.0.
2025-10-13 15:57:17.140 [error] [/home/drdbrioso/.vscode/extensions/ms-python.vscode-python-envs-1.8.0-linux-x64]: Extension is not compatible with Code 1.85.2. Extension requires: ^1.104.0-20250815.
2025-10-13 15:57:17.140 [error] [/home/drdbrioso/.vscode/extensions/ms-python.debugpy-2025.10.0-linux-x64]: Extension is not compatible with Code 1.85.2. Extension requires: ^1.92.0.
2025-10-13 15:57:17.140 [error] [/home/drdbrioso/.vscode/extensions/ms-python.vscode-pylance-2025.8.3]: Extension is not compatible with Code 1.85.2. Extension requires: ^1.101.0.
2025-10-13 15:57:17.141 [error] [/home/drdbrioso/.vscode/extensions/ms-python.python-2025.14.0-linux-x64]: Extension is not compatible with Code 1.85.2. Extension requires: ^1.95.0.
2025-10-13 15:57:17.153 [error] [/home/drdbrioso/.vscode/extensions/ms-vscode-remote.remote-wsl-0.104.3]: Extension is not compatible with Code 1.85.2. Extension requires: ^1.104.0.
2025-10-13 15:57:17.153 [error] [/home/drdbrioso/.vscode/extensions/ms-vscode.remote-explorer-0.5.0]: Extension is not compatible with Code 1.85.2. Extension requires: ^1.87.0.
2025-10-13 15:57:17.153 [error] [/home/drdbrioso/.vscode/extensions/ms-vscode-remote.remote-containers-0.427.0]: Extension is not compatible with Code 1.85.2. Extension requires: ^1.99.0.
2025-10-13 15:57:17.154 [error] [/home/drdbrioso/.vscode/extensions/ms-vscode.remote-server-1.5.3]: Extension is not compatible with Code 1.85.2. Extension requires: ^1.87.0.
2025-10-13 15:57:17.155 [error] [/home/drdbrioso/.vscode/extensions/ms-python.vscode-python-envs-1.8.0-linux-x64]: Extension is not compatible with Code 1.85.2. Extension requires: ^1.104.0-20250815.
2025-10-13 15:57:17.155 [error] [/home/drdbrioso/.vscode/extensions/ms-python.debugpy-2025.10.0-linux-x64]: Extension is not compatible with Code 1.85.2. Extension requires: ^1.92.0.
2025-10-13 15:57:17.156 [error] [/home/drdbrioso/.vscode/extensions/ms-python.python-2025.14.0-linux-x64]: Extension is not compatible with Code 1.85.2. Extension requires: ^1.95.0.
2025-10-13 15:57:17.156 [error] [/home/drdbrioso/.vscode/extensions/ms-python.vscode-pylance-2025.8.3]: Extension is not compatible with Code 1.85.2. Extension requires: ^1.101.0.
2025-10-13 15:57:19.407 [error] [/home/drdbrioso/.vscode/extensions/ms-toolsai.vscode-jupyter-cell-tags-0.1.9]: Extension is not compatible with Code 1.85.2. Extension requires: ^1.88.0.
2025-10-13 15:57:19.408 [error] [/home/drdbrioso/.vscode/extensions/ms-toolsai.vscode-jupyter-slideshow-0.1.6]: Extension is not compatible with Code 1.85.2. Extension requires: ^1.88.0.
2025-10-13 15:57:19.408 [error] [/home/drdbrioso/.vscode/extensions/ms-toolsai.jupyter-renderers-1.3.0]: Extension is not compatible with Code 1.85.2. Extension requires: ^1.95.0.
2025-10-13 15:57:19.414 [error] [/home/drdbrioso/.vscode/extensions/ms-toolsai.vscode-jupyter-slideshow-0.1.6]: Extension is not compatible with Code 1.85.2. Extension requires: ^1.88.0.
2025-10-13 15:57:19.415 [error] [/home/drdbrioso/.vscode/extensions/ms-toolsai.vscode-jupyter-cell-tags-0.1.9]: Extension is not compatible with Code 1.85.2. Extension requires: ^1.88.0.
2025-10-13 15:57:19.415 [error] [/home/drdbrioso/.vscode/extensions/ms-toolsai.jupyter-renderers-1.3.0]: Extension is not compatible with Code 1.85.2. Extension requires: ^1.95.0.
2025-10-13 15:57:19.415 [error] [/home/drdbrioso/.vscode/extensions/ms-vscode.remote-server-1.5.3]: Extension is not compatible with Code 1.85.2. Extension requires: ^1.87.0.
2025-10-13 15:57:19.415 [error] [/home/drdbrioso/.vscode/extensions/ms-vscode-remote.remote-wsl-0.104.3]: Extension is not compatible with Code 1.85.2. Extension requires: ^1.104.0.
2025-10-13 15:57:19.415 [error] [/home/drdbrioso/.vscode/extensions/ms-vscode.remote-explorer-0.5.0]: Extension is not compatible with Code 1.85.2. Extension requires: ^1.87.0.
2025-10-13 15:57:19.416 [error] [/home/drdbrioso/.vscode/extensions/ms-vscode-remote.remote-containers-0.427.0]: Extension is not compatible with Code 1.85.2. Extension requires: ^1.99.0.
2025-10-13 15:57:19.416 [error] [/home/drdbrioso/.vscode/extensions/ms-python.vscode-python-envs-1.8.0-linux-x64]: Extension is not compatible with Code 1.85.2. Extension requires: ^1.104.0-20250815.
2025-10-13 15:57:19.416 [error] [/home/drdbrioso/.vscode/extensions/ms-python.debugpy-2025.10.0-linux-x64]: Extension is not compatible with Code 1.85.2. Extension requires: ^1.92.0.
2025-10-13 15:57:19.416 [error] [/home/drdbrioso/.vscode/extensions/ms-python.python-2025.14.0-linux-x64]: Extension is not compatible with Code 1.85.2. Extension requires: ^1.95.0.
2025-10-13 15:57:19.417 [error] [/home/drdbrioso/.vscode/extensions/ms-python.vscode-pylance-2025.8.3]: Extension is not compatible with Code 1.85.2. Extension requires: ^1.101.0.
2025-10-13 15:57:19.419 [error] [/home/drdbrioso/.vscode/extensions/ms-vscode.remote-server-1.5.3]: Extension is not compatible with Code 1.85.2. Extension requires: ^1.87.0.
2025-10-13 15:57:19.419 [error] [/home/drdbrioso/.vscode/extensions/ms-vscode-remote.remote-wsl-0.104.3]: Extension is not compatible with Code 1.85.2. Extension requires: ^1.104.0.
2025-10-13 15:57:19.420 [error] [/home/drdbrioso/.vscode/extensions/ms-vscode.remote-explorer-0.5.0]: Extension is not compatible with Code 1.85.2. Extension requires: ^1.87.0.
2025-10-13 15:57:19.420 [error] [/home/drdbrioso/.vscode/extensions/ms-python.vscode-python-envs-1.8.0-linux-x64]: Extension is not compatible with Code 1.85.2. Extension requires: ^1.104.0-20250815.
2025-10-13 15:57:19.420 [error] [/home/drdbrioso/.vscode/extensions/ms-python.debugpy-2025.10.0-linux-x64]: Extension is not compatible with Code 1.85.2. Extension requires: ^1.92.0.
2025-10-13 15:57:19.420 [error] [/home/drdbrioso/.vscode/extensions/ms-vscode-remote.remote-containers-0.427.0]: Extension is not compatible with Code 1.85.2. Extension requires: ^1.99.0.
2025-10-13 15:57:19.421 [error] [/home/drdbrioso/.vscode/extensions/ms-python.python-2025.14.0-linux-x64]: Extension is not compatible with Code 1.85.2. Extension requires: ^1.95.0.
2025-10-13 15:57:19.421 [error] [/home/drdbrioso/.vscode/extensions/ms-python.vscode-pylance-2025.8.3]: Extension is not compatible with Code 1.85.2. Extension requires: ^1.101.0.
2025-10-13 15:57:34.360 [error] [/home/drdbrioso/.vscode/extensions/ms-toolsai.vscode-jupyter-cell-tags-0.1.9]: Extension is not compatible with Code 1.85.2. Extension requires: ^1.88.0.
2025-10-13 15:57:34.360 [error] [/home/drdbrioso/.vscode/extensions/ms-toolsai.vscode-jupyter-slideshow-0.1.6]: Extension is not compatible with Code 1.85.2. Extension requires: ^1.88.0.
2025-10-13 15:57:34.360 [error] [/home/drdbrioso/.vscode/extensions/ms-toolsai.jupyter-renderers-1.3.0]: Extension is not compatible with Code 1.85.2. Extension requires: ^1.95.0.
2025-10-13 15:57:34.380 [error] [/home/drdbrioso/.vscode/extensions/ms-vscode.remote-server-1.5.3]: Extension is not compatible with Code 1.85.2. Extension requires: ^1.87.0.
2025-10-13 15:57:34.382 [error] [/home/drdbrioso/.vscode/extensions/ms-vscode-remote.remote-wsl-0.104.3]: Extension is not compatible with Code 1.85.2. Extension requires: ^1.104.0.
2025-10-13 15:57:34.384 [error] [/home/drdbrioso/.vscode/extensions/ms-vscode-remote.remote-containers-0.427.0]: Extension is not compatible with Code 1.85.2. Extension requires: ^1.99.0.
2025-10-13 15:57:34.384 [error] [/home/drdbrioso/.vscode/extensions/ms-vscode.remote-explorer-0.5.0]: Extension is not compatible with Code 1.85.2. Extension requires: ^1.87.0.
2025-10-13 15:57:34.385 [error] [/home/drdbrioso/.vscode/extensions/ms-python.vscode-python-envs-1.8.0-linux-x64]: Extension is not compatible with Code 1.85.2. Extension requires: ^1.104.0-20250815.
2025-10-13 15:57:34.386 [error] [/home/drdbrioso/.vscode/extensions/ms-python.debugpy-2025.10.0-linux-x64]: Extension is not compatible with Code 1.85.2. Extension requires: ^1.92.0.
2025-10-13 15:57:34.387 [error] [/home/drdbrioso/.vscode/extensions/ms-python.python-2025.14.0-linux-x64]: Extension is not compatible with Code 1.85.2. Extension requires: ^1.95.0.
2025-10-13 15:57:34.388 [error] [/home/drdbrioso/.vscode/extensions/ms-python.vscode-pylance-2025.8.3]: Extension is not compatible with Code 1.85.2. Extension requires: ^1.101.0.
2025-10-13 15:57:34.440 [error] [/home/drdbrioso/.vscode/extensions/ms-toolsai.vscode-jupyter-slideshow-0.1.6]: Extension is not compatible with Code 1.85.2. Extension requires: ^1.88.0.
2025-10-13 15:57:34.440 [error] [/home/drdbrioso/.vscode/extensions/ms-toolsai.vscode-jupyter-cell-tags-0.1.9]: Extension is not compatible with Code 1.85.2. Extension requires: ^1.88.0.
2025-10-13 15:57:34.440 [error] [/home/drdbrioso/.vscode/extensions/ms-toolsai.jupyter-renderers-1.3.0]: Extension is not compatible with Code 1.85.2. Extension requires: ^1.95.0.
2025-10-13 15:57:34.451 [error] [/home/drdbrioso/.vscode/extensions/ms-vscode.remote-server-1.5.3]: Extension is not compatible with Code 1.85.2. Extension requires: ^1.87.0.
2025-10-13 15:57:34.452 [error] [/home/drdbrioso/.vscode/extensions/ms-vscode-remote.remote-wsl-0.104.3]: Extension is not compatible with Code 1.85.2. Extension requires: ^1.104.0.
2025-10-13 15:57:34.452 [error] [/home/drdbrioso/.vscode/extensions/ms-vscode.remote-explorer-0.5.0]: Extension is not compatible with Code 1.85.2. Extension requires: ^1.87.0.
2025-10-13 15:57:34.455 [error] [/home/drdbrioso/.vscode/extensions/ms-python.debugpy-2025.10.0-linux-x64]: Extension is not compatible with Code 1.85.2. Extension requires: ^1.92.0.
2025-10-13 15:57:34.455 [error] [/home/drdbrioso/.vscode/extensions/ms-vscode-remote.remote-containers-0.427.0]: Extension is not compatible with Code 1.85.2. Extension requires: ^1.99.0.
2025-10-13 15:57:34.456 [error] [/home/drdbrioso/.vscode/extensions/ms-python.vscode-python-envs-1.8.0-linux-x64]: Extension is not compatible with Code 1.85.2. Extension requires: ^1.104.0-20250815.
2025-10-13 15:57:34.456 [error] [/home/drdbrioso/.vscode/extensions/ms-python.python-2025.14.0-linux-x64]: Extension is not compatible with Code 1.85.2. Extension requires: ^1.95.0.
2025-10-13 15:57:34.456 [error] [/home/drdbrioso/.vscode/extensions/ms-python.vscode-pylance-2025.8.3]: Extension is not compatible with Code 1.85.2. Extension requires: ^1.101.0.
2025-10-13 15:57:36.736 [error] [/home/drdbrioso/.vscode/extensions/ms-toolsai.vscode-jupyter-cell-tags-0.1.9]: Extension is not compatible with Code 1.85.2. Extension requires: ^1.88.0.
2025-10-13 15:57:36.736 [error] [/home/drdbrioso/.vscode/extensions/ms-toolsai.vscode-jupyter-slideshow-0.1.6]: Extension is not compatible with Code 1.85.2. Extension requires: ^1.88.0.
2025-10-13 15:57:36.737 [error] [/home/drdbrioso/.vscode/extensions/ms-toolsai.jupyter-renderers-1.3.0]: Extension is not compatible with Code 1.85.2. Extension requires: ^1.95.0.
2025-10-13 15:57:36.757 [error] [/home/drdbrioso/.vscode/extensions/ms-vscode.remote-server-1.5.3]: Extension is not compatible with Code 1.85.2. Extension requires: ^1.87.0.
2025-10-13 15:57:36.758 [error] [/home/drdbrioso/.vscode/extensions/ms-vscode-remote.remote-wsl-0.104.3]: Extension is not compatible with Code 1.85.2. Extension requires: ^1.104.0.
2025-10-13 15:57:36.758 [error] [/home/drdbrioso/.vscode/extensions/ms-vscode.remote-explorer-0.5.0]: Extension is not compatible with Code 1.85.2. Extension requires: ^1.87.0.
2025-10-13 15:57:36.759 [error] [/home/drdbrioso/.vscode/extensions/ms-vscode-remote.remote-containers-0.427.0]: Extension is not compatible with Code 1.85.2. Extension requires: ^1.99.0.
2025-10-13 15:57:36.760 [error] [/home/drdbrioso/.vscode/extensions/ms-python.vscode-python-envs-1.8.0-linux-x64]: Extension is not compatible with Code 1.85.2. Extension requires: ^1.104.0-20250815.
2025-10-13 15:57:36.762 [error] [/home/drdbrioso/.vscode/extensions/ms-python.debugpy-2025.10.0-linux-x64]: Extension is not compatible with Code 1.85.2. Extension requires: ^1.92.0.
2025-10-13 15:57:36.762 [error] [/home/drdbrioso/.vscode/extensions/ms-python.python-2025.14.0-linux-x64]: Extension is not compatible with Code 1.85.2. Extension requires: ^1.95.0.
2025-10-13 15:57:36.765 [error] [/home/drdbrioso/.vscode/extensions/ms-python.vscode-pylance-2025.8.3]: Extension is not compatible with Code 1.85.2. Extension requires: ^1.101.0.
2025-10-13 15:57:36.856 [error] [/home/drdbrioso/.vscode/extensions/ms-toolsai.vscode-jupyter-cell-tags-0.1.9]: Extension is not compatible with Code 1.85.2. Extension requires: ^1.88.0.
2025-10-13 15:57:36.857 [error] [/home/drdbrioso/.vscode/extensions/ms-toolsai.vscode-jupyter-slideshow-0.1.6]: Extension is not compatible with Code 1.85.2. Extension requires: ^1.88.0.
2025-10-13 15:57:36.857 [error] [/home/drdbrioso/.vscode/extensions/ms-toolsai.jupyter-renderers-1.3.0]: Extension is not compatible with Code 1.85.2. Extension requires: ^1.95.0.
2025-10-13 15:57:36.876 [error] [/home/drdbrioso/.vscode/extensions/ms-vscode-remote.remote-wsl-0.104.3]: Extension is not compatible with Code 1.85.2. Extension requires: ^1.104.0.
2025-10-13 15:57:36.876 [error] [/home/drdbrioso/.vscode/extensions/ms-vscode.remote-server-1.5.3]: Extension is not compatible with Code 1.85.2. Extension requires: ^1.87.0.
2025-10-13 15:57:36.876 [error] [/home/drdbrioso/.vscode/extensions/ms-vscode.remote-explorer-0.5.0]: Extension is not compatible with Code 1.85.2. Extension requires: ^1.87.0.
2025-10-13 15:57:36.876 [error] [/home/drdbrioso/.vscode/extensions/ms-vscode-remote.remote-containers-0.427.0]: Extension is not compatible with Code 1.85.2. Extension requires: ^1.99.0.
2025-10-13 15:57:36.877 [error] [/home/drdbrioso/.vscode/extensions/ms-python.vscode-python-envs-1.8.0-linux-x64]: Extension is not compatible with Code 1.85.2. Extension requires: ^1.104.0-20250815.
2025-10-13 15:57:36.877 [error] [/home/drdbrioso/.vscode/extensions/ms-python.debugpy-2025.10.0-linux-x64]: Extension is not compatible with Code 1.85.2. Extension requires: ^1.92.0.
2025-10-13 15:57:36.878 [error] [/home/drdbrioso/.vscode/extensions/ms-python.python-2025.14.0-linux-x64]: Extension is not compatible with Code 1.85.2. Extension requires: ^1.95.0.
2025-10-13 15:57:36.878 [error] [/home/drdbrioso/.vscode/extensions/ms-python.vscode-pylance-2025.8.3]: Extension is not compatible with Code 1.85.2. Extension requires: ^1.101.0.
2025-10-13 15:57:36.892 [error] [/home/drdbrioso/.vscode/extensions/ms-toolsai.vscode-jupyter-cell-tags-0.1.9]: Extension is not compatible with Code 1.85.2. Extension requires: ^1.88.0.
2025-10-13 15:57:36.893 [error] [/home/drdbrioso/.vscode/extensions/ms-toolsai.vscode-jupyter-slideshow-0.1.6]: Extension is not compatible with Code 1.85.2. Extension requires: ^1.88.0.
2025-10-13 15:57:36.893 [error] [/home/drdbrioso/.vscode/extensions/ms-toolsai.jupyter-renderers-1.3.0]: Extension is not compatible with Code 1.85.2. Extension requires: ^1.95.0.
2025-10-13 15:57:36.908 [error] [/home/drdbrioso/.vscode/extensions/ms-toolsai.vscode-jupyter-cell-tags-0.1.9]: Extension is not compatible with Code 1.85.2. Extension requires: ^1.88.0.
2025-10-13 15:57:36.908 [error] [/home/drdbrioso/.vscode/extensions/ms-toolsai.vscode-jupyter-slideshow-0.1.6]: Extension is not compatible with Code 1.85.2. Extension requires: ^1.88.0.
2025-10-13 15:57:36.908 [error] [/home/drdbrioso/.vscode/extensions/ms-toolsai.jupyter-renderers-1.3.0]: Extension is not compatible with Code 1.85.2. Extension requires: ^1.95.0.
2025-10-13 15:57:36.927 [error] [/home/drdbrioso/.vscode/extensions/ms-vscode.remote-server-1.5.3]: Extension is not compatible with Code 1.85.2. Extension requires: ^1.87.0.
2025-10-13 15:57:36.929 [error] [/home/drdbrioso/.vscode/extensions/ms-vscode-remote.remote-wsl-0.104.3]: Extension is not compatible with Code 1.85.2. Extension requires: ^1.104.0.
2025-10-13 15:57:36.929 [error] [/home/drdbrioso/.vscode/extensions/ms-vscode.remote-explorer-0.5.0]: Extension is not compatible with Code 1.85.2. Extension requires: ^1.87.0.
2025-10-13 15:57:36.929 [error] [/home/drdbrioso/.vscode/extensions/ms-python.vscode-python-envs-1.8.0-linux-x64]: Extension is not compatible with Code 1.85.2. Extension requires: ^1.104.0-20250815.
2025-10-13 15:57:36.930 [error] [/home/drdbrioso/.vscode/extensions/ms-python.debugpy-2025.10.0-linux-x64]: Extension is not compatible with Code 1.85.2. Extension requires: ^1.92.0.
2025-10-13 15:57:36.930 [error] [/home/drdbrioso/.vscode/extensions/ms-vscode-remote.remote-containers-0.427.0]: Extension is not compatible with Code 1.85.2. Extension requires: ^1.99.0.
2025-10-13 15:57:36.931 [error] [/home/drdbrioso/.vscode/extensions/ms-python.python-2025.14.0-linux-x64]: Extension is not compatible with Code 1.85.2. Extension requires: ^1.95.0.
2025-10-13 15:57:36.932 [error] [/home/drdbrioso/.vscode/extensions/ms-python.vscode-pylance-2025.8.3]: Extension is not compatible with Code 1.85.2. Extension requires: ^1.101.0.
2025-10-13 15:57:36.935 [error] [/home/drdbrioso/.vscode/extensions/ms-vscode.remote-server-1.5.3]: Extension is not compatible with Code 1.85.2. Extension requires: ^1.87.0.
2025-10-13 15:57:36.935 [error] [/home/drdbrioso/.vscode/extensions/ms-vscode.remote-explorer-0.5.0]: Extension is not compatible with Code 1.85.2. Extension requires: ^1.87.0.
2025-10-13 15:57:36.935 [error] [/home/drdbrioso/.vscode/extensions/ms-vscode-remote.remote-wsl-0.104.3]: Extension is not compatible with Code 1.85.2. Extension requires: ^1.104.0.
2025-10-13 15:57:36.936 [error] [/home/drdbrioso/.vscode/extensions/ms-python.vscode-python-envs-1.8.0-linux-x64]: Extension is not compatible with Code 1.85.2. Extension requires: ^1.104.0-20250815.
2025-10-13 15:57:36.936 [error] [/home/drdbrioso/.vscode/extensions/ms-vscode-remote.remote-containers-0.427.0]: Extension is not compatible with Code 1.85.2. Extension requires: ^1.99.0.
2025-10-13 15:57:36.936 [error] [/home/drdbrioso/.vscode/extensions/ms-python.debugpy-2025.10.0-linux-x64]: Extension is not compatible with Code 1.85.2. Extension requires: ^1.92.0.
2025-10-13 15:57:36.937 [error] [/home/drdbrioso/.vscode/extensions/ms-python.python-2025.14.0-linux-x64]: Extension is not compatible with Code 1.85.2. Extension requires: ^1.95.0.
2025-10-13 15:57:36.937 [error] [/home/drdbrioso/.vscode/extensions/ms-python.vscode-pylance-2025.8.3]: Extension is not compatible with Code 1.85.2. Extension requires: ^1.101.0.
2025-10-13 15:57:39.272 [error] [/home/drdbrioso/.vscode/extensions/ms-toolsai.vscode-jupyter-cell-tags-0.1.9]: Extension is not compatible with Code 1.85.2. Extension requires: ^1.88.0.
2025-10-13 15:57:39.273 [error] [/home/drdbrioso/.vscode/extensions/ms-toolsai.vscode-jupyter-slideshow-0.1.6]: Extension is not compatible with Code 1.85.2. Extension requires: ^1.88.0.
2025-10-13 15:57:39.273 [error] [/home/drdbrioso/.vscode/extensions/ms-toolsai.jupyter-renderers-1.3.0]: Extension is not compatible with Code 1.85.2. Extension requires: ^1.95.0.
2025-10-13 15:57:39.277 [error] [/home/drdbrioso/.vscode/extensions/ms-toolsai.vscode-jupyter-cell-tags-0.1.9]: Extension is not compatible with Code 1.85.2. Extension requires: ^1.88.0.
2025-10-13 15:57:39.277 [error] [/home/drdbrioso/.vscode/extensions/ms-toolsai.vscode-jupyter-slideshow-0.1.6]: Extension is not compatible with Code 1.85.2. Extension requires: ^1.88.0.
2025-10-13 15:57:39.277 [error] [/home/drdbrioso/.vscode/extensions/ms-toolsai.jupyter-renderers-1.3.0]: Extension is not compatible with Code 1.85.2. Extension requires: ^1.95.0.
2025-10-13 15:57:39.288 [error] [/home/drdbrioso/.vscode/extensions/ms-vscode.remote-server-1.5.3]: Extension is not compatible with Code 1.85.2. Extension requires: ^1.87.0.
2025-10-13 15:57:39.288 [error] [/home/drdbrioso/.vscode/extensions/ms-vscode-remote.remote-wsl-0.104.3]: Extension is not compatible with Code 1.85.2. Extension requires: ^1.104.0.
2025-10-13 15:57:39.288 [error] [/home/drdbrioso/.vscode/extensions/ms-vscode.remote-explorer-0.5.0]: Extension is not compatible with Code 1.85.2. Extension requires: ^1.87.0.
2025-10-13 15:57:39.289 [error] [/home/drdbrioso/.vscode/extensions/ms-python.vscode-python-envs-1.8.0-linux-x64]: Extension is not compatible with Code 1.85.2. Extension requires: ^1.104.0-20250815.
2025-10-13 15:57:39.289 [error] [/home/drdbrioso/.vscode/extensions/ms-python.debugpy-2025.10.0-linux-x64]: Extension is not compatible with Code 1.85.2. Extension requires: ^1.92.0.
2025-10-13 15:57:39.291 [error] [/home/drdbrioso/.vscode/extensions/ms-vscode-remote.remote-containers-0.427.0]: Extension is not compatible with Code 1.85.2. Extension requires: ^1.99.0.
2025-10-13 15:57:39.292 [error] [/home/drdbrioso/.vscode/extensions/ms-python.python-2025.14.0-linux-x64]: Extension is not compatible with Code 1.85.2. Extension requires: ^1.95.0.
2025-10-13 15:57:39.295 [error] [/home/drdbrioso/.vscode/extensions/ms-python.vscode-pylance-2025.8.3]: Extension is not compatible with Code 1.85.2. Extension requires: ^1.101.0.
2025-10-13 15:57:39.299 [error] [/home/drdbrioso/.vscode/extensions/ms-vscode.remote-server-1.5.3]: Extension is not compatible with Code 1.85.2. Extension requires: ^1.87.0.
2025-10-13 15:57:39.300 [error] [/home/drdbrioso/.vscode/extensions/ms-python.debugpy-2025.10.0-linux-x64]: Extension is not compatible with Code 1.85.2. Extension requires: ^1.92.0.
2025-10-13 15:57:39.300 [error] [/home/drdbrioso/.vscode/extensions/ms-vscode-remote.remote-wsl-0.104.3]: Extension is not compatible with Code 1.85.2. Extension requires: ^1.104.0.
2025-10-13 15:57:39.300 [error] [/home/drdbrioso/.vscode/extensions/ms-vscode.remote-explorer-0.5.0]: Extension is not compatible with Code 1.85.2. Extension requires: ^1.87.0.
2025-10-13 15:57:39.301 [error] [/home/drdbrioso/.vscode/extensions/ms-python.vscode-python-envs-1.8.0-linux-x64]: Extension is not compatible with Code 1.85.2. Extension requires: ^1.104.0-20250815.
2025-10-13 15:57:39.301 [error] [/home/drdbrioso/.vscode/extensions/ms-vscode-remote.remote-containers-0.427.0]: Extension is not compatible with Code 1.85.2. Extension requires: ^1.99.0.
2025-10-13 15:57:39.303 [error] [/home/drdbrioso/.vscode/extensions/ms-python.python-2025.14.0-linux-x64]: Extension is not compatible with Code 1.85.2. Extension requires: ^1.95.0.
2025-10-13 15:57:39.304 [error] [/home/drdbrioso/.vscode/extensions/ms-python.vscode-pylance-2025.8.3]: Extension is not compatible with Code 1.85.2. Extension requires: ^1.101.0.
2025-10-13 15:57:54.161 [error] [/home/drdbrioso/.vscode/extensions/ms-toolsai.vscode-jupyter-cell-tags-0.1.9]: Extension is not compatible with Code 1.85.2. Extension requires: ^1.88.0.
2025-10-13 15:57:54.161 [error] [/home/drdbrioso/.vscode/extensions/ms-toolsai.vscode-jupyter-slideshow-0.1.6]: Extension is not compatible with Code 1.85.2. Extension requires: ^1.88.0.
2025-10-13 15:57:54.161 [error] [/home/drdbrioso/.vscode/extensions/ms-toolsai.jupyter-renderers-1.3.0]: Extension is not compatible with Code 1.85.2. Extension requires: ^1.95.0.
2025-10-13 15:57:54.172 [error] [/home/drdbrioso/.vscode/extensions/ms-vscode.remote-server-1.5.3]: Extension is not compatible with Code 1.85.2. Extension requires: ^1.87.0.
2025-10-13 15:57:54.172 [error] [/home/drdbrioso/.vscode/extensions/ms-vscode-remote.remote-wsl-0.104.3]: Extension is not compatible with Code 1.85.2. Extension requires: ^1.104.0.
2025-10-13 15:57:54.173 [error] [/home/drdbrioso/.vscode/extensions/ms-vscode-remote.remote-containers-0.427.0]: Extension is not compatible with Code 1.85.2. Extension requires: ^1.99.0.
2025-10-13 15:57:54.173 [error] [/home/drdbrioso/.vscode/extensions/ms-vscode.remote-explorer-0.5.0]: Extension is not compatible with Code 1.85.2. Extension requires: ^1.87.0.
2025-10-13 15:57:54.173 [error] [/home/drdbrioso/.vscode/extensions/ms-python.vscode-python-envs-1.8.0-linux-x64]: Extension is not compatible with Code 1.85.2. Extension requires: ^1.104.0-20250815.
2025-10-13 15:57:54.173 [error] [/home/drdbrioso/.vscode/extensions/ms-python.debugpy-2025.10.0-linux-x64]: Extension is not compatible with Code 1.85.2. Extension requires: ^1.92.0.
2025-10-13 15:57:54.174 [error] [/home/drdbrioso/.vscode/extensions/ms-python.python-2025.14.0-linux-x64]: Extension is not compatible with Code 1.85.2. Extension requires: ^1.95.0.
2025-10-13 15:57:54.175 [error] [/home/drdbrioso/.vscode/extensions/ms-python.vscode-pylance-2025.8.3]: Extension is not compatible with Code 1.85.2. Extension requires: ^1.101.0.
2025-10-13 15:57:54.218 [error] [/home/drdbrioso/.vscode/extensions/ms-toolsai.vscode-jupyter-cell-tags-0.1.9]: Extension is not compatible with Code 1.85.2. Extension requires: ^1.88.0.
2025-10-13 15:57:54.218 [error] [/home/drdbrioso/.vscode/extensions/ms-toolsai.vscode-jupyter-slideshow-0.1.6]: Extension is not compatible with Code 1.85.2. Extension requires: ^1.88.0.
2025-10-13 15:57:54.218 [error] [/home/drdbrioso/.vscode/extensions/ms-toolsai.jupyter-renderers-1.3.0]: Extension is not compatible with Code 1.85.2. Extension requires: ^1.95.0.
2025-10-13 15:57:54.226 [error] [/home/drdbrioso/.vscode/extensions/ms-vscode.remote-server-1.5.3]: Extension is not compatible with Code 1.85.2. Extension requires: ^1.87.0.
2025-10-13 15:57:54.227 [error] [/home/drdbrioso/.vscode/extensions/ms-vscode-remote.remote-containers-0.427.0]: Extension is not compatible with Code 1.85.2. Extension requires: ^1.99.0.
2025-10-13 15:57:54.227 [error] [/home/drdbrioso/.vscode/extensions/ms-vscode.remote-explorer-0.5.0]: Extension is not compatible with Code 1.85.2. Extension requires: ^1.87.0.
2025-10-13 15:57:54.228 [error] [/home/drdbrioso/.vscode/extensions/ms-python.vscode-python-envs-1.8.0-linux-x64]: Extension is not compatible with Code 1.85.2. Extension requires: ^1.104.0-20250815.
2025-10-13 15:57:54.228 [error] [/home/drdbrioso/.vscode/extensions/ms-vscode-remote.remote-wsl-0.104.3]: Extension is not compatible with Code 1.85.2. Extension requires: ^1.104.0.
2025-10-13 15:57:54.230 [error] [/home/drdbrioso/.vscode/extensions/ms-python.python-2025.14.0-linux-x64]: Extension is not compatible with Code 1.85.2. Extension requires: ^1.95.0.
2025-10-13 15:57:54.230 [error] [/home/drdbrioso/.vscode/extensions/ms-python.debugpy-2025.10.0-linux-x64]: Extension is not compatible with Code 1.85.2. Extension requires: ^1.92.0.
2025-10-13 15:57:54.230 [error] [/home/drdbrioso/.vscode/extensions/ms-python.vscode-pylance-2025.8.3]: Extension is not compatible with Code 1.85.2. Extension requires: ^1.101.0.
2025-10-13 15:58:14.686 [error] [/home/drdbrioso/.vscode/extensions/ms-toolsai.vscode-jupyter-cell-tags-0.1.9]: Extension is not compatible with Code 1.85.2. Extension requires: ^1.88.0.
2025-10-13 15:58:14.687 [error] [/home/drdbrioso/.vscode/extensions/ms-toolsai.vscode-jupyter-slideshow-0.1.6]: Extension is not compatible with Code 1.85.2. Extension requires: ^1.88.0.
2025-10-13 15:58:14.687 [error] [/home/drdbrioso/.vscode/extensions/ms-toolsai.jupyter-renderers-1.3.0]: Extension is not compatible with Code 1.85.2. Extension requires: ^1.95.0.
2025-10-13 15:58:14.688 [error] [/home/drdbrioso/.vscode/extensions/ms-vscode-remote.remote-wsl-0.104.3]: Extension is not compatible with Code 1.85.2. Extension requires: ^1.104.0.
2025-10-13 15:58:14.688 [error] [/home/drdbrioso/.vscode/extensions/ms-vscode-remote.remote-containers-0.427.0]: Extension is not compatible with Code 1.85.2. Extension requires: ^1.99.0.
2025-10-13 15:58:14.689 [error] [/home/drdbrioso/.vscode/extensions/ms-vscode.remote-server-1.5.3]: Extension is not compatible with Code 1.85.2. Extension requires: ^1.87.0.
2025-10-13 15:58:14.689 [error] [/home/drdbrioso/.vscode/extensions/ms-vscode.remote-explorer-0.5.0]: Extension is not compatible with Code 1.85.2. Extension requires: ^1.87.0.
2025-10-13 15:58:14.690 [error] [/home/drdbrioso/.vscode/extensions/ms-python.vscode-python-envs-1.8.0-linux-x64]: Extension is not compatible with Code 1.85.2. Extension requires: ^1.104.0-20250815.
2025-10-13 15:58:14.691 [error] [/home/drdbrioso/.vscode/extensions/ms-python.debugpy-2025.10.0-linux-x64]: Extension is not compatible with Code 1.85.2. Extension requires: ^1.92.0.
2025-10-13 15:58:14.692 [error] [/home/drdbrioso/.vscode/extensions/ms-python.python-2025.14.0-linux-x64]: Extension is not compatible with Code 1.85.2. Extension requires: ^1.95.0.
2025-10-13 15:58:14.693 [error] [/home/drdbrioso/.vscode/extensions/ms-python.vscode-pylance-2025.8.3]: Extension is not compatible with Code 1.85.2. Extension requires: ^1.101.0.
2025-10-13 15:58:14.847 [error] [/home/drdbrioso/.vscode/extensions/ms-toolsai.vscode-jupyter-slideshow-0.1.6]: Extension is not compatible with Code 1.85.2. Extension requires: ^1.88.0.
2025-10-13 15:58:14.848 [error] [/home/drdbrioso/.vscode/extensions/ms-toolsai.vscode-jupyter-cell-tags-0.1.9]: Extension is not compatible with Code 1.85.2. Extension requires: ^1.88.0.
2025-10-13 15:58:14.848 [error] [/home/drdbrioso/.vscode/extensions/ms-toolsai.jupyter-renderers-1.3.0]: Extension is not compatible with Code 1.85.2. Extension requires: ^1.95.0.
2025-10-13 15:58:14.866 [error] [/home/drdbrioso/.vscode/extensions/ms-toolsai.vscode-jupyter-cell-tags-0.1.9]: Extension is not compatible with Code 1.85.2. Extension requires: ^1.88.0.
2025-10-13 15:58:14.866 [error] [/home/drdbrioso/.vscode/extensions/ms-toolsai.vscode-jupyter-slideshow-0.1.6]: Extension is not compatible with Code 1.85.2. Extension requires: ^1.88.0.
2025-10-13 15:58:14.866 [error] [/home/drdbrioso/.vscode/extensions/ms-toolsai.jupyter-renderers-1.3.0]: Extension is not compatible with Code 1.85.2. Extension requires: ^1.95.0.
2025-10-13 15:58:14.873 [error] [/home/drdbrioso/.vscode/extensions/ms-vscode.remote-server-1.5.3]: Extension is not compatible with Code 1.85.2. Extension requires: ^1.87.0.
2025-10-13 15:58:14.873 [error] [/home/drdbrioso/.vscode/extensions/ms-vscode-remote.remote-wsl-0.104.3]: Extension is not compatible with Code 1.85.2. Extension requires: ^1.104.0.
2025-10-13 15:58:14.874 [error] [/home/drdbrioso/.vscode/extensions/ms-vscode.remote-explorer-0.5.0]: Extension is not compatible with Code 1.85.2. Extension requires: ^1.87.0.
2025-10-13 15:58:14.875 [error] [/home/drdbrioso/.vscode/extensions/ms-vscode-remote.remote-containers-0.427.0]: Extension is not compatible with Code 1.85.2. Extension requires: ^1.99.0.
2025-10-13 15:58:14.875 [error] [/home/drdbrioso/.vscode/extensions/ms-python.vscode-python-envs-1.8.0-linux-x64]: Extension is not compatible with Code 1.85.2. Extension requires: ^1.104.0-20250815.
2025-10-13 15:58:14.875 [error] [/home/drdbrioso/.vscode/extensions/ms-python.debugpy-2025.10.0-linux-x64]: Extension is not compatible with Code 1.85.2. Extension requires: ^1.92.0.
2025-10-13 15:58:14.876 [error] [/home/drdbrioso/.vscode/extensions/ms-python.vscode-pylance-2025.8.3]: Extension is not compatible with Code 1.85.2. Extension requires: ^1.101.0.
2025-10-13 15:58:14.876 [error] [/home/drdbrioso/.vscode/extensions/ms-python.python-2025.14.0-linux-x64]: Extension is not compatible with Code 1.85.2. Extension requires: ^1.95.0.
2025-10-13 15:58:14.881 [error] [/home/drdbrioso/.vscode/extensions/ms-toolsai.vscode-jupyter-slideshow-0.1.6]: Extension is not compatible with Code 1.85.2. Extension requires: ^1.88.0.
2025-10-13 15:58:14.881 [error] [/home/drdbrioso/.vscode/extensions/ms-toolsai.vscode-jupyter-cell-tags-0.1.9]: Extension is not compatible with Code 1.85.2. Extension requires: ^1.88.0.
2025-10-13 15:58:14.882 [error] [/home/drdbrioso/.vscode/extensions/ms-toolsai.jupyter-renderers-1.3.0]: Extension is not compatible with Code 1.85.2. Extension requires: ^1.95.0.
2025-10-13 15:58:14.886 [error] [/home/drdbrioso/.vscode/extensions/ms-vscode-remote.remote-wsl-0.104.3]: Extension is not compatible with Code 1.85.2. Extension requires: ^1.104.0.
2025-10-13 15:58:14.886 [error] [/home/drdbrioso/.vscode/extensions/ms-vscode.remote-server-1.5.3]: Extension is not compatible with Code 1.85.2. Extension requires: ^1.87.0.
2025-10-13 15:58:14.886 [error] [/home/drdbrioso/.vscode/extensions/ms-python.vscode-python-envs-1.8.0-linux-x64]: Extension is not compatible with Code 1.85.2. Extension requires: ^1.104.0-20250815.
2025-10-13 15:58:14.886 [error] [/home/drdbrioso/.vscode/extensions/ms-vscode.remote-explorer-0.5.0]: Extension is not compatible with Code 1.85.2. Extension requires: ^1.87.0.
2025-10-13 15:58:14.887 [error] [/home/drdbrioso/.vscode/extensions/ms-vscode-remote.remote-containers-0.427.0]: Extension is not compatible with Code 1.85.2. Extension requires: ^1.99.0.
2025-10-13 15:58:14.887 [error] [/home/drdbrioso/.vscode/extensions/ms-python.debugpy-2025.10.0-linux-x64]: Extension is not compatible with Code 1.85.2. Extension requires: ^1.92.0.
2025-10-13 15:58:14.888 [error] [/home/drdbrioso/.vscode/extensions/ms-python.python-2025.14.0-linux-x64]: Extension is not compatible with Code 1.85.2. Extension requires: ^1.95.0.
2025-10-13 15:58:14.888 [error] [/home/drdbrioso/.vscode/extensions/ms-python.vscode-pylance-2025.8.3]: Extension is not compatible with Code 1.85.2. Extension requires: ^1.101.0.
2025-10-13 15:58:14.907 [error] [/home/drdbrioso/.vscode/extensions/ms-vscode.remote-server-1.5.3]: Extension is not compatible with Code 1.85.2. Extension requires: ^1.87.0.
2025-10-13 15:58:14.907 [error] [/home/drdbrioso/.vscode/extensions/ms-vscode-remote.remote-wsl-0.104.3]: Extension is not compatible with Code 1.85.2. Extension requires: ^1.104.0.
2025-10-13 15:58:14.908 [error] [/home/drdbrioso/.vscode/extensions/ms-python.vscode-python-envs-1.8.0-linux-x64]: Extension is not compatible with Code 1.85.2. Extension requires: ^1.104.0-20250815.
2025-10-13 15:58:14.908 [error] [/home/drdbrioso/.vscode/extensions/ms-python.debugpy-2025.10.0-linux-x64]: Extension is not compatible with Code 1.85.2. Extension requires: ^1.92.0.
2025-10-13 15:58:14.908 [error] [/home/drdbrioso/.vscode/extensions/ms-vscode.remote-explorer-0.5.0]: Extension is not compatible with Code 1.85.2. Extension requires: ^1.87.0.
2025-10-13 15:58:14.908 [error] [/home/drdbrioso/.vscode/extensions/ms-vscode-remote.remote-containers-0.427.0]: Extension is not compatible with Code 1.85.2. Extension requires: ^1.99.0.
2025-10-13 15:58:14.909 [error] [/home/drdbrioso/.vscode/extensions/ms-python.vscode-pylance-2025.8.3]: Extension is not compatible with Code 1.85.2. Extension requires: ^1.101.0.
2025-10-13 15:58:14.909 [error] [/home/drdbrioso/.vscode/extensions/ms-python.python-2025.14.0-linux-x64]: Extension is not compatible with Code 1.85.2. Extension requires: ^1.95.0.
2025-10-13 15:58:17.182 [error] [/home/drdbrioso/.vscode/extensions/ms-toolsai.vscode-jupyter-cell-tags-0.1.9]: Extension is not compatible with Code 1.85.2. Extension requires: ^1.88.0.
2025-10-13 15:58:17.182 [error] [/home/drdbrioso/.vscode/extensions/ms-toolsai.vscode-jupyter-slideshow-0.1.6]: Extension is not compatible with Code 1.85.2. Extension requires: ^1.88.0.
2025-10-13 15:58:17.182 [error] [/home/drdbrioso/.vscode/extensions/ms-toolsai.jupyter-renderers-1.3.0]: Extension is not compatible with Code 1.85.2. Extension requires: ^1.95.0.
2025-10-13 15:58:17.186 [error] [/home/drdbrioso/.vscode/extensions/ms-toolsai.vscode-jupyter-slideshow-0.1.6]: Extension is not compatible with Code 1.85.2. Extension requires: ^1.88.0.
2025-10-13 15:58:17.186 [error] [/home/drdbrioso/.vscode/extensions/ms-toolsai.jupyter-renderers-1.3.0]: Extension is not compatible with Code 1.85.2. Extension requires: ^1.95.0.
2025-10-13 15:58:17.187 [error] [/home/drdbrioso/.vscode/extensions/ms-toolsai.vscode-jupyter-cell-tags-0.1.9]: Extension is not compatible with Code 1.85.2. Extension requires: ^1.88.0.
2025-10-13 15:58:17.195 [error] [/home/drdbrioso/.vscode/extensions/ms-vscode.remote-server-1.5.3]: Extension is not compatible with Code 1.85.2. Extension requires: ^1.87.0.
2025-10-13 15:58:17.196 [error] [/home/drdbrioso/.vscode/extensions/ms-vscode-remote.remote-wsl-0.104.3]: Extension is not compatible with Code 1.85.2. Extension requires: ^1.104.0.
2025-10-13 15:58:17.196 [error] [/home/drdbrioso/.vscode/extensions/ms-vscode.remote-explorer-0.5.0]: Extension is not compatible with Code 1.85.2. Extension requires: ^1.87.0.
2025-10-13 15:58:17.197 [error] [/home/drdbrioso/.vscode/extensions/ms-python.vscode-python-envs-1.8.0-linux-x64]: Extension is not compatible with Code 1.85.2. Extension requires: ^1.104.0-20250815.
2025-10-13 15:58:17.197 [error] [/home/drdbrioso/.vscode/extensions/ms-python.debugpy-2025.10.0-linux-x64]: Extension is not compatible with Code 1.85.2. Extension requires: ^1.92.0.
2025-10-13 15:58:17.197 [error] [/home/drdbrioso/.vscode/extensions/ms-vscode-remote.remote-containers-0.427.0]: Extension is not compatible with Code 1.85.2. Extension requires: ^1.99.0.
2025-10-13 15:58:17.198 [error] [/home/drdbrioso/.vscode/extensions/ms-python.python-2025.14.0-linux-x64]: Extension is not compatible with Code 1.85.2. Extension requires: ^1.95.0.
2025-10-13 15:58:17.199 [error] [/home/drdbrioso/.vscode/extensions/ms-python.vscode-pylance-2025.8.3]: Extension is not compatible with Code 1.85.2. Extension requires: ^1.101.0.
2025-10-13 15:58:17.201 [error] [/home/drdbrioso/.vscode/extensions/ms-vscode-remote.remote-wsl-0.104.3]: Extension is not compatible with Code 1.85.2. Extension requires: ^1.104.0.
2025-10-13 15:58:17.201 [error] [/home/drdbrioso/.vscode/extensions/ms-vscode.remote-server-1.5.3]: Extension is not compatible with Code 1.85.2. Extension requires: ^1.87.0.
2025-10-13 15:58:17.201 [error] [/home/drdbrioso/.vscode/extensions/ms-vscode.remote-explorer-0.5.0]: Extension is not compatible with Code 1.85.2. Extension requires: ^1.87.0.
2025-10-13 15:58:17.202 [error] [/home/drdbrioso/.vscode/extensions/ms-vscode-remote.remote-containers-0.427.0]: Extension is not compatible with Code 1.85.2. Extension requires: ^1.99.0.
2025-10-13 15:58:17.202 [error] [/home/drdbrioso/.vscode/extensions/ms-python.vscode-python-envs-1.8.0-linux-x64]: Extension is not compatible with Code 1.85.2. Extension requires: ^1.104.0-20250815.
2025-10-13 15:58:17.202 [error] [/home/drdbrioso/.vscode/extensions/ms-python.debugpy-2025.10.0-linux-x64]: Extension is not compatible with Code 1.85.2. Extension requires: ^1.92.0.
2025-10-13 15:58:17.203 [error] [/home/drdbrioso/.vscode/extensions/ms-python.python-2025.14.0-linux-x64]: Extension is not compatible with Code 1.85.2. Extension requires: ^1.95.0.
2025-10-13 15:58:17.203 [error] [/home/drdbrioso/.vscode/extensions/ms-python.vscode-pylance-2025.8.3]: Extension is not compatible with Code 1.85.2. Extension requires: ^1.101.0.
2025-10-13 15:58:45.699 [error] [/home/drdbrioso/.vscode/extensions/ms-toolsai.vscode-jupyter-cell-tags-0.1.9]: Extension is not compatible with Code 1.85.2. Extension requires: ^1.88.0.
2025-10-13 15:58:45.699 [error] [/home/drdbrioso/.vscode/extensions/ms-toolsai.vscode-jupyter-slideshow-0.1.6]: Extension is not compatible with Code 1.85.2. Extension requires: ^1.88.0.
2025-10-13 15:58:45.700 [error] [/home/drdbrioso/.vscode/extensions/ms-toolsai.jupyter-renderers-1.3.0]: Extension is not compatible with Code 1.85.2. Extension requires: ^1.95.0.
2025-10-13 15:58:45.722 [error] [/home/drdbrioso/.vscode/extensions/ms-vscode-remote.remote-wsl-0.104.3]: Extension is not compatible with Code 1.85.2. Extension requires: ^1.104.0.
2025-10-13 15:58:45.724 [error] [/home/drdbrioso/.vscode/extensions/ms-vscode.remote-server-1.5.3]: Extension is not compatible with Code 1.85.2. Extension requires: ^1.87.0.
2025-10-13 15:58:45.725 [error] [/home/drdbrioso/.vscode/extensions/ms-vscode-remote.remote-containers-0.427.0]: Extension is not compatible with Code 1.85.2. Extension requires: ^1.99.0.
2025-10-13 15:58:45.725 [error] [/home/drdbrioso/.vscode/extensions/ms-vscode.remote-explorer-0.5.0]: Extension is not compatible with Code 1.85.2. Extension requires: ^1.87.0.
2025-10-13 15:58:45.726 [error] [/home/drdbrioso/.vscode/extensions/ms-python.vscode-python-envs-1.8.0-linux-x64]: Extension is not compatible with Code 1.85.2. Extension requires: ^1.104.0-20250815.
2025-10-13 15:58:45.726 [error] [/home/drdbrioso/.vscode/extensions/ms-python.debugpy-2025.10.0-linux-x64]: Extension is not compatible with Code 1.85.2. Extension requires: ^1.92.0.
2025-10-13 15:58:45.727 [error] [/home/drdbrioso/.vscode/extensions/ms-python.python-2025.14.0-linux-x64]: Extension is not compatible with Code 1.85.2. Extension requires: ^1.95.0.
2025-10-13 15:58:45.729 [error] [/home/drdbrioso/.vscode/extensions/ms-python.vscode-pylance-2025.8.3]: Extension is not compatible with Code 1.85.2. Extension requires: ^1.101.0.
2025-10-13 15:58:46.185 [error] [/home/drdbrioso/.vscode/extensions/ms-toolsai.vscode-jupyter-cell-tags-0.1.9]: Extension is not compatible with Code 1.85.2. Extension requires: ^1.88.0.
2025-10-13 15:58:46.185 [error] [/home/drdbrioso/.vscode/extensions/ms-toolsai.vscode-jupyter-slideshow-0.1.6]: Extension is not compatible with Code 1.85.2. Extension requires: ^1.88.0.
2025-10-13 15:58:46.185 [error] [/home/drdbrioso/.vscode/extensions/ms-toolsai.jupyter-renderers-1.3.0]: Extension is not compatible with Code 1.85.2. Extension requires: ^1.95.0.
2025-10-13 15:58:46.189 [error] [/home/drdbrioso/.vscode/extensions/ms-vscode.remote-server-1.5.3]: Extension is not compatible with Code 1.85.2. Extension requires: ^1.87.0.
2025-10-13 15:58:46.190 [error] [/home/drdbrioso/.vscode/extensions/ms-python.vscode-python-envs-1.8.0-linux-x64]: Extension is not compatible with Code 1.85.2. Extension requires: ^1.104.0-20250815.
2025-10-13 15:58:46.191 [error] [/home/drdbrioso/.vscode/extensions/ms-vscode-remote.remote-wsl-0.104.3]: Extension is not compatible with Code 1.85.2. Extension requires: ^1.104.0.
2025-10-13 15:58:46.191 [error] [/home/drdbrioso/.vscode/extensions/ms-vscode.remote-explorer-0.5.0]: Extension is not compatible with Code 1.85.2. Extension requires: ^1.87.0.
2025-10-13 15:58:46.191 [error] [/home/drdbrioso/.vscode/extensions/ms-python.debugpy-2025.10.0-linux-x64]: Extension is not compatible with Code 1.85.2. Extension requires: ^1.92.0.
2025-10-13 15:58:46.191 [error] [/home/drdbrioso/.vscode/extensions/ms-python.python-2025.14.0-linux-x64]: Extension is not compatible with Code 1.85.2. Extension requires: ^1.95.0.
2025-10-13 15:58:46.192 [error] [/home/drdbrioso/.vscode/extensions/ms-vscode-remote.remote-containers-0.427.0]: Extension is not compatible with Code 1.85.2. Extension requires: ^1.99.0.
2025-10-13 15:58:46.192 [error] [/home/drdbrioso/.vscode/extensions/ms-python.vscode-pylance-2025.8.3]: Extension is not compatible with Code 1.85.2. Extension requires: ^1.101.0.
2025-10-13 15:58:46.274 [error] [/home/drdbrioso/.vscode/extensions/ms-toolsai.vscode-jupyter-cell-tags-0.1.9]: Extension is not compatible with Code 1.85.2. Extension requires: ^1.88.0.
2025-10-13 15:58:46.274 [error] [/home/drdbrioso/.vscode/extensions/ms-toolsai.vscode-jupyter-slideshow-0.1.6]: Extension is not compatible with Code 1.85.2. Extension requires: ^1.88.0.
2025-10-13 15:58:46.274 [error] [/home/drdbrioso/.vscode/extensions/ms-toolsai.jupyter-renderers-1.3.0]: Extension is not compatible with Code 1.85.2. Extension requires: ^1.95.0.
2025-10-13 15:58:46.279 [error] [/home/drdbrioso/.vscode/extensions/ms-vscode.remote-server-1.5.3]: Extension is not compatible with Code 1.85.2. Extension requires: ^1.87.0.
2025-10-13 15:58:46.280 [error] [/home/drdbrioso/.vscode/extensions/ms-vscode.remote-explorer-0.5.0]: Extension is not compatible with Code 1.85.2. Extension requires: ^1.87.0.
2025-10-13 15:58:46.280 [error] [/home/drdbrioso/.vscode/extensions/ms-vscode-remote.remote-wsl-0.104.3]: Extension is not compatible with Code 1.85.2. Extension requires: ^1.104.0.
2025-10-13 15:58:46.280 [error] [/home/drdbrioso/.vscode/extensions/ms-python.debugpy-2025.10.0-linux-x64]: Extension is not compatible with Code 1.85.2. Extension requires: ^1.92.0.
2025-10-13 15:58:46.280 [error] [/home/drdbrioso/.vscode/extensions/ms-vscode-remote.remote-containers-0.427.0]: Extension is not compatible with Code 1.85.2. Extension requires: ^1.99.0.
2025-10-13 15:58:46.280 [error] [/home/drdbrioso/.vscode/extensions/ms-python.vscode-python-envs-1.8.0-linux-x64]: Extension is not compatible with Code 1.85.2. Extension requires: ^1.104.0-20250815.
2025-10-13 15:58:46.281 [error] [/home/drdbrioso/.vscode/extensions/ms-python.python-2025.14.0-linux-x64]: Extension is not compatible with Code 1.85.2. Extension requires: ^1.95.0.
2025-10-13 15:58:46.281 [error] [/home/drdbrioso/.vscode/extensions/ms-python.vscode-pylance-2025.8.3]: Extension is not compatible with Code 1.85.2. Extension requires: ^1.101.0.
2025-10-13 15:58:46.573 [error] [/home/drdbrioso/.vscode/extensions/ms-toolsai.vscode-jupyter-cell-tags-0.1.9]: Extension is not compatible with Code 1.85.2. Extension requires: ^1.88.0.
2025-10-13 15:58:46.574 [error] [/home/drdbrioso/.vscode/extensions/ms-toolsai.vscode-jupyter-slideshow-0.1.6]: Extension is not compatible with Code 1.85.2. Extension requires: ^1.88.0.
2025-10-13 15:58:46.574 [error] [/home/drdbrioso/.vscode/extensions/ms-toolsai.jupyter-renderers-1.3.0]: Extension is not compatible with Code 1.85.2. Extension requires: ^1.95.0.
2025-10-13 15:58:46.582 [error] [/home/drdbrioso/.vscode/extensions/ms-vscode-remote.remote-wsl-0.104.3]: Extension is not compatible with Code 1.85.2. Extension requires: ^1.104.0.
2025-10-13 15:58:46.583 [error] [/home/drdbrioso/.vscode/extensions/ms-python.vscode-python-envs-1.8.0-linux-x64]: Extension is not compatible with Code 1.85.2. Extension requires: ^1.104.0-20250815.
2025-10-13 15:58:46.583 [error] [/home/drdbrioso/.vscode/extensions/ms-vscode.remote-explorer-0.5.0]: Extension is not compatible with Code 1.85.2. Extension requires: ^1.87.0.
2025-10-13 15:58:46.583 [error] [/home/drdbrioso/.vscode/extensions/ms-vscode.remote-server-1.5.3]: Extension is not compatible with Code 1.85.2. Extension requires: ^1.87.0.
2025-10-13 15:58:46.583 [error] [/home/drdbrioso/.vscode/extensions/ms-vscode-remote.remote-containers-0.427.0]: Extension is not compatible with Code 1.85.2. Extension requires: ^1.99.0.
2025-10-13 15:58:46.584 [error] [/home/drdbrioso/.vscode/extensions/ms-python.debugpy-2025.10.0-linux-x64]: Extension is not compatible with Code 1.85.2. Extension requires: ^1.92.0.
2025-10-13 15:58:46.585 [error] [/home/drdbrioso/.vscode/extensions/ms-python.python-2025.14.0-linux-x64]: Extension is not compatible with Code 1.85.2. Extension requires: ^1.95.0.
2025-10-13 15:58:46.588 [error] [/home/drdbrioso/.vscode/extensions/ms-python.vscode-pylance-2025.8.3]: Extension is not compatible with Code 1.85.2. Extension requires: ^1.101.0.
2025-10-13 15:58:46.813 [error] [/home/drdbrioso/.vscode/extensions/ms-toolsai.vscode-jupyter-cell-tags-0.1.9]: Extension is not compatible with Code 1.85.2. Extension requires: ^1.88.0.
2025-10-13 15:58:46.813 [error] [/home/drdbrioso/.vscode/extensions/ms-toolsai.vscode-jupyter-slideshow-0.1.6]: Extension is not compatible with Code 1.85.2. Extension requires: ^1.88.0.
2025-10-13 15:58:46.813 [error] [/home/drdbrioso/.vscode/extensions/ms-toolsai.jupyter-renderers-1.3.0]: Extension is not compatible with Code 1.85.2. Extension requires: ^1.95.0.
2025-10-13 15:58:46.821 [error] [/home/drdbrioso/.vscode/extensions/ms-vscode.remote-server-1.5.3]: Extension is not compatible with Code 1.85.2. Extension requires: ^1.87.0.
2025-10-13 15:58:46.822 [error] [/home/drdbrioso/.vscode/extensions/ms-vscode-remote.remote-wsl-0.104.3]: Extension is not compatible with Code 1.85.2. Extension requires: ^1.104.0.
2025-10-13 15:58:46.823 [error] [/home/drdbrioso/.vscode/extensions/ms-vscode.remote-explorer-0.5.0]: Extension is not compatible with Code 1.85.2. Extension requires: ^1.87.0.
2025-10-13 15:58:46.823 [error] [/home/drdbrioso/.vscode/extensions/ms-vscode-remote.remote-containers-0.427.0]: Extension is not compatible with Code 1.85.2. Extension requires: ^1.99.0.
2025-10-13 15:58:46.824 [error] [/home/drdbrioso/.vscode/extensions/ms-python.vscode-python-envs-1.8.0-linux-x64]: Extension is not compatible with Code 1.85.2. Extension requires: ^1.104.0-20250815.
2025-10-13 15:58:46.824 [error] [/home/drdbrioso/.vscode/extensions/ms-python.debugpy-2025.10.0-linux-x64]: Extension is not compatible with Code 1.85.2. Extension requires: ^1.92.0.
2025-10-13 15:58:46.825 [error] [/home/drdbrioso/.vscode/extensions/ms-python.python-2025.14.0-linux-x64]: Extension is not compatible with Code 1.85.2. Extension requires: ^1.95.0.
2025-10-13 15:58:46.826 [error] [/home/drdbrioso/.vscode/extensions/ms-python.vscode-pylance-2025.8.3]: Extension is not compatible with Code 1.85.2. Extension requires: ^1.101.0.
2025-10-13 15:58:47.081 [error] [/home/drdbrioso/.vscode/extensions/ms-toolsai.vscode-jupyter-slideshow-0.1.6]: Extension is not compatible with Code 1.85.2. Extension requires: ^1.88.0.
2025-10-13 15:58:47.081 [error] [/home/drdbrioso/.vscode/extensions/ms-toolsai.vscode-jupyter-cell-tags-0.1.9]: Extension is not compatible with Code 1.85.2. Extension requires: ^1.88.0.
2025-10-13 15:58:47.081 [error] [/home/drdbrioso/.vscode/extensions/ms-toolsai.jupyter-renderers-1.3.0]: Extension is not compatible with Code 1.85.2. Extension requires: ^1.95.0.
2025-10-13 15:58:47.084 [error] [/home/drdbrioso/.vscode/extensions/ms-vscode.remote-explorer-0.5.0]: Extension is not compatible with Code 1.85.2. Extension requires: ^1.87.0.
2025-10-13 15:58:47.085 [error] [/home/drdbrioso/.vscode/extensions/ms-vscode-remote.remote-containers-0.427.0]: Extension is not compatible with Code 1.85.2. Extension requires: ^1.99.0.
2025-10-13 15:58:47.085 [error] [/home/drdbrioso/.vscode/extensions/ms-python.vscode-python-envs-1.8.0-linux-x64]: Extension is not compatible with Code 1.85.2. Extension requires: ^1.104.0-20250815.
2025-10-13 15:58:47.085 [error] [/home/drdbrioso/.vscode/extensions/ms-python.debugpy-2025.10.0-linux-x64]: Extension is not compatible with Code 1.85.2. Extension requires: ^1.92.0.
2025-10-13 15:58:47.085 [error] [/home/drdbrioso/.vscode/extensions/ms-vscode.remote-server-1.5.3]: Extension is not compatible with Code 1.85.2. Extension requires: ^1.87.0.
2025-10-13 15:58:47.085 [error] [/home/drdbrioso/.vscode/extensions/ms-vscode-remote.remote-wsl-0.104.3]: Extension is not compatible with Code 1.85.2. Extension requires: ^1.104.0.
2025-10-13 15:58:47.086 [error] [/home/drdbrioso/.vscode/extensions/ms-python.python-2025.14.0-linux-x64]: Extension is not compatible with Code 1.85.2. Extension requires: ^1.95.0.
2025-10-13 15:58:47.086 [error] [/home/drdbrioso/.vscode/extensions/ms-python.vscode-pylance-2025.8.3]: Extension is not compatible with Code 1.85.2. Extension requires: ^1.101.0.
2025-10-13 15:58:47.312 [error] [/home/drdbrioso/.vscode/extensions/ms-toolsai.vscode-jupyter-cell-tags-0.1.9]: Extension is not compatible with Code 1.85.2. Extension requires: ^1.88.0.
2025-10-13 15:58:47.312 [error] [/home/drdbrioso/.vscode/extensions/ms-toolsai.vscode-jupyter-slideshow-0.1.6]: Extension is not compatible with Code 1.85.2. Extension requires: ^1.88.0.
2025-10-13 15:58:47.312 [error] [/home/drdbrioso/.vscode/extensions/ms-toolsai.jupyter-renderers-1.3.0]: Extension is not compatible with Code 1.85.2. Extension requires: ^1.95.0.
2025-10-13 15:58:47.321 [error] [/home/drdbrioso/.vscode/extensions/ms-vscode.remote-server-1.5.3]: Extension is not compatible with Code 1.85.2. Extension requires: ^1.87.0.
2025-10-13 15:58:47.321 [error] [/home/drdbrioso/.vscode/extensions/ms-vscode.remote-explorer-0.5.0]: Extension is not compatible with Code 1.85.2. Extension requires: ^1.87.0.
2025-10-13 15:58:47.321 [error] [/home/drdbrioso/.vscode/extensions/ms-python.debugpy-2025.10.0-linux-x64]: Extension is not compatible with Code 1.85.2. Extension requires: ^1.92.0.
2025-10-13 15:58:47.322 [error] [/home/drdbrioso/.vscode/extensions/ms-vscode-remote.remote-wsl-0.104.3]: Extension is not compatible with Code 1.85.2. Extension requires: ^1.104.0.
2025-10-13 15:58:47.322 [error] [/home/drdbrioso/.vscode/extensions/ms-python.vscode-python-envs-1.8.0-linux-x64]: Extension is not compatible with Code 1.85.2. Extension requires: ^1.104.0-20250815.
2025-10-13 15:58:47.322 [error] [/home/drdbrioso/.vscode/extensions/ms-vscode-remote.remote-containers-0.427.0]: Extension is not compatible with Code 1.85.2. Extension requires: ^1.99.0.
2025-10-13 15:58:47.324 [error] [/home/drdbrioso/.vscode/extensions/ms-python.vscode-pylance-2025.8.3]: Extension is not compatible with Code 1.85.2. Extension requires: ^1.101.0.
2025-10-13 15:58:47.324 [error] [/home/drdbrioso/.vscode/extensions/ms-python.python-2025.14.0-linux-x64]: Extension is not compatible with Code 1.85.2. Extension requires: ^1.95.0.
2025-10-13 15:59:02.045 [error] [/home/drdbrioso/.vscode/extensions/ms-toolsai.vscode-jupyter-slideshow-0.1.6]: Extension is not compatible with Code 1.85.2. Extension requires: ^1.88.0.
2025-10-13 15:59:02.046 [error] [/home/drdbrioso/.vscode/extensions/ms-toolsai.vscode-jupyter-cell-tags-0.1.9]: Extension is not compatible with Code 1.85.2. Extension requires: ^1.88.0.
2025-10-13 15:59:02.046 [error] [/home/drdbrioso/.vscode/extensions/ms-toolsai.jupyter-renderers-1.3.0]: Extension is not compatible with Code 1.85.2. Extension requires: ^1.95.0.
2025-10-13 15:59:02.054 [error] [/home/drdbrioso/.vscode/extensions/ms-vscode.remote-server-1.5.3]: Extension is not compatible with Code 1.85.2. Extension requires: ^1.87.0.
2025-10-13 15:59:02.055 [error] [/home/drdbrioso/.vscode/extensions/ms-vscode.remote-explorer-0.5.0]: Extension is not compatible with Code 1.85.2. Extension requires: ^1.87.0.
2025-10-13 15:59:02.055 [error] [/home/drdbrioso/.vscode/extensions/ms-vscode-remote.remote-wsl-0.104.3]: Extension is not compatible with Code 1.85.2. Extension requires: ^1.104.0.
2025-10-13 15:59:02.055 [error] [/home/drdbrioso/.vscode/extensions/ms-python.vscode-python-envs-1.8.0-linux-x64]: Extension is not compatible with Code 1.85.2. Extension requires: ^1.104.0-20250815.
2025-10-13 15:59:02.055 [error] [/home/drdbrioso/.vscode/extensions/ms-python.debugpy-2025.10.0-linux-x64]: Extension is not compatible with Code 1.85.2. Extension requires: ^1.92.0.
2025-10-13 15:59:02.056 [error] [/home/drdbrioso/.vscode/extensions/ms-vscode-remote.remote-containers-0.427.0]: Extension is not compatible with Code 1.85.2. Extension requires: ^1.99.0.
2025-10-13 15:59:02.057 [error] [/home/drdbrioso/.vscode/extensions/ms-python.python-2025.14.0-linux-x64]: Extension is not compatible with Code 1.85.2. Extension requires: ^1.95.0.
2025-10-13 15:59:02.057 [error] [/home/drdbrioso/.vscode/extensions/ms-python.vscode-pylance-2025.8.3]: Extension is not compatible with Code 1.85.2. Extension requires: ^1.101.0.
2025-10-13 15:59:02.058 [error] [/home/drdbrioso/.vscode/extensions/ms-toolsai.vscode-jupyter-cell-tags-0.1.9]: Extension is not compatible with Code 1.85.2. Extension requires: ^1.88.0.
2025-10-13 15:59:02.058 [error] [/home/drdbrioso/.vscode/extensions/ms-toolsai.vscode-jupyter-slideshow-0.1.6]: Extension is not compatible with Code 1.85.2. Extension requires: ^1.88.0.
2025-10-13 15:59:02.058 [error] [/home/drdbrioso/.vscode/extensions/ms-toolsai.jupyter-renderers-1.3.0]: Extension is not compatible with Code 1.85.2. Extension requires: ^1.95.0.
2025-10-13 15:59:02.067 [error] [/home/drdbrioso/.vscode/extensions/ms-vscode.remote-server-1.5.3]: Extension is not compatible with Code 1.85.2. Extension requires: ^1.87.0.
2025-10-13 15:59:02.068 [error] [/home/drdbrioso/.vscode/extensions/ms-vscode-remote.remote-wsl-0.104.3]: Extension is not compatible with Code 1.85.2. Extension requires: ^1.104.0.
2025-10-13 15:59:02.068 [error] [/home/drdbrioso/.vscode/extensions/ms-vscode.remote-explorer-0.5.0]: Extension is not compatible with Code 1.85.2. Extension requires: ^1.87.0.
2025-10-13 15:59:02.068 [error] [/home/drdbrioso/.vscode/extensions/ms-python.debugpy-2025.10.0-linux-x64]: Extension is not compatible with Code 1.85.2. Extension requires: ^1.92.0.
2025-10-13 15:59:02.068 [error] [/home/drdbrioso/.vscode/extensions/ms-python.vscode-python-envs-1.8.0-linux-x64]: Extension is not compatible with Code 1.85.2. Extension requires: ^1.104.0-20250815.
2025-10-13 15:59:02.069 [error] [/home/drdbrioso/.vscode/extensions/ms-vscode-remote.remote-containers-0.427.0]: Extension is not compatible with Code 1.85.2. Extension requires: ^1.99.0.
2025-10-13 15:59:02.069 [error] [/home/drdbrioso/.vscode/extensions/ms-python.python-2025.14.0-linux-x64]: Extension is not compatible with Code 1.85.2. Extension requires: ^1.95.0.
2025-10-13 15:59:02.070 [error] [/home/drdbrioso/.vscode/extensions/ms-python.vscode-pylance-2025.8.3]: Extension is not compatible with Code 1.85.2. Extension requires: ^1.101.0.
2025-10-13 15:59:02.228 [error] [/home/drdbrioso/.vscode/extensions/ms-toolsai.vscode-jupyter-cell-tags-0.1.9]: Extension is not compatible with Code 1.85.2. Extension requires: ^1.88.0.
2025-10-13 15:59:02.229 [error] [/home/drdbrioso/.vscode/extensions/ms-toolsai.vscode-jupyter-slideshow-0.1.6]: Extension is not compatible with Code 1.85.2. Extension requires: ^1.88.0.
2025-10-13 15:59:02.230 [error] [/home/drdbrioso/.vscode/extensions/ms-toolsai.jupyter-renderers-1.3.0]: Extension is not compatible with Code 1.85.2. Extension requires: ^1.95.0.
2025-10-13 15:59:02.258 [error] [/home/drdbrioso/.vscode/extensions/ms-python.vscode-python-envs-1.8.0-linux-x64]: Extension is not compatible with Code 1.85.2. Extension requires: ^1.104.0-20250815.
2025-10-13 15:59:02.258 [error] [/home/drdbrioso/.vscode/extensions/ms-vscode.remote-explorer-0.5.0]: Extension is not compatible with Code 1.85.2. Extension requires: ^1.87.0.
2025-10-13 15:59:02.259 [error] [/home/drdbrioso/.vscode/extensions/ms-vscode.remote-server-1.5.3]: Extension is not compatible with Code 1.85.2. Extension requires: ^1.87.0.
2025-10-13 15:59:02.259 [error] [/home/drdbrioso/.vscode/extensions/ms-python.debugpy-2025.10.0-linux-x64]: Extension is not compatible with Code 1.85.2. Extension requires: ^1.92.0.
2025-10-13 15:59:02.259 [error] [/home/drdbrioso/.vscode/extensions/ms-vscode-remote.remote-wsl-0.104.3]: Extension is not compatible with Code 1.85.2. Extension requires: ^1.104.0.
2025-10-13 15:59:02.259 [error] [/home/drdbrioso/.vscode/extensions/ms-vscode-remote.remote-containers-0.427.0]: Extension is not compatible with Code 1.85.2. Extension requires: ^1.99.0.
2025-10-13 15:59:02.260 [error] [/home/drdbrioso/.vscode/extensions/ms-python.python-2025.14.0-linux-x64]: Extension is not compatible with Code 1.85.2. Extension requires: ^1.95.0.
2025-10-13 15:59:02.261 [error] [/home/drdbrioso/.vscode/extensions/ms-python.vscode-pylance-2025.8.3]: Extension is not compatible with Code 1.85.2. Extension requires: ^1.101.0.
2025-10-13 15:59:02.262 [error] [/home/drdbrioso/.vscode/extensions/ms-toolsai.vscode-jupyter-cell-tags-0.1.9]: Extension is not compatible with Code 1.85.2. Extension requires: ^1.88.0.
2025-10-13 15:59:02.262 [error] [/home/drdbrioso/.vscode/extensions/ms-toolsai.vscode-jupyter-slideshow-0.1.6]: Extension is not compatible with Code 1.85.2. Extension requires: ^1.88.0.
2025-10-13 15:59:02.262 [error] [/home/drdbrioso/.vscode/extensions/ms-toolsai.jupyter-renderers-1.3.0]: Extension is not compatible with Code 1.85.2. Extension requires: ^1.95.0.
2025-10-13 15:59:02.273 [error] [/home/drdbrioso/.vscode/extensions/ms-vscode.remote-server-1.5.3]: Extension is not compatible with Code 1.85.2. Extension requires: ^1.87.0.
2025-10-13 15:59:02.273 [error] [/home/drdbrioso/.vscode/extensions/ms-vscode-remote.remote-wsl-0.104.3]: Extension is not compatible with Code 1.85.2. Extension requires: ^1.104.0.
2025-10-13 15:59:02.274 [error] [/home/drdbrioso/.vscode/extensions/ms-vscode.remote-explorer-0.5.0]: Extension is not compatible with Code 1.85.2. Extension requires: ^1.87.0.
2025-10-13 15:59:02.274 [error] [/home/drdbrioso/.vscode/extensions/ms-python.vscode-python-envs-1.8.0-linux-x64]: Extension is not compatible with Code 1.85.2. Extension requires: ^1.104.0-20250815.
2025-10-13 15:59:02.274 [error] [/home/drdbrioso/.vscode/extensions/ms-python.debugpy-2025.10.0-linux-x64]: Extension is not compatible with Code 1.85.2. Extension requires: ^1.92.0.
2025-10-13 15:59:02.274 [error] [/home/drdbrioso/.vscode/extensions/ms-vscode-remote.remote-containers-0.427.0]: Extension is not compatible with Code 1.85.2. Extension requires: ^1.99.0.
2025-10-13 15:59:02.275 [error] [/home/drdbrioso/.vscode/extensions/ms-python.python-2025.14.0-linux-x64]: Extension is not compatible with Code 1.85.2. Extension requires: ^1.95.0.
2025-10-13 15:59:02.275 [error] [/home/drdbrioso/.vscode/extensions/ms-python.vscode-pylance-2025.8.3]: Extension is not compatible with Code 1.85.2. Extension requires: ^1.101.0.
2025-10-13 15:59:04.727 [error] [/home/drdbrioso/.vscode/extensions/ms-toolsai.vscode-jupyter-slideshow-0.1.6]: Extension is not compatible with Code 1.85.2. Extension requires: ^1.88.0.
2025-10-13 15:59:04.727 [error] [/home/drdbrioso/.vscode/extensions/ms-toolsai.vscode-jupyter-cell-tags-0.1.9]: Extension is not compatible with Code 1.85.2. Extension requires: ^1.88.0.
2025-10-13 15:59:04.727 [error] [/home/drdbrioso/.vscode/extensions/ms-toolsai.jupyter-renderers-1.3.0]: Extension is not compatible with Code 1.85.2. Extension requires: ^1.95.0.
2025-10-13 15:59:04.744 [error] [/home/drdbrioso/.vscode/extensions/ms-toolsai.vscode-jupyter-cell-tags-0.1.9]: Extension is not compatible with Code 1.85.2. Extension requires: ^1.88.0.
2025-10-13 15:59:04.744 [error] [/home/drdbrioso/.vscode/extensions/ms-toolsai.vscode-jupyter-slideshow-0.1.6]: Extension is not compatible with Code 1.85.2. Extension requires: ^1.88.0.
2025-10-13 15:59:04.744 [error] [/home/drdbrioso/.vscode/extensions/ms-toolsai.jupyter-renderers-1.3.0]: Extension is not compatible with Code 1.85.2. Extension requires: ^1.95.0.
2025-10-13 15:59:04.745 [error] [/home/drdbrioso/.vscode/extensions/ms-vscode.remote-server-1.5.3]: Extension is not compatible with Code 1.85.2. Extension requires: ^1.87.0.
2025-10-13 15:59:04.745 [error] [/home/drdbrioso/.vscode/extensions/ms-vscode-remote.remote-wsl-0.104.3]: Extension is not compatible with Code 1.85.2. Extension requires: ^1.104.0.
2025-10-13 15:59:04.746 [error] [/home/drdbrioso/.vscode/extensions/ms-vscode.remote-explorer-0.5.0]: Extension is not compatible with Code 1.85.2. Extension requires: ^1.87.0.
2025-10-13 15:59:04.746 [error] [/home/drdbrioso/.vscode/extensions/ms-python.vscode-python-envs-1.8.0-linux-x64]: Extension is not compatible with Code 1.85.2. Extension requires: ^1.104.0-20250815.
2025-10-13 15:59:04.747 [error] [/home/drdbrioso/.vscode/extensions/ms-vscode-remote.remote-containers-0.427.0]: Extension is not compatible with Code 1.85.2. Extension requires: ^1.99.0.
2025-10-13 15:59:04.747 [error] [/home/drdbrioso/.vscode/extensions/ms-python.debugpy-2025.10.0-linux-x64]: Extension is not compatible with Code 1.85.2. Extension requires: ^1.92.0.
2025-10-13 15:59:04.748 [error] [/home/drdbrioso/.vscode/extensions/ms-python.python-2025.14.0-linux-x64]: Extension is not compatible with Code 1.85.2. Extension requires: ^1.95.0.
2025-10-13 15:59:04.751 [error] [/home/drdbrioso/.vscode/extensions/ms-python.vscode-pylance-2025.8.3]: Extension is not compatible with Code 1.85.2. Extension requires: ^1.101.0.
2025-10-13 15:59:04.753 [error] [/home/drdbrioso/.vscode/extensions/ms-vscode.remote-server-1.5.3]: Extension is not compatible with Code 1.85.2. Extension requires: ^1.87.0.
2025-10-13 15:59:04.753 [error] [/home/drdbrioso/.vscode/extensions/ms-python.debugpy-2025.10.0-linux-x64]: Extension is not compatible with Code 1.85.2. Extension requires: ^1.92.0.
2025-10-13 15:59:04.754 [error] [/home/drdbrioso/.vscode/extensions/ms-vscode-remote.remote-wsl-0.104.3]: Extension is not compatible with Code 1.85.2. Extension requires: ^1.104.0.
2025-10-13 15:59:04.754 [error] [/home/drdbrioso/.vscode/extensions/ms-vscode.remote-explorer-0.5.0]: Extension is not compatible with Code 1.85.2. Extension requires: ^1.87.0.
2025-10-13 15:59:04.754 [error] [/home/drdbrioso/.vscode/extensions/ms-vscode-remote.remote-containers-0.427.0]: Extension is not compatible with Code 1.85.2. Extension requires: ^1.99.0.
2025-10-13 15:59:04.754 [error] [/home/drdbrioso/.vscode/extensions/ms-python.vscode-python-envs-1.8.0-linux-x64]: Extension is not compatible with Code 1.85.2. Extension requires: ^1.104.0-20250815.
2025-10-13 15:59:04.754 [error] [/home/drdbrioso/.vscode/extensions/ms-python.python-2025.14.0-linux-x64]: Extension is not compatible with Code 1.85.2. Extension requires: ^1.95.0.
2025-10-13 15:59:04.755 [error] [/home/drdbrioso/.vscode/extensions/ms-python.vscode-pylance-2025.8.3]: Extension is not compatible with Code 1.85.2. Extension requires: ^1.101.0.
2025-10-13 15:59:17.495 [error] [/home/drdbrioso/.vscode/extensions/ms-toolsai.vscode-jupyter-cell-tags-0.1.9]: Extension is not compatible with Code 1.85.2. Extension requires: ^1.88.0.
2025-10-13 15:59:17.495 [error] [/home/drdbrioso/.vscode/extensions/ms-toolsai.vscode-jupyter-slideshow-0.1.6]: Extension is not compatible with Code 1.85.2. Extension requires: ^1.88.0.
2025-10-13 15:59:17.495 [error] [/home/drdbrioso/.vscode/extensions/ms-toolsai.jupyter-renderers-1.3.0]: Extension is not compatible with Code 1.85.2. Extension requires: ^1.95.0.
2025-10-13 15:59:17.506 [error] [/home/drdbrioso/.vscode/extensions/ms-vscode-remote.remote-wsl-0.104.3]: Extension is not compatible with Code 1.85.2. Extension requires: ^1.104.0.
2025-10-13 15:59:17.507 [error] [/home/drdbrioso/.vscode/extensions/ms-vscode.remote-explorer-0.5.0]: Extension is not compatible with Code 1.85.2. Extension requires: ^1.87.0.
2025-10-13 15:59:17.508 [error] [/home/drdbrioso/.vscode/extensions/ms-vscode-remote.remote-containers-0.427.0]: Extension is not compatible with Code 1.85.2. Extension requires: ^1.99.0.
2025-10-13 15:59:17.508 [error] [/home/drdbrioso/.vscode/extensions/ms-vscode.remote-server-1.5.3]: Extension is not compatible with Code 1.85.2. Extension requires: ^1.87.0.
2025-10-13 15:59:17.508 [error] [/home/drdbrioso/.vscode/extensions/ms-python.debugpy-2025.10.0-linux-x64]: Extension is not compatible with Code 1.85.2. Extension requires: ^1.92.0.
2025-10-13 15:59:17.509 [error] [/home/drdbrioso/.vscode/extensions/ms-python.vscode-python-envs-1.8.0-linux-x64]: Extension is not compatible with Code 1.85.2. Extension requires: ^1.104.0-20250815.
2025-10-13 15:59:17.511 [error] [/home/drdbrioso/.vscode/extensions/ms-python.vscode-pylance-2025.8.3]: Extension is not compatible with Code 1.85.2. Extension requires: ^1.101.0.
2025-10-13 15:59:17.512 [error] [/home/drdbrioso/.vscode/extensions/ms-python.python-2025.14.0-linux-x64]: Extension is not compatible with Code 1.85.2. Extension requires: ^1.95.0.
2025-10-13 15:59:17.561 [error] [/home/drdbrioso/.vscode/extensions/ms-toolsai.vscode-jupyter-cell-tags-0.1.9]: Extension is not compatible with Code 1.85.2. Extension requires: ^1.88.0.
2025-10-13 15:59:17.562 [error] [/home/drdbrioso/.vscode/extensions/ms-toolsai.vscode-jupyter-slideshow-0.1.6]: Extension is not compatible with Code 1.85.2. Extension requires: ^1.88.0.
2025-10-13 15:59:17.562 [error] [/home/drdbrioso/.vscode/extensions/ms-toolsai.jupyter-renderers-1.3.0]: Extension is not compatible with Code 1.85.2. Extension requires: ^1.95.0.
2025-10-13 15:59:17.576 [error] [/home/drdbrioso/.vscode/extensions/ms-vscode.remote-server-1.5.3]: Extension is not compatible with Code 1.85.2. Extension requires: ^1.87.0.
2025-10-13 15:59:17.577 [error] [/home/drdbrioso/.vscode/extensions/ms-vscode-remote.remote-wsl-0.104.3]: Extension is not compatible with Code 1.85.2. Extension requires: ^1.104.0.
2025-10-13 15:59:17.577 [error] [/home/drdbrioso/.vscode/extensions/ms-vscode.remote-explorer-0.5.0]: Extension is not compatible with Code 1.85.2. Extension requires: ^1.87.0.
2025-10-13 15:59:17.578 [error] [/home/drdbrioso/.vscode/extensions/ms-vscode-remote.remote-containers-0.427.0]: Extension is not compatible with Code 1.85.2. Extension requires: ^1.99.0.
2025-10-13 15:59:17.579 [error] [/home/drdbrioso/.vscode/extensions/ms-python.vscode-python-envs-1.8.0-linux-x64]: Extension is not compatible with Code 1.85.2. Extension requires: ^1.104.0-20250815.
2025-10-13 15:59:17.579 [error] [/home/drdbrioso/.vscode/extensions/ms-python.debugpy-2025.10.0-linux-x64]: Extension is not compatible with Code 1.85.2. Extension requires: ^1.92.0.
2025-10-13 15:59:17.579 [error] [/home/drdbrioso/.vscode/extensions/ms-python.python-2025.14.0-linux-x64]: Extension is not compatible with Code 1.85.2. Extension requires: ^1.95.0.
2025-10-13 15:59:17.580 [error] [/home/drdbrioso/.vscode/extensions/ms-python.vscode-pylance-2025.8.3]: Extension is not compatible with Code 1.85.2. Extension requires: ^1.101.0.
2025-10-13 15:59:31.685 [error] [/home/drdbrioso/.vscode/extensions/ms-toolsai.vscode-jupyter-cell-tags-0.1.9]: Extension is not compatible with Code 1.85.2. Extension requires: ^1.88.0.
2025-10-13 15:59:31.685 [error] [/home/drdbrioso/.vscode/extensions/ms-toolsai.vscode-jupyter-slideshow-0.1.6]: Extension is not compatible with Code 1.85.2. Extension requires: ^1.88.0.
2025-10-13 15:59:31.685 [error] [/home/drdbrioso/.vscode/extensions/ms-toolsai.jupyter-renderers-1.3.0]: Extension is not compatible with Code 1.85.2. Extension requires: ^1.95.0.
2025-10-13 15:59:31.703 [error] [/home/drdbrioso/.vscode/extensions/ms-toolsai.vscode-jupyter-cell-tags-0.1.9]: Extension is not compatible with Code 1.85.2. Extension requires: ^1.88.0.
2025-10-13 15:59:31.703 [error] [/home/drdbrioso/.vscode/extensions/ms-toolsai.vscode-jupyter-slideshow-0.1.6]: Extension is not compatible with Code 1.85.2. Extension requires: ^1.88.0.
2025-10-13 15:59:31.703 [error] [/home/drdbrioso/.vscode/extensions/ms-toolsai.jupyter-renderers-1.3.0]: Extension is not compatible with Code 1.85.2. Extension requires: ^1.95.0.
2025-10-13 15:59:31.707 [error] [/home/drdbrioso/.vscode/extensions/ms-vscode.remote-server-1.5.3]: Extension is not compatible with Code 1.85.2. Extension requires: ^1.87.0.
2025-10-13 15:59:31.708 [error] [/home/drdbrioso/.vscode/extensions/ms-vscode.remote-explorer-0.5.0]: Extension is not compatible with Code 1.85.2. Extension requires: ^1.87.0.
2025-10-13 15:59:31.708 [error] [/home/drdbrioso/.vscode/extensions/ms-python.vscode-python-envs-1.8.0-linux-x64]: Extension is not compatible with Code 1.85.2. Extension requires: ^1.104.0-20250815.
2025-10-13 15:59:31.709 [error] [/home/drdbrioso/.vscode/extensions/ms-vscode-remote.remote-wsl-0.104.3]: Extension is not compatible with Code 1.85.2. Extension requires: ^1.104.0.
2025-10-13 15:59:31.710 [error] [/home/drdbrioso/.vscode/extensions/ms-python.debugpy-2025.10.0-linux-x64]: Extension is not compatible with Code 1.85.2. Extension requires: ^1.92.0.
2025-10-13 15:59:31.710 [error] [/home/drdbrioso/.vscode/extensions/ms-vscode-remote.remote-containers-0.427.0]: Extension is not compatible with Code 1.85.2. Extension requires: ^1.99.0.
2025-10-13 15:59:31.711 [error] [/home/drdbrioso/.vscode/extensions/ms-python.python-2025.14.0-linux-x64]: Extension is not compatible with Code 1.85.2. Extension requires: ^1.95.0.
2025-10-13 15:59:31.711 [error] [/home/drdbrioso/.vscode/extensions/ms-python.vscode-pylance-2025.8.3]: Extension is not compatible with Code 1.85.2. Extension requires: ^1.101.0.
2025-10-13 15:59:31.719 [error] [/home/drdbrioso/.vscode/extensions/ms-vscode.remote-server-1.5.3]: Extension is not compatible with Code 1.85.2. Extension requires: ^1.87.0.
2025-10-13 15:59:31.719 [error] [/home/drdbrioso/.vscode/extensions/ms-vscode.remote-explorer-0.5.0]: Extension is not compatible with Code 1.85.2. Extension requires: ^1.87.0.
2025-10-13 15:59:31.719 [error] [/home/drdbrioso/.vscode/extensions/ms-vscode-remote.remote-wsl-0.104.3]: Extension is not compatible with Code 1.85.2. Extension requires: ^1.104.0.
2025-10-13 15:59:31.720 [error] [/home/drdbrioso/.vscode/extensions/ms-python.vscode-python-envs-1.8.0-linux-x64]: Extension is not compatible with Code 1.85.2. Extension requires: ^1.104.0-20250815.
2025-10-13 15:59:31.720 [error] [/home/drdbrioso/.vscode/extensions/ms-vscode-remote.remote-containers-0.427.0]: Extension is not compatible with Code 1.85.2. Extension requires: ^1.99.0.
2025-10-13 15:59:31.720 [error] [/home/drdbrioso/.vscode/extensions/ms-python.debugpy-2025.10.0-linux-x64]: Extension is not compatible with Code 1.85.2. Extension requires: ^1.92.0.
2025-10-13 15:59:31.721 [error] [/home/drdbrioso/.vscode/extensions/ms-python.python-2025.14.0-linux-x64]: Extension is not compatible with Code 1.85.2. Extension requires: ^1.95.0.
2025-10-13 15:59:31.721 [error] [/home/drdbrioso/.vscode/extensions/ms-python.vscode-pylance-2025.8.3]: Extension is not compatible with Code 1.85.2. Extension requires: ^1.101.0.
2025-10-13 15:59:31.865 [error] [/home/drdbrioso/.vscode/extensions/ms-toolsai.vscode-jupyter-cell-tags-0.1.9]: Extension is not compatible with Code 1.85.2. Extension requires: ^1.88.0.
2025-10-13 15:59:31.865 [error] [/home/drdbrioso/.vscode/extensions/ms-toolsai.vscode-jupyter-slideshow-0.1.6]: Extension is not compatible with Code 1.85.2. Extension requires: ^1.88.0.
2025-10-13 15:59:31.865 [error] [/home/drdbrioso/.vscode/extensions/ms-toolsai.jupyter-renderers-1.3.0]: Extension is not compatible with Code 1.85.2. Extension requires: ^1.95.0.
2025-10-13 15:59:31.903 [error] [/home/drdbrioso/.vscode/extensions/ms-vscode.remote-server-1.5.3]: Extension is not compatible with Code 1.85.2. Extension requires: ^1.87.0.
2025-10-13 15:59:31.903 [error] [/home/drdbrioso/.vscode/extensions/ms-vscode-remote.remote-containers-0.427.0]: Extension is not compatible with Code 1.85.2. Extension requires: ^1.99.0.
2025-10-13 15:59:31.904 [error] [/home/drdbrioso/.vscode/extensions/ms-vscode-remote.remote-wsl-0.104.3]: Extension is not compatible with Code 1.85.2. Extension requires: ^1.104.0.
2025-10-13 15:59:31.905 [error] [/home/drdbrioso/.vscode/extensions/ms-vscode.remote-explorer-0.5.0]: Extension is not compatible with Code 1.85.2. Extension requires: ^1.87.0.
2025-10-13 15:59:31.906 [error] [/home/drdbrioso/.vscode/extensions/ms-python.vscode-python-envs-1.8.0-linux-x64]: Extension is not compatible with Code 1.85.2. Extension requires: ^1.104.0-20250815.
2025-10-13 15:59:31.906 [error] [/home/drdbrioso/.vscode/extensions/ms-python.debugpy-2025.10.0-linux-x64]: Extension is not compatible with Code 1.85.2. Extension requires: ^1.92.0.
2025-10-13 15:59:31.907 [error] [/home/drdbrioso/.vscode/extensions/ms-python.python-2025.14.0-linux-x64]: Extension is not compatible with Code 1.85.2. Extension requires: ^1.95.0.
2025-10-13 15:59:31.907 [error] [/home/drdbrioso/.vscode/extensions/ms-python.vscode-pylance-2025.8.3]: Extension is not compatible with Code 1.85.2. Extension requires: ^1.101.0.
2025-10-13 15:59:31.908 [error] [/home/drdbrioso/.vscode/extensions/ms-toolsai.vscode-jupyter-cell-tags-0.1.9]: Extension is not compatible with Code 1.85.2. Extension requires: ^1.88.0.
2025-10-13 15:59:31.908 [error] [/home/drdbrioso/.vscode/extensions/ms-toolsai.vscode-jupyter-slideshow-0.1.6]: Extension is not compatible with Code 1.85.2. Extension requires: ^1.88.0.
2025-10-13 15:59:31.908 [error] [/home/drdbrioso/.vscode/extensions/ms-toolsai.jupyter-renderers-1.3.0]: Extension is not compatible with Code 1.85.2. Extension requires: ^1.95.0.
2025-10-13 15:59:31.919 [error] [/home/drdbrioso/.vscode/extensions/ms-vscode.remote-server-1.5.3]: Extension is not compatible with Code 1.85.2. Extension requires: ^1.87.0.
2025-10-13 15:59:31.919 [error] [/home/drdbrioso/.vscode/extensions/ms-vscode-remote.remote-wsl-0.104.3]: Extension is not compatible with Code 1.85.2. Extension requires: ^1.104.0.
2025-10-13 15:59:31.920 [error] [/home/drdbrioso/.vscode/extensions/ms-vscode-remote.remote-containers-0.427.0]: Extension is not compatible with Code 1.85.2. Extension requires: ^1.99.0.
2025-10-13 15:59:31.921 [error] [/home/drdbrioso/.vscode/extensions/ms-vscode.remote-explorer-0.5.0]: Extension is not compatible with Code 1.85.2. Extension requires: ^1.87.0.
2025-10-13 15:59:31.921 [error] [/home/drdbrioso/.vscode/extensions/ms-python.vscode-python-envs-1.8.0-linux-x64]: Extension is not compatible with Code 1.85.2. Extension requires: ^1.104.0-20250815.
2025-10-13 15:59:31.921 [error] [/home/drdbrioso/.vscode/extensions/ms-python.debugpy-2025.10.0-linux-x64]: Extension is not compatible with Code 1.85.2. Extension requires: ^1.92.0.
2025-10-13 15:59:31.922 [error] [/home/drdbrioso/.vscode/extensions/ms-python.python-2025.14.0-linux-x64]: Extension is not compatible with Code 1.85.2. Extension requires: ^1.95.0.
2025-10-13 15:59:31.923 [error] [/home/drdbrioso/.vscode/extensions/ms-python.vscode-pylance-2025.8.3]: Extension is not compatible with Code 1.85.2. Extension requires: ^1.101.0.
2025-10-13 15:59:34.291 [error] [/home/drdbrioso/.vscode/extensions/ms-toolsai.vscode-jupyter-cell-tags-0.1.9]: Extension is not compatible with Code 1.85.2. Extension requires: ^1.88.0.
2025-10-13 15:59:34.291 [error] [/home/drdbrioso/.vscode/extensions/ms-toolsai.jupyter-renderers-1.3.0]: Extension is not compatible with Code 1.85.2. Extension requires: ^1.95.0.
2025-10-13 15:59:34.292 [error] [/home/drdbrioso/.vscode/extensions/ms-toolsai.vscode-jupyter-slideshow-0.1.6]: Extension is not compatible with Code 1.85.2. Extension requires: ^1.88.0.
2025-10-13 15:59:34.304 [error] [/home/drdbrioso/.vscode/extensions/ms-toolsai.vscode-jupyter-cell-tags-0.1.9]: Extension is not compatible with Code 1.85.2. Extension requires: ^1.88.0.
2025-10-13 15:59:34.304 [error] [/home/drdbrioso/.vscode/extensions/ms-toolsai.vscode-jupyter-slideshow-0.1.6]: Extension is not compatible with Code 1.85.2. Extension requires: ^1.88.0.
2025-10-13 15:59:34.304 [error] [/home/drdbrioso/.vscode/extensions/ms-toolsai.jupyter-renderers-1.3.0]: Extension is not compatible with Code 1.85.2. Extension requires: ^1.95.0.
2025-10-13 15:59:34.305 [error] [/home/drdbrioso/.vscode/extensions/ms-vscode-remote.remote-wsl-0.104.3]: Extension is not compatible with Code 1.85.2. Extension requires: ^1.104.0.
2025-10-13 15:59:34.305 [error] [/home/drdbrioso/.vscode/extensions/ms-python.debugpy-2025.10.0-linux-x64]: Extension is not compatible with Code 1.85.2. Extension requires: ^1.92.0.
2025-10-13 15:59:34.305 [error] [/home/drdbrioso/.vscode/extensions/ms-vscode.remote-explorer-0.5.0]: Extension is not compatible with Code 1.85.2. Extension requires: ^1.87.0.
2025-10-13 15:59:34.305 [error] [/home/drdbrioso/.vscode/extensions/ms-vscode.remote-server-1.5.3]: Extension is not compatible with Code 1.85.2. Extension requires: ^1.87.0.
2025-10-13 15:59:34.306 [error] [/home/drdbrioso/.vscode/extensions/ms-vscode-remote.remote-containers-0.427.0]: Extension is not compatible with Code 1.85.2. Extension requires: ^1.99.0.
2025-10-13 15:59:34.306 [error] [/home/drdbrioso/.vscode/extensions/ms-python.vscode-python-envs-1.8.0-linux-x64]: Extension is not compatible with Code 1.85.2. Extension requires: ^1.104.0-20250815.
2025-10-13 15:59:34.307 [error] [/home/drdbrioso/.vscode/extensions/ms-python.python-2025.14.0-linux-x64]: Extension is not compatible with Code 1.85.2. Extension requires: ^1.95.0.
2025-10-13 15:59:34.308 [error] [/home/drdbrioso/.vscode/extensions/ms-python.vscode-pylance-2025.8.3]: Extension is not compatible with Code 1.85.2. Extension requires: ^1.101.0.
2025-10-13 15:59:34.310 [error] [/home/drdbrioso/.vscode/extensions/ms-vscode.remote-explorer-0.5.0]: Extension is not compatible with Code 1.85.2. Extension requires: ^1.87.0.
2025-10-13 15:59:34.310 [error] [/home/drdbrioso/.vscode/extensions/ms-vscode-remote.remote-wsl-0.104.3]: Extension is not compatible with Code 1.85.2. Extension requires: ^1.104.0.
2025-10-13 15:59:34.310 [error] [/home/drdbrioso/.vscode/extensions/ms-vscode.remote-server-1.5.3]: Extension is not compatible with Code 1.85.2. Extension requires: ^1.87.0.
2025-10-13 15:59:34.311 [error] [/home/drdbrioso/.vscode/extensions/ms-python.debugpy-2025.10.0-linux-x64]: Extension is not compatible with Code 1.85.2. Extension requires: ^1.92.0.
2025-10-13 15:59:34.311 [error] [/home/drdbrioso/.vscode/extensions/ms-python.vscode-python-envs-1.8.0-linux-x64]: Extension is not compatible with Code 1.85.2. Extension requires: ^1.104.0-20250815.
2025-10-13 15:59:34.311 [error] [/home/drdbrioso/.vscode/extensions/ms-vscode-remote.remote-containers-0.427.0]: Extension is not compatible with Code 1.85.2. Extension requires: ^1.99.0.
2025-10-13 15:59:34.312 [error] [/home/drdbrioso/.vscode/extensions/ms-python.python-2025.14.0-linux-x64]: Extension is not compatible with Code 1.85.2. Extension requires: ^1.95.0.
2025-10-13 15:59:34.312 [error] [/home/drdbrioso/.vscode/extensions/ms-python.vscode-pylance-2025.8.3]: Extension is not compatible with Code 1.85.2. Extension requires: ^1.101.0.
2025-10-13 15:59:47.152 [error] [/home/drdbrioso/.vscode/extensions/ms-toolsai.vscode-jupyter-cell-tags-0.1.9]: Extension is not compatible with Code 1.85.2. Extension requires: ^1.88.0.
2025-10-13 15:59:47.153 [error] [/home/drdbrioso/.vscode/extensions/ms-toolsai.vscode-jupyter-slideshow-0.1.6]: Extension is not compatible with Code 1.85.2. Extension requires: ^1.88.0.
2025-10-13 15:59:47.153 [error] [/home/drdbrioso/.vscode/extensions/ms-toolsai.jupyter-renderers-1.3.0]: Extension is not compatible with Code 1.85.2. Extension requires: ^1.95.0.
2025-10-13 15:59:47.161 [error] [/home/drdbrioso/.vscode/extensions/ms-vscode.remote-server-1.5.3]: Extension is not compatible with Code 1.85.2. Extension requires: ^1.87.0.
2025-10-13 15:59:47.161 [error] [/home/drdbrioso/.vscode/extensions/ms-vscode.remote-explorer-0.5.0]: Extension is not compatible with Code 1.85.2. Extension requires: ^1.87.0.
2025-10-13 15:59:47.161 [error] [/home/drdbrioso/.vscode/extensions/ms-python.vscode-python-envs-1.8.0-linux-x64]: Extension is not compatible with Code 1.85.2. Extension requires: ^1.104.0-20250815.
2025-10-13 15:59:47.161 [error] [/home/drdbrioso/.vscode/extensions/ms-vscode-remote.remote-wsl-0.104.3]: Extension is not compatible with Code 1.85.2. Extension requires: ^1.104.0.
2025-10-13 15:59:47.162 [error] [/home/drdbrioso/.vscode/extensions/ms-python.debugpy-2025.10.0-linux-x64]: Extension is not compatible with Code 1.85.2. Extension requires: ^1.92.0.
2025-10-13 15:59:47.162 [error] [/home/drdbrioso/.vscode/extensions/ms-vscode-remote.remote-containers-0.427.0]: Extension is not compatible with Code 1.85.2. Extension requires: ^1.99.0.
2025-10-13 15:59:47.164 [error] [/home/drdbrioso/.vscode/extensions/ms-python.vscode-pylance-2025.8.3]: Extension is not compatible with Code 1.85.2. Extension requires: ^1.101.0.
2025-10-13 15:59:47.165 [error] [/home/drdbrioso/.vscode/extensions/ms-python.python-2025.14.0-linux-x64]: Extension is not compatible with Code 1.85.2. Extension requires: ^1.95.0.
2025-10-13 15:59:47.243 [error] [/home/drdbrioso/.vscode/extensions/ms-toolsai.vscode-jupyter-cell-tags-0.1.9]: Extension is not compatible with Code 1.85.2. Extension requires: ^1.88.0.
2025-10-13 15:59:47.243 [error] [/home/drdbrioso/.vscode/extensions/ms-toolsai.vscode-jupyter-slideshow-0.1.6]: Extension is not compatible with Code 1.85.2. Extension requires: ^1.88.0.
2025-10-13 15:59:47.243 [error] [/home/drdbrioso/.vscode/extensions/ms-toolsai.jupyter-renderers-1.3.0]: Extension is not compatible with Code 1.85.2. Extension requires: ^1.95.0.
2025-10-13 15:59:47.247 [error] [/home/drdbrioso/.vscode/extensions/ms-vscode-remote.remote-containers-0.427.0]: Extension is not compatible with Code 1.85.2. Extension requires: ^1.99.0.
2025-10-13 15:59:47.247 [error] [/home/drdbrioso/.vscode/extensions/ms-vscode-remote.remote-wsl-0.104.3]: Extension is not compatible with Code 1.85.2. Extension requires: ^1.104.0.
2025-10-13 15:59:47.247 [error] [/home/drdbrioso/.vscode/extensions/ms-vscode.remote-server-1.5.3]: Extension is not compatible with Code 1.85.2. Extension requires: ^1.87.0.
2025-10-13 15:59:47.247 [error] [/home/drdbrioso/.vscode/extensions/ms-python.debugpy-2025.10.0-linux-x64]: Extension is not compatible with Code 1.85.2. Extension requires: ^1.92.0.
2025-10-13 15:59:47.247 [error] [/home/drdbrioso/.vscode/extensions/ms-vscode.remote-explorer-0.5.0]: Extension is not compatible with Code 1.85.2. Extension requires: ^1.87.0.
2025-10-13 15:59:47.248 [error] [/home/drdbrioso/.vscode/extensions/ms-python.vscode-python-envs-1.8.0-linux-x64]: Extension is not compatible with Code 1.85.2. Extension requires: ^1.104.0-20250815.
2025-10-13 15:59:47.248 [error] [/home/drdbrioso/.vscode/extensions/ms-python.python-2025.14.0-linux-x64]: Extension is not compatible with Code 1.85.2. Extension requires: ^1.95.0.
2025-10-13 15:59:47.251 [error] [/home/drdbrioso/.vscode/extensions/ms-python.vscode-pylance-2025.8.3]: Extension is not compatible with Code 1.85.2. Extension requires: ^1.101.0.
2025-10-13 16:00:03.063 [error] [/home/drdbrioso/.vscode/extensions/ms-toolsai.vscode-jupyter-cell-tags-0.1.9]: Extension is not compatible with Code 1.85.2. Extension requires: ^1.88.0.
2025-10-13 16:00:03.064 [error] [/home/drdbrioso/.vscode/extensions/ms-toolsai.vscode-jupyter-slideshow-0.1.6]: Extension is not compatible with Code 1.85.2. Extension requires: ^1.88.0.
2025-10-13 16:00:03.064 [error] [/home/drdbrioso/.vscode/extensions/ms-toolsai.jupyter-renderers-1.3.0]: Extension is not compatible with Code 1.85.2. Extension requires: ^1.95.0.
2025-10-13 16:00:03.094 [error] [/home/drdbrioso/.vscode/extensions/ms-vscode.remote-server-1.5.3]: Extension is not compatible with Code 1.85.2. Extension requires: ^1.87.0.
2025-10-13 16:00:03.095 [error] [/home/drdbrioso/.vscode/extensions/ms-vscode-remote.remote-wsl-0.104.3]: Extension is not compatible with Code 1.85.2. Extension requires: ^1.104.0.
2025-10-13 16:00:03.096 [error] [/home/drdbrioso/.vscode/extensions/ms-vscode.remote-explorer-0.5.0]: Extension is not compatible with Code 1.85.2. Extension requires: ^1.87.0.
2025-10-13 16:00:03.096 [error] [/home/drdbrioso/.vscode/extensions/ms-python.vscode-python-envs-1.8.0-linux-x64]: Extension is not compatible with Code 1.85.2. Extension requires: ^1.104.0-20250815.
2025-10-13 16:00:03.096 [error] [/home/drdbrioso/.vscode/extensions/ms-python.debugpy-2025.10.0-linux-x64]: Extension is not compatible with Code 1.85.2. Extension requires: ^1.92.0.
2025-10-13 16:00:03.096 [error] [/home/drdbrioso/.vscode/extensions/ms-vscode-remote.remote-containers-0.427.0]: Extension is not compatible with Code 1.85.2. Extension requires: ^1.99.0.
2025-10-13 16:00:03.097 [error] [/home/drdbrioso/.vscode/extensions/ms-python.python-2025.14.0-linux-x64]: Extension is not compatible with Code 1.85.2. Extension requires: ^1.95.0.
2025-10-13 16:00:03.098 [error] [/home/drdbrioso/.vscode/extensions/ms-python.vscode-pylance-2025.8.3]: Extension is not compatible with Code 1.85.2. Extension requires: ^1.101.0.
2025-10-13 16:00:03.099 [error] [/home/drdbrioso/.vscode/extensions/ms-toolsai.vscode-jupyter-slideshow-0.1.6]: Extension is not compatible with Code 1.85.2. Extension requires: ^1.88.0.
2025-10-13 16:00:03.099 [error] [/home/drdbrioso/.vscode/extensions/ms-toolsai.vscode-jupyter-cell-tags-0.1.9]: Extension is not compatible with Code 1.85.2. Extension requires: ^1.88.0.
2025-10-13 16:00:03.099 [error] [/home/drdbrioso/.vscode/extensions/ms-toolsai.jupyter-renderers-1.3.0]: Extension is not compatible with Code 1.85.2. Extension requires: ^1.95.0.
2025-10-13 16:00:03.110 [error] [/home/drdbrioso/.vscode/extensions/ms-vscode.remote-server-1.5.3]: Extension is not compatible with Code 1.85.2. Extension requires: ^1.87.0.
2025-10-13 16:00:03.111 [error] [/home/drdbrioso/.vscode/extensions/ms-vscode-remote.remote-wsl-0.104.3]: Extension is not compatible with Code 1.85.2. Extension requires: ^1.104.0.
2025-10-13 16:00:03.111 [error] [/home/drdbrioso/.vscode/extensions/ms-vscode.remote-explorer-0.5.0]: Extension is not compatible with Code 1.85.2. Extension requires: ^1.87.0.
2025-10-13 16:00:03.111 [error] [/home/drdbrioso/.vscode/extensions/ms-python.vscode-python-envs-1.8.0-linux-x64]: Extension is not compatible with Code 1.85.2. Extension requires: ^1.104.0-20250815.
2025-10-13 16:00:03.112 [error] [/home/drdbrioso/.vscode/extensions/ms-python.debugpy-2025.10.0-linux-x64]: Extension is not compatible with Code 1.85.2. Extension requires: ^1.92.0.
2025-10-13 16:00:03.113 [error] [/home/drdbrioso/.vscode/extensions/ms-vscode-remote.remote-containers-0.427.0]: Extension is not compatible with Code 1.85.2. Extension requires: ^1.99.0.
2025-10-13 16:00:03.114 [error] [/home/drdbrioso/.vscode/extensions/ms-python.python-2025.14.0-linux-x64]: Extension is not compatible with Code 1.85.2. Extension requires: ^1.95.0.
2025-10-13 16:00:03.115 [error] [/home/drdbrioso/.vscode/extensions/ms-python.vscode-pylance-2025.8.3]: Extension is not compatible with Code 1.85.2. Extension requires: ^1.101.0.
2025-10-13 16:00:03.201 [error] [/home/drdbrioso/.vscode/extensions/ms-toolsai.vscode-jupyter-slideshow-0.1.6]: Extension is not compatible with Code 1.85.2. Extension requires: ^1.88.0.
2025-10-13 16:00:03.202 [error] [/home/drdbrioso/.vscode/extensions/ms-toolsai.vscode-jupyter-cell-tags-0.1.9]: Extension is not compatible with Code 1.85.2. Extension requires: ^1.88.0.
2025-10-13 16:00:03.202 [error] [/home/drdbrioso/.vscode/extensions/ms-toolsai.jupyter-renderers-1.3.0]: Extension is not compatible with Code 1.85.2. Extension requires: ^1.95.0.
2025-10-13 16:00:03.220 [error] [/home/drdbrioso/.vscode/extensions/ms-toolsai.vscode-jupyter-slideshow-0.1.6]: Extension is not compatible with Code 1.85.2. Extension requires: ^1.88.0.
2025-10-13 16:00:03.221 [error] [/home/drdbrioso/.vscode/extensions/ms-toolsai.vscode-jupyter-cell-tags-0.1.9]: Extension is not compatible with Code 1.85.2. Extension requires: ^1.88.0.
2025-10-13 16:00:03.221 [error] [/home/drdbrioso/.vscode/extensions/ms-toolsai.jupyter-renderers-1.3.0]: Extension is not compatible with Code 1.85.2. Extension requires: ^1.95.0.
2025-10-13 16:00:03.221 [error] [/home/drdbrioso/.vscode/extensions/ms-vscode.remote-server-1.5.3]: Extension is not compatible with Code 1.85.2. Extension requires: ^1.87.0.
2025-10-13 16:00:03.222 [error] [/home/drdbrioso/.vscode/extensions/ms-vscode-remote.remote-wsl-0.104.3]: Extension is not compatible with Code 1.85.2. Extension requires: ^1.104.0.
2025-10-13 16:00:03.222 [error] [/home/drdbrioso/.vscode/extensions/ms-vscode.remote-explorer-0.5.0]: Extension is not compatible with Code 1.85.2. Extension requires: ^1.87.0.
2025-10-13 16:00:03.222 [error] [/home/drdbrioso/.vscode/extensions/ms-vscode-remote.remote-containers-0.427.0]: Extension is not compatible with Code 1.85.2. Extension requires: ^1.99.0.
2025-10-13 16:00:03.223 [error] [/home/drdbrioso/.vscode/extensions/ms-python.vscode-python-envs-1.8.0-linux-x64]: Extension is not compatible with Code 1.85.2. Extension requires: ^1.104.0-20250815.
2025-10-13 16:00:03.224 [error] [/home/drdbrioso/.vscode/extensions/ms-python.debugpy-2025.10.0-linux-x64]: Extension is not compatible with Code 1.85.2. Extension requires: ^1.92.0.
2025-10-13 16:00:03.225 [error] [/home/drdbrioso/.vscode/extensions/ms-python.python-2025.14.0-linux-x64]: Extension is not compatible with Code 1.85.2. Extension requires: ^1.95.0.
2025-10-13 16:00:03.226 [error] [/home/drdbrioso/.vscode/extensions/ms-python.vscode-pylance-2025.8.3]: Extension is not compatible with Code 1.85.2. Extension requires: ^1.101.0.
2025-10-13 16:00:03.230 [error] [/home/drdbrioso/.vscode/extensions/ms-vscode.remote-server-1.5.3]: Extension is not compatible with Code 1.85.2. Extension requires: ^1.87.0.
2025-10-13 16:00:03.231 [error] [/home/drdbrioso/.vscode/extensions/ms-vscode-remote.remote-wsl-0.104.3]: Extension is not compatible with Code 1.85.2. Extension requires: ^1.104.0.
2025-10-13 16:00:03.231 [error] [/home/drdbrioso/.vscode/extensions/ms-vscode.remote-explorer-0.5.0]: Extension is not compatible with Code 1.85.2. Extension requires: ^1.87.0.
2025-10-13 16:00:03.231 [error] [/home/drdbrioso/.vscode/extensions/ms-vscode-remote.remote-containers-0.427.0]: Extension is not compatible with Code 1.85.2. Extension requires: ^1.99.0.
2025-10-13 16:00:03.232 [error] [/home/drdbrioso/.vscode/extensions/ms-python.vscode-python-envs-1.8.0-linux-x64]: Extension is not compatible with Code 1.85.2. Extension requires: ^1.104.0-20250815.
2025-10-13 16:00:03.232 [error] [/home/drdbrioso/.vscode/extensions/ms-python.debugpy-2025.10.0-linux-x64]: Extension is not compatible with Code 1.85.2. Extension requires: ^1.92.0.
2025-10-13 16:00:03.233 [error] [/home/drdbrioso/.vscode/extensions/ms-python.python-2025.14.0-linux-x64]: Extension is not compatible with Code 1.85.2. Extension requires: ^1.95.0.
2025-10-13 16:00:03.233 [error] [/home/drdbrioso/.vscode/extensions/ms-python.vscode-pylance-2025.8.3]: Extension is not compatible with Code 1.85.2. Extension requires: ^1.101.0.
2025-10-13 16:00:05.662 [error] [/home/drdbrioso/.vscode/extensions/ms-toolsai.vscode-jupyter-cell-tags-0.1.9]: Extension is not compatible with Code 1.85.2. Extension requires: ^1.88.0.
2025-10-13 16:00:05.662 [error] [/home/drdbrioso/.vscode/extensions/ms-toolsai.vscode-jupyter-slideshow-0.1.6]: Extension is not compatible with Code 1.85.2. Extension requires: ^1.88.0.
2025-10-13 16:00:05.663 [error] [/home/drdbrioso/.vscode/extensions/ms-toolsai.jupyter-renderers-1.3.0]: Extension is not compatible with Code 1.85.2. Extension requires: ^1.95.0.
2025-10-13 16:00:05.675 [error] [/home/drdbrioso/.vscode/extensions/ms-toolsai.vscode-jupyter-cell-tags-0.1.9]: Extension is not compatible with Code 1.85.2. Extension requires: ^1.88.0.
2025-10-13 16:00:05.675 [error] [/home/drdbrioso/.vscode/extensions/ms-toolsai.vscode-jupyter-slideshow-0.1.6]: Extension is not compatible with Code 1.85.2. Extension requires: ^1.88.0.
2025-10-13 16:00:05.675 [error] [/home/drdbrioso/.vscode/extensions/ms-toolsai.jupyter-renderers-1.3.0]: Extension is not compatible with Code 1.85.2. Extension requires: ^1.95.0.
2025-10-13 16:00:05.676 [error] [/home/drdbrioso/.vscode/extensions/ms-vscode-remote.remote-containers-0.427.0]: Extension is not compatible with Code 1.85.2. Extension requires: ^1.99.0.
2025-10-13 16:00:05.676 [error] [/home/drdbrioso/.vscode/extensions/ms-vscode.remote-explorer-0.5.0]: Extension is not compatible with Code 1.85.2. Extension requires: ^1.87.0.
2025-10-13 16:00:05.676 [error] [/home/drdbrioso/.vscode/extensions/ms-vscode-remote.remote-wsl-0.104.3]: Extension is not compatible with Code 1.85.2. Extension requires: ^1.104.0.
2025-10-13 16:00:05.676 [error] [/home/drdbrioso/.vscode/extensions/ms-vscode.remote-server-1.5.3]: Extension is not compatible with Code 1.85.2. Extension requires: ^1.87.0.
2025-10-13 16:00:05.677 [error] [/home/drdbrioso/.vscode/extensions/ms-python.debugpy-2025.10.0-linux-x64]: Extension is not compatible with Code 1.85.2. Extension requires: ^1.92.0.
2025-10-13 16:00:05.678 [error] [/home/drdbrioso/.vscode/extensions/ms-python.python-2025.14.0-linux-x64]: Extension is not compatible with Code 1.85.2. Extension requires: ^1.95.0.
2025-10-13 16:00:05.679 [error] [/home/drdbrioso/.vscode/extensions/ms-python.vscode-pylance-2025.8.3]: Extension is not compatible with Code 1.85.2. Extension requires: ^1.101.0.
2025-10-13 16:00:05.679 [error] [/home/drdbrioso/.vscode/extensions/ms-python.vscode-python-envs-1.8.0-linux-x64]: Extension is not compatible with Code 1.85.2. Extension requires: ^1.104.0-20250815.
2025-10-13 16:00:05.681 [error] [/home/drdbrioso/.vscode/extensions/ms-vscode.remote-server-1.5.3]: Extension is not compatible with Code 1.85.2. Extension requires: ^1.87.0.
2025-10-13 16:00:05.682 [error] [/home/drdbrioso/.vscode/extensions/ms-vscode.remote-explorer-0.5.0]: Extension is not compatible with Code 1.85.2. Extension requires: ^1.87.0.
2025-10-13 16:00:05.682 [error] [/home/drdbrioso/.vscode/extensions/ms-vscode-remote.remote-wsl-0.104.3]: Extension is not compatible with Code 1.85.2. Extension requires: ^1.104.0.
2025-10-13 16:00:05.682 [error] [/home/drdbrioso/.vscode/extensions/ms-python.vscode-python-envs-1.8.0-linux-x64]: Extension is not compatible with Code 1.85.2. Extension requires: ^1.104.0-20250815.
2025-10-13 16:00:05.682 [error] [/home/drdbrioso/.vscode/extensions/ms-python.debugpy-2025.10.0-linux-x64]: Extension is not compatible with Code 1.85.2. Extension requires: ^1.92.0.
2025-10-13 16:00:05.682 [error] [/home/drdbrioso/.vscode/extensions/ms-vscode-remote.remote-containers-0.427.0]: Extension is not compatible with Code 1.85.2. Extension requires: ^1.99.0.
2025-10-13 16:00:05.683 [error] [/home/drdbrioso/.vscode/extensions/ms-python.python-2025.14.0-linux-x64]: Extension is not compatible with Code 1.85.2. Extension requires: ^1.95.0.
2025-10-13 16:00:05.684 [error] [/home/drdbrioso/.vscode/extensions/ms-python.vscode-pylance-2025.8.3]: Extension is not compatible with Code 1.85.2. Extension requires: ^1.101.0.
2025-10-13 16:00:09.261 [error] [/home/drdbrioso/.vscode/extensions/ms-toolsai.vscode-jupyter-cell-tags-0.1.9]: Extension is not compatible with Code 1.85.2. Extension requires: ^1.88.0.
2025-10-13 16:00:09.261 [error] [/home/drdbrioso/.vscode/extensions/ms-toolsai.vscode-jupyter-slideshow-0.1.6]: Extension is not compatible with Code 1.85.2. Extension requires: ^1.88.0.
2025-10-13 16:00:09.262 [error] [/home/drdbrioso/.vscode/extensions/ms-toolsai.jupyter-renderers-1.3.0]: Extension is not compatible with Code 1.85.2. Extension requires: ^1.95.0.
2025-10-13 16:00:09.277 [error] [/home/drdbrioso/.vscode/extensions/ms-vscode.remote-server-1.5.3]: Extension is not compatible with Code 1.85.2. Extension requires: ^1.87.0.
2025-10-13 16:00:09.279 [error] [/home/drdbrioso/.vscode/extensions/ms-vscode-remote.remote-wsl-0.104.3]: Extension is not compatible with Code 1.85.2. Extension requires: ^1.104.0.
2025-10-13 16:00:09.280 [error] [/home/drdbrioso/.vscode/extensions/ms-vscode-remote.remote-containers-0.427.0]: Extension is not compatible with Code 1.85.2. Extension requires: ^1.99.0.
2025-10-13 16:00:09.280 [error] [/home/drdbrioso/.vscode/extensions/ms-vscode.remote-explorer-0.5.0]: Extension is not compatible with Code 1.85.2. Extension requires: ^1.87.0.
2025-10-13 16:00:09.281 [error] [/home/drdbrioso/.vscode/extensions/ms-python.vscode-python-envs-1.8.0-linux-x64]: Extension is not compatible with Code 1.85.2. Extension requires: ^1.104.0-20250815.
2025-10-13 16:00:09.281 [error] [/home/drdbrioso/.vscode/extensions/ms-python.debugpy-2025.10.0-linux-x64]: Extension is not compatible with Code 1.85.2. Extension requires: ^1.92.0.
2025-10-13 16:00:09.282 [error] [/home/drdbrioso/.vscode/extensions/ms-python.python-2025.14.0-linux-x64]: Extension is not compatible with Code 1.85.2. Extension requires: ^1.95.0.
2025-10-13 16:00:09.283 [error] [/home/drdbrioso/.vscode/extensions/ms-python.vscode-pylance-2025.8.3]: Extension is not compatible with Code 1.85.2. Extension requires: ^1.101.0.
2025-10-13 16:00:10.405 [error] [/home/drdbrioso/.vscode/extensions/ms-toolsai.vscode-jupyter-slideshow-0.1.6]: Extension is not compatible with Code 1.85.2. Extension requires: ^1.88.0.
2025-10-13 16:00:10.406 [error] [/home/drdbrioso/.vscode/extensions/ms-toolsai.vscode-jupyter-cell-tags-0.1.9]: Extension is not compatible with Code 1.85.2. Extension requires: ^1.88.0.
2025-10-13 16:00:10.406 [error] [/home/drdbrioso/.vscode/extensions/ms-toolsai.jupyter-renderers-1.3.0]: Extension is not compatible with Code 1.85.2. Extension requires: ^1.95.0.
2025-10-13 16:00:10.431 [error] [/home/drdbrioso/.vscode/extensions/ms-vscode-remote.remote-containers-0.427.0]: Extension is not compatible with Code 1.85.2. Extension requires: ^1.99.0.
2025-10-13 16:00:10.431 [error] [/home/drdbrioso/.vscode/extensions/ms-vscode.remote-server-1.5.3]: Extension is not compatible with Code 1.85.2. Extension requires: ^1.87.0.
2025-10-13 16:00:10.432 [error] [/home/drdbrioso/.vscode/extensions/ms-vscode-remote.remote-wsl-0.104.3]: Extension is not compatible with Code 1.85.2. Extension requires: ^1.104.0.
2025-10-13 16:00:10.432 [error] [/home/drdbrioso/.vscode/extensions/ms-vscode.remote-explorer-0.5.0]: Extension is not compatible with Code 1.85.2. Extension requires: ^1.87.0.
2025-10-13 16:00:10.432 [error] [/home/drdbrioso/.vscode/extensions/ms-python.vscode-python-envs-1.8.0-linux-x64]: Extension is not compatible with Code 1.85.2. Extension requires: ^1.104.0-20250815.
2025-10-13 16:00:10.433 [error] [/home/drdbrioso/.vscode/extensions/ms-python.debugpy-2025.10.0-linux-x64]: Extension is not compatible with Code 1.85.2. Extension requires: ^1.92.0.
2025-10-13 16:00:10.435 [error] [/home/drdbrioso/.vscode/extensions/ms-python.python-2025.14.0-linux-x64]: Extension is not compatible with Code 1.85.2. Extension requires: ^1.95.0.
2025-10-13 16:00:10.436 [error] [/home/drdbrioso/.vscode/extensions/ms-python.vscode-pylance-2025.8.3]: Extension is not compatible with Code 1.85.2. Extension requires: ^1.101.0.
2025-10-13 16:00:10.657 [error] [/home/drdbrioso/.vscode/extensions/ms-toolsai.vscode-jupyter-slideshow-0.1.6]: Extension is not compatible with Code 1.85.2. Extension requires: ^1.88.0.
2025-10-13 16:00:10.657 [error] [/home/drdbrioso/.vscode/extensions/ms-toolsai.vscode-jupyter-cell-tags-0.1.9]: Extension is not compatible with Code 1.85.2. Extension requires: ^1.88.0.
2025-10-13 16:00:10.658 [error] [/home/drdbrioso/.vscode/extensions/ms-toolsai.jupyter-renderers-1.3.0]: Extension is not compatible with Code 1.85.2. Extension requires: ^1.95.0.
2025-10-13 16:00:10.658 [error] [/home/drdbrioso/.vscode/extensions/ms-vscode-remote.remote-wsl-0.104.3]: Extension is not compatible with Code 1.85.2. Extension requires: ^1.104.0.
2025-10-13 16:00:10.658 [error] [/home/drdbrioso/.vscode/extensions/ms-vscode.remote-explorer-0.5.0]: Extension is not compatible with Code 1.85.2. Extension requires: ^1.87.0.
2025-10-13 16:00:10.658 [error] [/home/drdbrioso/.vscode/extensions/ms-vscode.remote-server-1.5.3]: Extension is not compatible with Code 1.85.2. Extension requires: ^1.87.0.
2025-10-13 16:00:10.659 [error] [/home/drdbrioso/.vscode/extensions/ms-vscode-remote.remote-containers-0.427.0]: Extension is not compatible with Code 1.85.2. Extension requires: ^1.99.0.
2025-10-13 16:00:10.659 [error] [/home/drdbrioso/.vscode/extensions/ms-python.debugpy-2025.10.0-linux-x64]: Extension is not compatible with Code 1.85.2. Extension requires: ^1.92.0.
2025-10-13 16:00:10.659 [error] [/home/drdbrioso/.vscode/extensions/ms-python.vscode-python-envs-1.8.0-linux-x64]: Extension is not compatible with Code 1.85.2. Extension requires: ^1.104.0-20250815.
2025-10-13 16:00:10.661 [error] [/home/drdbrioso/.vscode/extensions/ms-python.vscode-pylance-2025.8.3]: Extension is not compatible with Code 1.85.2. Extension requires: ^1.101.0.
2025-10-13 16:00:10.661 [error] [/home/drdbrioso/.vscode/extensions/ms-python.python-2025.14.0-linux-x64]: Extension is not compatible with Code 1.85.2. Extension requires: ^1.95.0.
2025-10-13 16:00:10.848 [error] [/home/drdbrioso/.vscode/extensions/ms-toolsai.vscode-jupyter-cell-tags-0.1.9]: Extension is not compatible with Code 1.85.2. Extension requires: ^1.88.0.
2025-10-13 16:00:10.849 [error] [/home/drdbrioso/.vscode/extensions/ms-toolsai.vscode-jupyter-slideshow-0.1.6]: Extension is not compatible with Code 1.85.2. Extension requires: ^1.88.0.
2025-10-13 16:00:10.849 [error] [/home/drdbrioso/.vscode/extensions/ms-toolsai.jupyter-renderers-1.3.0]: Extension is not compatible with Code 1.85.2. Extension requires: ^1.95.0.
2025-10-13 16:00:10.854 [error] [/home/drdbrioso/.vscode/extensions/ms-vscode.remote-server-1.5.3]: Extension is not compatible with Code 1.85.2. Extension requires: ^1.87.0.
2025-10-13 16:00:10.855 [error] [/home/drdbrioso/.vscode/extensions/ms-vscode-remote.remote-containers-0.427.0]: Extension is not compatible with Code 1.85.2. Extension requires: ^1.99.0.
2025-10-13 16:00:10.856 [error] [/home/drdbrioso/.vscode/extensions/ms-vscode.remote-explorer-0.5.0]: Extension is not compatible with Code 1.85.2. Extension requires: ^1.87.0.
2025-10-13 16:00:10.857 [error] [/home/drdbrioso/.vscode/extensions/ms-python.vscode-python-envs-1.8.0-linux-x64]: Extension is not compatible with Code 1.85.2. Extension requires: ^1.104.0-20250815.
2025-10-13 16:00:10.857 [error] [/home/drdbrioso/.vscode/extensions/ms-python.debugpy-2025.10.0-linux-x64]: Extension is not compatible with Code 1.85.2. Extension requires: ^1.92.0.
2025-10-13 16:00:10.858 [error] [/home/drdbrioso/.vscode/extensions/ms-vscode-remote.remote-wsl-0.104.3]: Extension is not compatible with Code 1.85.2. Extension requires: ^1.104.0.
2025-10-13 16:00:10.861 [error] [/home/drdbrioso/.vscode/extensions/ms-python.python-2025.14.0-linux-x64]: Extension is not compatible with Code 1.85.2. Extension requires: ^1.95.0.
2025-10-13 16:00:10.866 [error] [/home/drdbrioso/.vscode/extensions/ms-python.vscode-pylance-2025.8.3]: Extension is not compatible with Code 1.85.2. Extension requires: ^1.101.0.
2025-10-13 16:00:10.979 [error] [/home/drdbrioso/.vscode/extensions/ms-toolsai.vscode-jupyter-cell-tags-0.1.9]: Extension is not compatible with Code 1.85.2. Extension requires: ^1.88.0.
2025-10-13 16:00:10.979 [error] [/home/drdbrioso/.vscode/extensions/ms-toolsai.vscode-jupyter-slideshow-0.1.6]: Extension is not compatible with Code 1.85.2. Extension requires: ^1.88.0.
2025-10-13 16:00:10.979 [error] [/home/drdbrioso/.vscode/extensions/ms-toolsai.jupyter-renderers-1.3.0]: Extension is not compatible with Code 1.85.2. Extension requires: ^1.95.0.
2025-10-13 16:00:10.990 [error] [/home/drdbrioso/.vscode/extensions/ms-vscode.remote-server-1.5.3]: Extension is not compatible with Code 1.85.2. Extension requires: ^1.87.0.
2025-10-13 16:00:10.990 [error] [/home/drdbrioso/.vscode/extensions/ms-vscode-remote.remote-containers-0.427.0]: Extension is not compatible with Code 1.85.2. Extension requires: ^1.99.0.
2025-10-13 16:00:10.991 [error] [/home/drdbrioso/.vscode/extensions/ms-vscode.remote-explorer-0.5.0]: Extension is not compatible with Code 1.85.2. Extension requires: ^1.87.0.
2025-10-13 16:00:10.991 [error] [/home/drdbrioso/.vscode/extensions/ms-vscode-remote.remote-wsl-0.104.3]: Extension is not compatible with Code 1.85.2. Extension requires: ^1.104.0.
2025-10-13 16:00:10.991 [error] [/home/drdbrioso/.vscode/extensions/ms-python.debugpy-2025.10.0-linux-x64]: Extension is not compatible with Code 1.85.2. Extension requires: ^1.92.0.
2025-10-13 16:00:10.991 [error] [/home/drdbrioso/.vscode/extensions/ms-python.vscode-python-envs-1.8.0-linux-x64]: Extension is not compatible with Code 1.85.2. Extension requires: ^1.104.0-20250815.
2025-10-13 16:00:10.992 [error] [/home/drdbrioso/.vscode/extensions/ms-python.python-2025.14.0-linux-x64]: Extension is not compatible with Code 1.85.2. Extension requires: ^1.95.0.
2025-10-13 16:00:10.993 [error] [/home/drdbrioso/.vscode/extensions/ms-python.vscode-pylance-2025.8.3]: Extension is not compatible with Code 1.85.2. Extension requires: ^1.101.0.
2025-10-13 16:00:11.335 [error] [/home/drdbrioso/.vscode/extensions/ms-toolsai.vscode-jupyter-slideshow-0.1.6]: Extension is not compatible with Code 1.85.2. Extension requires: ^1.88.0.
2025-10-13 16:00:11.335 [error] [/home/drdbrioso/.vscode/extensions/ms-toolsai.vscode-jupyter-cell-tags-0.1.9]: Extension is not compatible with Code 1.85.2. Extension requires: ^1.88.0.
2025-10-13 16:00:11.335 [error] [/home/drdbrioso/.vscode/extensions/ms-toolsai.jupyter-renderers-1.3.0]: Extension is not compatible with Code 1.85.2. Extension requires: ^1.95.0.
2025-10-13 16:00:11.338 [error] [/home/drdbrioso/.vscode/extensions/ms-vscode.remote-server-1.5.3]: Extension is not compatible with Code 1.85.2. Extension requires: ^1.87.0.
2025-10-13 16:00:11.338 [error] [/home/drdbrioso/.vscode/extensions/ms-vscode-remote.remote-containers-0.427.0]: Extension is not compatible with Code 1.85.2. Extension requires: ^1.99.0.
2025-10-13 16:00:11.339 [error] [/home/drdbrioso/.vscode/extensions/ms-vscode-remote.remote-wsl-0.104.3]: Extension is not compatible with Code 1.85.2. Extension requires: ^1.104.0.
2025-10-13 16:00:11.339 [error] [/home/drdbrioso/.vscode/extensions/ms-python.vscode-python-envs-1.8.0-linux-x64]: Extension is not compatible with Code 1.85.2. Extension requires: ^1.104.0-20250815.
2025-10-13 16:00:11.339 [error] [/home/drdbrioso/.vscode/extensions/ms-python.debugpy-2025.10.0-linux-x64]: Extension is not compatible with Code 1.85.2. Extension requires: ^1.92.0.
2025-10-13 16:00:11.339 [error] [/home/drdbrioso/.vscode/extensions/ms-vscode.remote-explorer-0.5.0]: Extension is not compatible with Code 1.85.2. Extension requires: ^1.87.0.
2025-10-13 16:00:11.340 [error] [/home/drdbrioso/.vscode/extensions/ms-python.python-2025.14.0-linux-x64]: Extension is not compatible with Code 1.85.2. Extension requires: ^1.95.0.
2025-10-13 16:00:11.340 [error] [/home/drdbrioso/.vscode/extensions/ms-python.vscode-pylance-2025.8.3]: Extension is not compatible with Code 1.85.2. Extension requires: ^1.101.0.
2025-10-13 16:00:11.949 [error] [/home/drdbrioso/.vscode/extensions/ms-toolsai.vscode-jupyter-cell-tags-0.1.9]: Extension is not compatible with Code 1.85.2. Extension requires: ^1.88.0.
2025-10-13 16:00:11.950 [error] [/home/drdbrioso/.vscode/extensions/ms-toolsai.vscode-jupyter-slideshow-0.1.6]: Extension is not compatible with Code 1.85.2. Extension requires: ^1.88.0.
2025-10-13 16:00:11.950 [error] [/home/drdbrioso/.vscode/extensions/ms-toolsai.jupyter-renderers-1.3.0]: Extension is not compatible with Code 1.85.2. Extension requires: ^1.95.0.
2025-10-13 16:00:11.956 [error] [/home/drdbrioso/.vscode/extensions/ms-vscode.remote-explorer-0.5.0]: Extension is not compatible with Code 1.85.2. Extension requires: ^1.87.0.
2025-10-13 16:00:11.956 [error] [/home/drdbrioso/.vscode/extensions/ms-python.debugpy-2025.10.0-linux-x64]: Extension is not compatible with Code 1.85.2. Extension requires: ^1.92.0.
2025-10-13 16:00:11.956 [error] [/home/drdbrioso/.vscode/extensions/ms-vscode.remote-server-1.5.3]: Extension is not compatible with Code 1.85.2. Extension requires: ^1.87.0.
2025-10-13 16:00:11.956 [error] [/home/drdbrioso/.vscode/extensions/ms-vscode-remote.remote-wsl-0.104.3]: Extension is not compatible with Code 1.85.2. Extension requires: ^1.104.0.
2025-10-13 16:00:11.957 [error] [/home/drdbrioso/.vscode/extensions/ms-vscode-remote.remote-containers-0.427.0]: Extension is not compatible with Code 1.85.2. Extension requires: ^1.99.0.
2025-10-13 16:00:11.957 [error] [/home/drdbrioso/.vscode/extensions/ms-python.vscode-python-envs-1.8.0-linux-x64]: Extension is not compatible with Code 1.85.2. Extension requires: ^1.104.0-20250815.
2025-10-13 16:00:11.958 [error] [/home/drdbrioso/.vscode/extensions/ms-python.python-2025.14.0-linux-x64]: Extension is not compatible with Code 1.85.2. Extension requires: ^1.95.0.
2025-10-13 16:00:11.958 [error] [/home/drdbrioso/.vscode/extensions/ms-python.vscode-pylance-2025.8.3]: Extension is not compatible with Code 1.85.2. Extension requires: ^1.101.0.
2025-10-13 16:02:23.594 [error] [/home/drdbrioso/.vscode/extensions/ms-toolsai.vscode-jupyter-cell-tags-0.1.9]: Extension is not compatible with Code 1.85.2. Extension requires: ^1.88.0.
2025-10-13 16:02:23.594 [error] [/home/drdbrioso/.vscode/extensions/ms-toolsai.vscode-jupyter-slideshow-0.1.6]: Extension is not compatible with Code 1.85.2. Extension requires: ^1.88.0.
2025-10-13 16:02:23.594 [error] [/home/drdbrioso/.vscode/extensions/ms-toolsai.jupyter-renderers-1.3.0]: Extension is not compatible with Code 1.85.2. Extension requires: ^1.95.0.
2025-10-13 16:02:23.595 [error] [/home/drdbrioso/.vscode/extensions/ms-vscode.remote-server-1.5.3]: Extension is not compatible with Code 1.85.2. Extension requires: ^1.87.0.
2025-10-13 16:02:23.595 [error] [/home/drdbrioso/.vscode/extensions/ms-vscode-remote.remote-wsl-0.104.3]: Extension is not compatible with Code 1.85.2. Extension requires: ^1.104.0.
2025-10-13 16:02:23.595 [error] [/home/drdbrioso/.vscode/extensions/ms-vscode.remote-explorer-0.5.0]: Extension is not compatible with Code 1.85.2. Extension requires: ^1.87.0.
2025-10-13 16:02:23.596 [error] [/home/drdbrioso/.vscode/extensions/ms-python.vscode-python-envs-1.8.0-linux-x64]: Extension is not compatible with Code 1.85.2. Extension requires: ^1.104.0-20250815.
2025-10-13 16:02:23.597 [error] [/home/drdbrioso/.vscode/extensions/ms-vscode-remote.remote-containers-0.427.0]: Extension is not compatible with Code 1.85.2. Extension requires: ^1.99.0.
2025-10-13 16:02:23.597 [error] [/home/drdbrioso/.vscode/extensions/ms-python.debugpy-2025.10.0-linux-x64]: Extension is not compatible with Code 1.85.2. Extension requires: ^1.92.0.
2025-10-13 16:02:23.598 [error] [/home/drdbrioso/.vscode/extensions/ms-python.python-2025.14.0-linux-x64]: Extension is not compatible with Code 1.85.2. Extension requires: ^1.95.0.
2025-10-13 16:02:23.599 [error] [/home/drdbrioso/.vscode/extensions/ms-python.vscode-pylance-2025.8.3]: Extension is not compatible with Code 1.85.2. Extension requires: ^1.101.0.
2025-10-13 16:05:09.781 [error] [/home/drdbrioso/.vscode/extensions/ms-toolsai.vscode-jupyter-cell-tags-0.1.9]: Extension is not compatible with Code 1.85.2. Extension requires: ^1.88.0.
2025-10-13 16:05:09.782 [error] [/home/drdbrioso/.vscode/extensions/ms-toolsai.vscode-jupyter-slideshow-0.1.6]: Extension is not compatible with Code 1.85.2. Extension requires: ^1.88.0.
2025-10-13 16:05:09.782 [error] [/home/drdbrioso/.vscode/extensions/ms-toolsai.jupyter-renderers-1.3.0]: Extension is not compatible with Code 1.85.2. Extension requires: ^1.95.0.
2025-10-13 16:05:09.782 [error] [/home/drdbrioso/.vscode/extensions/ms-vscode.remote-server-1.5.3]: Extension is not compatible with Code 1.85.2. Extension requires: ^1.87.0.
2025-10-13 16:05:09.782 [error] [/home/drdbrioso/.vscode/extensions/ms-vscode-remote.remote-wsl-0.104.3]: Extension is not compatible with Code 1.85.2. Extension requires: ^1.104.0.
2025-10-13 16:05:09.782 [error] [/home/drdbrioso/.vscode/extensions/ms-vscode.remote-explorer-0.5.0]: Extension is not compatible with Code 1.85.2. Extension requires: ^1.87.0.
2025-10-13 16:05:09.783 [error] [/home/drdbrioso/.vscode/extensions/ms-vscode-remote.remote-containers-0.427.0]: Extension is not compatible with Code 1.85.2. Extension requires: ^1.99.0.
2025-10-13 16:05:09.783 [error] [/home/drdbrioso/.vscode/extensions/ms-python.debugpy-2025.10.0-linux-x64]: Extension is not compatible with Code 1.85.2. Extension requires: ^1.92.0.
2025-10-13 16:05:09.783 [error] [/home/drdbrioso/.vscode/extensions/ms-python.vscode-python-envs-1.8.0-linux-x64]: Extension is not compatible with Code 1.85.2. Extension requires: ^1.104.0-20250815.
2025-10-13 16:05:09.783 [error] [/home/drdbrioso/.vscode/extensions/ms-python.vscode-pylance-2025.8.3]: Extension is not compatible with Code 1.85.2. Extension requires: ^1.101.0.
2025-10-13 16:05:09.784 [error] [/home/drdbrioso/.vscode/extensions/ms-python.python-2025.14.0-linux-x64]: Extension is not compatible with Code 1.85.2. Extension requires: ^1.95.0.
2025-10-13 16:07:39.331 [error] [/home/drdbrioso/.vscode/extensions/ms-toolsai.vscode-jupyter-cell-tags-0.1.9]: Extension is not compatible with Code 1.85.2. Extension requires: ^1.88.0.
2025-10-13 16:07:39.332 [error] [/home/drdbrioso/.vscode/extensions/ms-toolsai.vscode-jupyter-slideshow-0.1.6]: Extension is not compatible with Code 1.85.2. Extension requires: ^1.88.0.
2025-10-13 16:07:39.332 [error] [/home/drdbrioso/.vscode/extensions/ms-toolsai.jupyter-renderers-1.3.0]: Extension is not compatible with Code 1.85.2. Extension requires: ^1.95.0.
2025-10-13 16:07:39.334 [error] [/home/drdbrioso/.vscode/extensions/ms-vscode.remote-server-1.5.3]: Extension is not compatible with Code 1.85.2. Extension requires: ^1.87.0.
2025-10-13 16:07:39.334 [error] [/home/drdbrioso/.vscode/extensions/ms-vscode-remote.remote-wsl-0.104.3]: Extension is not compatible with Code 1.85.2. Extension requires: ^1.104.0.
2025-10-13 16:07:39.335 [error] [/home/drdbrioso/.vscode/extensions/ms-vscode.remote-explorer-0.5.0]: Extension is not compatible with Code 1.85.2. Extension requires: ^1.87.0.
2025-10-13 16:07:39.336 [error] [/home/drdbrioso/.vscode/extensions/ms-python.vscode-python-envs-1.8.0-linux-x64]: Extension is not compatible with Code 1.85.2. Extension requires: ^1.104.0-20250815.
2025-10-13 16:07:39.336 [error] [/home/drdbrioso/.vscode/extensions/ms-python.debugpy-2025.10.0-linux-x64]: Extension is not compatible with Code 1.85.2. Extension requires: ^1.92.0.
2025-10-13 16:07:39.336 [error] [/home/drdbrioso/.vscode/extensions/ms-vscode-remote.remote-containers-0.427.0]: Extension is not compatible with Code 1.85.2. Extension requires: ^1.99.0.
2025-10-13 16:07:39.337 [error] [/home/drdbrioso/.vscode/extensions/ms-python.python-2025.14.0-linux-x64]: Extension is not compatible with Code 1.85.2. Extension requires: ^1.95.0.
2025-10-13 16:07:39.338 [error] [/home/drdbrioso/.vscode/extensions/ms-python.vscode-pylance-2025.8.3]: Extension is not compatible with Code 1.85.2. Extension requires: ^1.101.0.
2025-10-13 16:10:10.332 [error] [/home/drdbrioso/.vscode/extensions/ms-toolsai.vscode-jupyter-cell-tags-0.1.9]: Extension is not compatible with Code 1.85.2. Extension requires: ^1.88.0.
2025-10-13 16:10:10.333 [error] [/home/drdbrioso/.vscode/extensions/ms-toolsai.vscode-jupyter-slideshow-0.1.6]: Extension is not compatible with Code 1.85.2. Extension requires: ^1.88.0.
2025-10-13 16:10:10.333 [error] [/home/drdbrioso/.vscode/extensions/ms-toolsai.jupyter-renderers-1.3.0]: Extension is not compatible with Code 1.85.2. Extension requires: ^1.95.0.
2025-10-13 16:10:10.333 [error] [/home/drdbrioso/.vscode/extensions/ms-vscode.remote-server-1.5.3]: Extension is not compatible with Code 1.85.2. Extension requires: ^1.87.0.
2025-10-13 16:10:10.333 [error] [/home/drdbrioso/.vscode/extensions/ms-vscode-remote.remote-wsl-0.104.3]: Extension is not compatible with Code 1.85.2. Extension requires: ^1.104.0.
2025-10-13 16:10:10.333 [error] [/home/drdbrioso/.vscode/extensions/ms-vscode.remote-explorer-0.5.0]: Extension is not compatible with Code 1.85.2. Extension requires: ^1.87.0.
2025-10-13 16:10:10.334 [error] [/home/drdbrioso/.vscode/extensions/ms-python.vscode-python-envs-1.8.0-linux-x64]: Extension is not compatible with Code 1.85.2. Extension requires: ^1.104.0-20250815.
2025-10-13 16:10:10.334 [error] [/home/drdbrioso/.vscode/extensions/ms-python.debugpy-2025.10.0-linux-x64]: Extension is not compatible with Code 1.85.2. Extension requires: ^1.92.0.
2025-10-13 16:10:10.334 [error] [/home/drdbrioso/.vscode/extensions/ms-vscode-remote.remote-containers-0.427.0]: Extension is not compatible with Code 1.85.2. Extension requires: ^1.99.0.
2025-10-13 16:10:10.335 [error] [/home/drdbrioso/.vscode/extensions/ms-python.python-2025.14.0-linux-x64]: Extension is not compatible with Code 1.85.2. Extension requires: ^1.95.0.
2025-10-13 16:10:10.336 [error] [/home/drdbrioso/.vscode/extensions/ms-python.vscode-pylance-2025.8.3]: Extension is not compatible with Code 1.85.2. Extension requires: ^1.101.0.
2025-10-13 16:12:49.681 [error] [/home/drdbrioso/.vscode/extensions/ms-toolsai.vscode-jupyter-slideshow-0.1.6]: Extension is not compatible with Code 1.85.2. Extension requires: ^1.88.0.
2025-10-13 16:12:49.682 [error] [/home/drdbrioso/.vscode/extensions/ms-toolsai.vscode-jupyter-cell-tags-0.1.9]: Extension is not compatible with Code 1.85.2. Extension requires: ^1.88.0.
2025-10-13 16:12:49.682 [error] [/home/drdbrioso/.vscode/extensions/ms-toolsai.jupyter-renderers-1.3.0]: Extension is not compatible with Code 1.85.2. Extension requires: ^1.95.0.
2025-10-13 16:12:49.683 [error] [/home/drdbrioso/.vscode/extensions/ms-vscode.remote-server-1.5.3]: Extension is not compatible with Code 1.85.2. Extension requires: ^1.87.0.
2025-10-13 16:12:49.684 [error] [/home/drdbrioso/.vscode/extensions/ms-vscode-remote.remote-wsl-0.104.3]: Extension is not compatible with Code 1.85.2. Extension requires: ^1.104.0.
2025-10-13 16:12:49.685 [error] [/home/drdbrioso/.vscode/extensions/ms-vscode.remote-explorer-0.5.0]: Extension is not compatible with Code 1.85.2. Extension requires: ^1.87.0.
2025-10-13 16:12:49.686 [error] [/home/drdbrioso/.vscode/extensions/ms-vscode-remote.remote-containers-0.427.0]: Extension is not compatible with Code 1.85.2. Extension requires: ^1.99.0.
2025-10-13 16:12:49.688 [error] [/home/drdbrioso/.vscode/extensions/ms-python.vscode-python-envs-1.8.0-linux-x64]: Extension is not compatible with Code 1.85.2. Extension requires: ^1.104.0-20250815.
2025-10-13 16:12:49.689 [error] [/home/drdbrioso/.vscode/extensions/ms-python.debugpy-2025.10.0-linux-x64]: Extension is not compatible with Code 1.85.2. Extension requires: ^1.92.0.
2025-10-13 16:12:49.690 [error] [/home/drdbrioso/.vscode/extensions/ms-python.vscode-pylance-2025.8.3]: Extension is not compatible with Code 1.85.2. Extension requires: ^1.101.0.
2025-10-13 16:12:49.691 [error] [/home/drdbrioso/.vscode/extensions/ms-python.python-2025.14.0-linux-x64]: Extension is not compatible with Code 1.85.2. Extension requires: ^1.95.0.
2025-10-13 16:15:11.624 [error] [/home/drdbrioso/.vscode/extensions/ms-toolsai.vscode-jupyter-slideshow-0.1.6]: Extension is not compatible with Code 1.85.2. Extension requires: ^1.88.0.
2025-10-13 16:15:11.625 [error] [/home/drdbrioso/.vscode/extensions/ms-toolsai.vscode-jupyter-cell-tags-0.1.9]: Extension is not compatible with Code 1.85.2. Extension requires: ^1.88.0.
2025-10-13 16:15:11.625 [error] [/home/drdbrioso/.vscode/extensions/ms-toolsai.jupyter-renderers-1.3.0]: Extension is not compatible with Code 1.85.2. Extension requires: ^1.95.0.
2025-10-13 16:15:11.625 [error] [/home/drdbrioso/.vscode/extensions/ms-vscode.remote-server-1.5.3]: Extension is not compatible with Code 1.85.2. Extension requires: ^1.87.0.
2025-10-13 16:15:11.627 [error] [/home/drdbrioso/.vscode/extensions/ms-vscode-remote.remote-containers-0.427.0]: Extension is not compatible with Code 1.85.2. Extension requires: ^1.99.0.
2025-10-13 16:15:11.627 [error] [/home/drdbrioso/.vscode/extensions/ms-vscode.remote-explorer-0.5.0]: Extension is not compatible with Code 1.85.2. Extension requires: ^1.87.0.
2025-10-13 16:15:11.628 [error] [/home/drdbrioso/.vscode/extensions/ms-vscode-remote.remote-wsl-0.104.3]: Extension is not compatible with Code 1.85.2. Extension requires: ^1.104.0.
2025-10-13 16:15:11.629 [error] [/home/drdbrioso/.vscode/extensions/ms-python.vscode-python-envs-1.8.0-linux-x64]: Extension is not compatible with Code 1.85.2. Extension requires: ^1.104.0-20250815.
2025-10-13 16:15:11.629 [error] [/home/drdbrioso/.vscode/extensions/ms-python.debugpy-2025.10.0-linux-x64]: Extension is not compatible with Code 1.85.2. Extension requires: ^1.92.0.
2025-10-13 16:15:11.632 [error] [/home/drdbrioso/.vscode/extensions/ms-python.python-2025.14.0-linux-x64]: Extension is not compatible with Code 1.85.2. Extension requires: ^1.95.0.
2025-10-13 16:15:11.635 [error] [/home/drdbrioso/.vscode/extensions/ms-python.vscode-pylance-2025.8.3]: Extension is not compatible with Code 1.85.2. Extension requires: ^1.101.0.
2025-10-13 16:17:51.016 [error] [/home/drdbrioso/.vscode/extensions/ms-toolsai.vscode-jupyter-cell-tags-0.1.9]: Extension is not compatible with Code 1.85.2. Extension requires: ^1.88.0.
2025-10-13 16:17:51.016 [error] [/home/drdbrioso/.vscode/extensions/ms-toolsai.vscode-jupyter-slideshow-0.1.6]: Extension is not compatible with Code 1.85.2. Extension requires: ^1.88.0.
2025-10-13 16:17:51.016 [error] [/home/drdbrioso/.vscode/extensions/ms-toolsai.jupyter-renderers-1.3.0]: Extension is not compatible with Code 1.85.2. Extension requires: ^1.95.0.
2025-10-13 16:17:51.018 [error] [/home/drdbrioso/.vscode/extensions/ms-vscode-remote.remote-wsl-0.104.3]: Extension is not compatible with Code 1.85.2. Extension requires: ^1.104.0.
2025-10-13 16:17:51.018 [error] [/home/drdbrioso/.vscode/extensions/ms-vscode.remote-server-1.5.3]: Extension is not compatible with Code 1.85.2. Extension requires: ^1.87.0.
2025-10-13 16:17:51.018 [error] [/home/drdbrioso/.vscode/extensions/ms-vscode.remote-explorer-0.5.0]: Extension is not compatible with Code 1.85.2. Extension requires: ^1.87.0.
2025-10-13 16:17:51.021 [error] [/home/drdbrioso/.vscode/extensions/ms-vscode-remote.remote-containers-0.427.0]: Extension is not compatible with Code 1.85.2. Extension requires: ^1.99.0.
2025-10-13 16:17:51.021 [error] [/home/drdbrioso/.vscode/extensions/ms-python.vscode-python-envs-1.8.0-linux-x64]: Extension is not compatible with Code 1.85.2. Extension requires: ^1.104.0-20250815.
2025-10-13 16:17:51.022 [error] [/home/drdbrioso/.vscode/extensions/ms-python.debugpy-2025.10.0-linux-x64]: Extension is not compatible with Code 1.85.2. Extension requires: ^1.92.0.
2025-10-13 16:17:51.024 [error] [/home/drdbrioso/.vscode/extensions/ms-python.python-2025.14.0-linux-x64]: Extension is not compatible with Code 1.85.2. Extension requires: ^1.95.0.
2025-10-13 16:17:51.026 [error] [/home/drdbrioso/.vscode/extensions/ms-python.vscode-pylance-2025.8.3]: Extension is not compatible with Code 1.85.2. Extension requires: ^1.101.0.
2025-10-13 16:20:11.788 [error] [/home/drdbrioso/.vscode/extensions/ms-toolsai.vscode-jupyter-cell-tags-0.1.9]: Extension is not compatible with Code 1.85.2. Extension requires: ^1.88.0.
2025-10-13 16:20:11.788 [error] [/home/drdbrioso/.vscode/extensions/ms-toolsai.vscode-jupyter-slideshow-0.1.6]: Extension is not compatible with Code 1.85.2. Extension requires: ^1.88.0.
2025-10-13 16:20:11.789 [error] [/home/drdbrioso/.vscode/extensions/ms-toolsai.jupyter-renderers-1.3.0]: Extension is not compatible with Code 1.85.2. Extension requires: ^1.95.0.
2025-10-13 16:20:11.789 [error] [/home/drdbrioso/.vscode/extensions/ms-vscode.remote-server-1.5.3]: Extension is not compatible with Code 1.85.2. Extension requires: ^1.87.0.
2025-10-13 16:20:11.789 [error] [/home/drdbrioso/.vscode/extensions/ms-vscode.remote-explorer-0.5.0]: Extension is not compatible with Code 1.85.2. Extension requires: ^1.87.0.
2025-10-13 16:20:11.789 [error] [/home/drdbrioso/.vscode/extensions/ms-python.vscode-python-envs-1.8.0-linux-x64]: Extension is not compatible with Code 1.85.2. Extension requires: ^1.104.0-20250815.
2025-10-13 16:20:11.789 [error] [/home/drdbrioso/.vscode/extensions/ms-vscode-remote.remote-wsl-0.104.3]: Extension is not compatible with Code 1.85.2. Extension requires: ^1.104.0.
2025-10-13 16:20:11.789 [error] [/home/drdbrioso/.vscode/extensions/ms-python.debugpy-2025.10.0-linux-x64]: Extension is not compatible with Code 1.85.2. Extension requires: ^1.92.0.
2025-10-13 16:20:11.790 [error] [/home/drdbrioso/.vscode/extensions/ms-vscode-remote.remote-containers-0.427.0]: Extension is not compatible with Code 1.85.2. Extension requires: ^1.99.0.
2025-10-13 16:20:11.791 [error] [/home/drdbrioso/.vscode/extensions/ms-python.vscode-pylance-2025.8.3]: Extension is not compatible with Code 1.85.2. Extension requires: ^1.101.0.
2025-10-13 16:20:11.792 [error] [/home/drdbrioso/.vscode/extensions/ms-python.python-2025.14.0-linux-x64]: Extension is not compatible with Code 1.85.2. Extension requires: ^1.95.0.
2025-10-13 16:22:52.325 [error] [/home/drdbrioso/.vscode/extensions/ms-toolsai.vscode-jupyter-cell-tags-0.1.9]: Extension is not compatible with Code 1.85.2. Extension requires: ^1.88.0.
2025-10-13 16:22:52.326 [error] [/home/drdbrioso/.vscode/extensions/ms-toolsai.vscode-jupyter-slideshow-0.1.6]: Extension is not compatible with Code 1.85.2. Extension requires: ^1.88.0.
2025-10-13 16:22:52.326 [error] [/home/drdbrioso/.vscode/extensions/ms-toolsai.jupyter-renderers-1.3.0]: Extension is not compatible with Code 1.85.2. Extension requires: ^1.95.0.
2025-10-13 16:22:52.326 [error] [/home/drdbrioso/.vscode/extensions/ms-vscode-remote.remote-wsl-0.104.3]: Extension is not compatible with Code 1.85.2. Extension requires: ^1.104.0.
2025-10-13 16:22:52.327 [error] [/home/drdbrioso/.vscode/extensions/ms-vscode.remote-server-1.5.3]: Extension is not compatible with Code 1.85.2. Extension requires: ^1.87.0.
2025-10-13 16:22:52.328 [error] [/home/drdbrioso/.vscode/extensions/ms-vscode.remote-explorer-0.5.0]: Extension is not compatible with Code 1.85.2. Extension requires: ^1.87.0.
2025-10-13 16:22:52.328 [error] [/home/drdbrioso/.vscode/extensions/ms-python.vscode-python-envs-1.8.0-linux-x64]: Extension is not compatible with Code 1.85.2. Extension requires: ^1.104.0-20250815.
2025-10-13 16:22:52.329 [error] [/home/drdbrioso/.vscode/extensions/ms-python.debugpy-2025.10.0-linux-x64]: Extension is not compatible with Code 1.85.2. Extension requires: ^1.92.0.
2025-10-13 16:22:52.329 [error] [/home/drdbrioso/.vscode/extensions/ms-vscode-remote.remote-containers-0.427.0]: Extension is not compatible with Code 1.85.2. Extension requires: ^1.99.0.
2025-10-13 16:22:52.330 [error] [/home/drdbrioso/.vscode/extensions/ms-python.python-2025.14.0-linux-x64]: Extension is not compatible with Code 1.85.2. Extension requires: ^1.95.0.
2025-10-13 16:22:52.333 [error] [/home/drdbrioso/.vscode/extensions/ms-python.vscode-pylance-2025.8.3]: Extension is not compatible with Code 1.85.2. Extension requires: ^1.101.0.
2025-10-13 16:25:11.867 [error] [/home/drdbrioso/.vscode/extensions/ms-toolsai.vscode-jupyter-cell-tags-0.1.9]: Extension is not compatible with Code 1.85.2. Extension requires: ^1.88.0.
2025-10-13 16:25:11.867 [error] [/home/drdbrioso/.vscode/extensions/ms-toolsai.vscode-jupyter-slideshow-0.1.6]: Extension is not compatible with Code 1.85.2. Extension requires: ^1.88.0.
2025-10-13 16:25:11.867 [error] [/home/drdbrioso/.vscode/extensions/ms-toolsai.jupyter-renderers-1.3.0]: Extension is not compatible with Code 1.85.2. Extension requires: ^1.95.0.
2025-10-13 16:25:11.868 [error] [/home/drdbrioso/.vscode/extensions/ms-vscode.remote-server-1.5.3]: Extension is not compatible with Code 1.85.2. Extension requires: ^1.87.0.
2025-10-13 16:25:11.868 [error] [/home/drdbrioso/.vscode/extensions/ms-vscode-remote.remote-wsl-0.104.3]: Extension is not compatible with Code 1.85.2. Extension requires: ^1.104.0.
2025-10-13 16:25:11.868 [error] [/home/drdbrioso/.vscode/extensions/ms-vscode.remote-explorer-0.5.0]: Extension is not compatible with Code 1.85.2. Extension requires: ^1.87.0.
2025-10-13 16:25:11.869 [error] [/home/drdbrioso/.vscode/extensions/ms-python.vscode-python-envs-1.8.0-linux-x64]: Extension is not compatible with Code 1.85.2. Extension requires: ^1.104.0-20250815.
2025-10-13 16:25:11.871 [error] [/home/drdbrioso/.vscode/extensions/ms-python.debugpy-2025.10.0-linux-x64]: Extension is not compatible with Code 1.85.2. Extension requires: ^1.92.0.
2025-10-13 16:25:11.872 [error] [/home/drdbrioso/.vscode/extensions/ms-vscode-remote.remote-containers-0.427.0]: Extension is not compatible with Code 1.85.2. Extension requires: ^1.99.0.
2025-10-13 16:25:11.874 [error] [/home/drdbrioso/.vscode/extensions/ms-python.vscode-pylance-2025.8.3]: Extension is not compatible with Code 1.85.2. Extension requires: ^1.101.0.
2025-10-13 16:25:11.875 [error] [/home/drdbrioso/.vscode/extensions/ms-python.python-2025.14.0-linux-x64]: Extension is not compatible with Code 1.85.2. Extension requires: ^1.95.0.
2025-10-13 16:27:54.181 [error] [/home/drdbrioso/.vscode/extensions/ms-toolsai.vscode-jupyter-cell-tags-0.1.9]: Extension is not compatible with Code 1.85.2. Extension requires: ^1.88.0.
2025-10-13 16:27:54.181 [error] [/home/drdbrioso/.vscode/extensions/ms-toolsai.vscode-jupyter-slideshow-0.1.6]: Extension is not compatible with Code 1.85.2. Extension requires: ^1.88.0.
2025-10-13 16:27:54.181 [error] [/home/drdbrioso/.vscode/extensions/ms-toolsai.jupyter-renderers-1.3.0]: Extension is not compatible with Code 1.85.2. Extension requires: ^1.95.0.
2025-10-13 16:27:54.182 [error] [/home/drdbrioso/.vscode/extensions/ms-vscode.remote-server-1.5.3]: Extension is not compatible with Code 1.85.2. Extension requires: ^1.87.0.
2025-10-13 16:27:54.182 [error] [/home/drdbrioso/.vscode/extensions/ms-vscode-remote.remote-wsl-0.104.3]: Extension is not compatible with Code 1.85.2. Extension requires: ^1.104.0.
2025-10-13 16:27:54.183 [error] [/home/drdbrioso/.vscode/extensions/ms-vscode.remote-explorer-0.5.0]: Extension is not compatible with Code 1.85.2. Extension requires: ^1.87.0.
2025-10-13 16:27:54.183 [error] [/home/drdbrioso/.vscode/extensions/ms-python.vscode-python-envs-1.8.0-linux-x64]: Extension is not compatible with Code 1.85.2. Extension requires: ^1.104.0-20250815.
2025-10-13 16:27:54.183 [error] [/home/drdbrioso/.vscode/extensions/ms-python.debugpy-2025.10.0-linux-x64]: Extension is not compatible with Code 1.85.2. Extension requires: ^1.92.0.
2025-10-13 16:27:54.183 [error] [/home/drdbrioso/.vscode/extensions/ms-vscode-remote.remote-containers-0.427.0]: Extension is not compatible with Code 1.85.2. Extension requires: ^1.99.0.
2025-10-13 16:27:54.185 [error] [/home/drdbrioso/.vscode/extensions/ms-python.python-2025.14.0-linux-x64]: Extension is not compatible with Code 1.85.2. Extension requires: ^1.95.0.
2025-10-13 16:27:54.186 [error] [/home/drdbrioso/.vscode/extensions/ms-python.vscode-pylance-2025.8.3]: Extension is not compatible with Code 1.85.2. Extension requires: ^1.101.0.
2025-10-13 16:30:12.311 [error] [/home/drdbrioso/.vscode/extensions/ms-toolsai.vscode-jupyter-cell-tags-0.1.9]: Extension is not compatible with Code 1.85.2. Extension requires: ^1.88.0.
2025-10-13 16:30:12.312 [error] [/home/drdbrioso/.vscode/extensions/ms-toolsai.vscode-jupyter-slideshow-0.1.6]: Extension is not compatible with Code 1.85.2. Extension requires: ^1.88.0.
2025-10-13 16:30:12.312 [error] [/home/drdbrioso/.vscode/extensions/ms-toolsai.jupyter-renderers-1.3.0]: Extension is not compatible with Code 1.85.2. Extension requires: ^1.95.0.
2025-10-13 16:30:12.314 [error] [/home/drdbrioso/.vscode/extensions/ms-vscode-remote.remote-wsl-0.104.3]: Extension is not compatible with Code 1.85.2. Extension requires: ^1.104.0.
2025-10-13 16:30:12.314 [error] [/home/drdbrioso/.vscode/extensions/ms-vscode.remote-server-1.5.3]: Extension is not compatible with Code 1.85.2. Extension requires: ^1.87.0.
2025-10-13 16:30:12.315 [error] [/home/drdbrioso/.vscode/extensions/ms-vscode-remote.remote-containers-0.427.0]: Extension is not compatible with Code 1.85.2. Extension requires: ^1.99.0.
2025-10-13 16:30:12.316 [error] [/home/drdbrioso/.vscode/extensions/ms-python.vscode-python-envs-1.8.0-linux-x64]: Extension is not compatible with Code 1.85.2. Extension requires: ^1.104.0-20250815.
2025-10-13 16:30:12.316 [error] [/home/drdbrioso/.vscode/extensions/ms-python.debugpy-2025.10.0-linux-x64]: Extension is not compatible with Code 1.85.2. Extension requires: ^1.92.0.
2025-10-13 16:30:12.316 [error] [/home/drdbrioso/.vscode/extensions/ms-vscode.remote-explorer-0.5.0]: Extension is not compatible with Code 1.85.2. Extension requires: ^1.87.0.
2025-10-13 16:30:12.317 [error] [/home/drdbrioso/.vscode/extensions/ms-python.python-2025.14.0-linux-x64]: Extension is not compatible with Code 1.85.2. Extension requires: ^1.95.0.
2025-10-13 16:30:12.318 [error] [/home/drdbrioso/.vscode/extensions/ms-python.vscode-pylance-2025.8.3]: Extension is not compatible with Code 1.85.2. Extension requires: ^1.101.0.
2025-10-13 16:32:56.355 [error] [/home/drdbrioso/.vscode/extensions/ms-toolsai.vscode-jupyter-cell-tags-0.1.9]: Extension is not compatible with Code 1.85.2. Extension requires: ^1.88.0.
2025-10-13 16:32:56.355 [error] [/home/drdbrioso/.vscode/extensions/ms-toolsai.vscode-jupyter-slideshow-0.1.6]: Extension is not compatible with Code 1.85.2. Extension requires: ^1.88.0.
2025-10-13 16:32:56.355 [error] [/home/drdbrioso/.vscode/extensions/ms-toolsai.jupyter-renderers-1.3.0]: Extension is not compatible with Code 1.85.2. Extension requires: ^1.95.0.
2025-10-13 16:32:56.356 [error] [/home/drdbrioso/.vscode/extensions/ms-vscode.remote-server-1.5.3]: Extension is not compatible with Code 1.85.2. Extension requires: ^1.87.0.
2025-10-13 16:32:56.356 [error] [/home/drdbrioso/.vscode/extensions/ms-vscode-remote.remote-containers-0.427.0]: Extension is not compatible with Code 1.85.2. Extension requires: ^1.99.0.
2025-10-13 16:32:56.357 [error] [/home/drdbrioso/.vscode/extensions/ms-vscode.remote-explorer-0.5.0]: Extension is not compatible with Code 1.85.2. Extension requires: ^1.87.0.
2025-10-13 16:32:56.357 [error] [/home/drdbrioso/.vscode/extensions/ms-vscode-remote.remote-wsl-0.104.3]: Extension is not compatible with Code 1.85.2. Extension requires: ^1.104.0.
2025-10-13 16:32:56.358 [error] [/home/drdbrioso/.vscode/extensions/ms-python.vscode-python-envs-1.8.0-linux-x64]: Extension is not compatible with Code 1.85.2. Extension requires: ^1.104.0-20250815.
2025-10-13 16:32:56.358 [error] [/home/drdbrioso/.vscode/extensions/ms-python.debugpy-2025.10.0-linux-x64]: Extension is not compatible with Code 1.85.2. Extension requires: ^1.92.0.
2025-10-13 16:32:56.358 [error] [/home/drdbrioso/.vscode/extensions/ms-python.python-2025.14.0-linux-x64]: Extension is not compatible with Code 1.85.2. Extension requires: ^1.95.0.
2025-10-13 16:32:56.359 [error] [/home/drdbrioso/.vscode/extensions/ms-python.vscode-pylance-2025.8.3]: Extension is not compatible with Code 1.85.2. Extension requires: ^1.101.0.
2025-10-13 16:35:12.999 [error] [/home/drdbrioso/.vscode/extensions/ms-toolsai.vscode-jupyter-cell-tags-0.1.9]: Extension is not compatible with Code 1.85.2. Extension requires: ^1.88.0.
2025-10-13 16:35:12.999 [error] [/home/drdbrioso/.vscode/extensions/ms-toolsai.vscode-jupyter-slideshow-0.1.6]: Extension is not compatible with Code 1.85.2. Extension requires: ^1.88.0.
2025-10-13 16:35:13.000 [error] [/home/drdbrioso/.vscode/extensions/ms-toolsai.jupyter-renderers-1.3.0]: Extension is not compatible with Code 1.85.2. Extension requires: ^1.95.0.
2025-10-13 16:35:13.000 [error] [/home/drdbrioso/.vscode/extensions/ms-vscode.remote-server-1.5.3]: Extension is not compatible with Code 1.85.2. Extension requires: ^1.87.0.
2025-10-13 16:35:13.002 [error] [/home/drdbrioso/.vscode/extensions/ms-vscode-remote.remote-containers-0.427.0]: Extension is not compatible with Code 1.85.2. Extension requires: ^1.99.0.
2025-10-13 16:35:13.002 [error] [/home/drdbrioso/.vscode/extensions/ms-vscode-remote.remote-wsl-0.104.3]: Extension is not compatible with Code 1.85.2. Extension requires: ^1.104.0.
2025-10-13 16:35:13.002 [error] [/home/drdbrioso/.vscode/extensions/ms-vscode.remote-explorer-0.5.0]: Extension is not compatible with Code 1.85.2. Extension requires: ^1.87.0.
2025-10-13 16:35:13.002 [error] [/home/drdbrioso/.vscode/extensions/ms-python.debugpy-2025.10.0-linux-x64]: Extension is not compatible with Code 1.85.2. Extension requires: ^1.92.0.
2025-10-13 16:35:13.004 [error] [/home/drdbrioso/.vscode/extensions/ms-python.vscode-python-envs-1.8.0-linux-x64]: Extension is not compatible with Code 1.85.2. Extension requires: ^1.104.0-20250815.
2025-10-13 16:35:13.006 [error] [/home/drdbrioso/.vscode/extensions/ms-python.python-2025.14.0-linux-x64]: Extension is not compatible with Code 1.85.2. Extension requires: ^1.95.0.
2025-10-13 16:35:13.007 [error] [/home/drdbrioso/.vscode/extensions/ms-python.vscode-pylance-2025.8.3]: Extension is not compatible with Code 1.85.2. Extension requires: ^1.101.0.
2025-10-13 16:37:57.817 [error] [/home/drdbrioso/.vscode/extensions/ms-toolsai.vscode-jupyter-slideshow-0.1.6]: Extension is not compatible with Code 1.85.2. Extension requires: ^1.88.0.
2025-10-13 16:37:57.817 [error] [/home/drdbrioso/.vscode/extensions/ms-toolsai.vscode-jupyter-cell-tags-0.1.9]: Extension is not compatible with Code 1.85.2. Extension requires: ^1.88.0.
2025-10-13 16:37:57.817 [error] [/home/drdbrioso/.vscode/extensions/ms-toolsai.jupyter-renderers-1.3.0]: Extension is not compatible with Code 1.85.2. Extension requires: ^1.95.0.
2025-10-13 16:37:57.818 [error] [/home/drdbrioso/.vscode/extensions/ms-vscode-remote.remote-wsl-0.104.3]: Extension is not compatible with Code 1.85.2. Extension requires: ^1.104.0.
2025-10-13 16:37:57.819 [error] [/home/drdbrioso/.vscode/extensions/ms-vscode-remote.remote-containers-0.427.0]: Extension is not compatible with Code 1.85.2. Extension requires: ^1.99.0.
2025-10-13 16:37:57.819 [error] [/home/drdbrioso/.vscode/extensions/ms-vscode.remote-explorer-0.5.0]: Extension is not compatible with Code 1.85.2. Extension requires: ^1.87.0.
2025-10-13 16:37:57.820 [error] [/home/drdbrioso/.vscode/extensions/ms-vscode.remote-server-1.5.3]: Extension is not compatible with Code 1.85.2. Extension requires: ^1.87.0.
2025-10-13 16:37:57.821 [error] [/home/drdbrioso/.vscode/extensions/ms-python.vscode-python-envs-1.8.0-linux-x64]: Extension is not compatible with Code 1.85.2. Extension requires: ^1.104.0-20250815.
2025-10-13 16:37:57.821 [error] [/home/drdbrioso/.vscode/extensions/ms-python.debugpy-2025.10.0-linux-x64]: Extension is not compatible with Code 1.85.2. Extension requires: ^1.92.0.
2025-10-13 16:37:57.823 [error] [/home/drdbrioso/.vscode/extensions/ms-python.vscode-pylance-2025.8.3]: Extension is not compatible with Code 1.85.2. Extension requires: ^1.101.0.
2025-10-13 16:37:57.824 [error] [/home/drdbrioso/.vscode/extensions/ms-python.python-2025.14.0-linux-x64]: Extension is not compatible with Code 1.85.2. Extension requires: ^1.95.0.
2025-10-13 16:40:13.546 [error] [/home/drdbrioso/.vscode/extensions/ms-toolsai.vscode-jupyter-cell-tags-0.1.9]: Extension is not compatible with Code 1.85.2. Extension requires: ^1.88.0.
2025-10-13 16:40:13.547 [error] [/home/drdbrioso/.vscode/extensions/ms-toolsai.vscode-jupyter-slideshow-0.1.6]: Extension is not compatible with Code 1.85.2. Extension requires: ^1.88.0.
2025-10-13 16:40:13.547 [error] [/home/drdbrioso/.vscode/extensions/ms-toolsai.jupyter-renderers-1.3.0]: Extension is not compatible with Code 1.85.2. Extension requires: ^1.95.0.
2025-10-13 16:40:13.548 [error] [/home/drdbrioso/.vscode/extensions/ms-vscode.remote-server-1.5.3]: Extension is not compatible with Code 1.85.2. Extension requires: ^1.87.0.
2025-10-13 16:40:13.549 [error] [/home/drdbrioso/.vscode/extensions/ms-vscode-remote.remote-wsl-0.104.3]: Extension is not compatible with Code 1.85.2. Extension requires: ^1.104.0.
2025-10-13 16:40:13.550 [error] [/home/drdbrioso/.vscode/extensions/ms-python.debugpy-2025.10.0-linux-x64]: Extension is not compatible with Code 1.85.2. Extension requires: ^1.92.0.
2025-10-13 16:40:13.550 [error] [/home/drdbrioso/.vscode/extensions/ms-vscode.remote-explorer-0.5.0]: Extension is not compatible with Code 1.85.2. Extension requires: ^1.87.0.
2025-10-13 16:40:13.551 [error] [/home/drdbrioso/.vscode/extensions/ms-vscode-remote.remote-containers-0.427.0]: Extension is not compatible with Code 1.85.2. Extension requires: ^1.99.0.
2025-10-13 16:40:13.551 [error] [/home/drdbrioso/.vscode/extensions/ms-python.vscode-python-envs-1.8.0-linux-x64]: Extension is not compatible with Code 1.85.2. Extension requires: ^1.104.0-20250815.
2025-10-13 16:40:13.553 [error] [/home/drdbrioso/.vscode/extensions/ms-python.python-2025.14.0-linux-x64]: Extension is not compatible with Code 1.85.2. Extension requires: ^1.95.0.
2025-10-13 16:40:13.554 [error] [/home/drdbrioso/.vscode/extensions/ms-python.vscode-pylance-2025.8.3]: Extension is not compatible with Code 1.85.2. Extension requires: ^1.101.0.
2025-10-13 16:42:57.928 [error] [/home/drdbrioso/.vscode/extensions/ms-toolsai.vscode-jupyter-cell-tags-0.1.9]: Extension is not compatible with Code 1.85.2. Extension requires: ^1.88.0.
2025-10-13 16:42:57.928 [error] [/home/drdbrioso/.vscode/extensions/ms-toolsai.vscode-jupyter-slideshow-0.1.6]: Extension is not compatible with Code 1.85.2. Extension requires: ^1.88.0.
2025-10-13 16:42:57.928 [error] [/home/drdbrioso/.vscode/extensions/ms-toolsai.jupyter-renderers-1.3.0]: Extension is not compatible with Code 1.85.2. Extension requires: ^1.95.0.
2025-10-13 16:42:57.930 [error] [/home/drdbrioso/.vscode/extensions/ms-vscode.remote-server-1.5.3]: Extension is not compatible with Code 1.85.2. Extension requires: ^1.87.0.
2025-10-13 16:42:57.931 [error] [/home/drdbrioso/.vscode/extensions/ms-vscode-remote.remote-wsl-0.104.3]: Extension is not compatible with Code 1.85.2. Extension requires: ^1.104.0.
2025-10-13 16:42:57.931 [error] [/home/drdbrioso/.vscode/extensions/ms-vscode.remote-explorer-0.5.0]: Extension is not compatible with Code 1.85.2. Extension requires: ^1.87.0.
2025-10-13 16:42:57.932 [error] [/home/drdbrioso/.vscode/extensions/ms-python.vscode-python-envs-1.8.0-linux-x64]: Extension is not compatible with Code 1.85.2. Extension requires: ^1.104.0-20250815.
2025-10-13 16:42:57.932 [error] [/home/drdbrioso/.vscode/extensions/ms-python.debugpy-2025.10.0-linux-x64]: Extension is not compatible with Code 1.85.2. Extension requires: ^1.92.0.
2025-10-13 16:42:57.932 [error] [/home/drdbrioso/.vscode/extensions/ms-vscode-remote.remote-containers-0.427.0]: Extension is not compatible with Code 1.85.2. Extension requires: ^1.99.0.
2025-10-13 16:42:57.933 [error] [/home/drdbrioso/.vscode/extensions/ms-python.python-2025.14.0-linux-x64]: Extension is not compatible with Code 1.85.2. Extension requires: ^1.95.0.
2025-10-13 16:42:57.934 [error] [/home/drdbrioso/.vscode/extensions/ms-python.vscode-pylance-2025.8.3]: Extension is not compatible with Code 1.85.2. Extension requires: ^1.101.0.
2025-10-13 16:45:07.737 [error] [/home/drdbrioso/.vscode/extensions/ms-toolsai.vscode-jupyter-slideshow-0.1.6]: Extension is not compatible with Code 1.85.2. Extension requires: ^1.88.0.
2025-10-13 16:45:07.739 [error] [/home/drdbrioso/.vscode/extensions/ms-toolsai.vscode-jupyter-cell-tags-0.1.9]: Extension is not compatible with Code 1.85.2. Extension requires: ^1.88.0.
2025-10-13 16:45:07.739 [error] [/home/drdbrioso/.vscode/extensions/ms-toolsai.jupyter-renderers-1.3.0]: Extension is not compatible with Code 1.85.2. Extension requires: ^1.95.0.
2025-10-13 16:45:07.759 [error] [/home/drdbrioso/.vscode/extensions/ms-toolsai.vscode-jupyter-cell-tags-0.1.9]: Extension is not compatible with Code 1.85.2. Extension requires: ^1.88.0.
2025-10-13 16:45:07.761 [error] [/home/drdbrioso/.vscode/extensions/ms-toolsai.vscode-jupyter-slideshow-0.1.6]: Extension is not compatible with Code 1.85.2. Extension requires: ^1.88.0.
2025-10-13 16:45:07.761 [error] [/home/drdbrioso/.vscode/extensions/ms-toolsai.jupyter-renderers-1.3.0]: Extension is not compatible with Code 1.85.2. Extension requires: ^1.95.0.
2025-10-13 16:45:07.764 [error] [/home/drdbrioso/.vscode/extensions/ms-vscode.remote-server-1.5.3]: Extension is not compatible with Code 1.85.2. Extension requires: ^1.87.0.
2025-10-13 16:45:07.765 [error] [/home/drdbrioso/.vscode/extensions/ms-vscode-remote.remote-wsl-0.104.3]: Extension is not compatible with Code 1.85.2. Extension requires: ^1.104.0.
2025-10-13 16:45:07.766 [error] [/home/drdbrioso/.vscode/extensions/ms-vscode-remote.remote-containers-0.427.0]: Extension is not compatible with Code 1.85.2. Extension requires: ^1.99.0.
2025-10-13 16:45:07.766 [error] [/home/drdbrioso/.vscode/extensions/ms-vscode.remote-explorer-0.5.0]: Extension is not compatible with Code 1.85.2. Extension requires: ^1.87.0.
2025-10-13 16:45:07.766 [error] [/home/drdbrioso/.vscode/extensions/ms-python.vscode-python-envs-1.8.0-linux-x64]: Extension is not compatible with Code 1.85.2. Extension requires: ^1.104.0-20250815.
2025-10-13 16:45:07.767 [error] [/home/drdbrioso/.vscode/extensions/ms-python.debugpy-2025.10.0-linux-x64]: Extension is not compatible with Code 1.85.2. Extension requires: ^1.92.0.
2025-10-13 16:45:07.769 [error] [/home/drdbrioso/.vscode/extensions/ms-python.vscode-pylance-2025.8.3]: Extension is not compatible with Code 1.85.2. Extension requires: ^1.101.0.
2025-10-13 16:45:07.770 [error] [/home/drdbrioso/.vscode/extensions/ms-python.python-2025.14.0-linux-x64]: Extension is not compatible with Code 1.85.2. Extension requires: ^1.95.0.
2025-10-13 16:45:07.780 [error] [/home/drdbrioso/.vscode/extensions/ms-vscode.remote-server-1.5.3]: Extension is not compatible with Code 1.85.2. Extension requires: ^1.87.0.
2025-10-13 16:45:07.780 [error] [/home/drdbrioso/.vscode/extensions/ms-vscode.remote-explorer-0.5.0]: Extension is not compatible with Code 1.85.2. Extension requires: ^1.87.0.
2025-10-13 16:45:07.781 [error] [/home/drdbrioso/.vscode/extensions/ms-python.vscode-python-envs-1.8.0-linux-x64]: Extension is not compatible with Code 1.85.2. Extension requires: ^1.104.0-20250815.
2025-10-13 16:45:07.781 [error] [/home/drdbrioso/.vscode/extensions/ms-vscode-remote.remote-containers-0.427.0]: Extension is not compatible with Code 1.85.2. Extension requires: ^1.99.0.
2025-10-13 16:45:07.781 [error] [/home/drdbrioso/.vscode/extensions/ms-vscode-remote.remote-wsl-0.104.3]: Extension is not compatible with Code 1.85.2. Extension requires: ^1.104.0.
2025-10-13 16:45:07.782 [error] [/home/drdbrioso/.vscode/extensions/ms-python.debugpy-2025.10.0-linux-x64]: Extension is not compatible with Code 1.85.2. Extension requires: ^1.92.0.
2025-10-13 16:45:07.782 [error] [/home/drdbrioso/.vscode/extensions/ms-python.python-2025.14.0-linux-x64]: Extension is not compatible with Code 1.85.2. Extension requires: ^1.95.0.
2025-10-13 16:45:07.783 [error] [/home/drdbrioso/.vscode/extensions/ms-python.vscode-pylance-2025.8.3]: Extension is not compatible with Code 1.85.2. Extension requires: ^1.101.0.
2025-10-13 16:45:07.841 [error] [/home/drdbrioso/.vscode/extensions/ms-toolsai.vscode-jupyter-cell-tags-0.1.9]: Extension is not compatible with Code 1.85.2. Extension requires: ^1.88.0.
2025-10-13 16:45:07.841 [error] [/home/drdbrioso/.vscode/extensions/ms-toolsai.vscode-jupyter-slideshow-0.1.6]: Extension is not compatible with Code 1.85.2. Extension requires: ^1.88.0.
2025-10-13 16:45:07.841 [error] [/home/drdbrioso/.vscode/extensions/ms-toolsai.jupyter-renderers-1.3.0]: Extension is not compatible with Code 1.85.2. Extension requires: ^1.95.0.
2025-10-13 16:45:07.846 [error] [/home/drdbrioso/.vscode/extensions/ms-vscode-remote.remote-containers-0.427.0]: Extension is not compatible with Code 1.85.2. Extension requires: ^1.99.0.
2025-10-13 16:45:07.846 [error] [/home/drdbrioso/.vscode/extensions/ms-vscode.remote-server-1.5.3]: Extension is not compatible with Code 1.85.2. Extension requires: ^1.87.0.
2025-10-13 16:45:07.846 [error] [/home/drdbrioso/.vscode/extensions/ms-vscode-remote.remote-wsl-0.104.3]: Extension is not compatible with Code 1.85.2. Extension requires: ^1.104.0.
2025-10-13 16:45:07.846 [error] [/home/drdbrioso/.vscode/extensions/ms-vscode.remote-explorer-0.5.0]: Extension is not compatible with Code 1.85.2. Extension requires: ^1.87.0.
2025-10-13 16:45:07.847 [error] [/home/drdbrioso/.vscode/extensions/ms-python.vscode-python-envs-1.8.0-linux-x64]: Extension is not compatible with Code 1.85.2. Extension requires: ^1.104.0-20250815.
2025-10-13 16:45:07.847 [error] [/home/drdbrioso/.vscode/extensions/ms-python.debugpy-2025.10.0-linux-x64]: Extension is not compatible with Code 1.85.2. Extension requires: ^1.92.0.
2025-10-13 16:45:07.848 [error] [/home/drdbrioso/.vscode/extensions/ms-python.python-2025.14.0-linux-x64]: Extension is not compatible with Code 1.85.2. Extension requires: ^1.95.0.
2025-10-13 16:45:07.848 [error] [/home/drdbrioso/.vscode/extensions/ms-python.vscode-pylance-2025.8.3]: Extension is not compatible with Code 1.85.2. Extension requires: ^1.101.0.
2025-10-13 16:45:07.895 [error] [/home/drdbrioso/.vscode/extensions/ms-toolsai.vscode-jupyter-cell-tags-0.1.9]: Extension is not compatible with Code 1.85.2. Extension requires: ^1.88.0.
2025-10-13 16:45:07.896 [error] [/home/drdbrioso/.vscode/extensions/ms-toolsai.vscode-jupyter-slideshow-0.1.6]: Extension is not compatible with Code 1.85.2. Extension requires: ^1.88.0.
2025-10-13 16:45:07.896 [error] [/home/drdbrioso/.vscode/extensions/ms-toolsai.jupyter-renderers-1.3.0]: Extension is not compatible with Code 1.85.2. Extension requires: ^1.95.0.
2025-10-13 16:45:07.904 [error] [/home/drdbrioso/.vscode/extensions/ms-python.vscode-python-envs-1.8.0-linux-x64]: Extension is not compatible with Code 1.85.2. Extension requires: ^1.104.0-20250815.
2025-10-13 16:45:07.904 [error] [/home/drdbrioso/.vscode/extensions/ms-vscode.remote-explorer-0.5.0]: Extension is not compatible with Code 1.85.2. Extension requires: ^1.87.0.
2025-10-13 16:45:07.905 [error] [/home/drdbrioso/.vscode/extensions/ms-vscode-remote.remote-containers-0.427.0]: Extension is not compatible with Code 1.85.2. Extension requires: ^1.99.0.
2025-10-13 16:45:07.905 [error] [/home/drdbrioso/.vscode/extensions/ms-vscode.remote-server-1.5.3]: Extension is not compatible with Code 1.85.2. Extension requires: ^1.87.0.
2025-10-13 16:45:07.905 [error] [/home/drdbrioso/.vscode/extensions/ms-vscode-remote.remote-wsl-0.104.3]: Extension is not compatible with Code 1.85.2. Extension requires: ^1.104.0.
2025-10-13 16:45:07.906 [error] [/home/drdbrioso/.vscode/extensions/ms-python.debugpy-2025.10.0-linux-x64]: Extension is not compatible with Code 1.85.2. Extension requires: ^1.92.0.
2025-10-13 16:45:07.907 [error] [/home/drdbrioso/.vscode/extensions/ms-python.python-2025.14.0-linux-x64]: Extension is not compatible with Code 1.85.2. Extension requires: ^1.95.0.
2025-10-13 16:45:07.910 [error] [/home/drdbrioso/.vscode/extensions/ms-python.vscode-pylance-2025.8.3]: Extension is not compatible with Code 1.85.2. Extension requires: ^1.101.0.
2025-10-13 16:45:10.351 [error] [/home/drdbrioso/.vscode/extensions/ms-toolsai.vscode-jupyter-slideshow-0.1.6]: Extension is not compatible with Code 1.85.2. Extension requires: ^1.88.0.
2025-10-13 16:45:10.352 [error] [/home/drdbrioso/.vscode/extensions/ms-toolsai.vscode-jupyter-cell-tags-0.1.9]: Extension is not compatible with Code 1.85.2. Extension requires: ^1.88.0.
2025-10-13 16:45:10.352 [error] [/home/drdbrioso/.vscode/extensions/ms-toolsai.jupyter-renderers-1.3.0]: Extension is not compatible with Code 1.85.2. Extension requires: ^1.95.0.
2025-10-13 16:45:10.356 [error] [/home/drdbrioso/.vscode/extensions/ms-toolsai.vscode-jupyter-cell-tags-0.1.9]: Extension is not compatible with Code 1.85.2. Extension requires: ^1.88.0.
2025-10-13 16:45:10.356 [error] [/home/drdbrioso/.vscode/extensions/ms-toolsai.vscode-jupyter-slideshow-0.1.6]: Extension is not compatible with Code 1.85.2. Extension requires: ^1.88.0.
2025-10-13 16:45:10.356 [error] [/home/drdbrioso/.vscode/extensions/ms-toolsai.jupyter-renderers-1.3.0]: Extension is not compatible with Code 1.85.2. Extension requires: ^1.95.0.
2025-10-13 16:45:10.363 [error] [/home/drdbrioso/.vscode/extensions/ms-vscode.remote-server-1.5.3]: Extension is not compatible with Code 1.85.2. Extension requires: ^1.87.0.
2025-10-13 16:45:10.364 [error] [/home/drdbrioso/.vscode/extensions/ms-vscode.remote-explorer-0.5.0]: Extension is not compatible with Code 1.85.2. Extension requires: ^1.87.0.
2025-10-13 16:45:10.364 [error] [/home/drdbrioso/.vscode/extensions/ms-vscode-remote.remote-wsl-0.104.3]: Extension is not compatible with Code 1.85.2. Extension requires: ^1.104.0.
2025-10-13 16:45:10.365 [error] [/home/drdbrioso/.vscode/extensions/ms-python.vscode-python-envs-1.8.0-linux-x64]: Extension is not compatible with Code 1.85.2. Extension requires: ^1.104.0-20250815.
2025-10-13 16:45:10.365 [error] [/home/drdbrioso/.vscode/extensions/ms-python.debugpy-2025.10.0-linux-x64]: Extension is not compatible with Code 1.85.2. Extension requires: ^1.92.0.
2025-10-13 16:45:10.366 [error] [/home/drdbrioso/.vscode/extensions/ms-vscode-remote.remote-containers-0.427.0]: Extension is not compatible with Code 1.85.2. Extension requires: ^1.99.0.
2025-10-13 16:45:10.367 [error] [/home/drdbrioso/.vscode/extensions/ms-python.vscode-pylance-2025.8.3]: Extension is not compatible with Code 1.85.2. Extension requires: ^1.101.0.
2025-10-13 16:45:10.368 [error] [/home/drdbrioso/.vscode/extensions/ms-python.python-2025.14.0-linux-x64]: Extension is not compatible with Code 1.85.2. Extension requires: ^1.95.0.
2025-10-13 16:45:10.370 [error] [/home/drdbrioso/.vscode/extensions/ms-vscode.remote-server-1.5.3]: Extension is not compatible with Code 1.85.2. Extension requires: ^1.87.0.
2025-10-13 16:45:10.370 [error] [/home/drdbrioso/.vscode/extensions/ms-vscode-remote.remote-wsl-0.104.3]: Extension is not compatible with Code 1.85.2. Extension requires: ^1.104.0.
2025-10-13 16:45:10.370 [error] [/home/drdbrioso/.vscode/extensions/ms-vscode.remote-explorer-0.5.0]: Extension is not compatible with Code 1.85.2. Extension requires: ^1.87.0.
2025-10-13 16:45:10.370 [error] [/home/drdbrioso/.vscode/extensions/ms-vscode-remote.remote-containers-0.427.0]: Extension is not compatible with Code 1.85.2. Extension requires: ^1.99.0.
2025-10-13 16:45:10.371 [error] [/home/drdbrioso/.vscode/extensions/ms-python.vscode-python-envs-1.8.0-linux-x64]: Extension is not compatible with Code 1.85.2. Extension requires: ^1.104.0-20250815.
2025-10-13 16:45:10.371 [error] [/home/drdbrioso/.vscode/extensions/ms-python.debugpy-2025.10.0-linux-x64]: Extension is not compatible with Code 1.85.2. Extension requires: ^1.92.0.
2025-10-13 16:45:10.372 [error] [/home/drdbrioso/.vscode/extensions/ms-python.python-2025.14.0-linux-x64]: Extension is not compatible with Code 1.85.2. Extension requires: ^1.95.0.
2025-10-13 16:45:10.372 [error] [/home/drdbrioso/.vscode/extensions/ms-python.vscode-pylance-2025.8.3]: Extension is not compatible with Code 1.85.2. Extension requires: ^1.101.0.
2025-10-13 16:45:21.378 [error] [/home/drdbrioso/.vscode/extensions/ms-toolsai.vscode-jupyter-cell-tags-0.1.9]: Extension is not compatible with Code 1.85.2. Extension requires: ^1.88.0.
2025-10-13 16:45:21.378 [error] [/home/drdbrioso/.vscode/extensions/ms-toolsai.vscode-jupyter-slideshow-0.1.6]: Extension is not compatible with Code 1.85.2. Extension requires: ^1.88.0.
2025-10-13 16:45:21.378 [error] [/home/drdbrioso/.vscode/extensions/ms-toolsai.jupyter-renderers-1.3.0]: Extension is not compatible with Code 1.85.2. Extension requires: ^1.95.0.
2025-10-13 16:45:21.393 [error] [/home/drdbrioso/.vscode/extensions/ms-vscode.remote-server-1.5.3]: Extension is not compatible with Code 1.85.2. Extension requires: ^1.87.0.
2025-10-13 16:45:21.394 [error] [/home/drdbrioso/.vscode/extensions/ms-vscode-remote.remote-containers-0.427.0]: Extension is not compatible with Code 1.85.2. Extension requires: ^1.99.0.
2025-10-13 16:45:21.395 [error] [/home/drdbrioso/.vscode/extensions/ms-vscode-remote.remote-wsl-0.104.3]: Extension is not compatible with Code 1.85.2. Extension requires: ^1.104.0.
2025-10-13 16:45:21.395 [error] [/home/drdbrioso/.vscode/extensions/ms-vscode.remote-explorer-0.5.0]: Extension is not compatible with Code 1.85.2. Extension requires: ^1.87.0.
2025-10-13 16:45:21.396 [error] [/home/drdbrioso/.vscode/extensions/ms-python.vscode-python-envs-1.8.0-linux-x64]: Extension is not compatible with Code 1.85.2. Extension requires: ^1.104.0-20250815.
2025-10-13 16:45:21.396 [error] [/home/drdbrioso/.vscode/extensions/ms-python.debugpy-2025.10.0-linux-x64]: Extension is not compatible with Code 1.85.2. Extension requires: ^1.92.0.
2025-10-13 16:45:21.397 [error] [/home/drdbrioso/.vscode/extensions/ms-python.python-2025.14.0-linux-x64]: Extension is not compatible with Code 1.85.2. Extension requires: ^1.95.0.
2025-10-13 16:45:21.398 [error] [/home/drdbrioso/.vscode/extensions/ms-python.vscode-pylance-2025.8.3]: Extension is not compatible with Code 1.85.2. Extension requires: ^1.101.0.
2025-10-13 16:45:21.453 [error] [/home/drdbrioso/.vscode/extensions/ms-toolsai.vscode-jupyter-slideshow-0.1.6]: Extension is not compatible with Code 1.85.2. Extension requires: ^1.88.0.
2025-10-13 16:45:21.454 [error] [/home/drdbrioso/.vscode/extensions/ms-toolsai.jupyter-renderers-1.3.0]: Extension is not compatible with Code 1.85.2. Extension requires: ^1.95.0.
2025-10-13 16:45:21.454 [error] [/home/drdbrioso/.vscode/extensions/ms-toolsai.vscode-jupyter-cell-tags-0.1.9]: Extension is not compatible with Code 1.85.2. Extension requires: ^1.88.0.
2025-10-13 16:45:21.459 [error] [/home/drdbrioso/.vscode/extensions/ms-vscode.remote-explorer-0.5.0]: Extension is not compatible with Code 1.85.2. Extension requires: ^1.87.0.
2025-10-13 16:45:21.459 [error] [/home/drdbrioso/.vscode/extensions/ms-vscode-remote.remote-wsl-0.104.3]: Extension is not compatible with Code 1.85.2. Extension requires: ^1.104.0.
2025-10-13 16:45:21.460 [error] [/home/drdbrioso/.vscode/extensions/ms-vscode.remote-server-1.5.3]: Extension is not compatible with Code 1.85.2. Extension requires: ^1.87.0.
2025-10-13 16:45:21.460 [error] [/home/drdbrioso/.vscode/extensions/ms-python.vscode-python-envs-1.8.0-linux-x64]: Extension is not compatible with Code 1.85.2. Extension requires: ^1.104.0-20250815.
2025-10-13 16:45:21.460 [error] [/home/drdbrioso/.vscode/extensions/ms-vscode-remote.remote-containers-0.427.0]: Extension is not compatible with Code 1.85.2. Extension requires: ^1.99.0.
2025-10-13 16:45:21.461 [error] [/home/drdbrioso/.vscode/extensions/ms-python.debugpy-2025.10.0-linux-x64]: Extension is not compatible with Code 1.85.2. Extension requires: ^1.92.0.
2025-10-13 16:45:21.461 [error] [/home/drdbrioso/.vscode/extensions/ms-python.python-2025.14.0-linux-x64]: Extension is not compatible with Code 1.85.2. Extension requires: ^1.95.0.
2025-10-13 16:45:21.461 [error] [/home/drdbrioso/.vscode/extensions/ms-python.vscode-pylance-2025.8.3]: Extension is not compatible with Code 1.85.2. Extension requires: ^1.101.0.
2025-10-13 16:45:26.163 [error] [/home/drdbrioso/.vscode/extensions/ms-toolsai.vscode-jupyter-cell-tags-0.1.9]: Extension is not compatible with Code 1.85.2. Extension requires: ^1.88.0.
2025-10-13 16:45:26.163 [error] [/home/drdbrioso/.vscode/extensions/ms-toolsai.vscode-jupyter-slideshow-0.1.6]: Extension is not compatible with Code 1.85.2. Extension requires: ^1.88.0.
2025-10-13 16:45:26.163 [error] [/home/drdbrioso/.vscode/extensions/ms-toolsai.jupyter-renderers-1.3.0]: Extension is not compatible with Code 1.85.2. Extension requires: ^1.95.0.
2025-10-13 16:45:26.178 [error] [/home/drdbrioso/.vscode/extensions/ms-toolsai.vscode-jupyter-cell-tags-0.1.9]: Extension is not compatible with Code 1.85.2. Extension requires: ^1.88.0.
2025-10-13 16:45:26.178 [error] [/home/drdbrioso/.vscode/extensions/ms-toolsai.vscode-jupyter-slideshow-0.1.6]: Extension is not compatible with Code 1.85.2. Extension requires: ^1.88.0.
2025-10-13 16:45:26.179 [error] [/home/drdbrioso/.vscode/extensions/ms-toolsai.jupyter-renderers-1.3.0]: Extension is not compatible with Code 1.85.2. Extension requires: ^1.95.0.
2025-10-13 16:45:26.184 [error] [/home/drdbrioso/.vscode/extensions/ms-vscode.remote-server-1.5.3]: Extension is not compatible with Code 1.85.2. Extension requires: ^1.87.0.
2025-10-13 16:45:26.185 [error] [/home/drdbrioso/.vscode/extensions/ms-vscode-remote.remote-containers-0.427.0]: Extension is not compatible with Code 1.85.2. Extension requires: ^1.99.0.
2025-10-13 16:45:26.186 [error] [/home/drdbrioso/.vscode/extensions/ms-vscode-remote.remote-wsl-0.104.3]: Extension is not compatible with Code 1.85.2. Extension requires: ^1.104.0.
2025-10-13 16:45:26.186 [error] [/home/drdbrioso/.vscode/extensions/ms-python.vscode-python-envs-1.8.0-linux-x64]: Extension is not compatible with Code 1.85.2. Extension requires: ^1.104.0-20250815.
2025-10-13 16:45:26.186 [error] [/home/drdbrioso/.vscode/extensions/ms-vscode.remote-explorer-0.5.0]: Extension is not compatible with Code 1.85.2. Extension requires: ^1.87.0.
2025-10-13 16:45:26.186 [error] [/home/drdbrioso/.vscode/extensions/ms-python.debugpy-2025.10.0-linux-x64]: Extension is not compatible with Code 1.85.2. Extension requires: ^1.92.0.
2025-10-13 16:45:26.187 [error] [/home/drdbrioso/.vscode/extensions/ms-python.python-2025.14.0-linux-x64]: Extension is not compatible with Code 1.85.2. Extension requires: ^1.95.0.
2025-10-13 16:45:26.188 [error] [/home/drdbrioso/.vscode/extensions/ms-python.vscode-pylance-2025.8.3]: Extension is not compatible with Code 1.85.2. Extension requires: ^1.101.0.
2025-10-13 16:45:26.196 [error] [/home/drdbrioso/.vscode/extensions/ms-vscode.remote-server-1.5.3]: Extension is not compatible with Code 1.85.2. Extension requires: ^1.87.0.
2025-10-13 16:45:26.197 [error] [/home/drdbrioso/.vscode/extensions/ms-vscode-remote.remote-wsl-0.104.3]: Extension is not compatible with Code 1.85.2. Extension requires: ^1.104.0.
2025-10-13 16:45:26.197 [error] [/home/drdbrioso/.vscode/extensions/ms-vscode.remote-explorer-0.5.0]: Extension is not compatible with Code 1.85.2. Extension requires: ^1.87.0.
2025-10-13 16:45:26.197 [error] [/home/drdbrioso/.vscode/extensions/ms-python.vscode-python-envs-1.8.0-linux-x64]: Extension is not compatible with Code 1.85.2. Extension requires: ^1.104.0-20250815.
2025-10-13 16:45:26.198 [error] [/home/drdbrioso/.vscode/extensions/ms-python.debugpy-2025.10.0-linux-x64]: Extension is not compatible with Code 1.85.2. Extension requires: ^1.92.0.
2025-10-13 16:45:26.198 [error] [/home/drdbrioso/.vscode/extensions/ms-vscode-remote.remote-containers-0.427.0]: Extension is not compatible with Code 1.85.2. Extension requires: ^1.99.0.
2025-10-13 16:45:26.199 [error] [/home/drdbrioso/.vscode/extensions/ms-python.python-2025.14.0-linux-x64]: Extension is not compatible with Code 1.85.2. Extension requires: ^1.95.0.
2025-10-13 16:45:26.200 [error] [/home/drdbrioso/.vscode/extensions/ms-python.vscode-pylance-2025.8.3]: Extension is not compatible with Code 1.85.2. Extension requires: ^1.101.0.
2025-10-13 16:45:26.349 [error] [/home/drdbrioso/.vscode/extensions/ms-toolsai.vscode-jupyter-cell-tags-0.1.9]: Extension is not compatible with Code 1.85.2. Extension requires: ^1.88.0.
2025-10-13 16:45:26.349 [error] [/home/drdbrioso/.vscode/extensions/ms-toolsai.vscode-jupyter-slideshow-0.1.6]: Extension is not compatible with Code 1.85.2. Extension requires: ^1.88.0.
2025-10-13 16:45:26.350 [error] [/home/drdbrioso/.vscode/extensions/ms-toolsai.jupyter-renderers-1.3.0]: Extension is not compatible with Code 1.85.2. Extension requires: ^1.95.0.
2025-10-13 16:45:26.371 [error] [/home/drdbrioso/.vscode/extensions/ms-toolsai.vscode-jupyter-cell-tags-0.1.9]: Extension is not compatible with Code 1.85.2. Extension requires: ^1.88.0.
2025-10-13 16:45:26.371 [error] [/home/drdbrioso/.vscode/extensions/ms-toolsai.vscode-jupyter-slideshow-0.1.6]: Extension is not compatible with Code 1.85.2. Extension requires: ^1.88.0.
2025-10-13 16:45:26.372 [error] [/home/drdbrioso/.vscode/extensions/ms-toolsai.jupyter-renderers-1.3.0]: Extension is not compatible with Code 1.85.2. Extension requires: ^1.95.0.
2025-10-13 16:45:26.380 [error] [/home/drdbrioso/.vscode/extensions/ms-vscode.remote-server-1.5.3]: Extension is not compatible with Code 1.85.2. Extension requires: ^1.87.0.
2025-10-13 16:45:26.381 [error] [/home/drdbrioso/.vscode/extensions/ms-vscode.remote-explorer-0.5.0]: Extension is not compatible with Code 1.85.2. Extension requires: ^1.87.0.
2025-10-13 16:45:26.381 [error] [/home/drdbrioso/.vscode/extensions/ms-python.vscode-python-envs-1.8.0-linux-x64]: Extension is not compatible with Code 1.85.2. Extension requires: ^1.104.0-20250815.
2025-10-13 16:45:26.382 [error] [/home/drdbrioso/.vscode/extensions/ms-vscode-remote.remote-containers-0.427.0]: Extension is not compatible with Code 1.85.2. Extension requires: ^1.99.0.
2025-10-13 16:45:26.382 [error] [/home/drdbrioso/.vscode/extensions/ms-vscode-remote.remote-wsl-0.104.3]: Extension is not compatible with Code 1.85.2. Extension requires: ^1.104.0.
2025-10-13 16:45:26.383 [error] [/home/drdbrioso/.vscode/extensions/ms-python.debugpy-2025.10.0-linux-x64]: Extension is not compatible with Code 1.85.2. Extension requires: ^1.92.0.
2025-10-13 16:45:26.384 [error] [/home/drdbrioso/.vscode/extensions/ms-python.python-2025.14.0-linux-x64]: Extension is not compatible with Code 1.85.2. Extension requires: ^1.95.0.
2025-10-13 16:45:26.384 [error] [/home/drdbrioso/.vscode/extensions/ms-python.vscode-pylance-2025.8.3]: Extension is not compatible with Code 1.85.2. Extension requires: ^1.101.0.
2025-10-13 16:45:26.387 [error] [/home/drdbrioso/.vscode/extensions/ms-vscode.remote-server-1.5.3]: Extension is not compatible with Code 1.85.2. Extension requires: ^1.87.0.
2025-10-13 16:45:26.387 [error] [/home/drdbrioso/.vscode/extensions/ms-vscode.remote-explorer-0.5.0]: Extension is not compatible with Code 1.85.2. Extension requires: ^1.87.0.
2025-10-13 16:45:26.387 [error] [/home/drdbrioso/.vscode/extensions/ms-vscode-remote.remote-wsl-0.104.3]: Extension is not compatible with Code 1.85.2. Extension requires: ^1.104.0.
2025-10-13 16:45:26.388 [error] [/home/drdbrioso/.vscode/extensions/ms-vscode-remote.remote-containers-0.427.0]: Extension is not compatible with Code 1.85.2. Extension requires: ^1.99.0.
2025-10-13 16:45:26.388 [error] [/home/drdbrioso/.vscode/extensions/ms-python.debugpy-2025.10.0-linux-x64]: Extension is not compatible with Code 1.85.2. Extension requires: ^1.92.0.
2025-10-13 16:45:26.389 [error] [/home/drdbrioso/.vscode/extensions/ms-python.vscode-python-envs-1.8.0-linux-x64]: Extension is not compatible with Code 1.85.2. Extension requires: ^1.104.0-20250815.
2025-10-13 16:45:26.389 [error] [/home/drdbrioso/.vscode/extensions/ms-python.python-2025.14.0-linux-x64]: Extension is not compatible with Code 1.85.2. Extension requires: ^1.95.0.
2025-10-13 16:45:26.389 [error] [/home/drdbrioso/.vscode/extensions/ms-python.vscode-pylance-2025.8.3]: Extension is not compatible with Code 1.85.2. Extension requires: ^1.101.0.
2025-10-13 16:45:28.741 [error] [/home/drdbrioso/.vscode/extensions/ms-toolsai.vscode-jupyter-slideshow-0.1.6]: Extension is not compatible with Code 1.85.2. Extension requires: ^1.88.0.
2025-10-13 16:45:28.742 [error] [/home/drdbrioso/.vscode/extensions/ms-toolsai.vscode-jupyter-cell-tags-0.1.9]: Extension is not compatible with Code 1.85.2. Extension requires: ^1.88.0.
2025-10-13 16:45:28.742 [error] [/home/drdbrioso/.vscode/extensions/ms-toolsai.jupyter-renderers-1.3.0]: Extension is not compatible with Code 1.85.2. Extension requires: ^1.95.0.
2025-10-13 16:45:28.750 [error] [/home/drdbrioso/.vscode/extensions/ms-toolsai.vscode-jupyter-slideshow-0.1.6]: Extension is not compatible with Code 1.85.2. Extension requires: ^1.88.0.
2025-10-13 16:45:28.750 [error] [/home/drdbrioso/.vscode/extensions/ms-toolsai.vscode-jupyter-cell-tags-0.1.9]: Extension is not compatible with Code 1.85.2. Extension requires: ^1.88.0.
2025-10-13 16:45:28.750 [error] [/home/drdbrioso/.vscode/extensions/ms-toolsai.jupyter-renderers-1.3.0]: Extension is not compatible with Code 1.85.2. Extension requires: ^1.95.0.
2025-10-13 16:45:28.757 [error] [/home/drdbrioso/.vscode/extensions/ms-vscode.remote-server-1.5.3]: Extension is not compatible with Code 1.85.2. Extension requires: ^1.87.0.
2025-10-13 16:45:28.758 [error] [/home/drdbrioso/.vscode/extensions/ms-vscode.remote-explorer-0.5.0]: Extension is not compatible with Code 1.85.2. Extension requires: ^1.87.0.
2025-10-13 16:45:28.759 [error] [/home/drdbrioso/.vscode/extensions/ms-vscode-remote.remote-wsl-0.104.3]: Extension is not compatible with Code 1.85.2. Extension requires: ^1.104.0.
2025-10-13 16:45:28.759 [error] [/home/drdbrioso/.vscode/extensions/ms-python.vscode-python-envs-1.8.0-linux-x64]: Extension is not compatible with Code 1.85.2. Extension requires: ^1.104.0-20250815.
2025-10-13 16:45:28.759 [error] [/home/drdbrioso/.vscode/extensions/ms-python.debugpy-2025.10.0-linux-x64]: Extension is not compatible with Code 1.85.2. Extension requires: ^1.92.0.
2025-10-13 16:45:28.761 [error] [/home/drdbrioso/.vscode/extensions/ms-python.vscode-pylance-2025.8.3]: Extension is not compatible with Code 1.85.2. Extension requires: ^1.101.0.
2025-10-13 16:45:28.761 [error] [/home/drdbrioso/.vscode/extensions/ms-python.python-2025.14.0-linux-x64]: Extension is not compatible with Code 1.85.2. Extension requires: ^1.95.0.
2025-10-13 16:45:28.762 [error] [/home/drdbrioso/.vscode/extensions/ms-vscode-remote.remote-containers-0.427.0]: Extension is not compatible with Code 1.85.2. Extension requires: ^1.99.0.
2025-10-13 16:45:28.763 [error] [/home/drdbrioso/.vscode/extensions/ms-vscode.remote-server-1.5.3]: Extension is not compatible with Code 1.85.2. Extension requires: ^1.87.0.
2025-10-13 16:45:28.764 [error] [/home/drdbrioso/.vscode/extensions/ms-vscode-remote.remote-wsl-0.104.3]: Extension is not compatible with Code 1.85.2. Extension requires: ^1.104.0.
2025-10-13 16:45:28.764 [error] [/home/drdbrioso/.vscode/extensions/ms-python.vscode-python-envs-1.8.0-linux-x64]: Extension is not compatible with Code 1.85.2. Extension requires: ^1.104.0-20250815.
2025-10-13 16:45:28.764 [error] [/home/drdbrioso/.vscode/extensions/ms-vscode.remote-explorer-0.5.0]: Extension is not compatible with Code 1.85.2. Extension requires: ^1.87.0.
2025-10-13 16:45:28.764 [error] [/home/drdbrioso/.vscode/extensions/ms-python.debugpy-2025.10.0-linux-x64]: Extension is not compatible with Code 1.85.2. Extension requires: ^1.92.0.
2025-10-13 16:45:28.765 [error] [/home/drdbrioso/.vscode/extensions/ms-vscode-remote.remote-containers-0.427.0]: Extension is not compatible with Code 1.85.2. Extension requires: ^1.99.0.
2025-10-13 16:45:28.765 [error] [/home/drdbrioso/.vscode/extensions/ms-python.python-2025.14.0-linux-x64]: Extension is not compatible with Code 1.85.2. Extension requires: ^1.95.0.
2025-10-13 16:45:28.766 [error] [/home/drdbrioso/.vscode/extensions/ms-python.vscode-pylance-2025.8.3]: Extension is not compatible with Code 1.85.2. Extension requires: ^1.101.0.
2025-10-13 16:45:41.602 [error] [/home/drdbrioso/.vscode/extensions/ms-toolsai.vscode-jupyter-cell-tags-0.1.9]: Extension is not compatible with Code 1.85.2. Extension requires: ^1.88.0.
2025-10-13 16:45:41.602 [error] [/home/drdbrioso/.vscode/extensions/ms-toolsai.vscode-jupyter-slideshow-0.1.6]: Extension is not compatible with Code 1.85.2. Extension requires: ^1.88.0.
2025-10-13 16:45:41.602 [error] [/home/drdbrioso/.vscode/extensions/ms-toolsai.jupyter-renderers-1.3.0]: Extension is not compatible with Code 1.85.2. Extension requires: ^1.95.0.
2025-10-13 16:45:41.606 [error] [/home/drdbrioso/.vscode/extensions/ms-vscode.remote-explorer-0.5.0]: Extension is not compatible with Code 1.85.2. Extension requires: ^1.87.0.
2025-10-13 16:45:41.606 [error] [/home/drdbrioso/.vscode/extensions/ms-vscode.remote-server-1.5.3]: Extension is not compatible with Code 1.85.2. Extension requires: ^1.87.0.
2025-10-13 16:45:41.606 [error] [/home/drdbrioso/.vscode/extensions/ms-vscode-remote.remote-wsl-0.104.3]: Extension is not compatible with Code 1.85.2. Extension requires: ^1.104.0.
2025-10-13 16:45:41.607 [error] [/home/drdbrioso/.vscode/extensions/ms-python.vscode-python-envs-1.8.0-linux-x64]: Extension is not compatible with Code 1.85.2. Extension requires: ^1.104.0-20250815.
2025-10-13 16:45:41.607 [error] [/home/drdbrioso/.vscode/extensions/ms-python.debugpy-2025.10.0-linux-x64]: Extension is not compatible with Code 1.85.2. Extension requires: ^1.92.0.
2025-10-13 16:45:41.607 [error] [/home/drdbrioso/.vscode/extensions/ms-vscode-remote.remote-containers-0.427.0]: Extension is not compatible with Code 1.85.2. Extension requires: ^1.99.0.
2025-10-13 16:45:41.609 [error] [/home/drdbrioso/.vscode/extensions/ms-python.python-2025.14.0-linux-x64]: Extension is not compatible with Code 1.85.2. Extension requires: ^1.95.0.
2025-10-13 16:45:41.609 [error] [/home/drdbrioso/.vscode/extensions/ms-python.vscode-pylance-2025.8.3]: Extension is not compatible with Code 1.85.2. Extension requires: ^1.101.0.
2025-10-13 16:45:41.653 [error] [/home/drdbrioso/.vscode/extensions/ms-toolsai.vscode-jupyter-cell-tags-0.1.9]: Extension is not compatible with Code 1.85.2. Extension requires: ^1.88.0.
2025-10-13 16:45:41.654 [error] [/home/drdbrioso/.vscode/extensions/ms-toolsai.vscode-jupyter-slideshow-0.1.6]: Extension is not compatible with Code 1.85.2. Extension requires: ^1.88.0.
2025-10-13 16:45:41.654 [error] [/home/drdbrioso/.vscode/extensions/ms-toolsai.jupyter-renderers-1.3.0]: Extension is not compatible with Code 1.85.2. Extension requires: ^1.95.0.
2025-10-13 16:45:41.661 [error] [/home/drdbrioso/.vscode/extensions/ms-vscode.remote-server-1.5.3]: Extension is not compatible with Code 1.85.2. Extension requires: ^1.87.0.
2025-10-13 16:45:41.661 [error] [/home/drdbrioso/.vscode/extensions/ms-python.vscode-python-envs-1.8.0-linux-x64]: Extension is not compatible with Code 1.85.2. Extension requires: ^1.104.0-20250815.
2025-10-13 16:45:41.661 [error] [/home/drdbrioso/.vscode/extensions/ms-vscode.remote-explorer-0.5.0]: Extension is not compatible with Code 1.85.2. Extension requires: ^1.87.0.
2025-10-13 16:45:41.662 [error] [/home/drdbrioso/.vscode/extensions/ms-vscode-remote.remote-wsl-0.104.3]: Extension is not compatible with Code 1.85.2. Extension requires: ^1.104.0.
2025-10-13 16:45:41.662 [error] [/home/drdbrioso/.vscode/extensions/ms-python.debugpy-2025.10.0-linux-x64]: Extension is not compatible with Code 1.85.2. Extension requires: ^1.92.0.
2025-10-13 16:45:41.664 [error] [/home/drdbrioso/.vscode/extensions/ms-vscode-remote.remote-containers-0.427.0]: Extension is not compatible with Code 1.85.2. Extension requires: ^1.99.0.
2025-10-13 16:45:41.665 [error] [/home/drdbrioso/.vscode/extensions/ms-python.python-2025.14.0-linux-x64]: Extension is not compatible with Code 1.85.2. Extension requires: ^1.95.0.
2025-10-13 16:45:41.666 [error] [/home/drdbrioso/.vscode/extensions/ms-python.vscode-pylance-2025.8.3]: Extension is not compatible with Code 1.85.2. Extension requires: ^1.101.0.
2025-10-13 16:45:45.702 [error] [/home/drdbrioso/.vscode/extensions/ms-toolsai.vscode-jupyter-cell-tags-0.1.9]: Extension is not compatible with Code 1.85.2. Extension requires: ^1.88.0.
2025-10-13 16:45:45.702 [error] [/home/drdbrioso/.vscode/extensions/ms-toolsai.vscode-jupyter-slideshow-0.1.6]: Extension is not compatible with Code 1.85.2. Extension requires: ^1.88.0.
2025-10-13 16:45:45.702 [error] [/home/drdbrioso/.vscode/extensions/ms-toolsai.jupyter-renderers-1.3.0]: Extension is not compatible with Code 1.85.2. Extension requires: ^1.95.0.
2025-10-13 16:45:45.734 [error] [/home/drdbrioso/.vscode/extensions/ms-vscode.remote-server-1.5.3]: Extension is not compatible with Code 1.85.2. Extension requires: ^1.87.0.
2025-10-13 16:45:45.734 [error] [/home/drdbrioso/.vscode/extensions/ms-vscode-remote.remote-wsl-0.104.3]: Extension is not compatible with Code 1.85.2. Extension requires: ^1.104.0.
2025-10-13 16:45:45.735 [error] [/home/drdbrioso/.vscode/extensions/ms-vscode.remote-explorer-0.5.0]: Extension is not compatible with Code 1.85.2. Extension requires: ^1.87.0.
2025-10-13 16:45:45.737 [error] [/home/drdbrioso/.vscode/extensions/ms-vscode-remote.remote-containers-0.427.0]: Extension is not compatible with Code 1.85.2. Extension requires: ^1.99.0.
2025-10-13 16:45:45.737 [error] [/home/drdbrioso/.vscode/extensions/ms-python.vscode-python-envs-1.8.0-linux-x64]: Extension is not compatible with Code 1.85.2. Extension requires: ^1.104.0-20250815.
2025-10-13 16:45:45.737 [error] [/home/drdbrioso/.vscode/extensions/ms-python.debugpy-2025.10.0-linux-x64]: Extension is not compatible with Code 1.85.2. Extension requires: ^1.92.0.
2025-10-13 16:45:45.740 [error] [/home/drdbrioso/.vscode/extensions/ms-python.python-2025.14.0-linux-x64]: Extension is not compatible with Code 1.85.2. Extension requires: ^1.95.0.
2025-10-13 16:45:45.741 [error] [/home/drdbrioso/.vscode/extensions/ms-python.vscode-pylance-2025.8.3]: Extension is not compatible with Code 1.85.2. Extension requires: ^1.101.0.
2025-10-13 16:45:45.742 [error] [/home/drdbrioso/.vscode/extensions/ms-toolsai.vscode-jupyter-slideshow-0.1.6]: Extension is not compatible with Code 1.85.2. Extension requires: ^1.88.0.
2025-10-13 16:45:45.742 [error] [/home/drdbrioso/.vscode/extensions/ms-toolsai.vscode-jupyter-cell-tags-0.1.9]: Extension is not compatible with Code 1.85.2. Extension requires: ^1.88.0.
2025-10-13 16:45:45.743 [error] [/home/drdbrioso/.vscode/extensions/ms-toolsai.jupyter-renderers-1.3.0]: Extension is not compatible with Code 1.85.2. Extension requires: ^1.95.0.
2025-10-13 16:45:45.760 [error] [/home/drdbrioso/.vscode/extensions/ms-vscode-remote.remote-wsl-0.104.3]: Extension is not compatible with Code 1.85.2. Extension requires: ^1.104.0.
2025-10-13 16:45:45.761 [error] [/home/drdbrioso/.vscode/extensions/ms-vscode.remote-server-1.5.3]: Extension is not compatible with Code 1.85.2. Extension requires: ^1.87.0.
2025-10-13 16:45:45.761 [error] [/home/drdbrioso/.vscode/extensions/ms-vscode.remote-explorer-0.5.0]: Extension is not compatible with Code 1.85.2. Extension requires: ^1.87.0.
2025-10-13 16:45:45.761 [error] [/home/drdbrioso/.vscode/extensions/ms-python.vscode-python-envs-1.8.0-linux-x64]: Extension is not compatible with Code 1.85.2. Extension requires: ^1.104.0-20250815.
2025-10-13 16:45:45.761 [error] [/home/drdbrioso/.vscode/extensions/ms-vscode-remote.remote-containers-0.427.0]: Extension is not compatible with Code 1.85.2. Extension requires: ^1.99.0.
2025-10-13 16:45:45.761 [error] [/home/drdbrioso/.vscode/extensions/ms-python.debugpy-2025.10.0-linux-x64]: Extension is not compatible with Code 1.85.2. Extension requires: ^1.92.0.
2025-10-13 16:45:45.762 [error] [/home/drdbrioso/.vscode/extensions/ms-python.python-2025.14.0-linux-x64]: Extension is not compatible with Code 1.85.2. Extension requires: ^1.95.0.
2025-10-13 16:45:45.762 [error] [/home/drdbrioso/.vscode/extensions/ms-python.vscode-pylance-2025.8.3]: Extension is not compatible with Code 1.85.2. Extension requires: ^1.101.0.
2025-10-13 16:45:45.875 [error] [/home/drdbrioso/.vscode/extensions/ms-toolsai.vscode-jupyter-slideshow-0.1.6]: Extension is not compatible with Code 1.85.2. Extension requires: ^1.88.0.
2025-10-13 16:45:45.875 [error] [/home/drdbrioso/.vscode/extensions/ms-toolsai.vscode-jupyter-cell-tags-0.1.9]: Extension is not compatible with Code 1.85.2. Extension requires: ^1.88.0.
2025-10-13 16:45:45.876 [error] [/home/drdbrioso/.vscode/extensions/ms-toolsai.jupyter-renderers-1.3.0]: Extension is not compatible with Code 1.85.2. Extension requires: ^1.95.0.
2025-10-13 16:45:45.886 [error] [/home/drdbrioso/.vscode/extensions/ms-toolsai.vscode-jupyter-cell-tags-0.1.9]: Extension is not compatible with Code 1.85.2. Extension requires: ^1.88.0.
2025-10-13 16:45:45.886 [error] [/home/drdbrioso/.vscode/extensions/ms-toolsai.vscode-jupyter-slideshow-0.1.6]: Extension is not compatible with Code 1.85.2. Extension requires: ^1.88.0.
2025-10-13 16:45:45.886 [error] [/home/drdbrioso/.vscode/extensions/ms-toolsai.jupyter-renderers-1.3.0]: Extension is not compatible with Code 1.85.2. Extension requires: ^1.95.0.
2025-10-13 16:45:45.887 [error] [/home/drdbrioso/.vscode/extensions/ms-vscode.remote-server-1.5.3]: Extension is not compatible with Code 1.85.2. Extension requires: ^1.87.0.
2025-10-13 16:45:45.887 [error] [/home/drdbrioso/.vscode/extensions/ms-vscode-remote.remote-containers-0.427.0]: Extension is not compatible with Code 1.85.2. Extension requires: ^1.99.0.
2025-10-13 16:45:45.887 [error] [/home/drdbrioso/.vscode/extensions/ms-vscode.remote-explorer-0.5.0]: Extension is not compatible with Code 1.85.2. Extension requires: ^1.87.0.
2025-10-13 16:45:45.887 [error] [/home/drdbrioso/.vscode/extensions/ms-vscode-remote.remote-wsl-0.104.3]: Extension is not compatible with Code 1.85.2. Extension requires: ^1.104.0.
2025-10-13 16:45:45.888 [error] [/home/drdbrioso/.vscode/extensions/ms-python.vscode-python-envs-1.8.0-linux-x64]: Extension is not compatible with Code 1.85.2. Extension requires: ^1.104.0-20250815.
2025-10-13 16:45:45.888 [error] [/home/drdbrioso/.vscode/extensions/ms-python.debugpy-2025.10.0-linux-x64]: Extension is not compatible with Code 1.85.2. Extension requires: ^1.92.0.
2025-10-13 16:45:45.888 [error] [/home/drdbrioso/.vscode/extensions/ms-python.python-2025.14.0-linux-x64]: Extension is not compatible with Code 1.85.2. Extension requires: ^1.95.0.
2025-10-13 16:45:45.889 [error] [/home/drdbrioso/.vscode/extensions/ms-python.vscode-pylance-2025.8.3]: Extension is not compatible with Code 1.85.2. Extension requires: ^1.101.0.
2025-10-13 16:45:45.891 [error] [/home/drdbrioso/.vscode/extensions/ms-vscode-remote.remote-wsl-0.104.3]: Extension is not compatible with Code 1.85.2. Extension requires: ^1.104.0.
2025-10-13 16:45:45.892 [error] [/home/drdbrioso/.vscode/extensions/ms-vscode.remote-server-1.5.3]: Extension is not compatible with Code 1.85.2. Extension requires: ^1.87.0.
2025-10-13 16:45:45.892 [error] [/home/drdbrioso/.vscode/extensions/ms-vscode-remote.remote-containers-0.427.0]: Extension is not compatible with Code 1.85.2. Extension requires: ^1.99.0.
2025-10-13 16:45:45.892 [error] [/home/drdbrioso/.vscode/extensions/ms-vscode.remote-explorer-0.5.0]: Extension is not compatible with Code 1.85.2. Extension requires: ^1.87.0.
2025-10-13 16:45:45.892 [error] [/home/drdbrioso/.vscode/extensions/ms-python.debugpy-2025.10.0-linux-x64]: Extension is not compatible with Code 1.85.2. Extension requires: ^1.92.0.
2025-10-13 16:45:45.892 [error] [/home/drdbrioso/.vscode/extensions/ms-python.vscode-python-envs-1.8.0-linux-x64]: Extension is not compatible with Code 1.85.2. Extension requires: ^1.104.0-20250815.
2025-10-13 16:45:45.893 [error] [/home/drdbrioso/.vscode/extensions/ms-python.python-2025.14.0-linux-x64]: Extension is not compatible with Code 1.85.2. Extension requires: ^1.95.0.
2025-10-13 16:45:45.893 [error] [/home/drdbrioso/.vscode/extensions/ms-python.vscode-pylance-2025.8.3]: Extension is not compatible with Code 1.85.2. Extension requires: ^1.101.0.
2025-10-13 16:45:48.319 [error] [/home/drdbrioso/.vscode/extensions/ms-toolsai.vscode-jupyter-slideshow-0.1.6]: Extension is not compatible with Code 1.85.2. Extension requires: ^1.88.0.
2025-10-13 16:45:48.319 [error] [/home/drdbrioso/.vscode/extensions/ms-toolsai.vscode-jupyter-cell-tags-0.1.9]: Extension is not compatible with Code 1.85.2. Extension requires: ^1.88.0.
2025-10-13 16:45:48.319 [error] [/home/drdbrioso/.vscode/extensions/ms-toolsai.jupyter-renderers-1.3.0]: Extension is not compatible with Code 1.85.2. Extension requires: ^1.95.0.
2025-10-13 16:45:48.331 [error] [/home/drdbrioso/.vscode/extensions/ms-toolsai.vscode-jupyter-cell-tags-0.1.9]: Extension is not compatible with Code 1.85.2. Extension requires: ^1.88.0.
2025-10-13 16:45:48.331 [error] [/home/drdbrioso/.vscode/extensions/ms-toolsai.vscode-jupyter-slideshow-0.1.6]: Extension is not compatible with Code 1.85.2. Extension requires: ^1.88.0.
2025-10-13 16:45:48.331 [error] [/home/drdbrioso/.vscode/extensions/ms-toolsai.jupyter-renderers-1.3.0]: Extension is not compatible with Code 1.85.2. Extension requires: ^1.95.0.
2025-10-13 16:45:48.331 [error] [/home/drdbrioso/.vscode/extensions/ms-vscode-remote.remote-wsl-0.104.3]: Extension is not compatible with Code 1.85.2. Extension requires: ^1.104.0.
2025-10-13 16:45:48.331 [error] [/home/drdbrioso/.vscode/extensions/ms-vscode.remote-explorer-0.5.0]: Extension is not compatible with Code 1.85.2. Extension requires: ^1.87.0.
2025-10-13 16:45:48.331 [error] [/home/drdbrioso/.vscode/extensions/ms-python.debugpy-2025.10.0-linux-x64]: Extension is not compatible with Code 1.85.2. Extension requires: ^1.92.0.
2025-10-13 16:45:48.332 [error] [/home/drdbrioso/.vscode/extensions/ms-python.vscode-python-envs-1.8.0-linux-x64]: Extension is not compatible with Code 1.85.2. Extension requires: ^1.104.0-20250815.
2025-10-13 16:45:48.333 [error] [/home/drdbrioso/.vscode/extensions/ms-vscode.remote-server-1.5.3]: Extension is not compatible with Code 1.85.2. Extension requires: ^1.87.0.
2025-10-13 16:45:48.333 [error] [/home/drdbrioso/.vscode/extensions/ms-vscode-remote.remote-containers-0.427.0]: Extension is not compatible with Code 1.85.2. Extension requires: ^1.99.0.
2025-10-13 16:45:48.333 [error] [/home/drdbrioso/.vscode/extensions/ms-python.python-2025.14.0-linux-x64]: Extension is not compatible with Code 1.85.2. Extension requires: ^1.95.0.
2025-10-13 16:45:48.334 [error] [/home/drdbrioso/.vscode/extensions/ms-python.vscode-pylance-2025.8.3]: Extension is not compatible with Code 1.85.2. Extension requires: ^1.101.0.
2025-10-13 16:45:48.336 [error] [/home/drdbrioso/.vscode/extensions/ms-vscode.remote-server-1.5.3]: Extension is not compatible with Code 1.85.2. Extension requires: ^1.87.0.
2025-10-13 16:45:48.336 [error] [/home/drdbrioso/.vscode/extensions/ms-vscode-remote.remote-wsl-0.104.3]: Extension is not compatible with Code 1.85.2. Extension requires: ^1.104.0.
2025-10-13 16:45:48.336 [error] [/home/drdbrioso/.vscode/extensions/ms-vscode.remote-explorer-0.5.0]: Extension is not compatible with Code 1.85.2. Extension requires: ^1.87.0.
2025-10-13 16:45:48.337 [error] [/home/drdbrioso/.vscode/extensions/ms-vscode-remote.remote-containers-0.427.0]: Extension is not compatible with Code 1.85.2. Extension requires: ^1.99.0.
2025-10-13 16:45:48.337 [error] [/home/drdbrioso/.vscode/extensions/ms-python.vscode-python-envs-1.8.0-linux-x64]: Extension is not compatible with Code 1.85.2. Extension requires: ^1.104.0-20250815.
2025-10-13 16:45:48.337 [error] [/home/drdbrioso/.vscode/extensions/ms-python.debugpy-2025.10.0-linux-x64]: Extension is not compatible with Code 1.85.2. Extension requires: ^1.92.0.
2025-10-13 16:45:48.338 [error] [/home/drdbrioso/.vscode/extensions/ms-python.python-2025.14.0-linux-x64]: Extension is not compatible with Code 1.85.2. Extension requires: ^1.95.0.
2025-10-13 16:45:48.338 [error] [/home/drdbrioso/.vscode/extensions/ms-python.vscode-pylance-2025.8.3]: Extension is not compatible with Code 1.85.2. Extension requires: ^1.101.0.
2025-10-13 16:45:56.458 [error] [/home/drdbrioso/.vscode/extensions/ms-toolsai.vscode-jupyter-cell-tags-0.1.9]: Extension is not compatible with Code 1.85.2. Extension requires: ^1.88.0.
2025-10-13 16:45:56.459 [error] [/home/drdbrioso/.vscode/extensions/ms-toolsai.vscode-jupyter-slideshow-0.1.6]: Extension is not compatible with Code 1.85.2. Extension requires: ^1.88.0.
2025-10-13 16:45:56.459 [error] [/home/drdbrioso/.vscode/extensions/ms-toolsai.jupyter-renderers-1.3.0]: Extension is not compatible with Code 1.85.2. Extension requires: ^1.95.0.
2025-10-13 16:45:56.470 [error] [/home/drdbrioso/.vscode/extensions/ms-vscode.remote-server-1.5.3]: Extension is not compatible with Code 1.85.2. Extension requires: ^1.87.0.
2025-10-13 16:45:56.470 [error] [/home/drdbrioso/.vscode/extensions/ms-vscode-remote.remote-wsl-0.104.3]: Extension is not compatible with Code 1.85.2. Extension requires: ^1.104.0.
2025-10-13 16:45:56.471 [error] [/home/drdbrioso/.vscode/extensions/ms-vscode-remote.remote-containers-0.427.0]: Extension is not compatible with Code 1.85.2. Extension requires: ^1.99.0.
2025-10-13 16:45:56.471 [error] [/home/drdbrioso/.vscode/extensions/ms-vscode.remote-explorer-0.5.0]: Extension is not compatible with Code 1.85.2. Extension requires: ^1.87.0.
2025-10-13 16:45:56.471 [error] [/home/drdbrioso/.vscode/extensions/ms-python.debugpy-2025.10.0-linux-x64]: Extension is not compatible with Code 1.85.2. Extension requires: ^1.92.0.
2025-10-13 16:45:56.472 [error] [/home/drdbrioso/.vscode/extensions/ms-python.vscode-python-envs-1.8.0-linux-x64]: Extension is not compatible with Code 1.85.2. Extension requires: ^1.104.0-20250815.
2025-10-13 16:45:56.473 [error] [/home/drdbrioso/.vscode/extensions/ms-python.python-2025.14.0-linux-x64]: Extension is not compatible with Code 1.85.2. Extension requires: ^1.95.0.
2025-10-13 16:45:56.474 [error] [/home/drdbrioso/.vscode/extensions/ms-python.vscode-pylance-2025.8.3]: Extension is not compatible with Code 1.85.2. Extension requires: ^1.101.0.
2025-10-13 16:45:57.030 [error] [/home/drdbrioso/.vscode/extensions/ms-toolsai.vscode-jupyter-cell-tags-0.1.9]: Extension is not compatible with Code 1.85.2. Extension requires: ^1.88.0.
2025-10-13 16:45:57.031 [error] [/home/drdbrioso/.vscode/extensions/ms-toolsai.vscode-jupyter-slideshow-0.1.6]: Extension is not compatible with Code 1.85.2. Extension requires: ^1.88.0.
2025-10-13 16:45:57.031 [error] [/home/drdbrioso/.vscode/extensions/ms-toolsai.jupyter-renderers-1.3.0]: Extension is not compatible with Code 1.85.2. Extension requires: ^1.95.0.
2025-10-13 16:45:57.036 [error] [/home/drdbrioso/.vscode/extensions/ms-vscode.remote-server-1.5.3]: Extension is not compatible with Code 1.85.2. Extension requires: ^1.87.0.
2025-10-13 16:45:57.036 [error] [/home/drdbrioso/.vscode/extensions/ms-vscode-remote.remote-wsl-0.104.3]: Extension is not compatible with Code 1.85.2. Extension requires: ^1.104.0.
2025-10-13 16:45:57.036 [error] [/home/drdbrioso/.vscode/extensions/ms-python.vscode-python-envs-1.8.0-linux-x64]: Extension is not compatible with Code 1.85.2. Extension requires: ^1.104.0-20250815.
2025-10-13 16:45:57.037 [error] [/home/drdbrioso/.vscode/extensions/ms-vscode.remote-explorer-0.5.0]: Extension is not compatible with Code 1.85.2. Extension requires: ^1.87.0.
2025-10-13 16:45:57.037 [error] [/home/drdbrioso/.vscode/extensions/ms-vscode-remote.remote-containers-0.427.0]: Extension is not compatible with Code 1.85.2. Extension requires: ^1.99.0.
2025-10-13 16:45:57.037 [error] [/home/drdbrioso/.vscode/extensions/ms-python.debugpy-2025.10.0-linux-x64]: Extension is not compatible with Code 1.85.2. Extension requires: ^1.92.0.
2025-10-13 16:45:57.038 [error] [/home/drdbrioso/.vscode/extensions/ms-python.python-2025.14.0-linux-x64]: Extension is not compatible with Code 1.85.2. Extension requires: ^1.95.0.
2025-10-13 16:45:57.039 [error] [/home/drdbrioso/.vscode/extensions/ms-python.vscode-pylance-2025.8.3]: Extension is not compatible with Code 1.85.2. Extension requires: ^1.101.0.
2025-10-13 16:45:58.495 [error] [/home/drdbrioso/.vscode/extensions/ms-toolsai.vscode-jupyter-cell-tags-0.1.9]: Extension is not compatible with Code 1.85.2. Extension requires: ^1.88.0.
2025-10-13 16:45:58.495 [error] [/home/drdbrioso/.vscode/extensions/ms-toolsai.vscode-jupyter-slideshow-0.1.6]: Extension is not compatible with Code 1.85.2. Extension requires: ^1.88.0.
2025-10-13 16:45:58.495 [error] [/home/drdbrioso/.vscode/extensions/ms-toolsai.jupyter-renderers-1.3.0]: Extension is not compatible with Code 1.85.2. Extension requires: ^1.95.0.
2025-10-13 16:45:58.498 [error] [/home/drdbrioso/.vscode/extensions/ms-vscode.remote-server-1.5.3]: Extension is not compatible with Code 1.85.2. Extension requires: ^1.87.0.
2025-10-13 16:45:58.498 [error] [/home/drdbrioso/.vscode/extensions/ms-vscode.remote-explorer-0.5.0]: Extension is not compatible with Code 1.85.2. Extension requires: ^1.87.0.
2025-10-13 16:45:58.499 [error] [/home/drdbrioso/.vscode/extensions/ms-vscode-remote.remote-containers-0.427.0]: Extension is not compatible with Code 1.85.2. Extension requires: ^1.99.0.
2025-10-13 16:45:58.499 [error] [/home/drdbrioso/.vscode/extensions/ms-python.vscode-python-envs-1.8.0-linux-x64]: Extension is not compatible with Code 1.85.2. Extension requires: ^1.104.0-20250815.
2025-10-13 16:45:58.499 [error] [/home/drdbrioso/.vscode/extensions/ms-python.python-2025.14.0-linux-x64]: Extension is not compatible with Code 1.85.2. Extension requires: ^1.95.0.
2025-10-13 16:45:58.500 [error] [/home/drdbrioso/.vscode/extensions/ms-vscode-remote.remote-wsl-0.104.3]: Extension is not compatible with Code 1.85.2. Extension requires: ^1.104.0.
2025-10-13 16:45:58.500 [error] [/home/drdbrioso/.vscode/extensions/ms-python.debugpy-2025.10.0-linux-x64]: Extension is not compatible with Code 1.85.2. Extension requires: ^1.92.0.
2025-10-13 16:45:58.500 [error] [/home/drdbrioso/.vscode/extensions/ms-python.vscode-pylance-2025.8.3]: Extension is not compatible with Code 1.85.2. Extension requires: ^1.101.0.
2025-10-13 16:45:58.778 [error] [/home/drdbrioso/.vscode/extensions/ms-toolsai.vscode-jupyter-cell-tags-0.1.9]: Extension is not compatible with Code 1.85.2. Extension requires: ^1.88.0.
2025-10-13 16:45:58.779 [error] [/home/drdbrioso/.vscode/extensions/ms-toolsai.vscode-jupyter-slideshow-0.1.6]: Extension is not compatible with Code 1.85.2. Extension requires: ^1.88.0.
2025-10-13 16:45:58.779 [error] [/home/drdbrioso/.vscode/extensions/ms-toolsai.jupyter-renderers-1.3.0]: Extension is not compatible with Code 1.85.2. Extension requires: ^1.95.0.
2025-10-13 16:45:58.789 [error] [/home/drdbrioso/.vscode/extensions/ms-vscode.remote-explorer-0.5.0]: Extension is not compatible with Code 1.85.2. Extension requires: ^1.87.0.
2025-10-13 16:45:58.790 [error] [/home/drdbrioso/.vscode/extensions/ms-vscode.remote-server-1.5.3]: Extension is not compatible with Code 1.85.2. Extension requires: ^1.87.0.
2025-10-13 16:45:58.790 [error] [/home/drdbrioso/.vscode/extensions/ms-python.vscode-python-envs-1.8.0-linux-x64]: Extension is not compatible with Code 1.85.2. Extension requires: ^1.104.0-20250815.
2025-10-13 16:45:58.790 [error] [/home/drdbrioso/.vscode/extensions/ms-python.debugpy-2025.10.0-linux-x64]: Extension is not compatible with Code 1.85.2. Extension requires: ^1.92.0.
2025-10-13 16:45:58.790 [error] [/home/drdbrioso/.vscode/extensions/ms-vscode-remote.remote-wsl-0.104.3]: Extension is not compatible with Code 1.85.2. Extension requires: ^1.104.0.
2025-10-13 16:45:58.791 [error] [/home/drdbrioso/.vscode/extensions/ms-vscode-remote.remote-containers-0.427.0]: Extension is not compatible with Code 1.85.2. Extension requires: ^1.99.0.
2025-10-13 16:45:58.791 [error] [/home/drdbrioso/.vscode/extensions/ms-python.python-2025.14.0-linux-x64]: Extension is not compatible with Code 1.85.2. Extension requires: ^1.95.0.
2025-10-13 16:45:58.792 [error] [/home/drdbrioso/.vscode/extensions/ms-python.vscode-pylance-2025.8.3]: Extension is not compatible with Code 1.85.2. Extension requires: ^1.101.0.
2025-10-13 16:45:58.975 [error] [/home/drdbrioso/.vscode/extensions/ms-toolsai.vscode-jupyter-cell-tags-0.1.9]: Extension is not compatible with Code 1.85.2. Extension requires: ^1.88.0.
2025-10-13 16:45:58.976 [error] [/home/drdbrioso/.vscode/extensions/ms-toolsai.vscode-jupyter-slideshow-0.1.6]: Extension is not compatible with Code 1.85.2. Extension requires: ^1.88.0.
2025-10-13 16:45:58.976 [error] [/home/drdbrioso/.vscode/extensions/ms-toolsai.jupyter-renderers-1.3.0]: Extension is not compatible with Code 1.85.2. Extension requires: ^1.95.0.
2025-10-13 16:45:58.979 [error] [/home/drdbrioso/.vscode/extensions/ms-vscode.remote-server-1.5.3]: Extension is not compatible with Code 1.85.2. Extension requires: ^1.87.0.
2025-10-13 16:45:58.979 [error] [/home/drdbrioso/.vscode/extensions/ms-vscode-remote.remote-containers-0.427.0]: Extension is not compatible with Code 1.85.2. Extension requires: ^1.99.0.
2025-10-13 16:45:58.979 [error] [/home/drdbrioso/.vscode/extensions/ms-vscode-remote.remote-wsl-0.104.3]: Extension is not compatible with Code 1.85.2. Extension requires: ^1.104.0.
2025-10-13 16:45:58.980 [error] [/home/drdbrioso/.vscode/extensions/ms-vscode.remote-explorer-0.5.0]: Extension is not compatible with Code 1.85.2. Extension requires: ^1.87.0.
2025-10-13 16:45:58.980 [error] [/home/drdbrioso/.vscode/extensions/ms-python.vscode-python-envs-1.8.0-linux-x64]: Extension is not compatible with Code 1.85.2. Extension requires: ^1.104.0-20250815.
2025-10-13 16:45:58.980 [error] [/home/drdbrioso/.vscode/extensions/ms-python.debugpy-2025.10.0-linux-x64]: Extension is not compatible with Code 1.85.2. Extension requires: ^1.92.0.
2025-10-13 16:45:58.981 [error] [/home/drdbrioso/.vscode/extensions/ms-python.python-2025.14.0-linux-x64]: Extension is not compatible with Code 1.85.2. Extension requires: ^1.95.0.
2025-10-13 16:45:58.981 [error] [/home/drdbrioso/.vscode/extensions/ms-python.vscode-pylance-2025.8.3]: Extension is not compatible with Code 1.85.2. Extension requires: ^1.101.0.
2025-10-13 16:45:59.162 [error] [/home/drdbrioso/.vscode/extensions/ms-toolsai.vscode-jupyter-cell-tags-0.1.9]: Extension is not compatible with Code 1.85.2. Extension requires: ^1.88.0.
2025-10-13 16:45:59.163 [error] [/home/drdbrioso/.vscode/extensions/ms-toolsai.vscode-jupyter-slideshow-0.1.6]: Extension is not compatible with Code 1.85.2. Extension requires: ^1.88.0.
2025-10-13 16:45:59.163 [error] [/home/drdbrioso/.vscode/extensions/ms-toolsai.jupyter-renderers-1.3.0]: Extension is not compatible with Code 1.85.2. Extension requires: ^1.95.0.
2025-10-13 16:45:59.172 [error] [/home/drdbrioso/.vscode/extensions/ms-vscode-remote.remote-wsl-0.104.3]: Extension is not compatible with Code 1.85.2. Extension requires: ^1.104.0.
2025-10-13 16:45:59.173 [error] [/home/drdbrioso/.vscode/extensions/ms-vscode.remote-server-1.5.3]: Extension is not compatible with Code 1.85.2. Extension requires: ^1.87.0.
2025-10-13 16:45:59.173 [error] [/home/drdbrioso/.vscode/extensions/ms-python.debugpy-2025.10.0-linux-x64]: Extension is not compatible with Code 1.85.2. Extension requires: ^1.92.0.
2025-10-13 16:45:59.174 [error] [/home/drdbrioso/.vscode/extensions/ms-vscode.remote-explorer-0.5.0]: Extension is not compatible with Code 1.85.2. Extension requires: ^1.87.0.
2025-10-13 16:45:59.174 [error] [/home/drdbrioso/.vscode/extensions/ms-python.vscode-python-envs-1.8.0-linux-x64]: Extension is not compatible with Code 1.85.2. Extension requires: ^1.104.0-20250815.
2025-10-13 16:45:59.175 [error] [/home/drdbrioso/.vscode/extensions/ms-python.vscode-pylance-2025.8.3]: Extension is not compatible with Code 1.85.2. Extension requires: ^1.101.0.
2025-10-13 16:45:59.175 [error] [/home/drdbrioso/.vscode/extensions/ms-python.python-2025.14.0-linux-x64]: Extension is not compatible with Code 1.85.2. Extension requires: ^1.95.0.
2025-10-13 16:45:59.176 [error] [/home/drdbrioso/.vscode/extensions/ms-vscode-remote.remote-containers-0.427.0]: Extension is not compatible with Code 1.85.2. Extension requires: ^1.99.0.
2025-10-13 16:45:59.513 [error] [/home/drdbrioso/.vscode/extensions/ms-toolsai.vscode-jupyter-cell-tags-0.1.9]: Extension is not compatible with Code 1.85.2. Extension requires: ^1.88.0.
2025-10-13 16:45:59.513 [error] [/home/drdbrioso/.vscode/extensions/ms-toolsai.vscode-jupyter-slideshow-0.1.6]: Extension is not compatible with Code 1.85.2. Extension requires: ^1.88.0.
2025-10-13 16:45:59.513 [error] [/home/drdbrioso/.vscode/extensions/ms-toolsai.jupyter-renderers-1.3.0]: Extension is not compatible with Code 1.85.2. Extension requires: ^1.95.0.
2025-10-13 16:45:59.517 [error] [/home/drdbrioso/.vscode/extensions/ms-vscode-remote.remote-containers-0.427.0]: Extension is not compatible with Code 1.85.2. Extension requires: ^1.99.0.
2025-10-13 16:45:59.517 [error] [/home/drdbrioso/.vscode/extensions/ms-vscode.remote-server-1.5.3]: Extension is not compatible with Code 1.85.2. Extension requires: ^1.87.0.
2025-10-13 16:45:59.517 [error] [/home/drdbrioso/.vscode/extensions/ms-vscode.remote-explorer-0.5.0]: Extension is not compatible with Code 1.85.2. Extension requires: ^1.87.0.
2025-10-13 16:45:59.518 [error] [/home/drdbrioso/.vscode/extensions/ms-vscode-remote.remote-wsl-0.104.3]: Extension is not compatible with Code 1.85.2. Extension requires: ^1.104.0.
2025-10-13 16:45:59.518 [error] [/home/drdbrioso/.vscode/extensions/ms-python.debugpy-2025.10.0-linux-x64]: Extension is not compatible with Code 1.85.2. Extension requires: ^1.92.0.
2025-10-13 16:45:59.518 [error] [/home/drdbrioso/.vscode/extensions/ms-python.vscode-python-envs-1.8.0-linux-x64]: Extension is not compatible with Code 1.85.2. Extension requires: ^1.104.0-20250815.
2025-10-13 16:45:59.518 [error] [/home/drdbrioso/.vscode/extensions/ms-python.python-2025.14.0-linux-x64]: Extension is not compatible with Code 1.85.2. Extension requires: ^1.95.0.
2025-10-13 16:45:59.519 [error] [/home/drdbrioso/.vscode/extensions/ms-python.vscode-pylance-2025.8.3]: Extension is not compatible with Code 1.85.2. Extension requires: ^1.101.0.
2025-10-13 16:48:03.244 [error] [/home/drdbrioso/.vscode/extensions/ms-toolsai.vscode-jupyter-cell-tags-0.1.9]: Extension is not compatible with Code 1.85.2. Extension requires: ^1.88.0.
2025-10-13 16:48:03.245 [error] [/home/drdbrioso/.vscode/extensions/ms-toolsai.vscode-jupyter-slideshow-0.1.6]: Extension is not compatible with Code 1.85.2. Extension requires: ^1.88.0.
2025-10-13 16:48:03.245 [error] [/home/drdbrioso/.vscode/extensions/ms-toolsai.jupyter-renderers-1.3.0]: Extension is not compatible with Code 1.85.2. Extension requires: ^1.95.0.
2025-10-13 16:48:03.245 [error] [/home/drdbrioso/.vscode/extensions/ms-vscode.remote-server-1.5.3]: Extension is not compatible with Code 1.85.2. Extension requires: ^1.87.0.
2025-10-13 16:48:03.246 [error] [/home/drdbrioso/.vscode/extensions/ms-vscode-remote.remote-wsl-0.104.3]: Extension is not compatible with Code 1.85.2. Extension requires: ^1.104.0.
2025-10-13 16:48:03.246 [error] [/home/drdbrioso/.vscode/extensions/ms-vscode.remote-explorer-0.5.0]: Extension is not compatible with Code 1.85.2. Extension requires: ^1.87.0.
2025-10-13 16:48:03.247 [error] [/home/drdbrioso/.vscode/extensions/ms-python.vscode-python-envs-1.8.0-linux-x64]: Extension is not compatible with Code 1.85.2. Extension requires: ^1.104.0-20250815.
2025-10-13 16:48:03.248 [error] [/home/drdbrioso/.vscode/extensions/ms-vscode-remote.remote-containers-0.427.0]: Extension is not compatible with Code 1.85.2. Extension requires: ^1.99.0.
2025-10-13 16:48:03.248 [error] [/home/drdbrioso/.vscode/extensions/ms-python.debugpy-2025.10.0-linux-x64]: Extension is not compatible with Code 1.85.2. Extension requires: ^1.92.0.
2025-10-13 16:48:03.252 [error] [/home/drdbrioso/.vscode/extensions/ms-python.python-2025.14.0-linux-x64]: Extension is not compatible with Code 1.85.2. Extension requires: ^1.95.0.
2025-10-13 16:48:03.253 [error] [/home/drdbrioso/.vscode/extensions/ms-python.vscode-pylance-2025.8.3]: Extension is not compatible with Code 1.85.2. Extension requires: ^1.101.0.
2025-10-13 16:50:56.516 [error] [/home/drdbrioso/.vscode/extensions/ms-toolsai.vscode-jupyter-cell-tags-0.1.9]: Extension is not compatible with Code 1.85.2. Extension requires: ^1.88.0.
2025-10-13 16:50:56.516 [error] [/home/drdbrioso/.vscode/extensions/ms-toolsai.vscode-jupyter-slideshow-0.1.6]: Extension is not compatible with Code 1.85.2. Extension requires: ^1.88.0.
2025-10-13 16:50:56.516 [error] [/home/drdbrioso/.vscode/extensions/ms-toolsai.jupyter-renderers-1.3.0]: Extension is not compatible with Code 1.85.2. Extension requires: ^1.95.0.
2025-10-13 16:50:56.519 [error] [/home/drdbrioso/.vscode/extensions/ms-vscode-remote.remote-containers-0.427.0]: Extension is not compatible with Code 1.85.2. Extension requires: ^1.99.0.
2025-10-13 16:50:56.520 [error] [/home/drdbrioso/.vscode/extensions/ms-vscode.remote-server-1.5.3]: Extension is not compatible with Code 1.85.2. Extension requires: ^1.87.0.
2025-10-13 16:50:56.520 [error] [/home/drdbrioso/.vscode/extensions/ms-vscode.remote-explorer-0.5.0]: Extension is not compatible with Code 1.85.2. Extension requires: ^1.87.0.
2025-10-13 16:50:56.520 [error] [/home/drdbrioso/.vscode/extensions/ms-vscode-remote.remote-wsl-0.104.3]: Extension is not compatible with Code 1.85.2. Extension requires: ^1.104.0.
2025-10-13 16:50:56.520 [error] [/home/drdbrioso/.vscode/extensions/ms-python.debugpy-2025.10.0-linux-x64]: Extension is not compatible with Code 1.85.2. Extension requires: ^1.92.0.
2025-10-13 16:50:56.520 [error] [/home/drdbrioso/.vscode/extensions/ms-python.vscode-python-envs-1.8.0-linux-x64]: Extension is not compatible with Code 1.85.2. Extension requires: ^1.104.0-20250815.
2025-10-13 16:50:56.521 [error] [/home/drdbrioso/.vscode/extensions/ms-python.vscode-pylance-2025.8.3]: Extension is not compatible with Code 1.85.2. Extension requires: ^1.101.0.
2025-10-13 16:50:56.521 [error] [/home/drdbrioso/.vscode/extensions/ms-python.python-2025.14.0-linux-x64]: Extension is not compatible with Code 1.85.2. Extension requires: ^1.95.0.
2025-10-13 16:53:08.981 [error] [/home/drdbrioso/.vscode/extensions/ms-toolsai.vscode-jupyter-cell-tags-0.1.9]: Extension is not compatible with Code 1.85.2. Extension requires: ^1.88.0.
2025-10-13 16:53:08.982 [error] [/home/drdbrioso/.vscode/extensions/ms-toolsai.vscode-jupyter-slideshow-0.1.6]: Extension is not compatible with Code 1.85.2. Extension requires: ^1.88.0.
2025-10-13 16:53:08.982 [error] [/home/drdbrioso/.vscode/extensions/ms-toolsai.jupyter-renderers-1.3.0]: Extension is not compatible with Code 1.85.2. Extension requires: ^1.95.0.
2025-10-13 16:53:08.990 [error] [/home/drdbrioso/.vscode/extensions/ms-vscode.remote-server-1.5.3]: Extension is not compatible with Code 1.85.2. Extension requires: ^1.87.0.
2025-10-13 16:53:08.991 [error] [/home/drdbrioso/.vscode/extensions/ms-vscode.remote-explorer-0.5.0]: Extension is not compatible with Code 1.85.2. Extension requires: ^1.87.0.
2025-10-13 16:53:08.993 [error] [/home/drdbrioso/.vscode/extensions/ms-vscode-remote.remote-containers-0.427.0]: Extension is not compatible with Code 1.85.2. Extension requires: ^1.99.0.
2025-10-13 16:53:08.995 [error] [/home/drdbrioso/.vscode/extensions/ms-python.vscode-python-envs-1.8.0-linux-x64]: Extension is not compatible with Code 1.85.2. Extension requires: ^1.104.0-20250815.
2025-10-13 16:53:08.997 [error] [/home/drdbrioso/.vscode/extensions/ms-vscode-remote.remote-wsl-0.104.3]: Extension is not compatible with Code 1.85.2. Extension requires: ^1.104.0.
2025-10-13 16:53:08.999 [error] [/home/drdbrioso/.vscode/extensions/ms-python.debugpy-2025.10.0-linux-x64]: Extension is not compatible with Code 1.85.2. Extension requires: ^1.92.0.
2025-10-13 16:53:09.005 [error] [/home/drdbrioso/.vscode/extensions/ms-python.vscode-pylance-2025.8.3]: Extension is not compatible with Code 1.85.2. Extension requires: ^1.101.0.
2025-10-13 16:53:09.007 [error] [/home/drdbrioso/.vscode/extensions/ms-python.python-2025.14.0-linux-x64]: Extension is not compatible with Code 1.85.2. Extension requires: ^1.95.0.
2025-10-13 16:55:56.631 [error] [/home/drdbrioso/.vscode/extensions/ms-toolsai.vscode-jupyter-cell-tags-0.1.9]: Extension is not compatible with Code 1.85.2. Extension requires: ^1.88.0.
2025-10-13 16:55:56.632 [error] [/home/drdbrioso/.vscode/extensions/ms-toolsai.vscode-jupyter-slideshow-0.1.6]: Extension is not compatible with Code 1.85.2. Extension requires: ^1.88.0.
2025-10-13 16:55:56.632 [error] [/home/drdbrioso/.vscode/extensions/ms-toolsai.jupyter-renderers-1.3.0]: Extension is not compatible with Code 1.85.2. Extension requires: ^1.95.0.
2025-10-13 16:55:56.634 [error] [/home/drdbrioso/.vscode/extensions/ms-vscode.remote-server-1.5.3]: Extension is not compatible with Code 1.85.2. Extension requires: ^1.87.0.
2025-10-13 16:55:56.634 [error] [/home/drdbrioso/.vscode/extensions/ms-vscode-remote.remote-wsl-0.104.3]: Extension is not compatible with Code 1.85.2. Extension requires: ^1.104.0.
2025-10-13 16:55:56.635 [error] [/home/drdbrioso/.vscode/extensions/ms-vscode.remote-explorer-0.5.0]: Extension is not compatible with Code 1.85.2. Extension requires: ^1.87.0.
2025-10-13 16:55:56.636 [error] [/home/drdbrioso/.vscode/extensions/ms-vscode-remote.remote-containers-0.427.0]: Extension is not compatible with Code 1.85.2. Extension requires: ^1.99.0.
2025-10-13 16:55:56.636 [error] [/home/drdbrioso/.vscode/extensions/ms-python.debugpy-2025.10.0-linux-x64]: Extension is not compatible with Code 1.85.2. Extension requires: ^1.92.0.
2025-10-13 16:55:56.636 [error] [/home/drdbrioso/.vscode/extensions/ms-python.vscode-python-envs-1.8.0-linux-x64]: Extension is not compatible with Code 1.85.2. Extension requires: ^1.104.0-20250815.
2025-10-13 16:55:56.637 [error] [/home/drdbrioso/.vscode/extensions/ms-python.python-2025.14.0-linux-x64]: Extension is not compatible with Code 1.85.2. Extension requires: ^1.95.0.
2025-10-13 16:55:56.638 [error] [/home/drdbrioso/.vscode/extensions/ms-python.vscode-pylance-2025.8.3]: Extension is not compatible with Code 1.85.2. Extension requires: ^1.101.0.
2025-10-13 16:58:09.903 [error] [/home/drdbrioso/.vscode/extensions/ms-toolsai.vscode-jupyter-cell-tags-0.1.9]: Extension is not compatible with Code 1.85.2. Extension requires: ^1.88.0.
2025-10-13 16:58:09.903 [error] [/home/drdbrioso/.vscode/extensions/ms-toolsai.vscode-jupyter-slideshow-0.1.6]: Extension is not compatible with Code 1.85.2. Extension requires: ^1.88.0.
2025-10-13 16:58:09.903 [error] [/home/drdbrioso/.vscode/extensions/ms-toolsai.jupyter-renderers-1.3.0]: Extension is not compatible with Code 1.85.2. Extension requires: ^1.95.0.
2025-10-13 16:58:09.904 [error] [/home/drdbrioso/.vscode/extensions/ms-vscode-remote.remote-wsl-0.104.3]: Extension is not compatible with Code 1.85.2. Extension requires: ^1.104.0.
2025-10-13 16:58:09.904 [error] [/home/drdbrioso/.vscode/extensions/ms-vscode.remote-server-1.5.3]: Extension is not compatible with Code 1.85.2. Extension requires: ^1.87.0.
2025-10-13 16:58:09.905 [error] [/home/drdbrioso/.vscode/extensions/ms-vscode.remote-explorer-0.5.0]: Extension is not compatible with Code 1.85.2. Extension requires: ^1.87.0.
2025-10-13 16:58:09.905 [error] [/home/drdbrioso/.vscode/extensions/ms-python.debugpy-2025.10.0-linux-x64]: Extension is not compatible with Code 1.85.2. Extension requires: ^1.92.0.
2025-10-13 16:58:09.905 [error] [/home/drdbrioso/.vscode/extensions/ms-python.vscode-python-envs-1.8.0-linux-x64]: Extension is not compatible with Code 1.85.2. Extension requires: ^1.104.0-20250815.
2025-10-13 16:58:09.908 [error] [/home/drdbrioso/.vscode/extensions/ms-vscode-remote.remote-containers-0.427.0]: Extension is not compatible with Code 1.85.2. Extension requires: ^1.99.0.
2025-10-13 16:58:09.908 [error] [/home/drdbrioso/.vscode/extensions/ms-python.python-2025.14.0-linux-x64]: Extension is not compatible with Code 1.85.2. Extension requires: ^1.95.0.
2025-10-13 16:58:09.910 [error] [/home/drdbrioso/.vscode/extensions/ms-python.vscode-pylance-2025.8.3]: Extension is not compatible with Code 1.85.2. Extension requires: ^1.101.0.
2025-10-13 17:00:56.801 [error] [/home/drdbrioso/.vscode/extensions/ms-toolsai.vscode-jupyter-cell-tags-0.1.9]: Extension is not compatible with Code 1.85.2. Extension requires: ^1.88.0.
2025-10-13 17:00:56.802 [error] [/home/drdbrioso/.vscode/extensions/ms-toolsai.vscode-jupyter-slideshow-0.1.6]: Extension is not compatible with Code 1.85.2. Extension requires: ^1.88.0.
2025-10-13 17:00:56.802 [error] [/home/drdbrioso/.vscode/extensions/ms-toolsai.jupyter-renderers-1.3.0]: Extension is not compatible with Code 1.85.2. Extension requires: ^1.95.0.
2025-10-13 17:00:56.805 [error] [/home/drdbrioso/.vscode/extensions/ms-vscode.remote-server-1.5.3]: Extension is not compatible with Code 1.85.2. Extension requires: ^1.87.0.
2025-10-13 17:00:56.806 [error] [/home/drdbrioso/.vscode/extensions/ms-vscode-remote.remote-wsl-0.104.3]: Extension is not compatible with Code 1.85.2. Extension requires: ^1.104.0.
2025-10-13 17:00:56.808 [error] [/home/drdbrioso/.vscode/extensions/ms-vscode.remote-explorer-0.5.0]: Extension is not compatible with Code 1.85.2. Extension requires: ^1.87.0.
2025-10-13 17:00:56.809 [error] [/home/drdbrioso/.vscode/extensions/ms-vscode-remote.remote-containers-0.427.0]: Extension is not compatible with Code 1.85.2. Extension requires: ^1.99.0.
2025-10-13 17:00:56.809 [error] [/home/drdbrioso/.vscode/extensions/ms-python.vscode-python-envs-1.8.0-linux-x64]: Extension is not compatible with Code 1.85.2. Extension requires: ^1.104.0-20250815.
2025-10-13 17:00:56.810 [error] [/home/drdbrioso/.vscode/extensions/ms-python.debugpy-2025.10.0-linux-x64]: Extension is not compatible with Code 1.85.2. Extension requires: ^1.92.0.
2025-10-13 17:00:56.811 [error] [/home/drdbrioso/.vscode/extensions/ms-python.python-2025.14.0-linux-x64]: Extension is not compatible with Code 1.85.2. Extension requires: ^1.95.0.
2025-10-13 17:00:56.813 [error] [/home/drdbrioso/.vscode/extensions/ms-python.vscode-pylance-2025.8.3]: Extension is not compatible with Code 1.85.2. Extension requires: ^1.101.0.
2025-10-13 17:03:10.237 [error] [/home/drdbrioso/.vscode/extensions/ms-toolsai.vscode-jupyter-cell-tags-0.1.9]: Extension is not compatible with Code 1.85.2. Extension requires: ^1.88.0.
2025-10-13 17:03:10.237 [error] [/home/drdbrioso/.vscode/extensions/ms-toolsai.vscode-jupyter-slideshow-0.1.6]: Extension is not compatible with Code 1.85.2. Extension requires: ^1.88.0.
2025-10-13 17:03:10.237 [error] [/home/drdbrioso/.vscode/extensions/ms-toolsai.jupyter-renderers-1.3.0]: Extension is not compatible with Code 1.85.2. Extension requires: ^1.95.0.
2025-10-13 17:03:10.238 [error] [/home/drdbrioso/.vscode/extensions/ms-vscode.remote-server-1.5.3]: Extension is not compatible with Code 1.85.2. Extension requires: ^1.87.0.
2025-10-13 17:03:10.239 [error] [/home/drdbrioso/.vscode/extensions/ms-vscode-remote.remote-wsl-0.104.3]: Extension is not compatible with Code 1.85.2. Extension requires: ^1.104.0.
2025-10-13 17:03:10.240 [error] [/home/drdbrioso/.vscode/extensions/ms-vscode.remote-explorer-0.5.0]: Extension is not compatible with Code 1.85.2. Extension requires: ^1.87.0.
2025-10-13 17:03:10.240 [error] [/home/drdbrioso/.vscode/extensions/ms-python.debugpy-2025.10.0-linux-x64]: Extension is not compatible with Code 1.85.2. Extension requires: ^1.92.0.
2025-10-13 17:03:10.241 [error] [/home/drdbrioso/.vscode/extensions/ms-python.vscode-python-envs-1.8.0-linux-x64]: Extension is not compatible with Code 1.85.2. Extension requires: ^1.104.0-20250815.
2025-10-13 17:03:10.246 [error] [/home/drdbrioso/.vscode/extensions/ms-vscode-remote.remote-containers-0.427.0]: Extension is not compatible with Code 1.85.2. Extension requires: ^1.99.0.
2025-10-13 17:03:10.247 [error] [/home/drdbrioso/.vscode/extensions/ms-python.python-2025.14.0-linux-x64]: Extension is not compatible with Code 1.85.2. Extension requires: ^1.95.0.
2025-10-13 17:03:10.251 [error] [/home/drdbrioso/.vscode/extensions/ms-python.vscode-pylance-2025.8.3]: Extension is not compatible with Code 1.85.2. Extension requires: ^1.101.0.
2025-10-13 17:05:56.860 [error] [/home/drdbrioso/.vscode/extensions/ms-toolsai.vscode-jupyter-cell-tags-0.1.9]: Extension is not compatible with Code 1.85.2. Extension requires: ^1.88.0.
2025-10-13 17:05:56.861 [error] [/home/drdbrioso/.vscode/extensions/ms-toolsai.vscode-jupyter-slideshow-0.1.6]: Extension is not compatible with Code 1.85.2. Extension requires: ^1.88.0.
2025-10-13 17:05:56.861 [error] [/home/drdbrioso/.vscode/extensions/ms-toolsai.jupyter-renderers-1.3.0]: Extension is not compatible with Code 1.85.2. Extension requires: ^1.95.0.
2025-10-13 17:05:56.861 [error] [/home/drdbrioso/.vscode/extensions/ms-vscode.remote-server-1.5.3]: Extension is not compatible with Code 1.85.2. Extension requires: ^1.87.0.
2025-10-13 17:05:56.862 [error] [/home/drdbrioso/.vscode/extensions/ms-vscode-remote.remote-wsl-0.104.3]: Extension is not compatible with Code 1.85.2. Extension requires: ^1.104.0.
2025-10-13 17:05:56.862 [error] [/home/drdbrioso/.vscode/extensions/ms-vscode.remote-explorer-0.5.0]: Extension is not compatible with Code 1.85.2. Extension requires: ^1.87.0.
2025-10-13 17:05:56.862 [error] [/home/drdbrioso/.vscode/extensions/ms-vscode-remote.remote-containers-0.427.0]: Extension is not compatible with Code 1.85.2. Extension requires: ^1.99.0.
2025-10-13 17:05:56.863 [error] [/home/drdbrioso/.vscode/extensions/ms-python.vscode-python-envs-1.8.0-linux-x64]: Extension is not compatible with Code 1.85.2. Extension requires: ^1.104.0-20250815.
2025-10-13 17:05:56.863 [error] [/home/drdbrioso/.vscode/extensions/ms-python.debugpy-2025.10.0-linux-x64]: Extension is not compatible with Code 1.85.2. Extension requires: ^1.92.0.
2025-10-13 17:05:56.867 [error] [/home/drdbrioso/.vscode/extensions/ms-python.python-2025.14.0-linux-x64]: Extension is not compatible with Code 1.85.2. Extension requires: ^1.95.0.
2025-10-13 17:05:56.869 [error] [/home/drdbrioso/.vscode/extensions/ms-python.vscode-pylance-2025.8.3]: Extension is not compatible with Code 1.85.2. Extension requires: ^1.101.0.
2025-10-13 17:08:10.407 [error] [/home/drdbrioso/.vscode/extensions/ms-toolsai.vscode-jupyter-cell-tags-0.1.9]: Extension is not compatible with Code 1.85.2. Extension requires: ^1.88.0.
2025-10-13 17:08:10.408 [error] [/home/drdbrioso/.vscode/extensions/ms-toolsai.vscode-jupyter-slideshow-0.1.6]: Extension is not compatible with Code 1.85.2. Extension requires: ^1.88.0.
2025-10-13 17:08:10.408 [error] [/home/drdbrioso/.vscode/extensions/ms-toolsai.jupyter-renderers-1.3.0]: Extension is not compatible with Code 1.85.2. Extension requires: ^1.95.0.
2025-10-13 17:08:10.412 [error] [/home/drdbrioso/.vscode/extensions/ms-vscode-remote.remote-wsl-0.104.3]: Extension is not compatible with Code 1.85.2. Extension requires: ^1.104.0.
2025-10-13 17:08:10.413 [error] [/home/drdbrioso/.vscode/extensions/ms-vscode.remote-server-1.5.3]: Extension is not compatible with Code 1.85.2. Extension requires: ^1.87.0.
2025-10-13 17:08:10.413 [error] [/home/drdbrioso/.vscode/extensions/ms-python.vscode-python-envs-1.8.0-linux-x64]: Extension is not compatible with Code 1.85.2. Extension requires: ^1.104.0-20250815.
2025-10-13 17:08:10.413 [error] [/home/drdbrioso/.vscode/extensions/ms-vscode.remote-explorer-0.5.0]: Extension is not compatible with Code 1.85.2. Extension requires: ^1.87.0.
2025-10-13 17:08:10.414 [error] [/home/drdbrioso/.vscode/extensions/ms-vscode-remote.remote-containers-0.427.0]: Extension is not compatible with Code 1.85.2. Extension requires: ^1.99.0.
2025-10-13 17:08:10.415 [error] [/home/drdbrioso/.vscode/extensions/ms-python.debugpy-2025.10.0-linux-x64]: Extension is not compatible with Code 1.85.2. Extension requires: ^1.92.0.
2025-10-13 17:08:10.415 [error] [/home/drdbrioso/.vscode/extensions/ms-python.python-2025.14.0-linux-x64]: Extension is not compatible with Code 1.85.2. Extension requires: ^1.95.0.
2025-10-13 17:08:10.416 [error] [/home/drdbrioso/.vscode/extensions/ms-python.vscode-pylance-2025.8.3]: Extension is not compatible with Code 1.85.2. Extension requires: ^1.101.0.
2025-10-13 17:13:10.575 [error] [/home/drdbrioso/.vscode/extensions/ms-toolsai.vscode-jupyter-cell-tags-0.1.9]: Extension is not compatible with Code 1.85.2. Extension requires: ^1.88.0.
2025-10-13 17:13:10.577 [error] [/home/drdbrioso/.vscode/extensions/ms-toolsai.vscode-jupyter-slideshow-0.1.6]: Extension is not compatible with Code 1.85.2. Extension requires: ^1.88.0.
2025-10-13 17:13:10.577 [error] [/home/drdbrioso/.vscode/extensions/ms-toolsai.jupyter-renderers-1.3.0]: Extension is not compatible with Code 1.85.2. Extension requires: ^1.95.0.
2025-10-13 17:13:10.577 [error] [/home/drdbrioso/.vscode/extensions/ms-vscode-remote.remote-containers-0.427.0]: Extension is not compatible with Code 1.85.2. Extension requires: ^1.99.0.
2025-10-13 17:13:10.577 [error] [/home/drdbrioso/.vscode/extensions/ms-vscode.remote-server-1.5.3]: Extension is not compatible with Code 1.85.2. Extension requires: ^1.87.0.
2025-10-13 17:13:10.578 [error] [/home/drdbrioso/.vscode/extensions/ms-vscode-remote.remote-wsl-0.104.3]: Extension is not compatible with Code 1.85.2. Extension requires: ^1.104.0.
2025-10-13 17:13:10.579 [error] [/home/drdbrioso/.vscode/extensions/ms-vscode.remote-explorer-0.5.0]: Extension is not compatible with Code 1.85.2. Extension requires: ^1.87.0.
2025-10-13 17:13:10.579 [error] [/home/drdbrioso/.vscode/extensions/ms-python.vscode-python-envs-1.8.0-linux-x64]: Extension is not compatible with Code 1.85.2. Extension requires: ^1.104.0-20250815.
2025-10-13 17:13:10.579 [error] [/home/drdbrioso/.vscode/extensions/ms-python.debugpy-2025.10.0-linux-x64]: Extension is not compatible with Code 1.85.2. Extension requires: ^1.92.0.
2025-10-13 17:13:10.581 [error] [/home/drdbrioso/.vscode/extensions/ms-python.python-2025.14.0-linux-x64]: Extension is not compatible with Code 1.85.2. Extension requires: ^1.95.0.
2025-10-13 17:13:10.582 [error] [/home/drdbrioso/.vscode/extensions/ms-python.vscode-pylance-2025.8.3]: Extension is not compatible with Code 1.85.2. Extension requires: ^1.101.0.
2025-10-13 17:18:10.734 [error] [/home/drdbrioso/.vscode/extensions/ms-toolsai.vscode-jupyter-cell-tags-0.1.9]: Extension is not compatible with Code 1.85.2. Extension requires: ^1.88.0.
2025-10-13 17:18:10.734 [error] [/home/drdbrioso/.vscode/extensions/ms-toolsai.vscode-jupyter-slideshow-0.1.6]: Extension is not compatible with Code 1.85.2. Extension requires: ^1.88.0.
2025-10-13 17:18:10.734 [error] [/home/drdbrioso/.vscode/extensions/ms-toolsai.jupyter-renderers-1.3.0]: Extension is not compatible with Code 1.85.2. Extension requires: ^1.95.0.
2025-10-13 17:18:10.735 [error] [/home/drdbrioso/.vscode/extensions/ms-vscode.remote-server-1.5.3]: Extension is not compatible with Code 1.85.2. Extension requires: ^1.87.0.
2025-10-13 17:18:10.736 [error] [/home/drdbrioso/.vscode/extensions/ms-vscode-remote.remote-wsl-0.104.3]: Extension is not compatible with Code 1.85.2. Extension requires: ^1.104.0.
2025-10-13 17:18:10.737 [error] [/home/drdbrioso/.vscode/extensions/ms-python.vscode-python-envs-1.8.0-linux-x64]: Extension is not compatible with Code 1.85.2. Extension requires: ^1.104.0-20250815.
2025-10-13 17:18:10.738 [error] [/home/drdbrioso/.vscode/extensions/ms-vscode-remote.remote-containers-0.427.0]: Extension is not compatible with Code 1.85.2. Extension requires: ^1.99.0.
2025-10-13 17:18:10.739 [error] [/home/drdbrioso/.vscode/extensions/ms-vscode.remote-explorer-0.5.0]: Extension is not compatible with Code 1.85.2. Extension requires: ^1.87.0.
2025-10-13 17:18:10.739 [error] [/home/drdbrioso/.vscode/extensions/ms-python.debugpy-2025.10.0-linux-x64]: Extension is not compatible with Code 1.85.2. Extension requires: ^1.92.0.
2025-10-13 17:18:10.742 [error] [/home/drdbrioso/.vscode/extensions/ms-python.python-2025.14.0-linux-x64]: Extension is not compatible with Code 1.85.2. Extension requires: ^1.95.0.
2025-10-13 17:18:10.744 [error] [/home/drdbrioso/.vscode/extensions/ms-python.vscode-pylance-2025.8.3]: Extension is not compatible with Code 1.85.2. Extension requires: ^1.101.0.
2025-10-13 17:23:12.200 [error] [/home/drdbrioso/.vscode/extensions/ms-toolsai.vscode-jupyter-cell-tags-0.1.9]: Extension is not compatible with Code 1.85.2. Extension requires: ^1.88.0.
2025-10-13 17:23:12.201 [error] [/home/drdbrioso/.vscode/extensions/ms-toolsai.vscode-jupyter-slideshow-0.1.6]: Extension is not compatible with Code 1.85.2. Extension requires: ^1.88.0.
2025-10-13 17:23:12.201 [error] [/home/drdbrioso/.vscode/extensions/ms-toolsai.jupyter-renderers-1.3.0]: Extension is not compatible with Code 1.85.2. Extension requires: ^1.95.0.
2025-10-13 17:23:12.206 [error] [/home/drdbrioso/.vscode/extensions/ms-vscode.remote-server-1.5.3]: Extension is not compatible with Code 1.85.2. Extension requires: ^1.87.0.
2025-10-13 17:23:12.206 [error] [/home/drdbrioso/.vscode/extensions/ms-vscode-remote.remote-wsl-0.104.3]: Extension is not compatible with Code 1.85.2. Extension requires: ^1.104.0.
2025-10-13 17:23:12.207 [error] [/home/drdbrioso/.vscode/extensions/ms-vscode.remote-explorer-0.5.0]: Extension is not compatible with Code 1.85.2. Extension requires: ^1.87.0.
2025-10-13 17:23:12.207 [error] [/home/drdbrioso/.vscode/extensions/ms-python.debugpy-2025.10.0-linux-x64]: Extension is not compatible with Code 1.85.2. Extension requires: ^1.92.0.
2025-10-13 17:23:12.207 [error] [/home/drdbrioso/.vscode/extensions/ms-python.vscode-python-envs-1.8.0-linux-x64]: Extension is not compatible with Code 1.85.2. Extension requires: ^1.104.0-20250815.
2025-10-13 17:23:12.208 [error] [/home/drdbrioso/.vscode/extensions/ms-python.python-2025.14.0-linux-x64]: Extension is not compatible with Code 1.85.2. Extension requires: ^1.95.0.
2025-10-13 17:23:12.209 [error] [/home/drdbrioso/.vscode/extensions/ms-python.vscode-pylance-2025.8.3]: Extension is not compatible with Code 1.85.2. Extension requires: ^1.101.0.
2025-10-13 17:23:12.209 [error] [/home/drdbrioso/.vscode/extensions/ms-vscode-remote.remote-containers-0.427.0]: Extension is not compatible with Code 1.85.2. Extension requires: ^1.99.0.
2025-10-13 17:23:16.072 [error] [/home/drdbrioso/.vscode/extensions/ms-toolsai.vscode-jupyter-cell-tags-0.1.9]: Extension is not compatible with Code 1.85.2. Extension requires: ^1.88.0.
2025-10-13 17:23:16.072 [error] [/home/drdbrioso/.vscode/extensions/ms-toolsai.vscode-jupyter-slideshow-0.1.6]: Extension is not compatible with Code 1.85.2. Extension requires: ^1.88.0.
2025-10-13 17:23:16.072 [error] [/home/drdbrioso/.vscode/extensions/ms-toolsai.jupyter-renderers-1.3.0]: Extension is not compatible with Code 1.85.2. Extension requires: ^1.95.0.
2025-10-13 17:23:16.103 [error] [/home/drdbrioso/.vscode/extensions/ms-toolsai.vscode-jupyter-cell-tags-0.1.9]: Extension is not compatible with Code 1.85.2. Extension requires: ^1.88.0.
2025-10-13 17:23:16.103 [error] [/home/drdbrioso/.vscode/extensions/ms-toolsai.vscode-jupyter-slideshow-0.1.6]: Extension is not compatible with Code 1.85.2. Extension requires: ^1.88.0.
2025-10-13 17:23:16.103 [error] [/home/drdbrioso/.vscode/extensions/ms-toolsai.jupyter-renderers-1.3.0]: Extension is not compatible with Code 1.85.2. Extension requires: ^1.95.0.
2025-10-13 17:23:16.107 [error] [/home/drdbrioso/.vscode/extensions/ms-vscode.remote-server-1.5.3]: Extension is not compatible with Code 1.85.2. Extension requires: ^1.87.0.
2025-10-13 17:23:16.107 [error] [/home/drdbrioso/.vscode/extensions/ms-vscode-remote.remote-wsl-0.104.3]: Extension is not compatible with Code 1.85.2. Extension requires: ^1.104.0.
2025-10-13 17:23:16.107 [error] [/home/drdbrioso/.vscode/extensions/ms-vscode.remote-explorer-0.5.0]: Extension is not compatible with Code 1.85.2. Extension requires: ^1.87.0.
2025-10-13 17:23:16.108 [error] [/home/drdbrioso/.vscode/extensions/ms-python.debugpy-2025.10.0-linux-x64]: Extension is not compatible with Code 1.85.2. Extension requires: ^1.92.0.
2025-10-13 17:23:16.108 [error] [/home/drdbrioso/.vscode/extensions/ms-python.vscode-python-envs-1.8.0-linux-x64]: Extension is not compatible with Code 1.85.2. Extension requires: ^1.104.0-20250815.
2025-10-13 17:23:16.108 [error] [/home/drdbrioso/.vscode/extensions/ms-python.python-2025.14.0-linux-x64]: Extension is not compatible with Code 1.85.2. Extension requires: ^1.95.0.
2025-10-13 17:23:16.108 [error] [/home/drdbrioso/.vscode/extensions/ms-vscode-remote.remote-containers-0.427.0]: Extension is not compatible with Code 1.85.2. Extension requires: ^1.99.0.
2025-10-13 17:23:16.111 [error] [/home/drdbrioso/.vscode/extensions/ms-python.vscode-pylance-2025.8.3]: Extension is not compatible with Code 1.85.2. Extension requires: ^1.101.0.
2025-10-13 17:23:16.113 [error] [/home/drdbrioso/.vscode/extensions/ms-toolsai.vscode-jupyter-cell-tags-0.1.9]: Extension is not compatible with Code 1.85.2. Extension requires: ^1.88.0.
2025-10-13 17:23:16.114 [error] [/home/drdbrioso/.vscode/extensions/ms-toolsai.vscode-jupyter-slideshow-0.1.6]: Extension is not compatible with Code 1.85.2. Extension requires: ^1.88.0.
2025-10-13 17:23:16.114 [error] [/home/drdbrioso/.vscode/extensions/ms-toolsai.jupyter-renderers-1.3.0]: Extension is not compatible with Code 1.85.2. Extension requires: ^1.95.0.
2025-10-13 17:23:16.121 [error] [/home/drdbrioso/.vscode/extensions/ms-vscode.remote-explorer-0.5.0]: Extension is not compatible with Code 1.85.2. Extension requires: ^1.87.0.
2025-10-13 17:23:16.121 [error] [/home/drdbrioso/.vscode/extensions/ms-vscode-remote.remote-wsl-0.104.3]: Extension is not compatible with Code 1.85.2. Extension requires: ^1.104.0.
2025-10-13 17:23:16.121 [error] [/home/drdbrioso/.vscode/extensions/ms-vscode.remote-server-1.5.3]: Extension is not compatible with Code 1.85.2. Extension requires: ^1.87.0.
2025-10-13 17:23:16.121 [error] [/home/drdbrioso/.vscode/extensions/ms-python.vscode-python-envs-1.8.0-linux-x64]: Extension is not compatible with Code 1.85.2. Extension requires: ^1.104.0-20250815.
2025-10-13 17:23:16.122 [error] [/home/drdbrioso/.vscode/extensions/ms-python.debugpy-2025.10.0-linux-x64]: Extension is not compatible with Code 1.85.2. Extension requires: ^1.92.0.
2025-10-13 17:23:16.122 [error] [/home/drdbrioso/.vscode/extensions/ms-vscode-remote.remote-containers-0.427.0]: Extension is not compatible with Code 1.85.2. Extension requires: ^1.99.0.
2025-10-13 17:23:16.122 [error] [/home/drdbrioso/.vscode/extensions/ms-python.python-2025.14.0-linux-x64]: Extension is not compatible with Code 1.85.2. Extension requires: ^1.95.0.
2025-10-13 17:23:16.123 [error] [/home/drdbrioso/.vscode/extensions/ms-python.vscode-pylance-2025.8.3]: Extension is not compatible with Code 1.85.2. Extension requires: ^1.101.0.
2025-10-13 17:23:16.125 [error] [/home/drdbrioso/.vscode/extensions/ms-toolsai.vscode-jupyter-slideshow-0.1.6]: Extension is not compatible with Code 1.85.2. Extension requires: ^1.88.0.
2025-10-13 17:23:16.125 [error] [/home/drdbrioso/.vscode/extensions/ms-toolsai.vscode-jupyter-cell-tags-0.1.9]: Extension is not compatible with Code 1.85.2. Extension requires: ^1.88.0.
2025-10-13 17:23:16.125 [error] [/home/drdbrioso/.vscode/extensions/ms-toolsai.jupyter-renderers-1.3.0]: Extension is not compatible with Code 1.85.2. Extension requires: ^1.95.0.
2025-10-13 17:23:16.135 [error] [/home/drdbrioso/.vscode/extensions/ms-vscode.remote-server-1.5.3]: Extension is not compatible with Code 1.85.2. Extension requires: ^1.87.0.
2025-10-13 17:23:16.135 [error] [/home/drdbrioso/.vscode/extensions/ms-vscode-remote.remote-wsl-0.104.3]: Extension is not compatible with Code 1.85.2. Extension requires: ^1.104.0.
2025-10-13 17:23:16.135 [error] [/home/drdbrioso/.vscode/extensions/ms-vscode.remote-explorer-0.5.0]: Extension is not compatible with Code 1.85.2. Extension requires: ^1.87.0.
2025-10-13 17:23:16.136 [error] [/home/drdbrioso/.vscode/extensions/ms-python.debugpy-2025.10.0-linux-x64]: Extension is not compatible with Code 1.85.2. Extension requires: ^1.92.0.
2025-10-13 17:23:16.136 [error] [/home/drdbrioso/.vscode/extensions/ms-python.vscode-python-envs-1.8.0-linux-x64]: Extension is not compatible with Code 1.85.2. Extension requires: ^1.104.0-20250815.
2025-10-13 17:23:16.136 [error] [/home/drdbrioso/.vscode/extensions/ms-vscode-remote.remote-containers-0.427.0]: Extension is not compatible with Code 1.85.2. Extension requires: ^1.99.0.
2025-10-13 17:23:16.136 [error] [/home/drdbrioso/.vscode/extensions/ms-python.python-2025.14.0-linux-x64]: Extension is not compatible with Code 1.85.2. Extension requires: ^1.95.0.
2025-10-13 17:23:16.137 [error] [/home/drdbrioso/.vscode/extensions/ms-python.vscode-pylance-2025.8.3]: Extension is not compatible with Code 1.85.2. Extension requires: ^1.101.0.
2025-10-13 17:23:16.142 [error] [/home/drdbrioso/.vscode/extensions/ms-toolsai.vscode-jupyter-cell-tags-0.1.9]: Extension is not compatible with Code 1.85.2. Extension requires: ^1.88.0.
2025-10-13 17:23:16.142 [error] [/home/drdbrioso/.vscode/extensions/ms-toolsai.vscode-jupyter-slideshow-0.1.6]: Extension is not compatible with Code 1.85.2. Extension requires: ^1.88.0.
2025-10-13 17:23:16.142 [error] [/home/drdbrioso/.vscode/extensions/ms-toolsai.jupyter-renderers-1.3.0]: Extension is not compatible with Code 1.85.2. Extension requires: ^1.95.0.
2025-10-13 17:23:16.159 [error] [/home/drdbrioso/.vscode/extensions/ms-vscode.remote-server-1.5.3]: Extension is not compatible with Code 1.85.2. Extension requires: ^1.87.0.
2025-10-13 17:23:16.159 [error] [/home/drdbrioso/.vscode/extensions/ms-vscode.remote-explorer-0.5.0]: Extension is not compatible with Code 1.85.2. Extension requires: ^1.87.0.
2025-10-13 17:23:16.159 [error] [/home/drdbrioso/.vscode/extensions/ms-python.debugpy-2025.10.0-linux-x64]: Extension is not compatible with Code 1.85.2. Extension requires: ^1.92.0.
2025-10-13 17:23:16.160 [error] [/home/drdbrioso/.vscode/extensions/ms-python.vscode-python-envs-1.8.0-linux-x64]: Extension is not compatible with Code 1.85.2. Extension requires: ^1.104.0-20250815.
2025-10-13 17:23:16.161 [error] [/home/drdbrioso/.vscode/extensions/ms-vscode-remote.remote-containers-0.427.0]: Extension is not compatible with Code 1.85.2. Extension requires: ^1.99.0.
2025-10-13 17:23:16.161 [error] [/home/drdbrioso/.vscode/extensions/ms-vscode-remote.remote-wsl-0.104.3]: Extension is not compatible with Code 1.85.2. Extension requires: ^1.104.0.
2025-10-13 17:23:16.163 [error] [/home/drdbrioso/.vscode/extensions/ms-python.python-2025.14.0-linux-x64]: Extension is not compatible with Code 1.85.2. Extension requires: ^1.95.0.
2025-10-13 17:23:16.164 [error] [/home/drdbrioso/.vscode/extensions/ms-python.vscode-pylance-2025.8.3]: Extension is not compatible with Code 1.85.2. Extension requires: ^1.101.0.
2025-10-13 17:23:16.169 [error] [/home/drdbrioso/.vscode/extensions/ms-toolsai.vscode-jupyter-cell-tags-0.1.9]: Extension is not compatible with Code 1.85.2. Extension requires: ^1.88.0.
2025-10-13 17:23:16.169 [error] [/home/drdbrioso/.vscode/extensions/ms-toolsai.vscode-jupyter-slideshow-0.1.6]: Extension is not compatible with Code 1.85.2. Extension requires: ^1.88.0.
2025-10-13 17:23:16.169 [error] [/home/drdbrioso/.vscode/extensions/ms-toolsai.jupyter-renderers-1.3.0]: Extension is not compatible with Code 1.85.2. Extension requires: ^1.95.0.
2025-10-13 17:23:16.182 [error] [/home/drdbrioso/.vscode/extensions/ms-vscode-remote.remote-containers-0.427.0]: Extension is not compatible with Code 1.85.2. Extension requires: ^1.99.0.
2025-10-13 17:23:16.182 [error] [/home/drdbrioso/.vscode/extensions/ms-vscode.remote-server-1.5.3]: Extension is not compatible with Code 1.85.2. Extension requires: ^1.87.0.
2025-10-13 17:23:16.182 [error] [/home/drdbrioso/.vscode/extensions/ms-vscode.remote-explorer-0.5.0]: Extension is not compatible with Code 1.85.2. Extension requires: ^1.87.0.
2025-10-13 17:23:16.182 [error] [/home/drdbrioso/.vscode/extensions/ms-python.vscode-python-envs-1.8.0-linux-x64]: Extension is not compatible with Code 1.85.2. Extension requires: ^1.104.0-20250815.
2025-10-13 17:23:16.182 [error] [/home/drdbrioso/.vscode/extensions/ms-python.debugpy-2025.10.0-linux-x64]: Extension is not compatible with Code 1.85.2. Extension requires: ^1.92.0.
2025-10-13 17:23:16.183 [error] [/home/drdbrioso/.vscode/extensions/ms-vscode-remote.remote-wsl-0.104.3]: Extension is not compatible with Code 1.85.2. Extension requires: ^1.104.0.
2025-10-13 17:23:16.184 [error] [/home/drdbrioso/.vscode/extensions/ms-python.python-2025.14.0-linux-x64]: Extension is not compatible with Code 1.85.2. Extension requires: ^1.95.0.
2025-10-13 17:23:16.185 [error] [/home/drdbrioso/.vscode/extensions/ms-python.vscode-pylance-2025.8.3]: Extension is not compatible with Code 1.85.2. Extension requires: ^1.101.0.
2025-10-13 17:23:16.201 [error] [/home/drdbrioso/.vscode/extensions/ms-vscode.remote-server-1.5.3]: Extension is not compatible with Code 1.85.2. Extension requires: ^1.87.0.
2025-10-13 17:23:16.201 [error] [/home/drdbrioso/.vscode/extensions/ms-vscode.remote-explorer-0.5.0]: Extension is not compatible with Code 1.85.2. Extension requires: ^1.87.0.
2025-10-13 17:23:16.201 [error] [/home/drdbrioso/.vscode/extensions/ms-vscode-remote.remote-wsl-0.104.3]: Extension is not compatible with Code 1.85.2. Extension requires: ^1.104.0.
2025-10-13 17:23:16.201 [error] [/home/drdbrioso/.vscode/extensions/ms-python.vscode-python-envs-1.8.0-linux-x64]: Extension is not compatible with Code 1.85.2. Extension requires: ^1.104.0-20250815.
2025-10-13 17:23:16.201 [error] [/home/drdbrioso/.vscode/extensions/ms-python.debugpy-2025.10.0-linux-x64]: Extension is not compatible with Code 1.85.2. Extension requires: ^1.92.0.
2025-10-13 17:23:16.202 [error] [/home/drdbrioso/.vscode/extensions/ms-vscode-remote.remote-containers-0.427.0]: Extension is not compatible with Code 1.85.2. Extension requires: ^1.99.0.
2025-10-13 17:23:16.202 [error] [/home/drdbrioso/.vscode/extensions/ms-python.python-2025.14.0-linux-x64]: Extension is not compatible with Code 1.85.2. Extension requires: ^1.95.0.
2025-10-13 17:23:16.202 [error] [/home/drdbrioso/.vscode/extensions/ms-python.vscode-pylance-2025.8.3]: Extension is not compatible with Code 1.85.2. Extension requires: ^1.101.0.
2025-10-13 17:23:27.789 [error] [/home/drdbrioso/.vscode/extensions/ms-toolsai.vscode-jupyter-cell-tags-0.1.9]: Extension is not compatible with Code 1.85.2. Extension requires: ^1.88.0.
2025-10-13 17:23:27.790 [error] [/home/drdbrioso/.vscode/extensions/ms-toolsai.vscode-jupyter-slideshow-0.1.6]: Extension is not compatible with Code 1.85.2. Extension requires: ^1.88.0.
2025-10-13 17:23:27.790 [error] [/home/drdbrioso/.vscode/extensions/ms-toolsai.jupyter-renderers-1.3.0]: Extension is not compatible with Code 1.85.2. Extension requires: ^1.95.0.
2025-10-13 17:23:27.812 [error] [/home/drdbrioso/.vscode/extensions/ms-vscode.remote-server-1.5.3]: Extension is not compatible with Code 1.85.2. Extension requires: ^1.87.0.
2025-10-13 17:23:27.812 [error] [/home/drdbrioso/.vscode/extensions/ms-vscode.remote-explorer-0.5.0]: Extension is not compatible with Code 1.85.2. Extension requires: ^1.87.0.
2025-10-13 17:23:27.813 [error] [/home/drdbrioso/.vscode/extensions/ms-vscode-remote.remote-wsl-0.104.3]: Extension is not compatible with Code 1.85.2. Extension requires: ^1.104.0.
2025-10-13 17:23:27.815 [error] [/home/drdbrioso/.vscode/extensions/ms-vscode-remote.remote-containers-0.427.0]: Extension is not compatible with Code 1.85.2. Extension requires: ^1.99.0.
2025-10-13 17:23:27.815 [error] [/home/drdbrioso/.vscode/extensions/ms-python.vscode-python-envs-1.8.0-linux-x64]: Extension is not compatible with Code 1.85.2. Extension requires: ^1.104.0-20250815.
2025-10-13 17:23:27.816 [error] [/home/drdbrioso/.vscode/extensions/ms-python.debugpy-2025.10.0-linux-x64]: Extension is not compatible with Code 1.85.2. Extension requires: ^1.92.0.
2025-10-13 17:23:27.817 [error] [/home/drdbrioso/.vscode/extensions/ms-python.python-2025.14.0-linux-x64]: Extension is not compatible with Code 1.85.2. Extension requires: ^1.95.0.
2025-10-13 17:23:27.820 [error] [/home/drdbrioso/.vscode/extensions/ms-python.vscode-pylance-2025.8.3]: Extension is not compatible with Code 1.85.2. Extension requires: ^1.101.0.
2025-10-13 17:23:27.901 [error] [/home/drdbrioso/.vscode/extensions/ms-toolsai.vscode-jupyter-cell-tags-0.1.9]: Extension is not compatible with Code 1.85.2. Extension requires: ^1.88.0.
2025-10-13 17:23:27.901 [error] [/home/drdbrioso/.vscode/extensions/ms-toolsai.vscode-jupyter-slideshow-0.1.6]: Extension is not compatible with Code 1.85.2. Extension requires: ^1.88.0.
2025-10-13 17:23:27.901 [error] [/home/drdbrioso/.vscode/extensions/ms-toolsai.jupyter-renderers-1.3.0]: Extension is not compatible with Code 1.85.2. Extension requires: ^1.95.0.
2025-10-13 17:23:27.940 [error] [/home/drdbrioso/.vscode/extensions/ms-vscode.remote-server-1.5.3]: Extension is not compatible with Code 1.85.2. Extension requires: ^1.87.0.
2025-10-13 17:23:27.940 [error] [/home/drdbrioso/.vscode/extensions/ms-vscode-remote.remote-wsl-0.104.3]: Extension is not compatible with Code 1.85.2. Extension requires: ^1.104.0.
2025-10-13 17:23:27.942 [error] [/home/drdbrioso/.vscode/extensions/ms-vscode-remote.remote-containers-0.427.0]: Extension is not compatible with Code 1.85.2. Extension requires: ^1.99.0.
2025-10-13 17:23:27.943 [error] [/home/drdbrioso/.vscode/extensions/ms-python.vscode-python-envs-1.8.0-linux-x64]: Extension is not compatible with Code 1.85.2. Extension requires: ^1.104.0-20250815.
2025-10-13 17:23:27.943 [error] [/home/drdbrioso/.vscode/extensions/ms-python.debugpy-2025.10.0-linux-x64]: Extension is not compatible with Code 1.85.2. Extension requires: ^1.92.0.
2025-10-13 17:23:27.943 [error] [/home/drdbrioso/.vscode/extensions/ms-vscode.remote-explorer-0.5.0]: Extension is not compatible with Code 1.85.2. Extension requires: ^1.87.0.
2025-10-13 17:23:27.944 [error] [/home/drdbrioso/.vscode/extensions/ms-python.python-2025.14.0-linux-x64]: Extension is not compatible with Code 1.85.2. Extension requires: ^1.95.0.
2025-10-13 17:23:27.946 [error] [/home/drdbrioso/.vscode/extensions/ms-python.vscode-pylance-2025.8.3]: Extension is not compatible with Code 1.85.2. Extension requires: ^1.101.0.
2025-10-13 17:23:31.569 [error] [/home/drdbrioso/.vscode/extensions/ms-toolsai.vscode-jupyter-cell-tags-0.1.9]: Extension is not compatible with Code 1.85.2. Extension requires: ^1.88.0.
2025-10-13 17:23:31.569 [error] [/home/drdbrioso/.vscode/extensions/ms-toolsai.vscode-jupyter-slideshow-0.1.6]: Extension is not compatible with Code 1.85.2. Extension requires: ^1.88.0.
2025-10-13 17:23:31.569 [error] [/home/drdbrioso/.vscode/extensions/ms-toolsai.jupyter-renderers-1.3.0]: Extension is not compatible with Code 1.85.2. Extension requires: ^1.95.0.
2025-10-13 17:23:31.596 [error] [/home/drdbrioso/.vscode/extensions/ms-toolsai.vscode-jupyter-cell-tags-0.1.9]: Extension is not compatible with Code 1.85.2. Extension requires: ^1.88.0.
2025-10-13 17:23:31.597 [error] [/home/drdbrioso/.vscode/extensions/ms-toolsai.vscode-jupyter-slideshow-0.1.6]: Extension is not compatible with Code 1.85.2. Extension requires: ^1.88.0.
2025-10-13 17:23:31.597 [error] [/home/drdbrioso/.vscode/extensions/ms-toolsai.jupyter-renderers-1.3.0]: Extension is not compatible with Code 1.85.2. Extension requires: ^1.95.0.
2025-10-13 17:23:31.598 [error] [/home/drdbrioso/.vscode/extensions/ms-vscode.remote-server-1.5.3]: Extension is not compatible with Code 1.85.2. Extension requires: ^1.87.0.
2025-10-13 17:23:31.600 [error] [/home/drdbrioso/.vscode/extensions/ms-vscode.remote-explorer-0.5.0]: Extension is not compatible with Code 1.85.2. Extension requires: ^1.87.0.
2025-10-13 17:23:31.601 [error] [/home/drdbrioso/.vscode/extensions/ms-vscode-remote.remote-containers-0.427.0]: Extension is not compatible with Code 1.85.2. Extension requires: ^1.99.0.
2025-10-13 17:23:31.601 [error] [/home/drdbrioso/.vscode/extensions/ms-python.vscode-python-envs-1.8.0-linux-x64]: Extension is not compatible with Code 1.85.2. Extension requires: ^1.104.0-20250815.
2025-10-13 17:23:31.602 [error] [/home/drdbrioso/.vscode/extensions/ms-vscode-remote.remote-wsl-0.104.3]: Extension is not compatible with Code 1.85.2. Extension requires: ^1.104.0.
2025-10-13 17:23:31.602 [error] [/home/drdbrioso/.vscode/extensions/ms-python.debugpy-2025.10.0-linux-x64]: Extension is not compatible with Code 1.85.2. Extension requires: ^1.92.0.
2025-10-13 17:23:31.603 [error] [/home/drdbrioso/.vscode/extensions/ms-python.python-2025.14.0-linux-x64]: Extension is not compatible with Code 1.85.2. Extension requires: ^1.95.0.
2025-10-13 17:23:31.605 [error] [/home/drdbrioso/.vscode/extensions/ms-python.vscode-pylance-2025.8.3]: Extension is not compatible with Code 1.85.2. Extension requires: ^1.101.0.
2025-10-13 17:23:31.612 [error] [/home/drdbrioso/.vscode/extensions/ms-vscode.remote-server-1.5.3]: Extension is not compatible with Code 1.85.2. Extension requires: ^1.87.0.
2025-10-13 17:23:31.612 [error] [/home/drdbrioso/.vscode/extensions/ms-vscode.remote-explorer-0.5.0]: Extension is not compatible with Code 1.85.2. Extension requires: ^1.87.0.
2025-10-13 17:23:31.612 [error] [/home/drdbrioso/.vscode/extensions/ms-vscode-remote.remote-wsl-0.104.3]: Extension is not compatible with Code 1.85.2. Extension requires: ^1.104.0.
2025-10-13 17:23:31.612 [error] [/home/drdbrioso/.vscode/extensions/ms-vscode-remote.remote-containers-0.427.0]: Extension is not compatible with Code 1.85.2. Extension requires: ^1.99.0.
2025-10-13 17:23:31.612 [error] [/home/drdbrioso/.vscode/extensions/ms-python.debugpy-2025.10.0-linux-x64]: Extension is not compatible with Code 1.85.2. Extension requires: ^1.92.0.
2025-10-13 17:23:31.613 [error] [/home/drdbrioso/.vscode/extensions/ms-python.vscode-python-envs-1.8.0-linux-x64]: Extension is not compatible with Code 1.85.2. Extension requires: ^1.104.0-20250815.
2025-10-13 17:23:31.613 [error] [/home/drdbrioso/.vscode/extensions/ms-python.python-2025.14.0-linux-x64]: Extension is not compatible with Code 1.85.2. Extension requires: ^1.95.0.
2025-10-13 17:23:31.613 [error] [/home/drdbrioso/.vscode/extensions/ms-python.vscode-pylance-2025.8.3]: Extension is not compatible with Code 1.85.2. Extension requires: ^1.101.0.
2025-10-13 17:23:31.677 [error] [/home/drdbrioso/.vscode/extensions/ms-toolsai.vscode-jupyter-cell-tags-0.1.9]: Extension is not compatible with Code 1.85.2. Extension requires: ^1.88.0.
2025-10-13 17:23:31.677 [error] [/home/drdbrioso/.vscode/extensions/ms-toolsai.vscode-jupyter-slideshow-0.1.6]: Extension is not compatible with Code 1.85.2. Extension requires: ^1.88.0.
2025-10-13 17:23:31.678 [error] [/home/drdbrioso/.vscode/extensions/ms-toolsai.jupyter-renderers-1.3.0]: Extension is not compatible with Code 1.85.2. Extension requires: ^1.95.0.
2025-10-13 17:23:31.718 [error] [/home/drdbrioso/.vscode/extensions/ms-vscode.remote-server-1.5.3]: Extension is not compatible with Code 1.85.2. Extension requires: ^1.87.0.
2025-10-13 17:23:31.718 [error] [/home/drdbrioso/.vscode/extensions/ms-vscode-remote.remote-wsl-0.104.3]: Extension is not compatible with Code 1.85.2. Extension requires: ^1.104.0.
2025-10-13 17:23:31.719 [error] [/home/drdbrioso/.vscode/extensions/ms-vscode.remote-explorer-0.5.0]: Extension is not compatible with Code 1.85.2. Extension requires: ^1.87.0.
2025-10-13 17:23:31.719 [error] [/home/drdbrioso/.vscode/extensions/ms-vscode-remote.remote-containers-0.427.0]: Extension is not compatible with Code 1.85.2. Extension requires: ^1.99.0.
2025-10-13 17:23:31.719 [error] [/home/drdbrioso/.vscode/extensions/ms-python.vscode-python-envs-1.8.0-linux-x64]: Extension is not compatible with Code 1.85.2. Extension requires: ^1.104.0-20250815.
2025-10-13 17:23:31.719 [error] [/home/drdbrioso/.vscode/extensions/ms-python.debugpy-2025.10.0-linux-x64]: Extension is not compatible with Code 1.85.2. Extension requires: ^1.92.0.
2025-10-13 17:23:31.720 [error] [/home/drdbrioso/.vscode/extensions/ms-python.python-2025.14.0-linux-x64]: Extension is not compatible with Code 1.85.2. Extension requires: ^1.95.0.
2025-10-13 17:23:31.721 [error] [/home/drdbrioso/.vscode/extensions/ms-python.vscode-pylance-2025.8.3]: Extension is not compatible with Code 1.85.2. Extension requires: ^1.101.0.
2025-10-13 17:23:31.721 [error] [/home/drdbrioso/.vscode/extensions/ms-toolsai.vscode-jupyter-slideshow-0.1.6]: Extension is not compatible with Code 1.85.2. Extension requires: ^1.88.0.
2025-10-13 17:23:31.722 [error] [/home/drdbrioso/.vscode/extensions/ms-toolsai.vscode-jupyter-cell-tags-0.1.9]: Extension is not compatible with Code 1.85.2. Extension requires: ^1.88.0.
2025-10-13 17:23:31.722 [error] [/home/drdbrioso/.vscode/extensions/ms-toolsai.jupyter-renderers-1.3.0]: Extension is not compatible with Code 1.85.2. Extension requires: ^1.95.0.
2025-10-13 17:23:31.741 [error] [/home/drdbrioso/.vscode/extensions/ms-vscode.remote-server-1.5.3]: Extension is not compatible with Code 1.85.2. Extension requires: ^1.87.0.
2025-10-13 17:23:31.741 [error] [/home/drdbrioso/.vscode/extensions/ms-vscode-remote.remote-wsl-0.104.3]: Extension is not compatible with Code 1.85.2. Extension requires: ^1.104.0.
2025-10-13 17:23:31.742 [error] [/home/drdbrioso/.vscode/extensions/ms-vscode.remote-explorer-0.5.0]: Extension is not compatible with Code 1.85.2. Extension requires: ^1.87.0.
2025-10-13 17:23:31.742 [error] [/home/drdbrioso/.vscode/extensions/ms-vscode-remote.remote-containers-0.427.0]: Extension is not compatible with Code 1.85.2. Extension requires: ^1.99.0.
2025-10-13 17:23:31.744 [error] [/home/drdbrioso/.vscode/extensions/ms-python.vscode-python-envs-1.8.0-linux-x64]: Extension is not compatible with Code 1.85.2. Extension requires: ^1.104.0-20250815.
2025-10-13 17:23:31.744 [error] [/home/drdbrioso/.vscode/extensions/ms-python.debugpy-2025.10.0-linux-x64]: Extension is not compatible with Code 1.85.2. Extension requires: ^1.92.0.
2025-10-13 17:23:31.745 [error] [/home/drdbrioso/.vscode/extensions/ms-python.python-2025.14.0-linux-x64]: Extension is not compatible with Code 1.85.2. Extension requires: ^1.95.0.
2025-10-13 17:23:31.746 [error] [/home/drdbrioso/.vscode/extensions/ms-python.vscode-pylance-2025.8.3]: Extension is not compatible with Code 1.85.2. Extension requires: ^1.101.0.
2025-10-13 17:23:34.129 [error] [/home/drdbrioso/.vscode/extensions/ms-toolsai.vscode-jupyter-cell-tags-0.1.9]: Extension is not compatible with Code 1.85.2. Extension requires: ^1.88.0.
2025-10-13 17:23:34.130 [error] [/home/drdbrioso/.vscode/extensions/ms-toolsai.vscode-jupyter-slideshow-0.1.6]: Extension is not compatible with Code 1.85.2. Extension requires: ^1.88.0.
2025-10-13 17:23:34.130 [error] [/home/drdbrioso/.vscode/extensions/ms-toolsai.jupyter-renderers-1.3.0]: Extension is not compatible with Code 1.85.2. Extension requires: ^1.95.0.
2025-10-13 17:23:34.147 [error] [/home/drdbrioso/.vscode/extensions/ms-toolsai.vscode-jupyter-slideshow-0.1.6]: Extension is not compatible with Code 1.85.2. Extension requires: ^1.88.0.
2025-10-13 17:23:34.148 [error] [/home/drdbrioso/.vscode/extensions/ms-toolsai.vscode-jupyter-cell-tags-0.1.9]: Extension is not compatible with Code 1.85.2. Extension requires: ^1.88.0.
2025-10-13 17:23:34.148 [error] [/home/drdbrioso/.vscode/extensions/ms-toolsai.jupyter-renderers-1.3.0]: Extension is not compatible with Code 1.85.2. Extension requires: ^1.95.0.
2025-10-13 17:23:34.149 [error] [/home/drdbrioso/.vscode/extensions/ms-vscode.remote-server-1.5.3]: Extension is not compatible with Code 1.85.2. Extension requires: ^1.87.0.
2025-10-13 17:23:34.149 [error] [/home/drdbrioso/.vscode/extensions/ms-vscode.remote-explorer-0.5.0]: Extension is not compatible with Code 1.85.2. Extension requires: ^1.87.0.
2025-10-13 17:23:34.149 [error] [/home/drdbrioso/.vscode/extensions/ms-vscode-remote.remote-wsl-0.104.3]: Extension is not compatible with Code 1.85.2. Extension requires: ^1.104.0.
2025-10-13 17:23:34.150 [error] [/home/drdbrioso/.vscode/extensions/ms-python.vscode-python-envs-1.8.0-linux-x64]: Extension is not compatible with Code 1.85.2. Extension requires: ^1.104.0-20250815.
2025-10-13 17:23:34.150 [error] [/home/drdbrioso/.vscode/extensions/ms-python.debugpy-2025.10.0-linux-x64]: Extension is not compatible with Code 1.85.2. Extension requires: ^1.92.0.
2025-10-13 17:23:34.152 [error] [/home/drdbrioso/.vscode/extensions/ms-python.vscode-pylance-2025.8.3]: Extension is not compatible with Code 1.85.2. Extension requires: ^1.101.0.
2025-10-13 17:23:34.152 [error] [/home/drdbrioso/.vscode/extensions/ms-vscode-remote.remote-containers-0.427.0]: Extension is not compatible with Code 1.85.2. Extension requires: ^1.99.0.
2025-10-13 17:23:34.155 [error] [/home/drdbrioso/.vscode/extensions/ms-python.python-2025.14.0-linux-x64]: Extension is not compatible with Code 1.85.2. Extension requires: ^1.95.0.
2025-10-13 17:23:34.159 [error] [/home/drdbrioso/.vscode/extensions/ms-vscode-remote.remote-wsl-0.104.3]: Extension is not compatible with Code 1.85.2. Extension requires: ^1.104.0.
2025-10-13 17:23:34.159 [error] [/home/drdbrioso/.vscode/extensions/ms-vscode.remote-server-1.5.3]: Extension is not compatible with Code 1.85.2. Extension requires: ^1.87.0.
2025-10-13 17:23:34.159 [error] [/home/drdbrioso/.vscode/extensions/ms-vscode.remote-explorer-0.5.0]: Extension is not compatible with Code 1.85.2. Extension requires: ^1.87.0.
2025-10-13 17:23:34.159 [error] [/home/drdbrioso/.vscode/extensions/ms-vscode-remote.remote-containers-0.427.0]: Extension is not compatible with Code 1.85.2. Extension requires: ^1.99.0.
2025-10-13 17:23:34.160 [error] [/home/drdbrioso/.vscode/extensions/ms-python.debugpy-2025.10.0-linux-x64]: Extension is not compatible with Code 1.85.2. Extension requires: ^1.92.0.
2025-10-13 17:23:34.160 [error] [/home/drdbrioso/.vscode/extensions/ms-python.vscode-python-envs-1.8.0-linux-x64]: Extension is not compatible with Code 1.85.2. Extension requires: ^1.104.0-20250815.
2025-10-13 17:23:34.160 [error] [/home/drdbrioso/.vscode/extensions/ms-python.python-2025.14.0-linux-x64]: Extension is not compatible with Code 1.85.2. Extension requires: ^1.95.0.
2025-10-13 17:23:34.161 [error] [/home/drdbrioso/.vscode/extensions/ms-python.vscode-pylance-2025.8.3]: Extension is not compatible with Code 1.85.2. Extension requires: ^1.101.0.
2025-10-13 17:23:46.989 [error] [/home/drdbrioso/.vscode/extensions/ms-toolsai.vscode-jupyter-cell-tags-0.1.9]: Extension is not compatible with Code 1.85.2. Extension requires: ^1.88.0.
2025-10-13 17:23:46.990 [error] [/home/drdbrioso/.vscode/extensions/ms-toolsai.vscode-jupyter-slideshow-0.1.6]: Extension is not compatible with Code 1.85.2. Extension requires: ^1.88.0.
2025-10-13 17:23:46.990 [error] [/home/drdbrioso/.vscode/extensions/ms-toolsai.jupyter-renderers-1.3.0]: Extension is not compatible with Code 1.85.2. Extension requires: ^1.95.0.
2025-10-13 17:23:47.000 [error] [/home/drdbrioso/.vscode/extensions/ms-vscode.remote-explorer-0.5.0]: Extension is not compatible with Code 1.85.2. Extension requires: ^1.87.0.
2025-10-13 17:23:47.000 [error] [/home/drdbrioso/.vscode/extensions/ms-vscode.remote-server-1.5.3]: Extension is not compatible with Code 1.85.2. Extension requires: ^1.87.0.
2025-10-13 17:23:47.003 [error] [/home/drdbrioso/.vscode/extensions/ms-vscode-remote.remote-wsl-0.104.3]: Extension is not compatible with Code 1.85.2. Extension requires: ^1.104.0.
2025-10-13 17:23:47.003 [error] [/home/drdbrioso/.vscode/extensions/ms-python.vscode-python-envs-1.8.0-linux-x64]: Extension is not compatible with Code 1.85.2. Extension requires: ^1.104.0-20250815.
2025-10-13 17:23:47.003 [error] [/home/drdbrioso/.vscode/extensions/ms-python.debugpy-2025.10.0-linux-x64]: Extension is not compatible with Code 1.85.2. Extension requires: ^1.92.0.
2025-10-13 17:23:47.003 [error] [/home/drdbrioso/.vscode/extensions/ms-vscode-remote.remote-containers-0.427.0]: Extension is not compatible with Code 1.85.2. Extension requires: ^1.99.0.
2025-10-13 17:23:47.004 [error] [/home/drdbrioso/.vscode/extensions/ms-python.python-2025.14.0-linux-x64]: Extension is not compatible with Code 1.85.2. Extension requires: ^1.95.0.
2025-10-13 17:23:47.005 [error] [/home/drdbrioso/.vscode/extensions/ms-python.vscode-pylance-2025.8.3]: Extension is not compatible with Code 1.85.2. Extension requires: ^1.101.0.
2025-10-13 17:23:47.047 [error] [/home/drdbrioso/.vscode/extensions/ms-toolsai.vscode-jupyter-cell-tags-0.1.9]: Extension is not compatible with Code 1.85.2. Extension requires: ^1.88.0.
2025-10-13 17:23:47.048 [error] [/home/drdbrioso/.vscode/extensions/ms-toolsai.vscode-jupyter-slideshow-0.1.6]: Extension is not compatible with Code 1.85.2. Extension requires: ^1.88.0.
2025-10-13 17:23:47.049 [error] [/home/drdbrioso/.vscode/extensions/ms-toolsai.jupyter-renderers-1.3.0]: Extension is not compatible with Code 1.85.2. Extension requires: ^1.95.0.
2025-10-13 17:23:47.052 [error] [/home/drdbrioso/.vscode/extensions/ms-vscode.remote-server-1.5.3]: Extension is not compatible with Code 1.85.2. Extension requires: ^1.87.0.
2025-10-13 17:23:47.053 [error] [/home/drdbrioso/.vscode/extensions/ms-vscode-remote.remote-containers-0.427.0]: Extension is not compatible with Code 1.85.2. Extension requires: ^1.99.0.
2025-10-13 17:23:47.053 [error] [/home/drdbrioso/.vscode/extensions/ms-vscode-remote.remote-wsl-0.104.3]: Extension is not compatible with Code 1.85.2. Extension requires: ^1.104.0.
2025-10-13 17:23:47.054 [error] [/home/drdbrioso/.vscode/extensions/ms-vscode.remote-explorer-0.5.0]: Extension is not compatible with Code 1.85.2. Extension requires: ^1.87.0.
2025-10-13 17:23:47.057 [error] [/home/drdbrioso/.vscode/extensions/ms-python.vscode-python-envs-1.8.0-linux-x64]: Extension is not compatible with Code 1.85.2. Extension requires: ^1.104.0-20250815.
2025-10-13 17:23:47.057 [error] [/home/drdbrioso/.vscode/extensions/ms-python.debugpy-2025.10.0-linux-x64]: Extension is not compatible with Code 1.85.2. Extension requires: ^1.92.0.
2025-10-13 17:23:47.058 [error] [/home/drdbrioso/.vscode/extensions/ms-python.python-2025.14.0-linux-x64]: Extension is not compatible with Code 1.85.2. Extension requires: ^1.95.0.
2025-10-13 17:23:47.059 [error] [/home/drdbrioso/.vscode/extensions/ms-python.vscode-pylance-2025.8.3]: Extension is not compatible with Code 1.85.2. Extension requires: ^1.101.0.
2025-10-13 17:24:27.050 [error] [/home/drdbrioso/.vscode/extensions/ms-toolsai.vscode-jupyter-slideshow-0.1.6]: Extension is not compatible with Code 1.85.2. Extension requires: ^1.88.0.
2025-10-13 17:24:27.050 [error] [/home/drdbrioso/.vscode/extensions/ms-toolsai.vscode-jupyter-cell-tags-0.1.9]: Extension is not compatible with Code 1.85.2. Extension requires: ^1.88.0.
2025-10-13 17:24:27.050 [error] [/home/drdbrioso/.vscode/extensions/ms-toolsai.jupyter-renderers-1.3.0]: Extension is not compatible with Code 1.85.2. Extension requires: ^1.95.0.
2025-10-13 17:24:27.056 [error] [/home/drdbrioso/.vscode/extensions/ms-toolsai.vscode-jupyter-slideshow-0.1.6]: Extension is not compatible with Code 1.85.2. Extension requires: ^1.88.0.
2025-10-13 17:24:27.056 [error] [/home/drdbrioso/.vscode/extensions/ms-toolsai.vscode-jupyter-cell-tags-0.1.9]: Extension is not compatible with Code 1.85.2. Extension requires: ^1.88.0.
2025-10-13 17:24:27.056 [error] [/home/drdbrioso/.vscode/extensions/ms-toolsai.jupyter-renderers-1.3.0]: Extension is not compatible with Code 1.85.2. Extension requires: ^1.95.0.
2025-10-13 17:24:27.070 [error] [/home/drdbrioso/.vscode/extensions/ms-vscode.remote-server-1.5.3]: Extension is not compatible with Code 1.85.2. Extension requires: ^1.87.0.
2025-10-13 17:24:27.071 [error] [/home/drdbrioso/.vscode/extensions/ms-python.vscode-python-envs-1.8.0-linux-x64]: Extension is not compatible with Code 1.85.2. Extension requires: ^1.104.0-20250815.
2025-10-13 17:24:27.071 [error] [/home/drdbrioso/.vscode/extensions/ms-vscode.remote-explorer-0.5.0]: Extension is not compatible with Code 1.85.2. Extension requires: ^1.87.0.
2025-10-13 17:24:27.071 [error] [/home/drdbrioso/.vscode/extensions/ms-python.debugpy-2025.10.0-linux-x64]: Extension is not compatible with Code 1.85.2. Extension requires: ^1.92.0.
2025-10-13 17:24:27.072 [error] [/home/drdbrioso/.vscode/extensions/ms-vscode-remote.remote-wsl-0.104.3]: Extension is not compatible with Code 1.85.2. Extension requires: ^1.104.0.
2025-10-13 17:24:27.075 [error] [/home/drdbrioso/.vscode/extensions/ms-vscode-remote.remote-containers-0.427.0]: Extension is not compatible with Code 1.85.2. Extension requires: ^1.99.0.
2025-10-13 17:24:27.076 [error] [/home/drdbrioso/.vscode/extensions/ms-python.python-2025.14.0-linux-x64]: Extension is not compatible with Code 1.85.2. Extension requires: ^1.95.0.
2025-10-13 17:24:27.076 [error] [/home/drdbrioso/.vscode/extensions/ms-python.vscode-pylance-2025.8.3]: Extension is not compatible with Code 1.85.2. Extension requires: ^1.101.0.
2025-10-13 17:24:27.084 [error] [/home/drdbrioso/.vscode/extensions/ms-vscode.remote-server-1.5.3]: Extension is not compatible with Code 1.85.2. Extension requires: ^1.87.0.
2025-10-13 17:24:27.084 [error] [/home/drdbrioso/.vscode/extensions/ms-vscode.remote-explorer-0.5.0]: Extension is not compatible with Code 1.85.2. Extension requires: ^1.87.0.
2025-10-13 17:24:27.084 [error] [/home/drdbrioso/.vscode/extensions/ms-vscode-remote.remote-wsl-0.104.3]: Extension is not compatible with Code 1.85.2. Extension requires: ^1.104.0.
2025-10-13 17:24:27.085 [error] [/home/drdbrioso/.vscode/extensions/ms-python.debugpy-2025.10.0-linux-x64]: Extension is not compatible with Code 1.85.2. Extension requires: ^1.92.0.
2025-10-13 17:24:27.085 [error] [/home/drdbrioso/.vscode/extensions/ms-vscode-remote.remote-containers-0.427.0]: Extension is not compatible with Code 1.85.2. Extension requires: ^1.99.0.
2025-10-13 17:24:27.087 [error] [/home/drdbrioso/.vscode/extensions/ms-python.vscode-pylance-2025.8.3]: Extension is not compatible with Code 1.85.2. Extension requires: ^1.101.0.
2025-10-13 17:24:27.088 [error] [/home/drdbrioso/.vscode/extensions/ms-python.python-2025.14.0-linux-x64]: Extension is not compatible with Code 1.85.2. Extension requires: ^1.95.0.
2025-10-13 17:24:27.088 [error] [/home/drdbrioso/.vscode/extensions/ms-python.vscode-python-envs-1.8.0-linux-x64]: Extension is not compatible with Code 1.85.2. Extension requires: ^1.104.0-20250815.
2025-10-13 17:24:27.212 [error] [/home/drdbrioso/.vscode/extensions/ms-toolsai.vscode-jupyter-cell-tags-0.1.9]: Extension is not compatible with Code 1.85.2. Extension requires: ^1.88.0.
2025-10-13 17:24:27.212 [error] [/home/drdbrioso/.vscode/extensions/ms-toolsai.vscode-jupyter-slideshow-0.1.6]: Extension is not compatible with Code 1.85.2. Extension requires: ^1.88.0.
2025-10-13 17:24:27.212 [error] [/home/drdbrioso/.vscode/extensions/ms-toolsai.jupyter-renderers-1.3.0]: Extension is not compatible with Code 1.85.2. Extension requires: ^1.95.0.
2025-10-13 17:24:27.249 [error] [/home/drdbrioso/.vscode/extensions/ms-toolsai.vscode-jupyter-cell-tags-0.1.9]: Extension is not compatible with Code 1.85.2. Extension requires: ^1.88.0.
2025-10-13 17:24:27.249 [error] [/home/drdbrioso/.vscode/extensions/ms-toolsai.vscode-jupyter-slideshow-0.1.6]: Extension is not compatible with Code 1.85.2. Extension requires: ^1.88.0.
2025-10-13 17:24:27.249 [error] [/home/drdbrioso/.vscode/extensions/ms-toolsai.jupyter-renderers-1.3.0]: Extension is not compatible with Code 1.85.2. Extension requires: ^1.95.0.
2025-10-13 17:24:27.251 [error] [/home/drdbrioso/.vscode/extensions/ms-vscode.remote-explorer-0.5.0]: Extension is not compatible with Code 1.85.2. Extension requires: ^1.87.0.
2025-10-13 17:24:27.251 [error] [/home/drdbrioso/.vscode/extensions/ms-vscode.remote-server-1.5.3]: Extension is not compatible with Code 1.85.2. Extension requires: ^1.87.0.
2025-10-13 17:24:27.252 [error] [/home/drdbrioso/.vscode/extensions/ms-vscode-remote.remote-wsl-0.104.3]: Extension is not compatible with Code 1.85.2. Extension requires: ^1.104.0.
2025-10-13 17:24:27.253 [error] [/home/drdbrioso/.vscode/extensions/ms-python.vscode-python-envs-1.8.0-linux-x64]: Extension is not compatible with Code 1.85.2. Extension requires: ^1.104.0-20250815.
2025-10-13 17:24:27.254 [error] [/home/drdbrioso/.vscode/extensions/ms-vscode-remote.remote-containers-0.427.0]: Extension is not compatible with Code 1.85.2. Extension requires: ^1.99.0.
2025-10-13 17:24:27.254 [error] [/home/drdbrioso/.vscode/extensions/ms-python.debugpy-2025.10.0-linux-x64]: Extension is not compatible with Code 1.85.2. Extension requires: ^1.92.0.
2025-10-13 17:24:27.255 [error] [/home/drdbrioso/.vscode/extensions/ms-python.python-2025.14.0-linux-x64]: Extension is not compatible with Code 1.85.2. Extension requires: ^1.95.0.
2025-10-13 17:24:27.256 [error] [/home/drdbrioso/.vscode/extensions/ms-python.vscode-pylance-2025.8.3]: Extension is not compatible with Code 1.85.2. Extension requires: ^1.101.0.
2025-10-13 17:24:27.258 [error] [/home/drdbrioso/.vscode/extensions/ms-vscode.remote-server-1.5.3]: Extension is not compatible with Code 1.85.2. Extension requires: ^1.87.0.
2025-10-13 17:24:27.258 [error] [/home/drdbrioso/.vscode/extensions/ms-vscode-remote.remote-containers-0.427.0]: Extension is not compatible with Code 1.85.2. Extension requires: ^1.99.0.
2025-10-13 17:24:27.258 [error] [/home/drdbrioso/.vscode/extensions/ms-vscode.remote-explorer-0.5.0]: Extension is not compatible with Code 1.85.2. Extension requires: ^1.87.0.
2025-10-13 17:24:27.259 [error] [/home/drdbrioso/.vscode/extensions/ms-vscode-remote.remote-wsl-0.104.3]: Extension is not compatible with Code 1.85.2. Extension requires: ^1.104.0.
2025-10-13 17:24:27.259 [error] [/home/drdbrioso/.vscode/extensions/ms-python.vscode-python-envs-1.8.0-linux-x64]: Extension is not compatible with Code 1.85.2. Extension requires: ^1.104.0-20250815.
2025-10-13 17:24:27.259 [error] [/home/drdbrioso/.vscode/extensions/ms-python.debugpy-2025.10.0-linux-x64]: Extension is not compatible with Code 1.85.2. Extension requires: ^1.92.0.
2025-10-13 17:24:27.260 [error] [/home/drdbrioso/.vscode/extensions/ms-python.python-2025.14.0-linux-x64]: Extension is not compatible with Code 1.85.2. Extension requires: ^1.95.0.
2025-10-13 17:24:27.260 [error] [/home/drdbrioso/.vscode/extensions/ms-python.vscode-pylance-2025.8.3]: Extension is not compatible with Code 1.85.2. Extension requires: ^1.101.0.
2025-10-13 17:24:31.278 [error] [/home/drdbrioso/.vscode/extensions/ms-toolsai.vscode-jupyter-cell-tags-0.1.9]: Extension is not compatible with Code 1.85.2. Extension requires: ^1.88.0.
2025-10-13 17:24:31.278 [error] [/home/drdbrioso/.vscode/extensions/ms-toolsai.vscode-jupyter-slideshow-0.1.6]: Extension is not compatible with Code 1.85.2. Extension requires: ^1.88.0.
2025-10-13 17:24:31.278 [error] [/home/drdbrioso/.vscode/extensions/ms-toolsai.jupyter-renderers-1.3.0]: Extension is not compatible with Code 1.85.2. Extension requires: ^1.95.0.
2025-10-13 17:24:31.295 [error] [/home/drdbrioso/.vscode/extensions/ms-vscode-remote.remote-wsl-0.104.3]: Extension is not compatible with Code 1.85.2. Extension requires: ^1.104.0.
2025-10-13 17:24:31.295 [error] [/home/drdbrioso/.vscode/extensions/ms-vscode.remote-server-1.5.3]: Extension is not compatible with Code 1.85.2. Extension requires: ^1.87.0.
2025-10-13 17:24:31.295 [error] [/home/drdbrioso/.vscode/extensions/ms-vscode.remote-explorer-0.5.0]: Extension is not compatible with Code 1.85.2. Extension requires: ^1.87.0.
2025-10-13 17:24:31.296 [error] [/home/drdbrioso/.vscode/extensions/ms-python.vscode-python-envs-1.8.0-linux-x64]: Extension is not compatible with Code 1.85.2. Extension requires: ^1.104.0-20250815.
2025-10-13 17:24:31.297 [error] [/home/drdbrioso/.vscode/extensions/ms-vscode-remote.remote-containers-0.427.0]: Extension is not compatible with Code 1.85.2. Extension requires: ^1.99.0.
2025-10-13 17:24:31.297 [error] [/home/drdbrioso/.vscode/extensions/ms-python.debugpy-2025.10.0-linux-x64]: Extension is not compatible with Code 1.85.2. Extension requires: ^1.92.0.
2025-10-13 17:24:31.299 [error] [/home/drdbrioso/.vscode/extensions/ms-toolsai.vscode-jupyter-cell-tags-0.1.9]: Extension is not compatible with Code 1.85.2. Extension requires: ^1.88.0.
2025-10-13 17:24:31.299 [error] [/home/drdbrioso/.vscode/extensions/ms-toolsai.vscode-jupyter-slideshow-0.1.6]: Extension is not compatible with Code 1.85.2. Extension requires: ^1.88.0.
2025-10-13 17:24:31.299 [error] [/home/drdbrioso/.vscode/extensions/ms-toolsai.jupyter-renderers-1.3.0]: Extension is not compatible with Code 1.85.2. Extension requires: ^1.95.0.
2025-10-13 17:24:31.301 [error] [/home/drdbrioso/.vscode/extensions/ms-python.python-2025.14.0-linux-x64]: Extension is not compatible with Code 1.85.2. Extension requires: ^1.95.0.
2025-10-13 17:24:31.302 [error] [/home/drdbrioso/.vscode/extensions/ms-python.vscode-pylance-2025.8.3]: Extension is not compatible with Code 1.85.2. Extension requires: ^1.101.0.
2025-10-13 17:24:31.303 [error] [/home/drdbrioso/.vscode/extensions/ms-vscode-remote.remote-wsl-0.104.3]: Extension is not compatible with Code 1.85.2. Extension requires: ^1.104.0.
2025-10-13 17:24:31.303 [error] [/home/drdbrioso/.vscode/extensions/ms-vscode.remote-server-1.5.3]: Extension is not compatible with Code 1.85.2. Extension requires: ^1.87.0.
2025-10-13 17:24:31.304 [error] [/home/drdbrioso/.vscode/extensions/ms-vscode.remote-explorer-0.5.0]: Extension is not compatible with Code 1.85.2. Extension requires: ^1.87.0.
2025-10-13 17:24:31.304 [error] [/home/drdbrioso/.vscode/extensions/ms-python.vscode-python-envs-1.8.0-linux-x64]: Extension is not compatible with Code 1.85.2. Extension requires: ^1.104.0-20250815.
2025-10-13 17:24:31.304 [error] [/home/drdbrioso/.vscode/extensions/ms-python.debugpy-2025.10.0-linux-x64]: Extension is not compatible with Code 1.85.2. Extension requires: ^1.92.0.
2025-10-13 17:24:31.304 [error] [/home/drdbrioso/.vscode/extensions/ms-vscode-remote.remote-containers-0.427.0]: Extension is not compatible with Code 1.85.2. Extension requires: ^1.99.0.
2025-10-13 17:24:31.305 [error] [/home/drdbrioso/.vscode/extensions/ms-python.python-2025.14.0-linux-x64]: Extension is not compatible with Code 1.85.2. Extension requires: ^1.95.0.
2025-10-13 17:24:31.305 [error] [/home/drdbrioso/.vscode/extensions/ms-python.vscode-pylance-2025.8.3]: Extension is not compatible with Code 1.85.2. Extension requires: ^1.101.0.
2025-10-13 17:24:40.747 [error] [/home/drdbrioso/.vscode/extensions/ms-toolsai.vscode-jupyter-cell-tags-0.1.9]: Extension is not compatible with Code 1.85.2. Extension requires: ^1.88.0.
2025-10-13 17:24:40.747 [error] [/home/drdbrioso/.vscode/extensions/ms-toolsai.vscode-jupyter-slideshow-0.1.6]: Extension is not compatible with Code 1.85.2. Extension requires: ^1.88.0.
2025-10-13 17:24:40.747 [error] [/home/drdbrioso/.vscode/extensions/ms-toolsai.jupyter-renderers-1.3.0]: Extension is not compatible with Code 1.85.2. Extension requires: ^1.95.0.
2025-10-13 17:24:40.773 [error] [/home/drdbrioso/.vscode/extensions/ms-vscode.remote-server-1.5.3]: Extension is not compatible with Code 1.85.2. Extension requires: ^1.87.0.
2025-10-13 17:24:40.773 [error] [/home/drdbrioso/.vscode/extensions/ms-vscode.remote-explorer-0.5.0]: Extension is not compatible with Code 1.85.2. Extension requires: ^1.87.0.
2025-10-13 17:24:40.774 [error] [/home/drdbrioso/.vscode/extensions/ms-vscode-remote.remote-containers-0.427.0]: Extension is not compatible with Code 1.85.2. Extension requires: ^1.99.0.
2025-10-13 17:24:40.774 [error] [/home/drdbrioso/.vscode/extensions/ms-vscode-remote.remote-wsl-0.104.3]: Extension is not compatible with Code 1.85.2. Extension requires: ^1.104.0.
2025-10-13 17:24:40.774 [error] [/home/drdbrioso/.vscode/extensions/ms-python.vscode-python-envs-1.8.0-linux-x64]: Extension is not compatible with Code 1.85.2. Extension requires: ^1.104.0-20250815.
2025-10-13 17:24:40.775 [error] [/home/drdbrioso/.vscode/extensions/ms-python.debugpy-2025.10.0-linux-x64]: Extension is not compatible with Code 1.85.2. Extension requires: ^1.92.0.
2025-10-13 17:24:40.775 [error] [/home/drdbrioso/.vscode/extensions/ms-python.python-2025.14.0-linux-x64]: Extension is not compatible with Code 1.85.2. Extension requires: ^1.95.0.
2025-10-13 17:24:40.776 [error] [/home/drdbrioso/.vscode/extensions/ms-python.vscode-pylance-2025.8.3]: Extension is not compatible with Code 1.85.2. Extension requires: ^1.101.0.
2025-10-13 17:24:41.079 [error] [/home/drdbrioso/.vscode/extensions/ms-toolsai.vscode-jupyter-cell-tags-0.1.9]: Extension is not compatible with Code 1.85.2. Extension requires: ^1.88.0.
2025-10-13 17:24:41.080 [error] [/home/drdbrioso/.vscode/extensions/ms-toolsai.vscode-jupyter-slideshow-0.1.6]: Extension is not compatible with Code 1.85.2. Extension requires: ^1.88.0.
2025-10-13 17:24:41.080 [error] [/home/drdbrioso/.vscode/extensions/ms-toolsai.jupyter-renderers-1.3.0]: Extension is not compatible with Code 1.85.2. Extension requires: ^1.95.0.
2025-10-13 17:24:41.089 [error] [/home/drdbrioso/.vscode/extensions/ms-vscode.remote-server-1.5.3]: Extension is not compatible with Code 1.85.2. Extension requires: ^1.87.0.
2025-10-13 17:24:41.089 [error] [/home/drdbrioso/.vscode/extensions/ms-vscode-remote.remote-wsl-0.104.3]: Extension is not compatible with Code 1.85.2. Extension requires: ^1.104.0.
2025-10-13 17:24:41.090 [error] [/home/drdbrioso/.vscode/extensions/ms-vscode.remote-explorer-0.5.0]: Extension is not compatible with Code 1.85.2. Extension requires: ^1.87.0.
2025-10-13 17:24:41.090 [error] [/home/drdbrioso/.vscode/extensions/ms-python.vscode-python-envs-1.8.0-linux-x64]: Extension is not compatible with Code 1.85.2. Extension requires: ^1.104.0-20250815.
2025-10-13 17:24:41.090 [error] [/home/drdbrioso/.vscode/extensions/ms-python.debugpy-2025.10.0-linux-x64]: Extension is not compatible with Code 1.85.2. Extension requires: ^1.92.0.
2025-10-13 17:24:41.091 [error] [/home/drdbrioso/.vscode/extensions/ms-vscode-remote.remote-containers-0.427.0]: Extension is not compatible with Code 1.85.2. Extension requires: ^1.99.0.
2025-10-13 17:24:41.093 [error] [/home/drdbrioso/.vscode/extensions/ms-python.python-2025.14.0-linux-x64]: Extension is not compatible with Code 1.85.2. Extension requires: ^1.95.0.
2025-10-13 17:24:41.094 [error] [/home/drdbrioso/.vscode/extensions/ms-python.vscode-pylance-2025.8.3]: Extension is not compatible with Code 1.85.2. Extension requires: ^1.101.0.
2025-10-13 17:24:41.444 [error] [/home/drdbrioso/.vscode/extensions/ms-toolsai.vscode-jupyter-cell-tags-0.1.9]: Extension is not compatible with Code 1.85.2. Extension requires: ^1.88.0.
2025-10-13 17:24:41.445 [error] [/home/drdbrioso/.vscode/extensions/ms-toolsai.vscode-jupyter-slideshow-0.1.6]: Extension is not compatible with Code 1.85.2. Extension requires: ^1.88.0.
2025-10-13 17:24:41.445 [error] [/home/drdbrioso/.vscode/extensions/ms-toolsai.jupyter-renderers-1.3.0]: Extension is not compatible with Code 1.85.2. Extension requires: ^1.95.0.
2025-10-13 17:24:41.455 [error] [/home/drdbrioso/.vscode/extensions/ms-vscode.remote-server-1.5.3]: Extension is not compatible with Code 1.85.2. Extension requires: ^1.87.0.
2025-10-13 17:24:41.455 [error] [/home/drdbrioso/.vscode/extensions/ms-vscode-remote.remote-wsl-0.104.3]: Extension is not compatible with Code 1.85.2. Extension requires: ^1.104.0.
2025-10-13 17:24:41.455 [error] [/home/drdbrioso/.vscode/extensions/ms-vscode.remote-explorer-0.5.0]: Extension is not compatible with Code 1.85.2. Extension requires: ^1.87.0.
2025-10-13 17:24:41.457 [error] [/home/drdbrioso/.vscode/extensions/ms-vscode-remote.remote-containers-0.427.0]: Extension is not compatible with Code 1.85.2. Extension requires: ^1.99.0.
2025-10-13 17:24:41.457 [error] [/home/drdbrioso/.vscode/extensions/ms-python.debugpy-2025.10.0-linux-x64]: Extension is not compatible with Code 1.85.2. Extension requires: ^1.92.0.
2025-10-13 17:24:41.457 [error] [/home/drdbrioso/.vscode/extensions/ms-python.vscode-python-envs-1.8.0-linux-x64]: Extension is not compatible with Code 1.85.2. Extension requires: ^1.104.0-20250815.
2025-10-13 17:24:41.458 [error] [/home/drdbrioso/.vscode/extensions/ms-python.python-2025.14.0-linux-x64]: Extension is not compatible with Code 1.85.2. Extension requires: ^1.95.0.
2025-10-13 17:24:41.458 [error] [/home/drdbrioso/.vscode/extensions/ms-python.vscode-pylance-2025.8.3]: Extension is not compatible with Code 1.85.2. Extension requires: ^1.101.0.
2025-10-13 17:24:41.989 [error] [/home/drdbrioso/.vscode/extensions/ms-toolsai.vscode-jupyter-cell-tags-0.1.9]: Extension is not compatible with Code 1.85.2. Extension requires: ^1.88.0.
2025-10-13 17:24:41.989 [error] [/home/drdbrioso/.vscode/extensions/ms-toolsai.vscode-jupyter-slideshow-0.1.6]: Extension is not compatible with Code 1.85.2. Extension requires: ^1.88.0.
2025-10-13 17:24:41.990 [error] [/home/drdbrioso/.vscode/extensions/ms-toolsai.jupyter-renderers-1.3.0]: Extension is not compatible with Code 1.85.2. Extension requires: ^1.95.0.
2025-10-13 17:24:41.993 [error] [/home/drdbrioso/.vscode/extensions/ms-vscode-remote.remote-containers-0.427.0]: Extension is not compatible with Code 1.85.2. Extension requires: ^1.99.0.
2025-10-13 17:24:41.993 [error] [/home/drdbrioso/.vscode/extensions/ms-vscode-remote.remote-wsl-0.104.3]: Extension is not compatible with Code 1.85.2. Extension requires: ^1.104.0.
2025-10-13 17:24:41.993 [error] [/home/drdbrioso/.vscode/extensions/ms-vscode.remote-server-1.5.3]: Extension is not compatible with Code 1.85.2. Extension requires: ^1.87.0.
2025-10-13 17:24:41.994 [error] [/home/drdbrioso/.vscode/extensions/ms-python.debugpy-2025.10.0-linux-x64]: Extension is not compatible with Code 1.85.2. Extension requires: ^1.92.0.
2025-10-13 17:24:41.994 [error] [/home/drdbrioso/.vscode/extensions/ms-vscode.remote-explorer-0.5.0]: Extension is not compatible with Code 1.85.2. Extension requires: ^1.87.0.
2025-10-13 17:24:41.994 [error] [/home/drdbrioso/.vscode/extensions/ms-python.vscode-python-envs-1.8.0-linux-x64]: Extension is not compatible with Code 1.85.2. Extension requires: ^1.104.0-20250815.
2025-10-13 17:24:41.994 [error] [/home/drdbrioso/.vscode/extensions/ms-python.python-2025.14.0-linux-x64]: Extension is not compatible with Code 1.85.2. Extension requires: ^1.95.0.
2025-10-13 17:24:41.995 [error] [/home/drdbrioso/.vscode/extensions/ms-python.vscode-pylance-2025.8.3]: Extension is not compatible with Code 1.85.2. Extension requires: ^1.101.0.
2025-10-13 17:24:42.348 [error] [/home/drdbrioso/.vscode/extensions/ms-toolsai.vscode-jupyter-cell-tags-0.1.9]: Extension is not compatible with Code 1.85.2. Extension requires: ^1.88.0.
2025-10-13 17:24:42.348 [error] [/home/drdbrioso/.vscode/extensions/ms-toolsai.vscode-jupyter-slideshow-0.1.6]: Extension is not compatible with Code 1.85.2. Extension requires: ^1.88.0.
2025-10-13 17:24:42.348 [error] [/home/drdbrioso/.vscode/extensions/ms-toolsai.jupyter-renderers-1.3.0]: Extension is not compatible with Code 1.85.2. Extension requires: ^1.95.0.
2025-10-13 17:24:42.359 [error] [/home/drdbrioso/.vscode/extensions/ms-vscode-remote.remote-containers-0.427.0]: Extension is not compatible with Code 1.85.2. Extension requires: ^1.99.0.
2025-10-13 17:24:42.359 [error] [/home/drdbrioso/.vscode/extensions/ms-vscode.remote-server-1.5.3]: Extension is not compatible with Code 1.85.2. Extension requires: ^1.87.0.
2025-10-13 17:24:42.359 [error] [/home/drdbrioso/.vscode/extensions/ms-vscode-remote.remote-wsl-0.104.3]: Extension is not compatible with Code 1.85.2. Extension requires: ^1.104.0.
2025-10-13 17:24:42.359 [error] [/home/drdbrioso/.vscode/extensions/ms-python.vscode-python-envs-1.8.0-linux-x64]: Extension is not compatible with Code 1.85.2. Extension requires: ^1.104.0-20250815.
2025-10-13 17:24:42.360 [error] [/home/drdbrioso/.vscode/extensions/ms-vscode.remote-explorer-0.5.0]: Extension is not compatible with Code 1.85.2. Extension requires: ^1.87.0.
2025-10-13 17:24:42.361 [error] [/home/drdbrioso/.vscode/extensions/ms-python.debugpy-2025.10.0-linux-x64]: Extension is not compatible with Code 1.85.2. Extension requires: ^1.92.0.
2025-10-13 17:24:42.361 [error] [/home/drdbrioso/.vscode/extensions/ms-python.python-2025.14.0-linux-x64]: Extension is not compatible with Code 1.85.2. Extension requires: ^1.95.0.
2025-10-13 17:24:42.362 [error] [/home/drdbrioso/.vscode/extensions/ms-python.vscode-pylance-2025.8.3]: Extension is not compatible with Code 1.85.2. Extension requires: ^1.101.0.
2025-10-13 17:24:42.732 [error] [/home/drdbrioso/.vscode/extensions/ms-toolsai.vscode-jupyter-slideshow-0.1.6]: Extension is not compatible with Code 1.85.2. Extension requires: ^1.88.0.
2025-10-13 17:24:42.732 [error] [/home/drdbrioso/.vscode/extensions/ms-toolsai.vscode-jupyter-cell-tags-0.1.9]: Extension is not compatible with Code 1.85.2. Extension requires: ^1.88.0.
2025-10-13 17:24:42.732 [error] [/home/drdbrioso/.vscode/extensions/ms-toolsai.jupyter-renderers-1.3.0]: Extension is not compatible with Code 1.85.2. Extension requires: ^1.95.0.
2025-10-13 17:24:42.735 [error] [/home/drdbrioso/.vscode/extensions/ms-vscode.remote-server-1.5.3]: Extension is not compatible with Code 1.85.2. Extension requires: ^1.87.0.
2025-10-13 17:24:42.736 [error] [/home/drdbrioso/.vscode/extensions/ms-vscode-remote.remote-containers-0.427.0]: Extension is not compatible with Code 1.85.2. Extension requires: ^1.99.0.
2025-10-13 17:24:42.736 [error] [/home/drdbrioso/.vscode/extensions/ms-vscode-remote.remote-wsl-0.104.3]: Extension is not compatible with Code 1.85.2. Extension requires: ^1.104.0.
2025-10-13 17:24:42.736 [error] [/home/drdbrioso/.vscode/extensions/ms-vscode.remote-explorer-0.5.0]: Extension is not compatible with Code 1.85.2. Extension requires: ^1.87.0.
2025-10-13 17:24:42.737 [error] [/home/drdbrioso/.vscode/extensions/ms-python.debugpy-2025.10.0-linux-x64]: Extension is not compatible with Code 1.85.2. Extension requires: ^1.92.0.
2025-10-13 17:24:42.737 [error] [/home/drdbrioso/.vscode/extensions/ms-python.vscode-python-envs-1.8.0-linux-x64]: Extension is not compatible with Code 1.85.2. Extension requires: ^1.104.0-20250815.
2025-10-13 17:24:42.737 [error] [/home/drdbrioso/.vscode/extensions/ms-python.python-2025.14.0-linux-x64]: Extension is not compatible with Code 1.85.2. Extension requires: ^1.95.0.
2025-10-13 17:24:42.738 [error] [/home/drdbrioso/.vscode/extensions/ms-python.vscode-pylance-2025.8.3]: Extension is not compatible with Code 1.85.2. Extension requires: ^1.101.0.
2025-10-13 17:24:43.415 [error] [/home/drdbrioso/.vscode/extensions/ms-toolsai.vscode-jupyter-cell-tags-0.1.9]: Extension is not compatible with Code 1.85.2. Extension requires: ^1.88.0.
2025-10-13 17:24:43.415 [error] [/home/drdbrioso/.vscode/extensions/ms-toolsai.vscode-jupyter-slideshow-0.1.6]: Extension is not compatible with Code 1.85.2. Extension requires: ^1.88.0.
2025-10-13 17:24:43.415 [error] [/home/drdbrioso/.vscode/extensions/ms-toolsai.jupyter-renderers-1.3.0]: Extension is not compatible with Code 1.85.2. Extension requires: ^1.95.0.
2025-10-13 17:24:43.424 [error] [/home/drdbrioso/.vscode/extensions/ms-vscode-remote.remote-wsl-0.104.3]: Extension is not compatible with Code 1.85.2. Extension requires: ^1.104.0.
2025-10-13 17:24:43.424 [error] [/home/drdbrioso/.vscode/extensions/ms-vscode.remote-server-1.5.3]: Extension is not compatible with Code 1.85.2. Extension requires: ^1.87.0.
2025-10-13 17:24:43.424 [error] [/home/drdbrioso/.vscode/extensions/ms-vscode.remote-explorer-0.5.0]: Extension is not compatible with Code 1.85.2. Extension requires: ^1.87.0.
2025-10-13 17:24:43.424 [error] [/home/drdbrioso/.vscode/extensions/ms-python.vscode-python-envs-1.8.0-linux-x64]: Extension is not compatible with Code 1.85.2. Extension requires: ^1.104.0-20250815.
2025-10-13 17:24:43.425 [error] [/home/drdbrioso/.vscode/extensions/ms-python.debugpy-2025.10.0-linux-x64]: Extension is not compatible with Code 1.85.2. Extension requires: ^1.92.0.
2025-10-13 17:24:43.425 [error] [/home/drdbrioso/.vscode/extensions/ms-python.python-2025.14.0-linux-x64]: Extension is not compatible with Code 1.85.2. Extension requires: ^1.95.0.
2025-10-13 17:24:43.426 [error] [/home/drdbrioso/.vscode/extensions/ms-vscode-remote.remote-containers-0.427.0]: Extension is not compatible with Code 1.85.2. Extension requires: ^1.99.0.
2025-10-13 17:24:43.426 [error] [/home/drdbrioso/.vscode/extensions/ms-python.vscode-pylance-2025.8.3]: Extension is not compatible with Code 1.85.2. Extension requires: ^1.101.0.
2025-10-13 17:28:18.133 [error] [/home/drdbrioso/.vscode/extensions/ms-toolsai.vscode-jupyter-cell-tags-0.1.9]: Extension is not compatible with Code 1.85.2. Extension requires: ^1.88.0.
2025-10-13 17:28:18.134 [error] [/home/drdbrioso/.vscode/extensions/ms-toolsai.vscode-jupyter-slideshow-0.1.6]: Extension is not compatible with Code 1.85.2. Extension requires: ^1.88.0.
2025-10-13 17:28:18.134 [error] [/home/drdbrioso/.vscode/extensions/ms-toolsai.jupyter-renderers-1.3.0]: Extension is not compatible with Code 1.85.2. Extension requires: ^1.95.0.
2025-10-13 17:28:18.135 [error] [/home/drdbrioso/.vscode/extensions/ms-vscode.remote-server-1.5.3]: Extension is not compatible with Code 1.85.2. Extension requires: ^1.87.0.
2025-10-13 17:28:18.135 [error] [/home/drdbrioso/.vscode/extensions/ms-vscode-remote.remote-wsl-0.104.3]: Extension is not compatible with Code 1.85.2. Extension requires: ^1.104.0.
2025-10-13 17:28:18.136 [error] [/home/drdbrioso/.vscode/extensions/ms-vscode.remote-explorer-0.5.0]: Extension is not compatible with Code 1.85.2. Extension requires: ^1.87.0.
2025-10-13 17:28:18.138 [error] [/home/drdbrioso/.vscode/extensions/ms-python.vscode-python-envs-1.8.0-linux-x64]: Extension is not compatible with Code 1.85.2. Extension requires: ^1.104.0-20250815.
2025-10-13 17:28:18.139 [error] [/home/drdbrioso/.vscode/extensions/ms-python.debugpy-2025.10.0-linux-x64]: Extension is not compatible with Code 1.85.2. Extension requires: ^1.92.0.
2025-10-13 17:28:18.139 [error] [/home/drdbrioso/.vscode/extensions/ms-vscode-remote.remote-containers-0.427.0]: Extension is not compatible with Code 1.85.2. Extension requires: ^1.99.0.
2025-10-13 17:28:18.140 [error] [/home/drdbrioso/.vscode/extensions/ms-python.python-2025.14.0-linux-x64]: Extension is not compatible with Code 1.85.2. Extension requires: ^1.95.0.
2025-10-13 17:28:18.141 [error] [/home/drdbrioso/.vscode/extensions/ms-python.vscode-pylance-2025.8.3]: Extension is not compatible with Code 1.85.2. Extension requires: ^1.101.0.
2025-10-13 17:29:40.919 [error] [/home/drdbrioso/.vscode/extensions/ms-toolsai.vscode-jupyter-cell-tags-0.1.9]: Extension is not compatible with Code 1.85.2. Extension requires: ^1.88.0.
2025-10-13 17:29:40.919 [error] [/home/drdbrioso/.vscode/extensions/ms-toolsai.vscode-jupyter-slideshow-0.1.6]: Extension is not compatible with Code 1.85.2. Extension requires: ^1.88.0.
2025-10-13 17:29:40.919 [error] [/home/drdbrioso/.vscode/extensions/ms-toolsai.jupyter-renderers-1.3.0]: Extension is not compatible with Code 1.85.2. Extension requires: ^1.95.0.
2025-10-13 17:29:40.920 [error] [/home/drdbrioso/.vscode/extensions/ms-vscode.remote-server-1.5.3]: Extension is not compatible with Code 1.85.2. Extension requires: ^1.87.0.
2025-10-13 17:29:40.920 [error] [/home/drdbrioso/.vscode/extensions/ms-vscode-remote.remote-wsl-0.104.3]: Extension is not compatible with Code 1.85.2. Extension requires: ^1.104.0.
2025-10-13 17:29:40.920 [error] [/home/drdbrioso/.vscode/extensions/ms-vscode.remote-explorer-0.5.0]: Extension is not compatible with Code 1.85.2. Extension requires: ^1.87.0.
2025-10-13 17:29:40.920 [error] [/home/drdbrioso/.vscode/extensions/ms-python.vscode-python-envs-1.8.0-linux-x64]: Extension is not compatible with Code 1.85.2. Extension requires: ^1.104.0-20250815.
2025-10-13 17:29:40.920 [error] [/home/drdbrioso/.vscode/extensions/ms-python.debugpy-2025.10.0-linux-x64]: Extension is not compatible with Code 1.85.2. Extension requires: ^1.92.0.
2025-10-13 17:29:40.920 [error] [/home/drdbrioso/.vscode/extensions/ms-vscode-remote.remote-containers-0.427.0]: Extension is not compatible with Code 1.85.2. Extension requires: ^1.99.0.
2025-10-13 17:29:40.922 [error] [/home/drdbrioso/.vscode/extensions/ms-python.python-2025.14.0-linux-x64]: Extension is not compatible with Code 1.85.2. Extension requires: ^1.95.0.
2025-10-13 17:29:40.922 [error] [/home/drdbrioso/.vscode/extensions/ms-python.vscode-pylance-2025.8.3]: Extension is not compatible with Code 1.85.2. Extension requires: ^1.101.0.
2025-10-13 17:33:19.104 [error] [/home/drdbrioso/.vscode/extensions/ms-toolsai.vscode-jupyter-cell-tags-0.1.9]: Extension is not compatible with Code 1.85.2. Extension requires: ^1.88.0.
2025-10-13 17:33:19.104 [error] [/home/drdbrioso/.vscode/extensions/ms-toolsai.vscode-jupyter-slideshow-0.1.6]: Extension is not compatible with Code 1.85.2. Extension requires: ^1.88.0.
2025-10-13 17:33:19.105 [error] [/home/drdbrioso/.vscode/extensions/ms-toolsai.jupyter-renderers-1.3.0]: Extension is not compatible with Code 1.85.2. Extension requires: ^1.95.0.
2025-10-13 17:33:19.107 [error] [/home/drdbrioso/.vscode/extensions/ms-vscode.remote-server-1.5.3]: Extension is not compatible with Code 1.85.2. Extension requires: ^1.87.0.
2025-10-13 17:33:19.107 [error] [/home/drdbrioso/.vscode/extensions/ms-vscode-remote.remote-containers-0.427.0]: Extension is not compatible with Code 1.85.2. Extension requires: ^1.99.0.
2025-10-13 17:33:19.108 [error] [/home/drdbrioso/.vscode/extensions/ms-vscode-remote.remote-wsl-0.104.3]: Extension is not compatible with Code 1.85.2. Extension requires: ^1.104.0.
2025-10-13 17:33:19.109 [error] [/home/drdbrioso/.vscode/extensions/ms-vscode.remote-explorer-0.5.0]: Extension is not compatible with Code 1.85.2. Extension requires: ^1.87.0.
2025-10-13 17:33:19.109 [error] [/home/drdbrioso/.vscode/extensions/ms-python.vscode-python-envs-1.8.0-linux-x64]: Extension is not compatible with Code 1.85.2. Extension requires: ^1.104.0-20250815.
2025-10-13 17:33:19.110 [error] [/home/drdbrioso/.vscode/extensions/ms-python.debugpy-2025.10.0-linux-x64]: Extension is not compatible with Code 1.85.2. Extension requires: ^1.92.0.
2025-10-13 17:33:19.114 [error] [/home/drdbrioso/.vscode/extensions/ms-python.python-2025.14.0-linux-x64]: Extension is not compatible with Code 1.85.2. Extension requires: ^1.95.0.
2025-10-13 17:33:19.115 [error] [/home/drdbrioso/.vscode/extensions/ms-python.vscode-pylance-2025.8.3]: Extension is not compatible with Code 1.85.2. Extension requires: ^1.101.0.
2025-10-13 17:34:41.250 [error] [/home/drdbrioso/.vscode/extensions/ms-toolsai.vscode-jupyter-cell-tags-0.1.9]: Extension is not compatible with Code 1.85.2. Extension requires: ^1.88.0.
2025-10-13 17:34:41.250 [error] [/home/drdbrioso/.vscode/extensions/ms-toolsai.vscode-jupyter-slideshow-0.1.6]: Extension is not compatible with Code 1.85.2. Extension requires: ^1.88.0.
2025-10-13 17:34:41.251 [error] [/home/drdbrioso/.vscode/extensions/ms-toolsai.jupyter-renderers-1.3.0]: Extension is not compatible with Code 1.85.2. Extension requires: ^1.95.0.
2025-10-13 17:34:41.254 [error] [/home/drdbrioso/.vscode/extensions/ms-vscode.remote-server-1.5.3]: Extension is not compatible with Code 1.85.2. Extension requires: ^1.87.0.
2025-10-13 17:34:41.255 [error] [/home/drdbrioso/.vscode/extensions/ms-vscode-remote.remote-wsl-0.104.3]: Extension is not compatible with Code 1.85.2. Extension requires: ^1.104.0.
2025-10-13 17:34:41.255 [error] [/home/drdbrioso/.vscode/extensions/ms-vscode.remote-explorer-0.5.0]: Extension is not compatible with Code 1.85.2. Extension requires: ^1.87.0.
2025-10-13 17:34:41.256 [error] [/home/drdbrioso/.vscode/extensions/ms-python.vscode-python-envs-1.8.0-linux-x64]: Extension is not compatible with Code 1.85.2. Extension requires: ^1.104.0-20250815.
2025-10-13 17:34:41.256 [error] [/home/drdbrioso/.vscode/extensions/ms-vscode-remote.remote-containers-0.427.0]: Extension is not compatible with Code 1.85.2. Extension requires: ^1.99.0.
2025-10-13 17:34:41.257 [error] [/home/drdbrioso/.vscode/extensions/ms-python.debugpy-2025.10.0-linux-x64]: Extension is not compatible with Code 1.85.2. Extension requires: ^1.92.0.
2025-10-13 17:34:41.258 [error] [/home/drdbrioso/.vscode/extensions/ms-python.python-2025.14.0-linux-x64]: Extension is not compatible with Code 1.85.2. Extension requires: ^1.95.0.
2025-10-13 17:34:41.259 [error] [/home/drdbrioso/.vscode/extensions/ms-python.vscode-pylance-2025.8.3]: Extension is not compatible with Code 1.85.2. Extension requires: ^1.101.0.
2025-10-13 17:38:19.676 [error] [/home/drdbrioso/.vscode/extensions/ms-toolsai.vscode-jupyter-cell-tags-0.1.9]: Extension is not compatible with Code 1.85.2. Extension requires: ^1.88.0.
2025-10-13 17:38:19.676 [error] [/home/drdbrioso/.vscode/extensions/ms-toolsai.vscode-jupyter-slideshow-0.1.6]: Extension is not compatible with Code 1.85.2. Extension requires: ^1.88.0.
2025-10-13 17:38:19.677 [error] [/home/drdbrioso/.vscode/extensions/ms-toolsai.jupyter-renderers-1.3.0]: Extension is not compatible with Code 1.85.2. Extension requires: ^1.95.0.
2025-10-13 17:38:19.678 [error] [/home/drdbrioso/.vscode/extensions/ms-vscode-remote.remote-containers-0.427.0]: Extension is not compatible with Code 1.85.2. Extension requires: ^1.99.0.
2025-10-13 17:38:19.678 [error] [/home/drdbrioso/.vscode/extensions/ms-vscode.remote-server-1.5.3]: Extension is not compatible with Code 1.85.2. Extension requires: ^1.87.0.
2025-10-13 17:38:19.678 [error] [/home/drdbrioso/.vscode/extensions/ms-vscode.remote-explorer-0.5.0]: Extension is not compatible with Code 1.85.2. Extension requires: ^1.87.0.
2025-10-13 17:38:19.678 [error] [/home/drdbrioso/.vscode/extensions/ms-vscode-remote.remote-wsl-0.104.3]: Extension is not compatible with Code 1.85.2. Extension requires: ^1.104.0.
2025-10-13 17:38:19.679 [error] [/home/drdbrioso/.vscode/extensions/ms-python.vscode-python-envs-1.8.0-linux-x64]: Extension is not compatible with Code 1.85.2. Extension requires: ^1.104.0-20250815.
2025-10-13 17:38:19.679 [error] [/home/drdbrioso/.vscode/extensions/ms-python.debugpy-2025.10.0-linux-x64]: Extension is not compatible with Code 1.85.2. Extension requires: ^1.92.0.
2025-10-13 17:38:19.680 [error] [/home/drdbrioso/.vscode/extensions/ms-python.python-2025.14.0-linux-x64]: Extension is not compatible with Code 1.85.2. Extension requires: ^1.95.0.
2025-10-13 17:38:19.681 [error] [/home/drdbrioso/.vscode/extensions/ms-python.vscode-pylance-2025.8.3]: Extension is not compatible with Code 1.85.2. Extension requires: ^1.101.0.
2025-10-13 17:39:41.396 [error] [/home/drdbrioso/.vscode/extensions/ms-toolsai.vscode-jupyter-cell-tags-0.1.9]: Extension is not compatible with Code 1.85.2. Extension requires: ^1.88.0.
2025-10-13 17:39:41.396 [error] [/home/drdbrioso/.vscode/extensions/ms-toolsai.vscode-jupyter-slideshow-0.1.6]: Extension is not compatible with Code 1.85.2. Extension requires: ^1.88.0.
2025-10-13 17:39:41.396 [error] [/home/drdbrioso/.vscode/extensions/ms-toolsai.jupyter-renderers-1.3.0]: Extension is not compatible with Code 1.85.2. Extension requires: ^1.95.0.
2025-10-13 17:39:41.397 [error] [/home/drdbrioso/.vscode/extensions/ms-vscode-remote.remote-wsl-0.104.3]: Extension is not compatible with Code 1.85.2. Extension requires: ^1.104.0.
2025-10-13 17:39:41.397 [error] [/home/drdbrioso/.vscode/extensions/ms-vscode.remote-server-1.5.3]: Extension is not compatible with Code 1.85.2. Extension requires: ^1.87.0.
2025-10-13 17:39:41.397 [error] [/home/drdbrioso/.vscode/extensions/ms-vscode.remote-explorer-0.5.0]: Extension is not compatible with Code 1.85.2. Extension requires: ^1.87.0.
2025-10-13 17:39:41.397 [error] [/home/drdbrioso/.vscode/extensions/ms-python.vscode-python-envs-1.8.0-linux-x64]: Extension is not compatible with Code 1.85.2. Extension requires: ^1.104.0-20250815.
2025-10-13 17:39:41.397 [error] [/home/drdbrioso/.vscode/extensions/ms-python.debugpy-2025.10.0-linux-x64]: Extension is not compatible with Code 1.85.2. Extension requires: ^1.92.0.
2025-10-13 17:39:41.397 [error] [/home/drdbrioso/.vscode/extensions/ms-python.python-2025.14.0-linux-x64]: Extension is not compatible with Code 1.85.2. Extension requires: ^1.95.0.
2025-10-13 17:39:41.399 [error] [/home/drdbrioso/.vscode/extensions/ms-vscode-remote.remote-containers-0.427.0]: Extension is not compatible with Code 1.85.2. Extension requires: ^1.99.0.
2025-10-13 17:39:41.400 [error] [/home/drdbrioso/.vscode/extensions/ms-python.vscode-pylance-2025.8.3]: Extension is not compatible with Code 1.85.2. Extension requires: ^1.101.0.
2025-10-13 17:43:24.937 [error] [/home/drdbrioso/.vscode/extensions/ms-toolsai.vscode-jupyter-cell-tags-0.1.9]: Extension is not compatible with Code 1.85.2. Extension requires: ^1.88.0.
2025-10-13 17:43:24.937 [error] [/home/drdbrioso/.vscode/extensions/ms-toolsai.vscode-jupyter-slideshow-0.1.6]: Extension is not compatible with Code 1.85.2. Extension requires: ^1.88.0.
2025-10-13 17:43:24.937 [error] [/home/drdbrioso/.vscode/extensions/ms-toolsai.jupyter-renderers-1.3.0]: Extension is not compatible with Code 1.85.2. Extension requires: ^1.95.0.
2025-10-13 17:43:24.937 [error] [/home/drdbrioso/.vscode/extensions/ms-vscode.remote-server-1.5.3]: Extension is not compatible with Code 1.85.2. Extension requires: ^1.87.0.
2025-10-13 17:43:24.938 [error] [/home/drdbrioso/.vscode/extensions/ms-vscode-remote.remote-containers-0.427.0]: Extension is not compatible with Code 1.85.2. Extension requires: ^1.99.0.
2025-10-13 17:43:24.938 [error] [/home/drdbrioso/.vscode/extensions/ms-vscode-remote.remote-wsl-0.104.3]: Extension is not compatible with Code 1.85.2. Extension requires: ^1.104.0.
2025-10-13 17:43:24.939 [error] [/home/drdbrioso/.vscode/extensions/ms-vscode.remote-explorer-0.5.0]: Extension is not compatible with Code 1.85.2. Extension requires: ^1.87.0.
2025-10-13 17:43:24.940 [error] [/home/drdbrioso/.vscode/extensions/ms-python.vscode-python-envs-1.8.0-linux-x64]: Extension is not compatible with Code 1.85.2. Extension requires: ^1.104.0-20250815.
2025-10-13 17:43:24.940 [error] [/home/drdbrioso/.vscode/extensions/ms-python.debugpy-2025.10.0-linux-x64]: Extension is not compatible with Code 1.85.2. Extension requires: ^1.92.0.
2025-10-13 17:43:24.940 [error] [/home/drdbrioso/.vscode/extensions/ms-python.vscode-pylance-2025.8.3]: Extension is not compatible with Code 1.85.2. Extension requires: ^1.101.0.
2025-10-13 17:43:24.941 [error] [/home/drdbrioso/.vscode/extensions/ms-python.python-2025.14.0-linux-x64]: Extension is not compatible with Code 1.85.2. Extension requires: ^1.95.0.
2025-10-13 17:44:41.618 [error] [/home/drdbrioso/.vscode/extensions/ms-toolsai.vscode-jupyter-cell-tags-0.1.9]: Extension is not compatible with Code 1.85.2. Extension requires: ^1.88.0.
2025-10-13 17:44:41.618 [error] [/home/drdbrioso/.vscode/extensions/ms-toolsai.vscode-jupyter-slideshow-0.1.6]: Extension is not compatible with Code 1.85.2. Extension requires: ^1.88.0.
2025-10-13 17:44:41.619 [error] [/home/drdbrioso/.vscode/extensions/ms-toolsai.jupyter-renderers-1.3.0]: Extension is not compatible with Code 1.85.2. Extension requires: ^1.95.0.
2025-10-13 17:44:41.620 [error] [/home/drdbrioso/.vscode/extensions/ms-vscode-remote.remote-wsl-0.104.3]: Extension is not compatible with Code 1.85.2. Extension requires: ^1.104.0.
2025-10-13 17:44:41.621 [error] [/home/drdbrioso/.vscode/extensions/ms-vscode.remote-server-1.5.3]: Extension is not compatible with Code 1.85.2. Extension requires: ^1.87.0.
2025-10-13 17:44:41.621 [error] [/home/drdbrioso/.vscode/extensions/ms-vscode.remote-explorer-0.5.0]: Extension is not compatible with Code 1.85.2. Extension requires: ^1.87.0.
2025-10-13 17:44:41.622 [error] [/home/drdbrioso/.vscode/extensions/ms-vscode-remote.remote-containers-0.427.0]: Extension is not compatible with Code 1.85.2. Extension requires: ^1.99.0.
2025-10-13 17:44:41.622 [error] [/home/drdbrioso/.vscode/extensions/ms-python.vscode-python-envs-1.8.0-linux-x64]: Extension is not compatible with Code 1.85.2. Extension requires: ^1.104.0-20250815.
2025-10-13 17:44:41.622 [error] [/home/drdbrioso/.vscode/extensions/ms-python.debugpy-2025.10.0-linux-x64]: Extension is not compatible with Code 1.85.2. Extension requires: ^1.92.0.
2025-10-13 17:44:41.623 [error] [/home/drdbrioso/.vscode/extensions/ms-python.vscode-pylance-2025.8.3]: Extension is not compatible with Code 1.85.2. Extension requires: ^1.101.0.
2025-10-13 17:44:41.624 [error] [/home/drdbrioso/.vscode/extensions/ms-python.python-2025.14.0-linux-x64]: Extension is not compatible with Code 1.85.2. Extension requires: ^1.95.0.
2025-10-13 17:47:33.930 [error] [/home/drdbrioso/.vscode/extensions/ms-toolsai.vscode-jupyter-slideshow-0.1.6]: Extension is not compatible with Code 1.85.2. Extension requires: ^1.88.0.
2025-10-13 17:47:33.930 [error] [/home/drdbrioso/.vscode/extensions/ms-toolsai.vscode-jupyter-cell-tags-0.1.9]: Extension is not compatible with Code 1.85.2. Extension requires: ^1.88.0.
2025-10-13 17:47:33.930 [error] [/home/drdbrioso/.vscode/extensions/ms-toolsai.jupyter-renderers-1.3.0]: Extension is not compatible with Code 1.85.2. Extension requires: ^1.95.0.
2025-10-13 17:47:33.953 [error] [/home/drdbrioso/.vscode/extensions/ms-toolsai.vscode-jupyter-slideshow-0.1.6]: Extension is not compatible with Code 1.85.2. Extension requires: ^1.88.0.
2025-10-13 17:47:33.953 [error] [/home/drdbrioso/.vscode/extensions/ms-toolsai.vscode-jupyter-cell-tags-0.1.9]: Extension is not compatible with Code 1.85.2. Extension requires: ^1.88.0.
2025-10-13 17:47:33.953 [error] [/home/drdbrioso/.vscode/extensions/ms-toolsai.jupyter-renderers-1.3.0]: Extension is not compatible with Code 1.85.2. Extension requires: ^1.95.0.
2025-10-13 17:47:33.962 [error] [/home/drdbrioso/.vscode/extensions/ms-vscode.remote-server-1.5.3]: Extension is not compatible with Code 1.85.2. Extension requires: ^1.87.0.
2025-10-13 17:47:33.962 [error] [/home/drdbrioso/.vscode/extensions/ms-vscode-remote.remote-wsl-0.104.3]: Extension is not compatible with Code 1.85.2. Extension requires: ^1.104.0.
2025-10-13 17:47:33.962 [error] [/home/drdbrioso/.vscode/extensions/ms-vscode.remote-explorer-0.5.0]: Extension is not compatible with Code 1.85.2. Extension requires: ^1.87.0.
2025-10-13 17:47:33.963 [error] [/home/drdbrioso/.vscode/extensions/ms-python.vscode-python-envs-1.8.0-linux-x64]: Extension is not compatible with Code 1.85.2. Extension requires: ^1.104.0-20250815.
2025-10-13 17:47:33.963 [error] [/home/drdbrioso/.vscode/extensions/ms-python.debugpy-2025.10.0-linux-x64]: Extension is not compatible with Code 1.85.2. Extension requires: ^1.92.0.
2025-10-13 17:47:33.965 [error] [/home/drdbrioso/.vscode/extensions/ms-vscode-remote.remote-containers-0.427.0]: Extension is not compatible with Code 1.85.2. Extension requires: ^1.99.0.
2025-10-13 17:47:33.966 [error] [/home/drdbrioso/.vscode/extensions/ms-python.python-2025.14.0-linux-x64]: Extension is not compatible with Code 1.85.2. Extension requires: ^1.95.0.
2025-10-13 17:47:33.967 [error] [/home/drdbrioso/.vscode/extensions/ms-python.vscode-pylance-2025.8.3]: Extension is not compatible with Code 1.85.2. Extension requires: ^1.101.0.
2025-10-13 17:47:33.972 [error] [/home/drdbrioso/.vscode/extensions/ms-vscode.remote-server-1.5.3]: Extension is not compatible with Code 1.85.2. Extension requires: ^1.87.0.
2025-10-13 17:47:33.973 [error] [/home/drdbrioso/.vscode/extensions/ms-vscode-remote.remote-wsl-0.104.3]: Extension is not compatible with Code 1.85.2. Extension requires: ^1.104.0.
2025-10-13 17:47:33.973 [error] [/home/drdbrioso/.vscode/extensions/ms-vscode.remote-explorer-0.5.0]: Extension is not compatible with Code 1.85.2. Extension requires: ^1.87.0.
2025-10-13 17:47:33.974 [error] [/home/drdbrioso/.vscode/extensions/ms-vscode-remote.remote-containers-0.427.0]: Extension is not compatible with Code 1.85.2. Extension requires: ^1.99.0.
2025-10-13 17:47:33.975 [error] [/home/drdbrioso/.vscode/extensions/ms-python.vscode-python-envs-1.8.0-linux-x64]: Extension is not compatible with Code 1.85.2. Extension requires: ^1.104.0-20250815.
2025-10-13 17:47:33.975 [error] [/home/drdbrioso/.vscode/extensions/ms-python.debugpy-2025.10.0-linux-x64]: Extension is not compatible with Code 1.85.2. Extension requires: ^1.92.0.
2025-10-13 17:47:33.976 [error] [/home/drdbrioso/.vscode/extensions/ms-python.python-2025.14.0-linux-x64]: Extension is not compatible with Code 1.85.2. Extension requires: ^1.95.0.
2025-10-13 17:47:33.977 [error] [/home/drdbrioso/.vscode/extensions/ms-python.vscode-pylance-2025.8.3]: Extension is not compatible with Code 1.85.2. Extension requires: ^1.101.0.
2025-10-13 17:47:34.041 [error] [/home/drdbrioso/.vscode/extensions/ms-toolsai.vscode-jupyter-cell-tags-0.1.9]: Extension is not compatible with Code 1.85.2. Extension requires: ^1.88.0.
2025-10-13 17:47:34.041 [error] [/home/drdbrioso/.vscode/extensions/ms-toolsai.vscode-jupyter-slideshow-0.1.6]: Extension is not compatible with Code 1.85.2. Extension requires: ^1.88.0.
2025-10-13 17:47:34.041 [error] [/home/drdbrioso/.vscode/extensions/ms-toolsai.jupyter-renderers-1.3.0]: Extension is not compatible with Code 1.85.2. Extension requires: ^1.95.0.
2025-10-13 17:47:34.047 [error] [/home/drdbrioso/.vscode/extensions/ms-vscode.remote-server-1.5.3]: Extension is not compatible with Code 1.85.2. Extension requires: ^1.87.0.
2025-10-13 17:47:34.047 [error] [/home/drdbrioso/.vscode/extensions/ms-vscode-remote.remote-containers-0.427.0]: Extension is not compatible with Code 1.85.2. Extension requires: ^1.99.0.
2025-10-13 17:47:34.047 [error] [/home/drdbrioso/.vscode/extensions/ms-vscode.remote-explorer-0.5.0]: Extension is not compatible with Code 1.85.2. Extension requires: ^1.87.0.
2025-10-13 17:47:34.048 [error] [/home/drdbrioso/.vscode/extensions/ms-vscode-remote.remote-wsl-0.104.3]: Extension is not compatible with Code 1.85.2. Extension requires: ^1.104.0.
2025-10-13 17:47:34.049 [error] [/home/drdbrioso/.vscode/extensions/ms-python.vscode-python-envs-1.8.0-linux-x64]: Extension is not compatible with Code 1.85.2. Extension requires: ^1.104.0-20250815.
2025-10-13 17:47:34.049 [error] [/home/drdbrioso/.vscode/extensions/ms-python.debugpy-2025.10.0-linux-x64]: Extension is not compatible with Code 1.85.2. Extension requires: ^1.92.0.
2025-10-13 17:47:34.050 [error] [/home/drdbrioso/.vscode/extensions/ms-python.python-2025.14.0-linux-x64]: Extension is not compatible with Code 1.85.2. Extension requires: ^1.95.0.
2025-10-13 17:47:34.051 [error] [/home/drdbrioso/.vscode/extensions/ms-python.vscode-pylance-2025.8.3]: Extension is not compatible with Code 1.85.2. Extension requires: ^1.101.0.
2025-10-13 17:47:34.135 [error] [/home/drdbrioso/.vscode/extensions/ms-toolsai.vscode-jupyter-cell-tags-0.1.9]: Extension is not compatible with Code 1.85.2. Extension requires: ^1.88.0.
2025-10-13 17:47:34.135 [error] [/home/drdbrioso/.vscode/extensions/ms-toolsai.vscode-jupyter-slideshow-0.1.6]: Extension is not compatible with Code 1.85.2. Extension requires: ^1.88.0.
2025-10-13 17:47:34.135 [error] [/home/drdbrioso/.vscode/extensions/ms-toolsai.jupyter-renderers-1.3.0]: Extension is not compatible with Code 1.85.2. Extension requires: ^1.95.0.
2025-10-13 17:47:34.140 [error] [/home/drdbrioso/.vscode/extensions/ms-vscode.remote-server-1.5.3]: Extension is not compatible with Code 1.85.2. Extension requires: ^1.87.0.
2025-10-13 17:47:34.140 [error] [/home/drdbrioso/.vscode/extensions/ms-vscode-remote.remote-containers-0.427.0]: Extension is not compatible with Code 1.85.2. Extension requires: ^1.99.0.
2025-10-13 17:47:34.140 [error] [/home/drdbrioso/.vscode/extensions/ms-vscode.remote-explorer-0.5.0]: Extension is not compatible with Code 1.85.2. Extension requires: ^1.87.0.
2025-10-13 17:47:34.140 [error] [/home/drdbrioso/.vscode/extensions/ms-vscode-remote.remote-wsl-0.104.3]: Extension is not compatible with Code 1.85.2. Extension requires: ^1.104.0.
2025-10-13 17:47:34.141 [error] [/home/drdbrioso/.vscode/extensions/ms-python.vscode-python-envs-1.8.0-linux-x64]: Extension is not compatible with Code 1.85.2. Extension requires: ^1.104.0-20250815.
2025-10-13 17:47:34.141 [error] [/home/drdbrioso/.vscode/extensions/ms-python.debugpy-2025.10.0-linux-x64]: Extension is not compatible with Code 1.85.2. Extension requires: ^1.92.0.
2025-10-13 17:47:34.142 [error] [/home/drdbrioso/.vscode/extensions/ms-python.python-2025.14.0-linux-x64]: Extension is not compatible with Code 1.85.2. Extension requires: ^1.95.0.
2025-10-13 17:47:34.143 [error] [/home/drdbrioso/.vscode/extensions/ms-python.vscode-pylance-2025.8.3]: Extension is not compatible with Code 1.85.2. Extension requires: ^1.101.0.
2025-10-13 17:47:36.549 [error] [/home/drdbrioso/.vscode/extensions/ms-toolsai.vscode-jupyter-cell-tags-0.1.9]: Extension is not compatible with Code 1.85.2. Extension requires: ^1.88.0.
2025-10-13 17:47:36.549 [error] [/home/drdbrioso/.vscode/extensions/ms-toolsai.vscode-jupyter-slideshow-0.1.6]: Extension is not compatible with Code 1.85.2. Extension requires: ^1.88.0.
2025-10-13 17:47:36.549 [error] [/home/drdbrioso/.vscode/extensions/ms-toolsai.jupyter-renderers-1.3.0]: Extension is not compatible with Code 1.85.2. Extension requires: ^1.95.0.
2025-10-13 17:47:36.554 [error] [/home/drdbrioso/.vscode/extensions/ms-toolsai.vscode-jupyter-cell-tags-0.1.9]: Extension is not compatible with Code 1.85.2. Extension requires: ^1.88.0.
2025-10-13 17:47:36.555 [error] [/home/drdbrioso/.vscode/extensions/ms-toolsai.vscode-jupyter-slideshow-0.1.6]: Extension is not compatible with Code 1.85.2. Extension requires: ^1.88.0.
2025-10-13 17:47:36.555 [error] [/home/drdbrioso/.vscode/extensions/ms-toolsai.jupyter-renderers-1.3.0]: Extension is not compatible with Code 1.85.2. Extension requires: ^1.95.0.
2025-10-13 17:47:36.561 [error] [/home/drdbrioso/.vscode/extensions/ms-vscode-remote.remote-wsl-0.104.3]: Extension is not compatible with Code 1.85.2. Extension requires: ^1.104.0.
2025-10-13 17:47:36.562 [error] [/home/drdbrioso/.vscode/extensions/ms-vscode.remote-explorer-0.5.0]: Extension is not compatible with Code 1.85.2. Extension requires: ^1.87.0.
2025-10-13 17:47:36.564 [error] [/home/drdbrioso/.vscode/extensions/ms-python.vscode-python-envs-1.8.0-linux-x64]: Extension is not compatible with Code 1.85.2. Extension requires: ^1.104.0-20250815.
2025-10-13 17:47:36.564 [error] [/home/drdbrioso/.vscode/extensions/ms-vscode.remote-server-1.5.3]: Extension is not compatible with Code 1.85.2. Extension requires: ^1.87.0.
2025-10-13 17:47:36.564 [error] [/home/drdbrioso/.vscode/extensions/ms-python.debugpy-2025.10.0-linux-x64]: Extension is not compatible with Code 1.85.2. Extension requires: ^1.92.0.
2025-10-13 17:47:36.565 [error] [/home/drdbrioso/.vscode/extensions/ms-vscode-remote.remote-containers-0.427.0]: Extension is not compatible with Code 1.85.2. Extension requires: ^1.99.0.
2025-10-13 17:47:36.566 [error] [/home/drdbrioso/.vscode/extensions/ms-python.python-2025.14.0-linux-x64]: Extension is not compatible with Code 1.85.2. Extension requires: ^1.95.0.
2025-10-13 17:47:36.567 [error] [/home/drdbrioso/.vscode/extensions/ms-python.vscode-pylance-2025.8.3]: Extension is not compatible with Code 1.85.2. Extension requires: ^1.101.0.
2025-10-13 17:47:36.569 [error] [/home/drdbrioso/.vscode/extensions/ms-vscode.remote-server-1.5.3]: Extension is not compatible with Code 1.85.2. Extension requires: ^1.87.0.
2025-10-13 17:47:36.569 [error] [/home/drdbrioso/.vscode/extensions/ms-vscode-remote.remote-wsl-0.104.3]: Extension is not compatible with Code 1.85.2. Extension requires: ^1.104.0.
2025-10-13 17:47:36.570 [error] [/home/drdbrioso/.vscode/extensions/ms-vscode.remote-explorer-0.5.0]: Extension is not compatible with Code 1.85.2. Extension requires: ^1.87.0.
2025-10-13 17:47:36.570 [error] [/home/drdbrioso/.vscode/extensions/ms-python.debugpy-2025.10.0-linux-x64]: Extension is not compatible with Code 1.85.2. Extension requires: ^1.92.0.
2025-10-13 17:47:36.570 [error] [/home/drdbrioso/.vscode/extensions/ms-python.vscode-python-envs-1.8.0-linux-x64]: Extension is not compatible with Code 1.85.2. Extension requires: ^1.104.0-20250815.
2025-10-13 17:47:36.572 [error] [/home/drdbrioso/.vscode/extensions/ms-vscode-remote.remote-containers-0.427.0]: Extension is not compatible with Code 1.85.2. Extension requires: ^1.99.0.
2025-10-13 17:47:36.573 [error] [/home/drdbrioso/.vscode/extensions/ms-python.python-2025.14.0-linux-x64]: Extension is not compatible with Code 1.85.2. Extension requires: ^1.95.0.
2025-10-13 17:47:36.576 [error] [/home/drdbrioso/.vscode/extensions/ms-python.vscode-pylance-2025.8.3]: Extension is not compatible with Code 1.85.2. Extension requires: ^1.101.0.
2025-10-13 17:47:47.837 [error] [/home/drdbrioso/.vscode/extensions/ms-toolsai.vscode-jupyter-cell-tags-0.1.9]: Extension is not compatible with Code 1.85.2. Extension requires: ^1.88.0.
2025-10-13 17:47:47.837 [error] [/home/drdbrioso/.vscode/extensions/ms-toolsai.vscode-jupyter-slideshow-0.1.6]: Extension is not compatible with Code 1.85.2. Extension requires: ^1.88.0.
2025-10-13 17:47:47.837 [error] [/home/drdbrioso/.vscode/extensions/ms-toolsai.jupyter-renderers-1.3.0]: Extension is not compatible with Code 1.85.2. Extension requires: ^1.95.0.
2025-10-13 17:47:47.848 [error] [/home/drdbrioso/.vscode/extensions/ms-vscode.remote-server-1.5.3]: Extension is not compatible with Code 1.85.2. Extension requires: ^1.87.0.
2025-10-13 17:47:47.849 [error] [/home/drdbrioso/.vscode/extensions/ms-vscode-remote.remote-wsl-0.104.3]: Extension is not compatible with Code 1.85.2. Extension requires: ^1.104.0.
2025-10-13 17:47:47.849 [error] [/home/drdbrioso/.vscode/extensions/ms-vscode.remote-explorer-0.5.0]: Extension is not compatible with Code 1.85.2. Extension requires: ^1.87.0.
2025-10-13 17:47:47.849 [error] [/home/drdbrioso/.vscode/extensions/ms-python.debugpy-2025.10.0-linux-x64]: Extension is not compatible with Code 1.85.2. Extension requires: ^1.92.0.
2025-10-13 17:47:47.851 [error] [/home/drdbrioso/.vscode/extensions/ms-python.vscode-python-envs-1.8.0-linux-x64]: Extension is not compatible with Code 1.85.2. Extension requires: ^1.104.0-20250815.
2025-10-13 17:47:47.852 [error] [/home/drdbrioso/.vscode/extensions/ms-vscode-remote.remote-containers-0.427.0]: Extension is not compatible with Code 1.85.2. Extension requires: ^1.99.0.
2025-10-13 17:47:47.852 [error] [/home/drdbrioso/.vscode/extensions/ms-python.python-2025.14.0-linux-x64]: Extension is not compatible with Code 1.85.2. Extension requires: ^1.95.0.
2025-10-13 17:47:47.853 [error] [/home/drdbrioso/.vscode/extensions/ms-python.vscode-pylance-2025.8.3]: Extension is not compatible with Code 1.85.2. Extension requires: ^1.101.0.
2025-10-13 17:47:47.900 [error] [/home/drdbrioso/.vscode/extensions/ms-toolsai.vscode-jupyter-cell-tags-0.1.9]: Extension is not compatible with Code 1.85.2. Extension requires: ^1.88.0.
2025-10-13 17:47:47.900 [error] [/home/drdbrioso/.vscode/extensions/ms-toolsai.jupyter-renderers-1.3.0]: Extension is not compatible with Code 1.85.2. Extension requires: ^1.95.0.
2025-10-13 17:47:47.900 [error] [/home/drdbrioso/.vscode/extensions/ms-toolsai.vscode-jupyter-slideshow-0.1.6]: Extension is not compatible with Code 1.85.2. Extension requires: ^1.88.0.
2025-10-13 17:47:47.911 [error] [/home/drdbrioso/.vscode/extensions/ms-vscode.remote-server-1.5.3]: Extension is not compatible with Code 1.85.2. Extension requires: ^1.87.0.
2025-10-13 17:47:47.911 [error] [/home/drdbrioso/.vscode/extensions/ms-vscode-remote.remote-wsl-0.104.3]: Extension is not compatible with Code 1.85.2. Extension requires: ^1.104.0.
2025-10-13 17:47:47.911 [error] [/home/drdbrioso/.vscode/extensions/ms-vscode.remote-explorer-0.5.0]: Extension is not compatible with Code 1.85.2. Extension requires: ^1.87.0.
2025-10-13 17:47:47.913 [error] [/home/drdbrioso/.vscode/extensions/ms-python.vscode-python-envs-1.8.0-linux-x64]: Extension is not compatible with Code 1.85.2. Extension requires: ^1.104.0-20250815.
2025-10-13 17:47:47.913 [error] [/home/drdbrioso/.vscode/extensions/ms-vscode-remote.remote-containers-0.427.0]: Extension is not compatible with Code 1.85.2. Extension requires: ^1.99.0.
2025-10-13 17:47:47.913 [error] [/home/drdbrioso/.vscode/extensions/ms-python.debugpy-2025.10.0-linux-x64]: Extension is not compatible with Code 1.85.2. Extension requires: ^1.92.0.
2025-10-13 17:47:47.918 [error] [/home/drdbrioso/.vscode/extensions/ms-python.python-2025.14.0-linux-x64]: Extension is not compatible with Code 1.85.2. Extension requires: ^1.95.0.
2025-10-13 17:47:47.919 [error] [/home/drdbrioso/.vscode/extensions/ms-python.vscode-pylance-2025.8.3]: Extension is not compatible with Code 1.85.2. Extension requires: ^1.101.0.
2025-10-13 17:48:08.249 [error] [/home/drdbrioso/.vscode/extensions/ms-toolsai.vscode-jupyter-cell-tags-0.1.9]: Extension is not compatible with Code 1.85.2. Extension requires: ^1.88.0.
2025-10-13 17:48:08.249 [error] [/home/drdbrioso/.vscode/extensions/ms-toolsai.vscode-jupyter-slideshow-0.1.6]: Extension is not compatible with Code 1.85.2. Extension requires: ^1.88.0.
2025-10-13 17:48:08.250 [error] [/home/drdbrioso/.vscode/extensions/ms-toolsai.jupyter-renderers-1.3.0]: Extension is not compatible with Code 1.85.2. Extension requires: ^1.95.0.
2025-10-13 17:48:08.273 [error] [/home/drdbrioso/.vscode/extensions/ms-vscode.remote-server-1.5.3]: Extension is not compatible with Code 1.85.2. Extension requires: ^1.87.0.
2025-10-13 17:48:08.273 [error] [/home/drdbrioso/.vscode/extensions/ms-vscode.remote-explorer-0.5.0]: Extension is not compatible with Code 1.85.2. Extension requires: ^1.87.0.
2025-10-13 17:48:08.274 [error] [/home/drdbrioso/.vscode/extensions/ms-vscode-remote.remote-wsl-0.104.3]: Extension is not compatible with Code 1.85.2. Extension requires: ^1.104.0.
2025-10-13 17:48:08.274 [error] [/home/drdbrioso/.vscode/extensions/ms-python.vscode-python-envs-1.8.0-linux-x64]: Extension is not compatible with Code 1.85.2. Extension requires: ^1.104.0-20250815.
2025-10-13 17:48:08.275 [error] [/home/drdbrioso/.vscode/extensions/ms-python.debugpy-2025.10.0-linux-x64]: Extension is not compatible with Code 1.85.2. Extension requires: ^1.92.0.
2025-10-13 17:48:08.276 [error] [/home/drdbrioso/.vscode/extensions/ms-vscode-remote.remote-containers-0.427.0]: Extension is not compatible with Code 1.85.2. Extension requires: ^1.99.0.
2025-10-13 17:48:08.278 [error] [/home/drdbrioso/.vscode/extensions/ms-python.python-2025.14.0-linux-x64]: Extension is not compatible with Code 1.85.2. Extension requires: ^1.95.0.
2025-10-13 17:48:08.281 [error] [/home/drdbrioso/.vscode/extensions/ms-python.vscode-pylance-2025.8.3]: Extension is not compatible with Code 1.85.2. Extension requires: ^1.101.0.
2025-10-13 17:48:08.281 [error] [/home/drdbrioso/.vscode/extensions/ms-toolsai.vscode-jupyter-cell-tags-0.1.9]: Extension is not compatible with Code 1.85.2. Extension requires: ^1.88.0.
2025-10-13 17:48:08.282 [error] [/home/drdbrioso/.vscode/extensions/ms-toolsai.vscode-jupyter-slideshow-0.1.6]: Extension is not compatible with Code 1.85.2. Extension requires: ^1.88.0.
2025-10-13 17:48:08.282 [error] [/home/drdbrioso/.vscode/extensions/ms-toolsai.jupyter-renderers-1.3.0]: Extension is not compatible with Code 1.85.2. Extension requires: ^1.95.0.
2025-10-13 17:48:08.297 [error] [/home/drdbrioso/.vscode/extensions/ms-vscode.remote-server-1.5.3]: Extension is not compatible with Code 1.85.2. Extension requires: ^1.87.0.
2025-10-13 17:48:08.297 [error] [/home/drdbrioso/.vscode/extensions/ms-vscode-remote.remote-wsl-0.104.3]: Extension is not compatible with Code 1.85.2. Extension requires: ^1.104.0.
2025-10-13 17:48:08.297 [error] [/home/drdbrioso/.vscode/extensions/ms-vscode.remote-explorer-0.5.0]: Extension is not compatible with Code 1.85.2. Extension requires: ^1.87.0.
2025-10-13 17:48:08.298 [error] [/home/drdbrioso/.vscode/extensions/ms-python.vscode-python-envs-1.8.0-linux-x64]: Extension is not compatible with Code 1.85.2. Extension requires: ^1.104.0-20250815.
2025-10-13 17:48:08.298 [error] [/home/drdbrioso/.vscode/extensions/ms-python.debugpy-2025.10.0-linux-x64]: Extension is not compatible with Code 1.85.2. Extension requires: ^1.92.0.
2025-10-13 17:48:08.298 [error] [/home/drdbrioso/.vscode/extensions/ms-vscode-remote.remote-containers-0.427.0]: Extension is not compatible with Code 1.85.2. Extension requires: ^1.99.0.
2025-10-13 17:48:08.299 [error] [/home/drdbrioso/.vscode/extensions/ms-python.python-2025.14.0-linux-x64]: Extension is not compatible with Code 1.85.2. Extension requires: ^1.95.0.
2025-10-13 17:48:08.301 [error] [/home/drdbrioso/.vscode/extensions/ms-python.vscode-pylance-2025.8.3]: Extension is not compatible with Code 1.85.2. Extension requires: ^1.101.0.
2025-10-13 17:48:08.445 [error] [/home/drdbrioso/.vscode/extensions/ms-toolsai.vscode-jupyter-cell-tags-0.1.9]: Extension is not compatible with Code 1.85.2. Extension requires: ^1.88.0.
2025-10-13 17:48:08.445 [error] [/home/drdbrioso/.vscode/extensions/ms-toolsai.vscode-jupyter-slideshow-0.1.6]: Extension is not compatible with Code 1.85.2. Extension requires: ^1.88.0.
2025-10-13 17:48:08.445 [error] [/home/drdbrioso/.vscode/extensions/ms-toolsai.jupyter-renderers-1.3.0]: Extension is not compatible with Code 1.85.2. Extension requires: ^1.95.0.
2025-10-13 17:48:08.474 [error] [/home/drdbrioso/.vscode/extensions/ms-vscode-remote.remote-containers-0.427.0]: Extension is not compatible with Code 1.85.2. Extension requires: ^1.99.0.
2025-10-13 17:48:08.474 [error] [/home/drdbrioso/.vscode/extensions/ms-vscode.remote-server-1.5.3]: Extension is not compatible with Code 1.85.2. Extension requires: ^1.87.0.
2025-10-13 17:48:08.474 [error] [/home/drdbrioso/.vscode/extensions/ms-vscode.remote-explorer-0.5.0]: Extension is not compatible with Code 1.85.2. Extension requires: ^1.87.0.
2025-10-13 17:48:08.474 [error] [/home/drdbrioso/.vscode/extensions/ms-python.vscode-python-envs-1.8.0-linux-x64]: Extension is not compatible with Code 1.85.2. Extension requires: ^1.104.0-20250815.
2025-10-13 17:48:08.475 [error] [/home/drdbrioso/.vscode/extensions/ms-vscode-remote.remote-wsl-0.104.3]: Extension is not compatible with Code 1.85.2. Extension requires: ^1.104.0.
2025-10-13 17:48:08.476 [error] [/home/drdbrioso/.vscode/extensions/ms-python.python-2025.14.0-linux-x64]: Extension is not compatible with Code 1.85.2. Extension requires: ^1.95.0.
2025-10-13 17:48:08.476 [error] [/home/drdbrioso/.vscode/extensions/ms-python.debugpy-2025.10.0-linux-x64]: Extension is not compatible with Code 1.85.2. Extension requires: ^1.92.0.
2025-10-13 17:48:08.476 [error] [/home/drdbrioso/.vscode/extensions/ms-python.vscode-pylance-2025.8.3]: Extension is not compatible with Code 1.85.2. Extension requires: ^1.101.0.
2025-10-13 17:48:08.477 [error] [/home/drdbrioso/.vscode/extensions/ms-toolsai.vscode-jupyter-slideshow-0.1.6]: Extension is not compatible with Code 1.85.2. Extension requires: ^1.88.0.
2025-10-13 17:48:08.477 [error] [/home/drdbrioso/.vscode/extensions/ms-toolsai.vscode-jupyter-cell-tags-0.1.9]: Extension is not compatible with Code 1.85.2. Extension requires: ^1.88.0.
2025-10-13 17:48:08.477 [error] [/home/drdbrioso/.vscode/extensions/ms-toolsai.jupyter-renderers-1.3.0]: Extension is not compatible with Code 1.85.2. Extension requires: ^1.95.0.
2025-10-13 17:48:08.485 [error] [/home/drdbrioso/.vscode/extensions/ms-vscode.remote-server-1.5.3]: Extension is not compatible with Code 1.85.2. Extension requires: ^1.87.0.
2025-10-13 17:48:08.486 [error] [/home/drdbrioso/.vscode/extensions/ms-vscode.remote-explorer-0.5.0]: Extension is not compatible with Code 1.85.2. Extension requires: ^1.87.0.
2025-10-13 17:48:08.486 [error] [/home/drdbrioso/.vscode/extensions/ms-vscode-remote.remote-wsl-0.104.3]: Extension is not compatible with Code 1.85.2. Extension requires: ^1.104.0.
2025-10-13 17:48:08.486 [error] [/home/drdbrioso/.vscode/extensions/ms-python.vscode-python-envs-1.8.0-linux-x64]: Extension is not compatible with Code 1.85.2. Extension requires: ^1.104.0-20250815.
2025-10-13 17:48:08.487 [error] [/home/drdbrioso/.vscode/extensions/ms-python.debugpy-2025.10.0-linux-x64]: Extension is not compatible with Code 1.85.2. Extension requires: ^1.92.0.
2025-10-13 17:48:08.487 [error] [/home/drdbrioso/.vscode/extensions/ms-vscode-remote.remote-containers-0.427.0]: Extension is not compatible with Code 1.85.2. Extension requires: ^1.99.0.
2025-10-13 17:48:08.488 [error] [/home/drdbrioso/.vscode/extensions/ms-python.python-2025.14.0-linux-x64]: Extension is not compatible with Code 1.85.2. Extension requires: ^1.95.0.
2025-10-13 17:48:08.488 [error] [/home/drdbrioso/.vscode/extensions/ms-python.vscode-pylance-2025.8.3]: Extension is not compatible with Code 1.85.2. Extension requires: ^1.101.0.
2025-10-13 17:48:10.877 [error] [/home/drdbrioso/.vscode/extensions/ms-toolsai.vscode-jupyter-slideshow-0.1.6]: Extension is not compatible with Code 1.85.2. Extension requires: ^1.88.0.
2025-10-13 17:48:10.878 [error] [/home/drdbrioso/.vscode/extensions/ms-toolsai.vscode-jupyter-cell-tags-0.1.9]: Extension is not compatible with Code 1.85.2. Extension requires: ^1.88.0.
2025-10-13 17:48:10.878 [error] [/home/drdbrioso/.vscode/extensions/ms-toolsai.jupyter-renderers-1.3.0]: Extension is not compatible with Code 1.85.2. Extension requires: ^1.95.0.
2025-10-13 17:48:10.879 [error] [/home/drdbrioso/.vscode/extensions/ms-toolsai.vscode-jupyter-cell-tags-0.1.9]: Extension is not compatible with Code 1.85.2. Extension requires: ^1.88.0.
2025-10-13 17:48:10.880 [error] [/home/drdbrioso/.vscode/extensions/ms-toolsai.vscode-jupyter-slideshow-0.1.6]: Extension is not compatible with Code 1.85.2. Extension requires: ^1.88.0.
2025-10-13 17:48:10.880 [error] [/home/drdbrioso/.vscode/extensions/ms-toolsai.jupyter-renderers-1.3.0]: Extension is not compatible with Code 1.85.2. Extension requires: ^1.95.0.
2025-10-13 17:48:10.881 [error] [/home/drdbrioso/.vscode/extensions/ms-vscode.remote-server-1.5.3]: Extension is not compatible with Code 1.85.2. Extension requires: ^1.87.0.
2025-10-13 17:48:10.882 [error] [/home/drdbrioso/.vscode/extensions/ms-vscode-remote.remote-wsl-0.104.3]: Extension is not compatible with Code 1.85.2. Extension requires: ^1.104.0.
2025-10-13 17:48:10.882 [error] [/home/drdbrioso/.vscode/extensions/ms-vscode.remote-explorer-0.5.0]: Extension is not compatible with Code 1.85.2. Extension requires: ^1.87.0.
2025-10-13 17:48:10.884 [error] [/home/drdbrioso/.vscode/extensions/ms-vscode-remote.remote-containers-0.427.0]: Extension is not compatible with Code 1.85.2. Extension requires: ^1.99.0.
2025-10-13 17:48:10.884 [error] [/home/drdbrioso/.vscode/extensions/ms-python.vscode-python-envs-1.8.0-linux-x64]: Extension is not compatible with Code 1.85.2. Extension requires: ^1.104.0-20250815.
2025-10-13 17:48:10.884 [error] [/home/drdbrioso/.vscode/extensions/ms-python.debugpy-2025.10.0-linux-x64]: Extension is not compatible with Code 1.85.2. Extension requires: ^1.92.0.
2025-10-13 17:48:10.887 [error] [/home/drdbrioso/.vscode/extensions/ms-python.vscode-pylance-2025.8.3]: Extension is not compatible with Code 1.85.2. Extension requires: ^1.101.0.
2025-10-13 17:48:10.888 [error] [/home/drdbrioso/.vscode/extensions/ms-python.python-2025.14.0-linux-x64]: Extension is not compatible with Code 1.85.2. Extension requires: ^1.95.0.
2025-10-13 17:48:10.894 [error] [/home/drdbrioso/.vscode/extensions/ms-vscode-remote.remote-wsl-0.104.3]: Extension is not compatible with Code 1.85.2. Extension requires: ^1.104.0.
2025-10-13 17:48:10.894 [error] [/home/drdbrioso/.vscode/extensions/ms-vscode.remote-explorer-0.5.0]: Extension is not compatible with Code 1.85.2. Extension requires: ^1.87.0.
2025-10-13 17:48:10.894 [error] [/home/drdbrioso/.vscode/extensions/ms-vscode.remote-server-1.5.3]: Extension is not compatible with Code 1.85.2. Extension requires: ^1.87.0.
2025-10-13 17:48:10.894 [error] [/home/drdbrioso/.vscode/extensions/ms-python.debugpy-2025.10.0-linux-x64]: Extension is not compatible with Code 1.85.2. Extension requires: ^1.92.0.
2025-10-13 17:48:10.895 [error] [/home/drdbrioso/.vscode/extensions/ms-python.vscode-python-envs-1.8.0-linux-x64]: Extension is not compatible with Code 1.85.2. Extension requires: ^1.104.0-20250815.
2025-10-13 17:48:10.896 [error] [/home/drdbrioso/.vscode/extensions/ms-python.python-2025.14.0-linux-x64]: Extension is not compatible with Code 1.85.2. Extension requires: ^1.95.0.
2025-10-13 17:48:10.896 [error] [/home/drdbrioso/.vscode/extensions/ms-vscode-remote.remote-containers-0.427.0]: Extension is not compatible with Code 1.85.2. Extension requires: ^1.99.0.
2025-10-13 17:48:10.896 [error] [/home/drdbrioso/.vscode/extensions/ms-python.vscode-pylance-2025.8.3]: Extension is not compatible with Code 1.85.2. Extension requires: ^1.101.0.
2025-10-13 17:48:30.303 [error] [/home/drdbrioso/.vscode/extensions/ms-toolsai.vscode-jupyter-cell-tags-0.1.9]: Extension is not compatible with Code 1.85.2. Extension requires: ^1.88.0.
2025-10-13 17:48:30.304 [error] [/home/drdbrioso/.vscode/extensions/ms-toolsai.vscode-jupyter-slideshow-0.1.6]: Extension is not compatible with Code 1.85.2. Extension requires: ^1.88.0.
2025-10-13 17:48:30.304 [error] [/home/drdbrioso/.vscode/extensions/ms-toolsai.jupyter-renderers-1.3.0]: Extension is not compatible with Code 1.85.2. Extension requires: ^1.95.0.
2025-10-13 17:48:30.306 [error] [/home/drdbrioso/.vscode/extensions/ms-vscode-remote.remote-wsl-0.104.3]: Extension is not compatible with Code 1.85.2. Extension requires: ^1.104.0.
2025-10-13 17:48:30.306 [error] [/home/drdbrioso/.vscode/extensions/ms-vscode-remote.remote-containers-0.427.0]: Extension is not compatible with Code 1.85.2. Extension requires: ^1.99.0.
2025-10-13 17:48:30.307 [error] [/home/drdbrioso/.vscode/extensions/ms-vscode.remote-server-1.5.3]: Extension is not compatible with Code 1.85.2. Extension requires: ^1.87.0.
2025-10-13 17:48:30.307 [error] [/home/drdbrioso/.vscode/extensions/ms-vscode.remote-explorer-0.5.0]: Extension is not compatible with Code 1.85.2. Extension requires: ^1.87.0.
2025-10-13 17:48:30.307 [error] [/home/drdbrioso/.vscode/extensions/ms-python.vscode-python-envs-1.8.0-linux-x64]: Extension is not compatible with Code 1.85.2. Extension requires: ^1.104.0-20250815.
2025-10-13 17:48:30.307 [error] [/home/drdbrioso/.vscode/extensions/ms-python.debugpy-2025.10.0-linux-x64]: Extension is not compatible with Code 1.85.2. Extension requires: ^1.92.0.
2025-10-13 17:48:30.308 [error] [/home/drdbrioso/.vscode/extensions/ms-python.python-2025.14.0-linux-x64]: Extension is not compatible with Code 1.85.2. Extension requires: ^1.95.0.
2025-10-13 17:48:30.309 [error] [/home/drdbrioso/.vscode/extensions/ms-python.vscode-pylance-2025.8.3]: Extension is not compatible with Code 1.85.2. Extension requires: ^1.101.0.
2025-10-13 17:48:45.209 [error] [/home/drdbrioso/.vscode/extensions/ms-toolsai.vscode-jupyter-cell-tags-0.1.9]: Extension is not compatible with Code 1.85.2. Extension requires: ^1.88.0.
2025-10-13 17:48:45.210 [error] [/home/drdbrioso/.vscode/extensions/ms-toolsai.vscode-jupyter-slideshow-0.1.6]: Extension is not compatible with Code 1.85.2. Extension requires: ^1.88.0.
2025-10-13 17:48:45.210 [error] [/home/drdbrioso/.vscode/extensions/ms-toolsai.jupyter-renderers-1.3.0]: Extension is not compatible with Code 1.85.2. Extension requires: ^1.95.0.
2025-10-13 17:48:45.215 [error] [/home/drdbrioso/.vscode/extensions/ms-vscode.remote-server-1.5.3]: Extension is not compatible with Code 1.85.2. Extension requires: ^1.87.0.
2025-10-13 17:48:45.215 [error] [/home/drdbrioso/.vscode/extensions/ms-vscode-remote.remote-containers-0.427.0]: Extension is not compatible with Code 1.85.2. Extension requires: ^1.99.0.
2025-10-13 17:48:45.216 [error] [/home/drdbrioso/.vscode/extensions/ms-python.vscode-python-envs-1.8.0-linux-x64]: Extension is not compatible with Code 1.85.2. Extension requires: ^1.104.0-20250815.
2025-10-13 17:48:45.216 [error] [/home/drdbrioso/.vscode/extensions/ms-vscode.remote-explorer-0.5.0]: Extension is not compatible with Code 1.85.2. Extension requires: ^1.87.0.
2025-10-13 17:48:45.216 [error] [/home/drdbrioso/.vscode/extensions/ms-python.debugpy-2025.10.0-linux-x64]: Extension is not compatible with Code 1.85.2. Extension requires: ^1.92.0.
2025-10-13 17:48:45.217 [error] [/home/drdbrioso/.vscode/extensions/ms-vscode-remote.remote-wsl-0.104.3]: Extension is not compatible with Code 1.85.2. Extension requires: ^1.104.0.
2025-10-13 17:48:45.217 [error] [/home/drdbrioso/.vscode/extensions/ms-python.python-2025.14.0-linux-x64]: Extension is not compatible with Code 1.85.2. Extension requires: ^1.95.0.
2025-10-13 17:48:45.218 [error] [/home/drdbrioso/.vscode/extensions/ms-python.vscode-pylance-2025.8.3]: Extension is not compatible with Code 1.85.2. Extension requires: ^1.101.0.
2025-10-13 17:48:45.289 [error] [/home/drdbrioso/.vscode/extensions/ms-toolsai.vscode-jupyter-cell-tags-0.1.9]: Extension is not compatible with Code 1.85.2. Extension requires: ^1.88.0.
2025-10-13 17:48:45.290 [error] [/home/drdbrioso/.vscode/extensions/ms-toolsai.vscode-jupyter-slideshow-0.1.6]: Extension is not compatible with Code 1.85.2. Extension requires: ^1.88.0.
2025-10-13 17:48:45.290 [error] [/home/drdbrioso/.vscode/extensions/ms-toolsai.jupyter-renderers-1.3.0]: Extension is not compatible with Code 1.85.2. Extension requires: ^1.95.0.
2025-10-13 17:48:45.307 [error] [/home/drdbrioso/.vscode/extensions/ms-vscode.remote-explorer-0.5.0]: Extension is not compatible with Code 1.85.2. Extension requires: ^1.87.0.
2025-10-13 17:48:45.307 [error] [/home/drdbrioso/.vscode/extensions/ms-vscode-remote.remote-wsl-0.104.3]: Extension is not compatible with Code 1.85.2. Extension requires: ^1.104.0.
2025-10-13 17:48:45.307 [error] [/home/drdbrioso/.vscode/extensions/ms-vscode-remote.remote-containers-0.427.0]: Extension is not compatible with Code 1.85.2. Extension requires: ^1.99.0.
2025-10-13 17:48:45.307 [error] [/home/drdbrioso/.vscode/extensions/ms-python.vscode-python-envs-1.8.0-linux-x64]: Extension is not compatible with Code 1.85.2. Extension requires: ^1.104.0-20250815.
2025-10-13 17:48:45.307 [error] [/home/drdbrioso/.vscode/extensions/ms-python.debugpy-2025.10.0-linux-x64]: Extension is not compatible with Code 1.85.2. Extension requires: ^1.92.0.
2025-10-13 17:48:45.311 [error] [/home/drdbrioso/.vscode/extensions/ms-python.python-2025.14.0-linux-x64]: Extension is not compatible with Code 1.85.2. Extension requires: ^1.95.0.
2025-10-13 17:48:45.312 [error] [/home/drdbrioso/.vscode/extensions/ms-python.vscode-pylance-2025.8.3]: Extension is not compatible with Code 1.85.2. Extension requires: ^1.101.0.
2025-10-13 17:48:45.312 [error] [/home/drdbrioso/.vscode/extensions/ms-vscode.remote-server-1.5.3]: Extension is not compatible with Code 1.85.2. Extension requires: ^1.87.0.
2025-10-13 17:48:49.546 [error] [/home/drdbrioso/.vscode/extensions/ms-toolsai.vscode-jupyter-cell-tags-0.1.9]: Extension is not compatible with Code 1.85.2. Extension requires: ^1.88.0.
2025-10-13 17:48:49.546 [error] [/home/drdbrioso/.vscode/extensions/ms-toolsai.vscode-jupyter-slideshow-0.1.6]: Extension is not compatible with Code 1.85.2. Extension requires: ^1.88.0.
2025-10-13 17:48:49.546 [error] [/home/drdbrioso/.vscode/extensions/ms-toolsai.jupyter-renderers-1.3.0]: Extension is not compatible with Code 1.85.2. Extension requires: ^1.95.0.
2025-10-13 17:48:49.582 [error] [/home/drdbrioso/.vscode/extensions/ms-vscode.remote-server-1.5.3]: Extension is not compatible with Code 1.85.2. Extension requires: ^1.87.0.
2025-10-13 17:48:49.583 [error] [/home/drdbrioso/.vscode/extensions/ms-vscode-remote.remote-wsl-0.104.3]: Extension is not compatible with Code 1.85.2. Extension requires: ^1.104.0.
2025-10-13 17:48:49.585 [error] [/home/drdbrioso/.vscode/extensions/ms-vscode.remote-explorer-0.5.0]: Extension is not compatible with Code 1.85.2. Extension requires: ^1.87.0.
2025-10-13 17:48:49.585 [error] [/home/drdbrioso/.vscode/extensions/ms-python.vscode-python-envs-1.8.0-linux-x64]: Extension is not compatible with Code 1.85.2. Extension requires: ^1.104.0-20250815.
2025-10-13 17:48:49.585 [error] [/home/drdbrioso/.vscode/extensions/ms-python.debugpy-2025.10.0-linux-x64]: Extension is not compatible with Code 1.85.2. Extension requires: ^1.92.0.
2025-10-13 17:48:49.586 [error] [/home/drdbrioso/.vscode/extensions/ms-vscode-remote.remote-containers-0.427.0]: Extension is not compatible with Code 1.85.2. Extension requires: ^1.99.0.
2025-10-13 17:48:49.587 [error] [/home/drdbrioso/.vscode/extensions/ms-python.python-2025.14.0-linux-x64]: Extension is not compatible with Code 1.85.2. Extension requires: ^1.95.0.
2025-10-13 17:48:49.589 [error] [/home/drdbrioso/.vscode/extensions/ms-python.vscode-pylance-2025.8.3]: Extension is not compatible with Code 1.85.2. Extension requires: ^1.101.0.
2025-10-13 17:48:49.591 [error] [/home/drdbrioso/.vscode/extensions/ms-toolsai.vscode-jupyter-cell-tags-0.1.9]: Extension is not compatible with Code 1.85.2. Extension requires: ^1.88.0.
2025-10-13 17:48:49.591 [error] [/home/drdbrioso/.vscode/extensions/ms-toolsai.vscode-jupyter-slideshow-0.1.6]: Extension is not compatible with Code 1.85.2. Extension requires: ^1.88.0.
2025-10-13 17:48:49.591 [error] [/home/drdbrioso/.vscode/extensions/ms-toolsai.jupyter-renderers-1.3.0]: Extension is not compatible with Code 1.85.2. Extension requires: ^1.95.0.
2025-10-13 17:48:49.608 [error] [/home/drdbrioso/.vscode/extensions/ms-vscode.remote-server-1.5.3]: Extension is not compatible with Code 1.85.2. Extension requires: ^1.87.0.
2025-10-13 17:48:49.608 [error] [/home/drdbrioso/.vscode/extensions/ms-vscode-remote.remote-wsl-0.104.3]: Extension is not compatible with Code 1.85.2. Extension requires: ^1.104.0.
2025-10-13 17:48:49.609 [error] [/home/drdbrioso/.vscode/extensions/ms-vscode-remote.remote-containers-0.427.0]: Extension is not compatible with Code 1.85.2. Extension requires: ^1.99.0.
2025-10-13 17:48:49.610 [error] [/home/drdbrioso/.vscode/extensions/ms-vscode.remote-explorer-0.5.0]: Extension is not compatible with Code 1.85.2. Extension requires: ^1.87.0.
2025-10-13 17:48:49.610 [error] [/home/drdbrioso/.vscode/extensions/ms-python.vscode-python-envs-1.8.0-linux-x64]: Extension is not compatible with Code 1.85.2. Extension requires: ^1.104.0-20250815.
2025-10-13 17:48:49.611 [error] [/home/drdbrioso/.vscode/extensions/ms-python.debugpy-2025.10.0-linux-x64]: Extension is not compatible with Code 1.85.2. Extension requires: ^1.92.0.
2025-10-13 17:48:49.611 [error] [/home/drdbrioso/.vscode/extensions/ms-python.python-2025.14.0-linux-x64]: Extension is not compatible with Code 1.85.2. Extension requires: ^1.95.0.
2025-10-13 17:48:49.612 [error] [/home/drdbrioso/.vscode/extensions/ms-python.vscode-pylance-2025.8.3]: Extension is not compatible with Code 1.85.2. Extension requires: ^1.101.0.
2025-10-13 17:48:49.692 [error] [/home/drdbrioso/.vscode/extensions/ms-toolsai.vscode-jupyter-slideshow-0.1.6]: Extension is not compatible with Code 1.85.2. Extension requires: ^1.88.0.
2025-10-13 17:48:49.692 [error] [/home/drdbrioso/.vscode/extensions/ms-toolsai.vscode-jupyter-cell-tags-0.1.9]: Extension is not compatible with Code 1.85.2. Extension requires: ^1.88.0.
2025-10-13 17:48:49.692 [error] [/home/drdbrioso/.vscode/extensions/ms-toolsai.jupyter-renderers-1.3.0]: Extension is not compatible with Code 1.85.2. Extension requires: ^1.95.0.
2025-10-13 17:48:49.703 [error] [/home/drdbrioso/.vscode/extensions/ms-toolsai.vscode-jupyter-cell-tags-0.1.9]: Extension is not compatible with Code 1.85.2. Extension requires: ^1.88.0.
2025-10-13 17:48:49.704 [error] [/home/drdbrioso/.vscode/extensions/ms-toolsai.vscode-jupyter-slideshow-0.1.6]: Extension is not compatible with Code 1.85.2. Extension requires: ^1.88.0.
2025-10-13 17:48:49.704 [error] [/home/drdbrioso/.vscode/extensions/ms-toolsai.jupyter-renderers-1.3.0]: Extension is not compatible with Code 1.85.2. Extension requires: ^1.95.0.
2025-10-13 17:48:49.704 [error] [/home/drdbrioso/.vscode/extensions/ms-vscode-remote.remote-containers-0.427.0]: Extension is not compatible with Code 1.85.2. Extension requires: ^1.99.0.
2025-10-13 17:48:49.705 [error] [/home/drdbrioso/.vscode/extensions/ms-vscode-remote.remote-wsl-0.104.3]: Extension is not compatible with Code 1.85.2. Extension requires: ^1.104.0.
2025-10-13 17:48:49.705 [error] [/home/drdbrioso/.vscode/extensions/ms-vscode.remote-server-1.5.3]: Extension is not compatible with Code 1.85.2. Extension requires: ^1.87.0.
2025-10-13 17:48:49.705 [error] [/home/drdbrioso/.vscode/extensions/ms-vscode.remote-explorer-0.5.0]: Extension is not compatible with Code 1.85.2. Extension requires: ^1.87.0.
2025-10-13 17:48:49.705 [error] [/home/drdbrioso/.vscode/extensions/ms-python.vscode-python-envs-1.8.0-linux-x64]: Extension is not compatible with Code 1.85.2. Extension requires: ^1.104.0-20250815.
2025-10-13 17:48:49.705 [error] [/home/drdbrioso/.vscode/extensions/ms-python.debugpy-2025.10.0-linux-x64]: Extension is not compatible with Code 1.85.2. Extension requires: ^1.92.0.
2025-10-13 17:48:49.706 [error] [/home/drdbrioso/.vscode/extensions/ms-python.vscode-pylance-2025.8.3]: Extension is not compatible with Code 1.85.2. Extension requires: ^1.101.0.
2025-10-13 17:48:49.706 [error] [/home/drdbrioso/.vscode/extensions/ms-python.python-2025.14.0-linux-x64]: Extension is not compatible with Code 1.85.2. Extension requires: ^1.95.0.
2025-10-13 17:48:49.709 [error] [/home/drdbrioso/.vscode/extensions/ms-vscode.remote-server-1.5.3]: Extension is not compatible with Code 1.85.2. Extension requires: ^1.87.0.
2025-10-13 17:48:49.709 [error] [/home/drdbrioso/.vscode/extensions/ms-vscode-remote.remote-containers-0.427.0]: Extension is not compatible with Code 1.85.2. Extension requires: ^1.99.0.
2025-10-13 17:48:49.710 [error] [/home/drdbrioso/.vscode/extensions/ms-python.debugpy-2025.10.0-linux-x64]: Extension is not compatible with Code 1.85.2. Extension requires: ^1.92.0.
2025-10-13 17:48:49.710 [error] [/home/drdbrioso/.vscode/extensions/ms-vscode-remote.remote-wsl-0.104.3]: Extension is not compatible with Code 1.85.2. Extension requires: ^1.104.0.
2025-10-13 17:48:49.710 [error] [/home/drdbrioso/.vscode/extensions/ms-vscode.remote-explorer-0.5.0]: Extension is not compatible with Code 1.85.2. Extension requires: ^1.87.0.
2025-10-13 17:48:49.710 [error] [/home/drdbrioso/.vscode/extensions/ms-python.vscode-python-envs-1.8.0-linux-x64]: Extension is not compatible with Code 1.85.2. Extension requires: ^1.104.0-20250815.
2025-10-13 17:48:49.710 [error] [/home/drdbrioso/.vscode/extensions/ms-python.python-2025.14.0-linux-x64]: Extension is not compatible with Code 1.85.2. Extension requires: ^1.95.0.
2025-10-13 17:48:49.711 [error] [/home/drdbrioso/.vscode/extensions/ms-python.vscode-pylance-2025.8.3]: Extension is not compatible with Code 1.85.2. Extension requires: ^1.101.0.
2025-10-13 17:48:52.176 [error] [/home/drdbrioso/.vscode/extensions/ms-toolsai.vscode-jupyter-cell-tags-0.1.9]: Extension is not compatible with Code 1.85.2. Extension requires: ^1.88.0.
2025-10-13 17:48:52.176 [error] [/home/drdbrioso/.vscode/extensions/ms-toolsai.vscode-jupyter-slideshow-0.1.6]: Extension is not compatible with Code 1.85.2. Extension requires: ^1.88.0.
2025-10-13 17:48:52.176 [error] [/home/drdbrioso/.vscode/extensions/ms-toolsai.jupyter-renderers-1.3.0]: Extension is not compatible with Code 1.85.2. Extension requires: ^1.95.0.
2025-10-13 17:48:52.188 [error] [/home/drdbrioso/.vscode/extensions/ms-toolsai.vscode-jupyter-cell-tags-0.1.9]: Extension is not compatible with Code 1.85.2. Extension requires: ^1.88.0.
2025-10-13 17:48:52.189 [error] [/home/drdbrioso/.vscode/extensions/ms-toolsai.vscode-jupyter-slideshow-0.1.6]: Extension is not compatible with Code 1.85.2. Extension requires: ^1.88.0.
2025-10-13 17:48:52.189 [error] [/home/drdbrioso/.vscode/extensions/ms-toolsai.jupyter-renderers-1.3.0]: Extension is not compatible with Code 1.85.2. Extension requires: ^1.95.0.
2025-10-13 17:48:52.189 [error] [/home/drdbrioso/.vscode/extensions/ms-vscode.remote-server-1.5.3]: Extension is not compatible with Code 1.85.2. Extension requires: ^1.87.0.
2025-10-13 17:48:52.189 [error] [/home/drdbrioso/.vscode/extensions/ms-vscode-remote.remote-wsl-0.104.3]: Extension is not compatible with Code 1.85.2. Extension requires: ^1.104.0.
2025-10-13 17:48:52.189 [error] [/home/drdbrioso/.vscode/extensions/ms-vscode.remote-explorer-0.5.0]: Extension is not compatible with Code 1.85.2. Extension requires: ^1.87.0.
2025-10-13 17:48:52.190 [error] [/home/drdbrioso/.vscode/extensions/ms-python.vscode-python-envs-1.8.0-linux-x64]: Extension is not compatible with Code 1.85.2. Extension requires: ^1.104.0-20250815.
2025-10-13 17:48:52.190 [error] [/home/drdbrioso/.vscode/extensions/ms-vscode-remote.remote-containers-0.427.0]: Extension is not compatible with Code 1.85.2. Extension requires: ^1.99.0.
2025-10-13 17:48:52.191 [error] [/home/drdbrioso/.vscode/extensions/ms-python.debugpy-2025.10.0-linux-x64]: Extension is not compatible with Code 1.85.2. Extension requires: ^1.92.0.
2025-10-13 17:48:52.191 [error] [/home/drdbrioso/.vscode/extensions/ms-python.python-2025.14.0-linux-x64]: Extension is not compatible with Code 1.85.2. Extension requires: ^1.95.0.
2025-10-13 17:48:52.192 [error] [/home/drdbrioso/.vscode/extensions/ms-python.vscode-pylance-2025.8.3]: Extension is not compatible with Code 1.85.2. Extension requires: ^1.101.0.
2025-10-13 17:48:52.195 [error] [/home/drdbrioso/.vscode/extensions/ms-vscode.remote-server-1.5.3]: Extension is not compatible with Code 1.85.2. Extension requires: ^1.87.0.
2025-10-13 17:48:52.195 [error] [/home/drdbrioso/.vscode/extensions/ms-vscode-remote.remote-wsl-0.104.3]: Extension is not compatible with Code 1.85.2. Extension requires: ^1.104.0.
2025-10-13 17:48:52.196 [error] [/home/drdbrioso/.vscode/extensions/ms-vscode-remote.remote-containers-0.427.0]: Extension is not compatible with Code 1.85.2. Extension requires: ^1.99.0.
2025-10-13 17:48:52.196 [error] [/home/drdbrioso/.vscode/extensions/ms-python.debugpy-2025.10.0-linux-x64]: Extension is not compatible with Code 1.85.2. Extension requires: ^1.92.0.
2025-10-13 17:48:52.196 [error] [/home/drdbrioso/.vscode/extensions/ms-vscode.remote-explorer-0.5.0]: Extension is not compatible with Code 1.85.2. Extension requires: ^1.87.0.
2025-10-13 17:48:52.196 [error] [/home/drdbrioso/.vscode/extensions/ms-python.vscode-python-envs-1.8.0-linux-x64]: Extension is not compatible with Code 1.85.2. Extension requires: ^1.104.0-20250815.
2025-10-13 17:48:52.196 [error] [/home/drdbrioso/.vscode/extensions/ms-python.python-2025.14.0-linux-x64]: Extension is not compatible with Code 1.85.2. Extension requires: ^1.95.0.
2025-10-13 17:48:52.197 [error] [/home/drdbrioso/.vscode/extensions/ms-python.vscode-pylance-2025.8.3]: Extension is not compatible with Code 1.85.2. Extension requires: ^1.101.0.
2025-10-13 17:49:04.989 [error] [/home/drdbrioso/.vscode/extensions/ms-toolsai.vscode-jupyter-cell-tags-0.1.9]: Extension is not compatible with Code 1.85.2. Extension requires: ^1.88.0.
2025-10-13 17:49:04.989 [error] [/home/drdbrioso/.vscode/extensions/ms-toolsai.vscode-jupyter-slideshow-0.1.6]: Extension is not compatible with Code 1.85.2. Extension requires: ^1.88.0.
2025-10-13 17:49:04.989 [error] [/home/drdbrioso/.vscode/extensions/ms-toolsai.jupyter-renderers-1.3.0]: Extension is not compatible with Code 1.85.2. Extension requires: ^1.95.0.
2025-10-13 17:49:04.996 [error] [/home/drdbrioso/.vscode/extensions/ms-vscode.remote-server-1.5.3]: Extension is not compatible with Code 1.85.2. Extension requires: ^1.87.0.
2025-10-13 17:49:05.000 [error] [/home/drdbrioso/.vscode/extensions/ms-vscode-remote.remote-containers-0.427.0]: Extension is not compatible with Code 1.85.2. Extension requires: ^1.99.0.
2025-10-13 17:49:05.001 [error] [/home/drdbrioso/.vscode/extensions/ms-vscode-remote.remote-wsl-0.104.3]: Extension is not compatible with Code 1.85.2. Extension requires: ^1.104.0.
2025-10-13 17:49:05.001 [error] [/home/drdbrioso/.vscode/extensions/ms-vscode.remote-explorer-0.5.0]: Extension is not compatible with Code 1.85.2. Extension requires: ^1.87.0.
2025-10-13 17:49:05.001 [error] [/home/drdbrioso/.vscode/extensions/ms-python.debugpy-2025.10.0-linux-x64]: Extension is not compatible with Code 1.85.2. Extension requires: ^1.92.0.
2025-10-13 17:49:05.001 [error] [/home/drdbrioso/.vscode/extensions/ms-python.vscode-python-envs-1.8.0-linux-x64]: Extension is not compatible with Code 1.85.2. Extension requires: ^1.104.0-20250815.
2025-10-13 17:49:05.002 [error] [/home/drdbrioso/.vscode/extensions/ms-python.vscode-pylance-2025.8.3]: Extension is not compatible with Code 1.85.2. Extension requires: ^1.101.0.
2025-10-13 17:49:05.002 [error] [/home/drdbrioso/.vscode/extensions/ms-python.python-2025.14.0-linux-x64]: Extension is not compatible with Code 1.85.2. Extension requires: ^1.95.0.
2025-10-13 17:49:05.080 [error] [/home/drdbrioso/.vscode/extensions/ms-toolsai.vscode-jupyter-cell-tags-0.1.9]: Extension is not compatible with Code 1.85.2. Extension requires: ^1.88.0.
2025-10-13 17:49:05.081 [error] [/home/drdbrioso/.vscode/extensions/ms-toolsai.vscode-jupyter-slideshow-0.1.6]: Extension is not compatible with Code 1.85.2. Extension requires: ^1.88.0.
2025-10-13 17:49:05.081 [error] [/home/drdbrioso/.vscode/extensions/ms-toolsai.jupyter-renderers-1.3.0]: Extension is not compatible with Code 1.85.2. Extension requires: ^1.95.0.
2025-10-13 17:49:05.084 [error] [/home/drdbrioso/.vscode/extensions/ms-vscode.remote-server-1.5.3]: Extension is not compatible with Code 1.85.2. Extension requires: ^1.87.0.
2025-10-13 17:49:05.085 [error] [/home/drdbrioso/.vscode/extensions/ms-vscode-remote.remote-wsl-0.104.3]: Extension is not compatible with Code 1.85.2. Extension requires: ^1.104.0.
2025-10-13 17:49:05.085 [error] [/home/drdbrioso/.vscode/extensions/ms-vscode-remote.remote-containers-0.427.0]: Extension is not compatible with Code 1.85.2. Extension requires: ^1.99.0.
2025-10-13 17:49:05.085 [error] [/home/drdbrioso/.vscode/extensions/ms-vscode.remote-explorer-0.5.0]: Extension is not compatible with Code 1.85.2. Extension requires: ^1.87.0.
2025-10-13 17:49:05.085 [error] [/home/drdbrioso/.vscode/extensions/ms-python.vscode-python-envs-1.8.0-linux-x64]: Extension is not compatible with Code 1.85.2. Extension requires: ^1.104.0-20250815.
2025-10-13 17:49:05.086 [error] [/home/drdbrioso/.vscode/extensions/ms-python.debugpy-2025.10.0-linux-x64]: Extension is not compatible with Code 1.85.2. Extension requires: ^1.92.0.
2025-10-13 17:49:05.087 [error] [/home/drdbrioso/.vscode/extensions/ms-python.python-2025.14.0-linux-x64]: Extension is not compatible with Code 1.85.2. Extension requires: ^1.95.0.
2025-10-13 17:49:05.087 [error] [/home/drdbrioso/.vscode/extensions/ms-python.vscode-pylance-2025.8.3]: Extension is not compatible with Code 1.85.2. Extension requires: ^1.101.0.
2025-10-13 17:49:18.618 [error] [/home/drdbrioso/.vscode/extensions/ms-toolsai.vscode-jupyter-cell-tags-0.1.9]: Extension is not compatible with Code 1.85.2. Extension requires: ^1.88.0.
2025-10-13 17:49:18.619 [error] [/home/drdbrioso/.vscode/extensions/ms-toolsai.vscode-jupyter-slideshow-0.1.6]: Extension is not compatible with Code 1.85.2. Extension requires: ^1.88.0.
2025-10-13 17:49:18.619 [error] [/home/drdbrioso/.vscode/extensions/ms-toolsai.jupyter-renderers-1.3.0]: Extension is not compatible with Code 1.85.2. Extension requires: ^1.95.0.
2025-10-13 17:49:18.642 [error] [/home/drdbrioso/.vscode/extensions/ms-toolsai.vscode-jupyter-slideshow-0.1.6]: Extension is not compatible with Code 1.85.2. Extension requires: ^1.88.0.
2025-10-13 17:49:18.642 [error] [/home/drdbrioso/.vscode/extensions/ms-toolsai.vscode-jupyter-cell-tags-0.1.9]: Extension is not compatible with Code 1.85.2. Extension requires: ^1.88.0.
2025-10-13 17:49:18.643 [error] [/home/drdbrioso/.vscode/extensions/ms-toolsai.jupyter-renderers-1.3.0]: Extension is not compatible with Code 1.85.2. Extension requires: ^1.95.0.
2025-10-13 17:49:18.644 [error] [/home/drdbrioso/.vscode/extensions/ms-vscode.remote-server-1.5.3]: Extension is not compatible with Code 1.85.2. Extension requires: ^1.87.0.
2025-10-13 17:49:18.644 [error] [/home/drdbrioso/.vscode/extensions/ms-vscode.remote-explorer-0.5.0]: Extension is not compatible with Code 1.85.2. Extension requires: ^1.87.0.
2025-10-13 17:49:18.645 [error] [/home/drdbrioso/.vscode/extensions/ms-python.vscode-python-envs-1.8.0-linux-x64]: Extension is not compatible with Code 1.85.2. Extension requires: ^1.104.0-20250815.
2025-10-13 17:49:18.646 [error] [/home/drdbrioso/.vscode/extensions/ms-vscode-remote.remote-wsl-0.104.3]: Extension is not compatible with Code 1.85.2. Extension requires: ^1.104.0.
2025-10-13 17:49:18.646 [error] [/home/drdbrioso/.vscode/extensions/ms-python.debugpy-2025.10.0-linux-x64]: Extension is not compatible with Code 1.85.2. Extension requires: ^1.92.0.
2025-10-13 17:49:18.646 [error] [/home/drdbrioso/.vscode/extensions/ms-vscode-remote.remote-containers-0.427.0]: Extension is not compatible with Code 1.85.2. Extension requires: ^1.99.0.
2025-10-13 17:49:18.649 [error] [/home/drdbrioso/.vscode/extensions/ms-python.python-2025.14.0-linux-x64]: Extension is not compatible with Code 1.85.2. Extension requires: ^1.95.0.
2025-10-13 17:49:18.650 [error] [/home/drdbrioso/.vscode/extensions/ms-python.vscode-pylance-2025.8.3]: Extension is not compatible with Code 1.85.2. Extension requires: ^1.101.0.
2025-10-13 17:49:18.663 [error] [/home/drdbrioso/.vscode/extensions/ms-vscode.remote-server-1.5.3]: Extension is not compatible with Code 1.85.2. Extension requires: ^1.87.0.
2025-10-13 17:49:18.664 [error] [/home/drdbrioso/.vscode/extensions/ms-vscode-remote.remote-containers-0.427.0]: Extension is not compatible with Code 1.85.2. Extension requires: ^1.99.0.
2025-10-13 17:49:18.664 [error] [/home/drdbrioso/.vscode/extensions/ms-vscode-remote.remote-wsl-0.104.3]: Extension is not compatible with Code 1.85.2. Extension requires: ^1.104.0.
2025-10-13 17:49:18.665 [error] [/home/drdbrioso/.vscode/extensions/ms-vscode.remote-explorer-0.5.0]: Extension is not compatible with Code 1.85.2. Extension requires: ^1.87.0.
2025-10-13 17:49:18.666 [error] [/home/drdbrioso/.vscode/extensions/ms-python.vscode-python-envs-1.8.0-linux-x64]: Extension is not compatible with Code 1.85.2. Extension requires: ^1.104.0-20250815.
2025-10-13 17:49:18.667 [error] [/home/drdbrioso/.vscode/extensions/ms-python.debugpy-2025.10.0-linux-x64]: Extension is not compatible with Code 1.85.2. Extension requires: ^1.92.0.
2025-10-13 17:49:18.668 [error] [/home/drdbrioso/.vscode/extensions/ms-python.python-2025.14.0-linux-x64]: Extension is not compatible with Code 1.85.2. Extension requires: ^1.95.0.
2025-10-13 17:49:18.668 [error] [/home/drdbrioso/.vscode/extensions/ms-python.vscode-pylance-2025.8.3]: Extension is not compatible with Code 1.85.2. Extension requires: ^1.101.0.
2025-10-13 17:49:18.808 [error] [/home/drdbrioso/.vscode/extensions/ms-toolsai.vscode-jupyter-cell-tags-0.1.9]: Extension is not compatible with Code 1.85.2. Extension requires: ^1.88.0.
2025-10-13 17:49:18.808 [error] [/home/drdbrioso/.vscode/extensions/ms-toolsai.vscode-jupyter-slideshow-0.1.6]: Extension is not compatible with Code 1.85.2. Extension requires: ^1.88.0.
2025-10-13 17:49:18.808 [error] [/home/drdbrioso/.vscode/extensions/ms-toolsai.jupyter-renderers-1.3.0]: Extension is not compatible with Code 1.85.2. Extension requires: ^1.95.0.
2025-10-13 17:49:18.829 [error] [/home/drdbrioso/.vscode/extensions/ms-toolsai.vscode-jupyter-cell-tags-0.1.9]: Extension is not compatible with Code 1.85.2. Extension requires: ^1.88.0.
2025-10-13 17:49:18.830 [error] [/home/drdbrioso/.vscode/extensions/ms-toolsai.vscode-jupyter-slideshow-0.1.6]: Extension is not compatible with Code 1.85.2. Extension requires: ^1.88.0.
2025-10-13 17:49:18.830 [error] [/home/drdbrioso/.vscode/extensions/ms-toolsai.jupyter-renderers-1.3.0]: Extension is not compatible with Code 1.85.2. Extension requires: ^1.95.0.
2025-10-13 17:49:18.831 [error] [/home/drdbrioso/.vscode/extensions/ms-vscode-remote.remote-containers-0.427.0]: Extension is not compatible with Code 1.85.2. Extension requires: ^1.99.0.
2025-10-13 17:49:18.832 [error] [/home/drdbrioso/.vscode/extensions/ms-vscode.remote-explorer-0.5.0]: Extension is not compatible with Code 1.85.2. Extension requires: ^1.87.0.
2025-10-13 17:49:18.832 [error] [/home/drdbrioso/.vscode/extensions/ms-vscode-remote.remote-wsl-0.104.3]: Extension is not compatible with Code 1.85.2. Extension requires: ^1.104.0.
2025-10-13 17:49:18.833 [error] [/home/drdbrioso/.vscode/extensions/ms-vscode.remote-server-1.5.3]: Extension is not compatible with Code 1.85.2. Extension requires: ^1.87.0.
2025-10-13 17:49:18.833 [error] [/home/drdbrioso/.vscode/extensions/ms-python.debugpy-2025.10.0-linux-x64]: Extension is not compatible with Code 1.85.2. Extension requires: ^1.92.0.
2025-10-13 17:49:18.833 [error] [/home/drdbrioso/.vscode/extensions/ms-python.vscode-python-envs-1.8.0-linux-x64]: Extension is not compatible with Code 1.85.2. Extension requires: ^1.104.0-20250815.
2025-10-13 17:49:18.834 [error] [/home/drdbrioso/.vscode/extensions/ms-python.python-2025.14.0-linux-x64]: Extension is not compatible with Code 1.85.2. Extension requires: ^1.95.0.
2025-10-13 17:49:18.834 [error] [/home/drdbrioso/.vscode/extensions/ms-python.vscode-pylance-2025.8.3]: Extension is not compatible with Code 1.85.2. Extension requires: ^1.101.0.
2025-10-13 17:49:18.838 [error] [/home/drdbrioso/.vscode/extensions/ms-vscode.remote-server-1.5.3]: Extension is not compatible with Code 1.85.2. Extension requires: ^1.87.0.
2025-10-13 17:49:18.838 [error] [/home/drdbrioso/.vscode/extensions/ms-vscode-remote.remote-wsl-0.104.3]: Extension is not compatible with Code 1.85.2. Extension requires: ^1.104.0.
2025-10-13 17:49:18.839 [error] [/home/drdbrioso/.vscode/extensions/ms-python.vscode-python-envs-1.8.0-linux-x64]: Extension is not compatible with Code 1.85.2. Extension requires: ^1.104.0-20250815.
2025-10-13 17:49:18.839 [error] [/home/drdbrioso/.vscode/extensions/ms-vscode.remote-explorer-0.5.0]: Extension is not compatible with Code 1.85.2. Extension requires: ^1.87.0.
2025-10-13 17:49:18.839 [error] [/home/drdbrioso/.vscode/extensions/ms-vscode-remote.remote-containers-0.427.0]: Extension is not compatible with Code 1.85.2. Extension requires: ^1.99.0.
2025-10-13 17:49:18.840 [error] [/home/drdbrioso/.vscode/extensions/ms-python.debugpy-2025.10.0-linux-x64]: Extension is not compatible with Code 1.85.2. Extension requires: ^1.92.0.
2025-10-13 17:49:18.840 [error] [/home/drdbrioso/.vscode/extensions/ms-python.python-2025.14.0-linux-x64]: Extension is not compatible with Code 1.85.2. Extension requires: ^1.95.0.
2025-10-13 17:49:18.841 [error] [/home/drdbrioso/.vscode/extensions/ms-python.vscode-pylance-2025.8.3]: Extension is not compatible with Code 1.85.2. Extension requires: ^1.101.0.
2025-10-13 17:49:21.219 [error] [/home/drdbrioso/.vscode/extensions/ms-toolsai.vscode-jupyter-cell-tags-0.1.9]: Extension is not compatible with Code 1.85.2. Extension requires: ^1.88.0.
2025-10-13 17:49:21.219 [error] [/home/drdbrioso/.vscode/extensions/ms-toolsai.vscode-jupyter-slideshow-0.1.6]: Extension is not compatible with Code 1.85.2. Extension requires: ^1.88.0.
2025-10-13 17:49:21.219 [error] [/home/drdbrioso/.vscode/extensions/ms-toolsai.jupyter-renderers-1.3.0]: Extension is not compatible with Code 1.85.2. Extension requires: ^1.95.0.
2025-10-13 17:49:21.223 [error] [/home/drdbrioso/.vscode/extensions/ms-toolsai.vscode-jupyter-slideshow-0.1.6]: Extension is not compatible with Code 1.85.2. Extension requires: ^1.88.0.
2025-10-13 17:49:21.223 [error] [/home/drdbrioso/.vscode/extensions/ms-toolsai.vscode-jupyter-cell-tags-0.1.9]: Extension is not compatible with Code 1.85.2. Extension requires: ^1.88.0.
2025-10-13 17:49:21.223 [error] [/home/drdbrioso/.vscode/extensions/ms-toolsai.jupyter-renderers-1.3.0]: Extension is not compatible with Code 1.85.2. Extension requires: ^1.95.0.
2025-10-13 17:49:21.227 [error] [/home/drdbrioso/.vscode/extensions/ms-vscode.remote-server-1.5.3]: Extension is not compatible with Code 1.85.2. Extension requires: ^1.87.0.
2025-10-13 17:49:21.227 [error] [/home/drdbrioso/.vscode/extensions/ms-vscode.remote-explorer-0.5.0]: Extension is not compatible with Code 1.85.2. Extension requires: ^1.87.0.
2025-10-13 17:49:21.227 [error] [/home/drdbrioso/.vscode/extensions/ms-vscode-remote.remote-wsl-0.104.3]: Extension is not compatible with Code 1.85.2. Extension requires: ^1.104.0.
2025-10-13 17:49:21.227 [error] [/home/drdbrioso/.vscode/extensions/ms-python.vscode-python-envs-1.8.0-linux-x64]: Extension is not compatible with Code 1.85.2. Extension requires: ^1.104.0-20250815.
2025-10-13 17:49:21.228 [error] [/home/drdbrioso/.vscode/extensions/ms-python.debugpy-2025.10.0-linux-x64]: Extension is not compatible with Code 1.85.2. Extension requires: ^1.92.0.
2025-10-13 17:49:21.228 [error] [/home/drdbrioso/.vscode/extensions/ms-vscode-remote.remote-containers-0.427.0]: Extension is not compatible with Code 1.85.2. Extension requires: ^1.99.0.
2025-10-13 17:49:21.229 [error] [/home/drdbrioso/.vscode/extensions/ms-python.python-2025.14.0-linux-x64]: Extension is not compatible with Code 1.85.2. Extension requires: ^1.95.0.
2025-10-13 17:49:21.229 [error] [/home/drdbrioso/.vscode/extensions/ms-python.vscode-pylance-2025.8.3]: Extension is not compatible with Code 1.85.2. Extension requires: ^1.101.0.
2025-10-13 17:49:21.233 [error] [/home/drdbrioso/.vscode/extensions/ms-vscode.remote-server-1.5.3]: Extension is not compatible with Code 1.85.2. Extension requires: ^1.87.0.
2025-10-13 17:49:21.233 [error] [/home/drdbrioso/.vscode/extensions/ms-vscode-remote.remote-wsl-0.104.3]: Extension is not compatible with Code 1.85.2. Extension requires: ^1.104.0.
2025-10-13 17:49:21.233 [error] [/home/drdbrioso/.vscode/extensions/ms-vscode.remote-explorer-0.5.0]: Extension is not compatible with Code 1.85.2. Extension requires: ^1.87.0.
2025-10-13 17:49:21.234 [error] [/home/drdbrioso/.vscode/extensions/ms-python.debugpy-2025.10.0-linux-x64]: Extension is not compatible with Code 1.85.2. Extension requires: ^1.92.0.
2025-10-13 17:49:21.234 [error] [/home/drdbrioso/.vscode/extensions/ms-python.vscode-python-envs-1.8.0-linux-x64]: Extension is not compatible with Code 1.85.2. Extension requires: ^1.104.0-20250815.
2025-10-13 17:49:21.235 [error] [/home/drdbrioso/.vscode/extensions/ms-vscode-remote.remote-containers-0.427.0]: Extension is not compatible with Code 1.85.2. Extension requires: ^1.99.0.
2025-10-13 17:49:21.236 [error] [/home/drdbrioso/.vscode/extensions/ms-python.python-2025.14.0-linux-x64]: Extension is not compatible with Code 1.85.2. Extension requires: ^1.95.0.
2025-10-13 17:49:21.237 [error] [/home/drdbrioso/.vscode/extensions/ms-python.vscode-pylance-2025.8.3]: Extension is not compatible with Code 1.85.2. Extension requires: ^1.101.0.
2025-10-13 17:49:38.467 [error] [/home/drdbrioso/.vscode/extensions/ms-toolsai.vscode-jupyter-cell-tags-0.1.9]: Extension is not compatible with Code 1.85.2. Extension requires: ^1.88.0.
2025-10-13 17:49:38.467 [error] [/home/drdbrioso/.vscode/extensions/ms-toolsai.vscode-jupyter-slideshow-0.1.6]: Extension is not compatible with Code 1.85.2. Extension requires: ^1.88.0.
2025-10-13 17:49:38.467 [error] [/home/drdbrioso/.vscode/extensions/ms-toolsai.jupyter-renderers-1.3.0]: Extension is not compatible with Code 1.85.2. Extension requires: ^1.95.0.
2025-10-13 17:49:38.483 [error] [/home/drdbrioso/.vscode/extensions/ms-vscode.remote-server-1.5.3]: Extension is not compatible with Code 1.85.2. Extension requires: ^1.87.0.
2025-10-13 17:49:38.485 [error] [/home/drdbrioso/.vscode/extensions/ms-vscode-remote.remote-wsl-0.104.3]: Extension is not compatible with Code 1.85.2. Extension requires: ^1.104.0.
2025-10-13 17:49:38.486 [error] [/home/drdbrioso/.vscode/extensions/ms-vscode-remote.remote-containers-0.427.0]: Extension is not compatible with Code 1.85.2. Extension requires: ^1.99.0.
2025-10-13 17:49:38.486 [error] [/home/drdbrioso/.vscode/extensions/ms-vscode.remote-explorer-0.5.0]: Extension is not compatible with Code 1.85.2. Extension requires: ^1.87.0.
2025-10-13 17:49:38.486 [error] [/home/drdbrioso/.vscode/extensions/ms-python.vscode-python-envs-1.8.0-linux-x64]: Extension is not compatible with Code 1.85.2. Extension requires: ^1.104.0-20250815.
2025-10-13 17:49:38.487 [error] [/home/drdbrioso/.vscode/extensions/ms-python.debugpy-2025.10.0-linux-x64]: Extension is not compatible with Code 1.85.2. Extension requires: ^1.92.0.
2025-10-13 17:49:38.488 [error] [/home/drdbrioso/.vscode/extensions/ms-python.python-2025.14.0-linux-x64]: Extension is not compatible with Code 1.85.2. Extension requires: ^1.95.0.
2025-10-13 17:49:38.490 [error] [/home/drdbrioso/.vscode/extensions/ms-python.vscode-pylance-2025.8.3]: Extension is not compatible with Code 1.85.2. Extension requires: ^1.101.0.
2025-10-13 17:49:44.155 [error] [/home/drdbrioso/.vscode/extensions/ms-toolsai.vscode-jupyter-cell-tags-0.1.9]: Extension is not compatible with Code 1.85.2. Extension requires: ^1.88.0.
2025-10-13 17:49:44.155 [error] [/home/drdbrioso/.vscode/extensions/ms-toolsai.vscode-jupyter-slideshow-0.1.6]: Extension is not compatible with Code 1.85.2. Extension requires: ^1.88.0.
2025-10-13 17:49:44.156 [error] [/home/drdbrioso/.vscode/extensions/ms-toolsai.jupyter-renderers-1.3.0]: Extension is not compatible with Code 1.85.2. Extension requires: ^1.95.0.
2025-10-13 17:49:44.159 [error] [/home/drdbrioso/.vscode/extensions/ms-vscode.remote-server-1.5.3]: Extension is not compatible with Code 1.85.2. Extension requires: ^1.87.0.
2025-10-13 17:49:44.159 [error] [/home/drdbrioso/.vscode/extensions/ms-vscode-remote.remote-wsl-0.104.3]: Extension is not compatible with Code 1.85.2. Extension requires: ^1.104.0.
2025-10-13 17:49:44.160 [error] [/home/drdbrioso/.vscode/extensions/ms-python.debugpy-2025.10.0-linux-x64]: Extension is not compatible with Code 1.85.2. Extension requires: ^1.92.0.
2025-10-13 17:49:44.160 [error] [/home/drdbrioso/.vscode/extensions/ms-python.vscode-python-envs-1.8.0-linux-x64]: Extension is not compatible with Code 1.85.2. Extension requires: ^1.104.0-20250815.
2025-10-13 17:49:44.160 [error] [/home/drdbrioso/.vscode/extensions/ms-vscode.remote-explorer-0.5.0]: Extension is not compatible with Code 1.85.2. Extension requires: ^1.87.0.
2025-10-13 17:49:44.161 [error] [/home/drdbrioso/.vscode/extensions/ms-vscode-remote.remote-containers-0.427.0]: Extension is not compatible with Code 1.85.2. Extension requires: ^1.99.0.
2025-10-13 17:49:44.161 [error] [/home/drdbrioso/.vscode/extensions/ms-python.python-2025.14.0-linux-x64]: Extension is not compatible with Code 1.85.2. Extension requires: ^1.95.0.
2025-10-13 17:49:44.162 [error] [/home/drdbrioso/.vscode/extensions/ms-python.vscode-pylance-2025.8.3]: Extension is not compatible with Code 1.85.2. Extension requires: ^1.101.0.
2025-10-13 17:49:44.407 [error] [/home/drdbrioso/.vscode/extensions/ms-toolsai.vscode-jupyter-slideshow-0.1.6]: Extension is not compatible with Code 1.85.2. Extension requires: ^1.88.0.
2025-10-13 17:49:44.408 [error] [/home/drdbrioso/.vscode/extensions/ms-toolsai.vscode-jupyter-cell-tags-0.1.9]: Extension is not compatible with Code 1.85.2. Extension requires: ^1.88.0.
2025-10-13 17:49:44.408 [error] [/home/drdbrioso/.vscode/extensions/ms-toolsai.jupyter-renderers-1.3.0]: Extension is not compatible with Code 1.85.2. Extension requires: ^1.95.0.
2025-10-13 17:49:44.413 [error] [/home/drdbrioso/.vscode/extensions/ms-vscode.remote-server-1.5.3]: Extension is not compatible with Code 1.85.2. Extension requires: ^1.87.0.
2025-10-13 17:49:44.413 [error] [/home/drdbrioso/.vscode/extensions/ms-vscode-remote.remote-wsl-0.104.3]: Extension is not compatible with Code 1.85.2. Extension requires: ^1.104.0.
2025-10-13 17:49:44.414 [error] [/home/drdbrioso/.vscode/extensions/ms-python.vscode-python-envs-1.8.0-linux-x64]: Extension is not compatible with Code 1.85.2. Extension requires: ^1.104.0-20250815.
2025-10-13 17:49:44.414 [error] [/home/drdbrioso/.vscode/extensions/ms-vscode-remote.remote-containers-0.427.0]: Extension is not compatible with Code 1.85.2. Extension requires: ^1.99.0.
2025-10-13 17:49:44.414 [error] [/home/drdbrioso/.vscode/extensions/ms-vscode.remote-explorer-0.5.0]: Extension is not compatible with Code 1.85.2. Extension requires: ^1.87.0.
2025-10-13 17:49:44.414 [error] [/home/drdbrioso/.vscode/extensions/ms-python.debugpy-2025.10.0-linux-x64]: Extension is not compatible with Code 1.85.2. Extension requires: ^1.92.0.
2025-10-13 17:49:44.415 [error] [/home/drdbrioso/.vscode/extensions/ms-python.python-2025.14.0-linux-x64]: Extension is not compatible with Code 1.85.2. Extension requires: ^1.95.0.
2025-10-13 17:49:44.416 [error] [/home/drdbrioso/.vscode/extensions/ms-python.vscode-pylance-2025.8.3]: Extension is not compatible with Code 1.85.2. Extension requires: ^1.101.0.
2025-10-13 17:49:44.931 [error] [/home/drdbrioso/.vscode/extensions/ms-toolsai.vscode-jupyter-cell-tags-0.1.9]: Extension is not compatible with Code 1.85.2. Extension requires: ^1.88.0.
2025-10-13 17:49:44.931 [error] [/home/drdbrioso/.vscode/extensions/ms-toolsai.vscode-jupyter-slideshow-0.1.6]: Extension is not compatible with Code 1.85.2. Extension requires: ^1.88.0.
2025-10-13 17:49:44.932 [error] [/home/drdbrioso/.vscode/extensions/ms-toolsai.jupyter-renderers-1.3.0]: Extension is not compatible with Code 1.85.2. Extension requires: ^1.95.0.
2025-10-13 17:49:44.940 [error] [/home/drdbrioso/.vscode/extensions/ms-vscode.remote-server-1.5.3]: Extension is not compatible with Code 1.85.2. Extension requires: ^1.87.0.
2025-10-13 17:49:44.941 [error] [/home/drdbrioso/.vscode/extensions/ms-vscode-remote.remote-wsl-0.104.3]: Extension is not compatible with Code 1.85.2. Extension requires: ^1.104.0.
2025-10-13 17:49:44.941 [error] [/home/drdbrioso/.vscode/extensions/ms-vscode.remote-explorer-0.5.0]: Extension is not compatible with Code 1.85.2. Extension requires: ^1.87.0.
2025-10-13 17:49:44.941 [error] [/home/drdbrioso/.vscode/extensions/ms-python.vscode-python-envs-1.8.0-linux-x64]: Extension is not compatible with Code 1.85.2. Extension requires: ^1.104.0-20250815.
2025-10-13 17:49:44.941 [error] [/home/drdbrioso/.vscode/extensions/ms-python.debugpy-2025.10.0-linux-x64]: Extension is not compatible with Code 1.85.2. Extension requires: ^1.92.0.
2025-10-13 17:49:44.942 [error] [/home/drdbrioso/.vscode/extensions/ms-vscode-remote.remote-containers-0.427.0]: Extension is not compatible with Code 1.85.2. Extension requires: ^1.99.0.
2025-10-13 17:49:44.944 [error] [/home/drdbrioso/.vscode/extensions/ms-python.vscode-pylance-2025.8.3]: Extension is not compatible with Code 1.85.2. Extension requires: ^1.101.0.
2025-10-13 17:49:44.944 [error] [/home/drdbrioso/.vscode/extensions/ms-python.python-2025.14.0-linux-x64]: Extension is not compatible with Code 1.85.2. Extension requires: ^1.95.0.
2025-10-13 17:49:45.179 [error] [/home/drdbrioso/.vscode/extensions/ms-toolsai.vscode-jupyter-cell-tags-0.1.9]: Extension is not compatible with Code 1.85.2. Extension requires: ^1.88.0.
2025-10-13 17:49:45.179 [error] [/home/drdbrioso/.vscode/extensions/ms-toolsai.vscode-jupyter-slideshow-0.1.6]: Extension is not compatible with Code 1.85.2. Extension requires: ^1.88.0.
2025-10-13 17:49:45.179 [error] [/home/drdbrioso/.vscode/extensions/ms-toolsai.jupyter-renderers-1.3.0]: Extension is not compatible with Code 1.85.2. Extension requires: ^1.95.0.
2025-10-13 17:49:45.182 [error] [/home/drdbrioso/.vscode/extensions/ms-vscode.remote-server-1.5.3]: Extension is not compatible with Code 1.85.2. Extension requires: ^1.87.0.
2025-10-13 17:49:45.182 [error] [/home/drdbrioso/.vscode/extensions/ms-vscode-remote.remote-wsl-0.104.3]: Extension is not compatible with Code 1.85.2. Extension requires: ^1.104.0.
2025-10-13 17:49:45.182 [error] [/home/drdbrioso/.vscode/extensions/ms-vscode.remote-explorer-0.5.0]: Extension is not compatible with Code 1.85.2. Extension requires: ^1.87.0.
2025-10-13 17:49:45.183 [error] [/home/drdbrioso/.vscode/extensions/ms-vscode-remote.remote-containers-0.427.0]: Extension is not compatible with Code 1.85.2. Extension requires: ^1.99.0.
2025-10-13 17:49:45.183 [error] [/home/drdbrioso/.vscode/extensions/ms-python.vscode-python-envs-1.8.0-linux-x64]: Extension is not compatible with Code 1.85.2. Extension requires: ^1.104.0-20250815.
2025-10-13 17:49:45.183 [error] [/home/drdbrioso/.vscode/extensions/ms-python.debugpy-2025.10.0-linux-x64]: Extension is not compatible with Code 1.85.2. Extension requires: ^1.92.0.
2025-10-13 17:49:45.184 [error] [/home/drdbrioso/.vscode/extensions/ms-python.python-2025.14.0-linux-x64]: Extension is not compatible with Code 1.85.2. Extension requires: ^1.95.0.
2025-10-13 17:49:45.184 [error] [/home/drdbrioso/.vscode/extensions/ms-python.vscode-pylance-2025.8.3]: Extension is not compatible with Code 1.85.2. Extension requires: ^1.101.0.
2025-10-13 17:49:45.343 [error] [/home/drdbrioso/.vscode/extensions/ms-toolsai.vscode-jupyter-cell-tags-0.1.9]: Extension is not compatible with Code 1.85.2. Extension requires: ^1.88.0.
2025-10-13 17:49:45.344 [error] [/home/drdbrioso/.vscode/extensions/ms-toolsai.vscode-jupyter-slideshow-0.1.6]: Extension is not compatible with Code 1.85.2. Extension requires: ^1.88.0.
2025-10-13 17:49:45.344 [error] [/home/drdbrioso/.vscode/extensions/ms-toolsai.jupyter-renderers-1.3.0]: Extension is not compatible with Code 1.85.2. Extension requires: ^1.95.0.
2025-10-13 17:49:45.358 [error] [/home/drdbrioso/.vscode/extensions/ms-vscode-remote.remote-wsl-0.104.3]: Extension is not compatible with Code 1.85.2. Extension requires: ^1.104.0.
2025-10-13 17:49:45.358 [error] [/home/drdbrioso/.vscode/extensions/ms-vscode.remote-server-1.5.3]: Extension is not compatible with Code 1.85.2. Extension requires: ^1.87.0.
2025-10-13 17:49:45.359 [error] [/home/drdbrioso/.vscode/extensions/ms-vscode.remote-explorer-0.5.0]: Extension is not compatible with Code 1.85.2. Extension requires: ^1.87.0.
2025-10-13 17:49:45.360 [error] [/home/drdbrioso/.vscode/extensions/ms-vscode-remote.remote-containers-0.427.0]: Extension is not compatible with Code 1.85.2. Extension requires: ^1.99.0.
2025-10-13 17:49:45.360 [error] [/home/drdbrioso/.vscode/extensions/ms-python.vscode-python-envs-1.8.0-linux-x64]: Extension is not compatible with Code 1.85.2. Extension requires: ^1.104.0-20250815.
2025-10-13 17:49:45.360 [error] [/home/drdbrioso/.vscode/extensions/ms-python.debugpy-2025.10.0-linux-x64]: Extension is not compatible with Code 1.85.2. Extension requires: ^1.92.0.
2025-10-13 17:49:45.362 [error] [/home/drdbrioso/.vscode/extensions/ms-python.python-2025.14.0-linux-x64]: Extension is not compatible with Code 1.85.2. Extension requires: ^1.95.0.
2025-10-13 17:49:45.362 [error] [/home/drdbrioso/.vscode/extensions/ms-python.vscode-pylance-2025.8.3]: Extension is not compatible with Code 1.85.2. Extension requires: ^1.101.0.
2025-10-13 17:49:45.814 [error] [/home/drdbrioso/.vscode/extensions/ms-toolsai.vscode-jupyter-slideshow-0.1.6]: Extension is not compatible with Code 1.85.2. Extension requires: ^1.88.0.
2025-10-13 17:49:45.814 [error] [/home/drdbrioso/.vscode/extensions/ms-toolsai.vscode-jupyter-cell-tags-0.1.9]: Extension is not compatible with Code 1.85.2. Extension requires: ^1.88.0.
2025-10-13 17:49:45.814 [error] [/home/drdbrioso/.vscode/extensions/ms-toolsai.jupyter-renderers-1.3.0]: Extension is not compatible with Code 1.85.2. Extension requires: ^1.95.0.
2025-10-13 17:49:45.817 [error] [/home/drdbrioso/.vscode/extensions/ms-vscode.remote-server-1.5.3]: Extension is not compatible with Code 1.85.2. Extension requires: ^1.87.0.
2025-10-13 17:49:45.817 [error] [/home/drdbrioso/.vscode/extensions/ms-vscode-remote.remote-containers-0.427.0]: Extension is not compatible with Code 1.85.2. Extension requires: ^1.99.0.
2025-10-13 17:49:45.817 [error] [/home/drdbrioso/.vscode/extensions/ms-vscode-remote.remote-wsl-0.104.3]: Extension is not compatible with Code 1.85.2. Extension requires: ^1.104.0.
2025-10-13 17:49:45.817 [error] [/home/drdbrioso/.vscode/extensions/ms-vscode.remote-explorer-0.5.0]: Extension is not compatible with Code 1.85.2. Extension requires: ^1.87.0.
2025-10-13 17:49:45.818 [error] [/home/drdbrioso/.vscode/extensions/ms-python.debugpy-2025.10.0-linux-x64]: Extension is not compatible with Code 1.85.2. Extension requires: ^1.92.0.
2025-10-13 17:49:45.818 [error] [/home/drdbrioso/.vscode/extensions/ms-python.vscode-python-envs-1.8.0-linux-x64]: Extension is not compatible with Code 1.85.2. Extension requires: ^1.104.0-20250815.
2025-10-13 17:49:45.818 [error] [/home/drdbrioso/.vscode/extensions/ms-python.python-2025.14.0-linux-x64]: Extension is not compatible with Code 1.85.2. Extension requires: ^1.95.0.
2025-10-13 17:49:45.819 [error] [/home/drdbrioso/.vscode/extensions/ms-python.vscode-pylance-2025.8.3]: Extension is not compatible with Code 1.85.2. Extension requires: ^1.101.0.
2025-10-13 17:53:31.798 [error] [/home/drdbrioso/.vscode/extensions/ms-toolsai.vscode-jupyter-cell-tags-0.1.9]: Extension is not compatible with Code 1.85.2. Extension requires: ^1.88.0.
2025-10-13 17:53:31.798 [error] [/home/drdbrioso/.vscode/extensions/ms-toolsai.vscode-jupyter-slideshow-0.1.6]: Extension is not compatible with Code 1.85.2. Extension requires: ^1.88.0.
2025-10-13 17:53:31.798 [error] [/home/drdbrioso/.vscode/extensions/ms-toolsai.jupyter-renderers-1.3.0]: Extension is not compatible with Code 1.85.2. Extension requires: ^1.95.0.
2025-10-13 17:53:31.800 [error] [/home/drdbrioso/.vscode/extensions/ms-vscode.remote-server-1.5.3]: Extension is not compatible with Code 1.85.2. Extension requires: ^1.87.0.
2025-10-13 17:53:31.806 [error] [/home/drdbrioso/.vscode/extensions/ms-vscode-remote.remote-wsl-0.104.3]: Extension is not compatible with Code 1.85.2. Extension requires: ^1.104.0.
2025-10-13 17:53:31.806 [error] [/home/drdbrioso/.vscode/extensions/ms-vscode.remote-explorer-0.5.0]: Extension is not compatible with Code 1.85.2. Extension requires: ^1.87.0.
2025-10-13 17:53:31.807 [error] [/home/drdbrioso/.vscode/extensions/ms-vscode-remote.remote-containers-0.427.0]: Extension is not compatible with Code 1.85.2. Extension requires: ^1.99.0.
2025-10-13 17:53:31.808 [error] [/home/drdbrioso/.vscode/extensions/ms-python.vscode-python-envs-1.8.0-linux-x64]: Extension is not compatible with Code 1.85.2. Extension requires: ^1.104.0-20250815.
2025-10-13 17:53:31.808 [error] [/home/drdbrioso/.vscode/extensions/ms-python.debugpy-2025.10.0-linux-x64]: Extension is not compatible with Code 1.85.2. Extension requires: ^1.92.0.
2025-10-13 17:53:31.810 [error] [/home/drdbrioso/.vscode/extensions/ms-python.python-2025.14.0-linux-x64]: Extension is not compatible with Code 1.85.2. Extension requires: ^1.95.0.
2025-10-13 17:53:31.812 [error] [/home/drdbrioso/.vscode/extensions/ms-python.vscode-pylance-2025.8.3]: Extension is not compatible with Code 1.85.2. Extension requires: ^1.101.0.
2025-10-13 17:54:43.608 [error] [/home/drdbrioso/.vscode/extensions/ms-toolsai.vscode-jupyter-cell-tags-0.1.9]: Extension is not compatible with Code 1.85.2. Extension requires: ^1.88.0.
2025-10-13 17:54:43.609 [error] [/home/drdbrioso/.vscode/extensions/ms-toolsai.vscode-jupyter-slideshow-0.1.6]: Extension is not compatible with Code 1.85.2. Extension requires: ^1.88.0.
2025-10-13 17:54:43.609 [error] [/home/drdbrioso/.vscode/extensions/ms-toolsai.jupyter-renderers-1.3.0]: Extension is not compatible with Code 1.85.2. Extension requires: ^1.95.0.
2025-10-13 17:54:43.610 [error] [/home/drdbrioso/.vscode/extensions/ms-vscode.remote-server-1.5.3]: Extension is not compatible with Code 1.85.2. Extension requires: ^1.87.0.
2025-10-13 17:54:43.610 [error] [/home/drdbrioso/.vscode/extensions/ms-vscode-remote.remote-wsl-0.104.3]: Extension is not compatible with Code 1.85.2. Extension requires: ^1.104.0.
2025-10-13 17:54:43.610 [error] [/home/drdbrioso/.vscode/extensions/ms-vscode.remote-explorer-0.5.0]: Extension is not compatible with Code 1.85.2. Extension requires: ^1.87.0.
2025-10-13 17:54:43.611 [error] [/home/drdbrioso/.vscode/extensions/ms-python.vscode-python-envs-1.8.0-linux-x64]: Extension is not compatible with Code 1.85.2. Extension requires: ^1.104.0-20250815.
2025-10-13 17:54:43.612 [error] [/home/drdbrioso/.vscode/extensions/ms-vscode-remote.remote-containers-0.427.0]: Extension is not compatible with Code 1.85.2. Extension requires: ^1.99.0.
2025-10-13 17:54:43.612 [error] [/home/drdbrioso/.vscode/extensions/ms-python.debugpy-2025.10.0-linux-x64]: Extension is not compatible with Code 1.85.2. Extension requires: ^1.92.0.
2025-10-13 17:54:43.613 [error] [/home/drdbrioso/.vscode/extensions/ms-python.python-2025.14.0-linux-x64]: Extension is not compatible with Code 1.85.2. Extension requires: ^1.95.0.
2025-10-13 17:54:43.614 [error] [/home/drdbrioso/.vscode/extensions/ms-python.vscode-pylance-2025.8.3]: Extension is not compatible with Code 1.85.2. Extension requires: ^1.101.0.
2025-10-13 17:58:32.772 [error] [/home/drdbrioso/.vscode/extensions/ms-toolsai.vscode-jupyter-cell-tags-0.1.9]: Extension is not compatible with Code 1.85.2. Extension requires: ^1.88.0.
2025-10-13 17:58:32.773 [error] [/home/drdbrioso/.vscode/extensions/ms-toolsai.vscode-jupyter-slideshow-0.1.6]: Extension is not compatible with Code 1.85.2. Extension requires: ^1.88.0.
2025-10-13 17:58:32.773 [error] [/home/drdbrioso/.vscode/extensions/ms-toolsai.jupyter-renderers-1.3.0]: Extension is not compatible with Code 1.85.2. Extension requires: ^1.95.0.
2025-10-13 17:58:32.774 [error] [/home/drdbrioso/.vscode/extensions/ms-vscode.remote-server-1.5.3]: Extension is not compatible with Code 1.85.2. Extension requires: ^1.87.0.
2025-10-13 17:58:32.774 [error] [/home/drdbrioso/.vscode/extensions/ms-vscode-remote.remote-wsl-0.104.3]: Extension is not compatible with Code 1.85.2. Extension requires: ^1.104.0.
2025-10-13 17:58:32.774 [error] [/home/drdbrioso/.vscode/extensions/ms-python.vscode-python-envs-1.8.0-linux-x64]: Extension is not compatible with Code 1.85.2. Extension requires: ^1.104.0-20250815.
2025-10-13 17:58:32.775 [error] [/home/drdbrioso/.vscode/extensions/ms-vscode.remote-explorer-0.5.0]: Extension is not compatible with Code 1.85.2. Extension requires: ^1.87.0.
2025-10-13 17:58:32.776 [error] [/home/drdbrioso/.vscode/extensions/ms-vscode-remote.remote-containers-0.427.0]: Extension is not compatible with Code 1.85.2. Extension requires: ^1.99.0.
2025-10-13 17:58:32.776 [error] [/home/drdbrioso/.vscode/extensions/ms-python.debugpy-2025.10.0-linux-x64]: Extension is not compatible with Code 1.85.2. Extension requires: ^1.92.0.
2025-10-13 17:58:32.778 [error] [/home/drdbrioso/.vscode/extensions/ms-python.python-2025.14.0-linux-x64]: Extension is not compatible with Code 1.85.2. Extension requires: ^1.95.0.
2025-10-13 17:58:32.779 [error] [/home/drdbrioso/.vscode/extensions/ms-python.vscode-pylance-2025.8.3]: Extension is not compatible with Code 1.85.2. Extension requires: ^1.101.0.
2025-10-13 17:59:44.167 [error] [/home/drdbrioso/.vscode/extensions/ms-toolsai.vscode-jupyter-cell-tags-0.1.9]: Extension is not compatible with Code 1.85.2. Extension requires: ^1.88.0.
2025-10-13 17:59:44.168 [error] [/home/drdbrioso/.vscode/extensions/ms-toolsai.vscode-jupyter-slideshow-0.1.6]: Extension is not compatible with Code 1.85.2. Extension requires: ^1.88.0.
2025-10-13 17:59:44.168 [error] [/home/drdbrioso/.vscode/extensions/ms-toolsai.jupyter-renderers-1.3.0]: Extension is not compatible with Code 1.85.2. Extension requires: ^1.95.0.
2025-10-13 17:59:44.169 [error] [/home/drdbrioso/.vscode/extensions/ms-vscode.remote-server-1.5.3]: Extension is not compatible with Code 1.85.2. Extension requires: ^1.87.0.
2025-10-13 17:59:44.169 [error] [/home/drdbrioso/.vscode/extensions/ms-vscode-remote.remote-wsl-0.104.3]: Extension is not compatible with Code 1.85.2. Extension requires: ^1.104.0.
2025-10-13 17:59:44.170 [error] [/home/drdbrioso/.vscode/extensions/ms-vscode.remote-explorer-0.5.0]: Extension is not compatible with Code 1.85.2. Extension requires: ^1.87.0.
2025-10-13 17:59:44.170 [error] [/home/drdbrioso/.vscode/extensions/ms-python.vscode-python-envs-1.8.0-linux-x64]: Extension is not compatible with Code 1.85.2. Extension requires: ^1.104.0-20250815.
2025-10-13 17:59:44.171 [error] [/home/drdbrioso/.vscode/extensions/ms-python.debugpy-2025.10.0-linux-x64]: Extension is not compatible with Code 1.85.2. Extension requires: ^1.92.0.
2025-10-13 17:59:44.171 [error] [/home/drdbrioso/.vscode/extensions/ms-vscode-remote.remote-containers-0.427.0]: Extension is not compatible with Code 1.85.2. Extension requires: ^1.99.0.
2025-10-13 17:59:44.174 [error] [/home/drdbrioso/.vscode/extensions/ms-python.python-2025.14.0-linux-x64]: Extension is not compatible with Code 1.85.2. Extension requires: ^1.95.0.
2025-10-13 17:59:44.175 [error] [/home/drdbrioso/.vscode/extensions/ms-python.vscode-pylance-2025.8.3]: Extension is not compatible with Code 1.85.2. Extension requires: ^1.101.0.
2025-10-13 18:03:33.602 [error] [/home/drdbrioso/.vscode/extensions/ms-toolsai.vscode-jupyter-cell-tags-0.1.9]: Extension is not compatible with Code 1.85.2. Extension requires: ^1.88.0.
2025-10-13 18:03:33.603 [error] [/home/drdbrioso/.vscode/extensions/ms-toolsai.vscode-jupyter-slideshow-0.1.6]: Extension is not compatible with Code 1.85.2. Extension requires: ^1.88.0.
2025-10-13 18:03:33.603 [error] [/home/drdbrioso/.vscode/extensions/ms-toolsai.jupyter-renderers-1.3.0]: Extension is not compatible with Code 1.85.2. Extension requires: ^1.95.0.
2025-10-13 18:03:33.604 [error] [/home/drdbrioso/.vscode/extensions/ms-vscode.remote-server-1.5.3]: Extension is not compatible with Code 1.85.2. Extension requires: ^1.87.0.
2025-10-13 18:03:33.605 [error] [/home/drdbrioso/.vscode/extensions/ms-vscode.remote-explorer-0.5.0]: Extension is not compatible with Code 1.85.2. Extension requires: ^1.87.0.
2025-10-13 18:03:33.605 [error] [/home/drdbrioso/.vscode/extensions/ms-vscode-remote.remote-wsl-0.104.3]: Extension is not compatible with Code 1.85.2. Extension requires: ^1.104.0.
2025-10-13 18:03:33.606 [error] [/home/drdbrioso/.vscode/extensions/ms-vscode-remote.remote-containers-0.427.0]: Extension is not compatible with Code 1.85.2. Extension requires: ^1.99.0.
2025-10-13 18:03:33.606 [error] [/home/drdbrioso/.vscode/extensions/ms-python.debugpy-2025.10.0-linux-x64]: Extension is not compatible with Code 1.85.2. Extension requires: ^1.92.0.
2025-10-13 18:03:33.607 [error] [/home/drdbrioso/.vscode/extensions/ms-python.vscode-python-envs-1.8.0-linux-x64]: Extension is not compatible with Code 1.85.2. Extension requires: ^1.104.0-20250815.
2025-10-13 18:03:33.607 [error] [/home/drdbrioso/.vscode/extensions/ms-python.python-2025.14.0-linux-x64]: Extension is not compatible with Code 1.85.2. Extension requires: ^1.95.0.
2025-10-13 18:03:33.609 [error] [/home/drdbrioso/.vscode/extensions/ms-python.vscode-pylance-2025.8.3]: Extension is not compatible with Code 1.85.2. Extension requires: ^1.101.0.
