2025-10-14 16:20:31.037 [error] [/home/drdbrioso/.vscode/extensions/ms-toolsai.vscode-jupyter-cell-tags-0.1.9]: Extension is not compatible with Code 1.85.2. Extension requires: ^1.88.0.
2025-10-14 16:20:31.037 [error] [/home/drdbrioso/.vscode/extensions/ms-toolsai.vscode-jupyter-slideshow-0.1.6]: Extension is not compatible with Code 1.85.2. Extension requires: ^1.88.0.
2025-10-14 16:20:31.037 [error] [/home/drdbrioso/.vscode/extensions/ms-toolsai.jupyter-renderers-1.3.0]: Extension is not compatible with Code 1.85.2. Extension requires: ^1.95.0.
2025-10-14 16:20:31.079 [error] [/home/drdbrioso/.vscode/extensions/ms-toolsai.vscode-jupyter-cell-tags-0.1.9]: Extension is not compatible with Code 1.85.2. Extension requires: ^1.88.0.
2025-10-14 16:20:31.079 [error] [/home/drdbrioso/.vscode/extensions/ms-toolsai.vscode-jupyter-slideshow-0.1.6]: Extension is not compatible with Code 1.85.2. Extension requires: ^1.88.0.
2025-10-14 16:20:31.079 [error] [/home/drdbrioso/.vscode/extensions/ms-toolsai.jupyter-renderers-1.3.0]: Extension is not compatible with Code 1.85.2. Extension requires: ^1.95.0.
2025-10-14 16:20:31.096 [error] [/home/drdbrioso/.vscode/extensions/ms-vscode-remote.remote-containers-0.427.0]: Extension is not compatible with Code 1.85.2. Extension requires: ^1.99.0.
2025-10-14 16:20:31.097 [error] [/home/drdbrioso/.vscode/extensions/ms-vscode.remote-explorer-0.5.0]: Extension is not compatible with Code 1.85.2. Extension requires: ^1.87.0.
2025-10-14 16:20:31.097 [error] [/home/drdbrioso/.vscode/extensions/ms-vscode.remote-server-1.5.3]: Extension is not compatible with Code 1.85.2. Extension requires: ^1.87.0.
2025-10-14 16:20:31.098 [error] [/home/drdbrioso/.vscode/extensions/ms-python.python-2025.14.0-linux-x64]: Extension is not compatible with Code 1.85.2. Extension requires: ^1.95.0.
2025-10-14 16:20:31.098 [error] [/home/drdbrioso/.vscode/extensions/ms-vscode-remote.remote-wsl-0.104.3]: Extension is not compatible with Code 1.85.2. Extension requires: ^1.104.0.
2025-10-14 16:20:31.104 [error] [/home/drdbrioso/.vscode/extensions/ms-python.vscode-python-envs-1.8.0-linux-x64]: Extension is not compatible with Code 1.85.2. Extension requires: ^1.104.0-20250815.
2025-10-14 16:20:31.105 [error] [/home/drdbrioso/.vscode/extensions/ms-python.vscode-pylance-2025.8.3]: Extension is not compatible with Code 1.85.2. Extension requires: ^1.101.0.
2025-10-14 16:20:31.106 [error] [/home/drdbrioso/.vscode/extensions/ms-python.debugpy-2025.10.0-linux-x64]: Extension is not compatible with Code 1.85.2. Extension requires: ^1.92.0.
2025-10-14 16:20:31.121 [error] [/home/drdbrioso/.vscode/extensions/ms-vscode.remote-server-1.5.3]: Extension is not compatible with Code 1.85.2. Extension requires: ^1.87.0.
2025-10-14 16:20:31.122 [error] [/home/drdbrioso/.vscode/extensions/ms-vscode-remote.remote-containers-0.427.0]: Extension is not compatible with Code 1.85.2. Extension requires: ^1.99.0.
2025-10-14 16:20:31.122 [error] [/home/drdbrioso/.vscode/extensions/ms-vscode-remote.remote-wsl-0.104.3]: Extension is not compatible with Code 1.85.2. Extension requires: ^1.104.0.
2025-10-14 16:20:31.122 [error] [/home/drdbrioso/.vscode/extensions/ms-vscode.remote-explorer-0.5.0]: Extension is not compatible with Code 1.85.2. Extension requires: ^1.87.0.
2025-10-14 16:20:31.122 [error] [/home/drdbrioso/.vscode/extensions/ms-python.vscode-python-envs-1.8.0-linux-x64]: Extension is not compatible with Code 1.85.2. Extension requires: ^1.104.0-20250815.
2025-10-14 16:20:31.123 [error] [/home/drdbrioso/.vscode/extensions/ms-python.debugpy-2025.10.0-linux-x64]: Extension is not compatible with Code 1.85.2. Extension requires: ^1.92.0.
2025-10-14 16:20:31.123 [error] [/home/drdbrioso/.vscode/extensions/ms-python.python-2025.14.0-linux-x64]: Extension is not compatible with Code 1.85.2. Extension requires: ^1.95.0.
2025-10-14 16:20:31.124 [error] [/home/drdbrioso/.vscode/extensions/ms-python.vscode-pylance-2025.8.3]: Extension is not compatible with Code 1.85.2. Extension requires: ^1.101.0.
2025-10-14 16:20:31.159 [error] [/home/drdbrioso/.vscode/extensions/ms-toolsai.vscode-jupyter-cell-tags-0.1.9]: Extension is not compatible with Code 1.85.2. Extension requires: ^1.88.0.
2025-10-14 16:20:31.160 [error] [/home/drdbrioso/.vscode/extensions/ms-toolsai.vscode-jupyter-slideshow-0.1.6]: Extension is not compatible with Code 1.85.2. Extension requires: ^1.88.0.
2025-10-14 16:20:31.160 [error] [/home/drdbrioso/.vscode/extensions/ms-toolsai.jupyter-renderers-1.3.0]: Extension is not compatible with Code 1.85.2. Extension requires: ^1.95.0.
2025-10-14 16:20:31.177 [error] [/home/drdbrioso/.vscode/extensions/ms-toolsai.jupyter-renderers-1.3.0]: Extension is not compatible with Code 1.85.2. Extension requires: ^1.95.0.
2025-10-14 16:20:31.178 [error] [/home/drdbrioso/.vscode/extensions/ms-toolsai.vscode-jupyter-cell-tags-0.1.9]: Extension is not compatible with Code 1.85.2. Extension requires: ^1.88.0.
2025-10-14 16:20:31.178 [error] [/home/drdbrioso/.vscode/extensions/ms-toolsai.vscode-jupyter-slideshow-0.1.6]: Extension is not compatible with Code 1.85.2. Extension requires: ^1.88.0.
2025-10-14 16:20:31.205 [error] [/home/drdbrioso/.vscode/extensions/ms-toolsai.vscode-jupyter-cell-tags-0.1.9]: Extension is not compatible with Code 1.85.2. Extension requires: ^1.88.0.
2025-10-14 16:20:31.205 [error] [/home/drdbrioso/.vscode/extensions/ms-toolsai.vscode-jupyter-slideshow-0.1.6]: Extension is not compatible with Code 1.85.2. Extension requires: ^1.88.0.
2025-10-14 16:20:31.206 [error] [/home/drdbrioso/.vscode/extensions/ms-toolsai.jupyter-renderers-1.3.0]: Extension is not compatible with Code 1.85.2. Extension requires: ^1.95.0.
2025-10-14 16:20:31.237 [error] [/home/drdbrioso/.vscode/extensions/ms-toolsai.vscode-jupyter-cell-tags-0.1.9]: Extension is not compatible with Code 1.85.2. Extension requires: ^1.88.0.
2025-10-14 16:20:31.238 [error] [/home/drdbrioso/.vscode/extensions/ms-toolsai.vscode-jupyter-slideshow-0.1.6]: Extension is not compatible with Code 1.85.2. Extension requires: ^1.88.0.
2025-10-14 16:20:31.238 [error] [/home/drdbrioso/.vscode/extensions/ms-toolsai.jupyter-renderers-1.3.0]: Extension is not compatible with Code 1.85.2. Extension requires: ^1.95.0.
2025-10-14 16:20:31.260 [error] [/home/drdbrioso/.vscode/extensions/ms-vscode.remote-server-1.5.3]: Extension is not compatible with Code 1.85.2. Extension requires: ^1.87.0.
2025-10-14 16:20:31.261 [error] [/home/drdbrioso/.vscode/extensions/ms-vscode-remote.remote-wsl-0.104.3]: Extension is not compatible with Code 1.85.2. Extension requires: ^1.104.0.
2025-10-14 16:20:31.264 [error] [/home/drdbrioso/.vscode/extensions/ms-vscode-remote.remote-containers-0.427.0]: Extension is not compatible with Code 1.85.2. Extension requires: ^1.99.0.
2025-10-14 16:20:31.265 [error] [/home/drdbrioso/.vscode/extensions/ms-vscode.remote-explorer-0.5.0]: Extension is not compatible with Code 1.85.2. Extension requires: ^1.87.0.
2025-10-14 16:20:31.265 [error] [/home/drdbrioso/.vscode/extensions/ms-python.vscode-python-envs-1.8.0-linux-x64]: Extension is not compatible with Code 1.85.2. Extension requires: ^1.104.0-20250815.
2025-10-14 16:20:31.266 [error] [/home/drdbrioso/.vscode/extensions/ms-python.debugpy-2025.10.0-linux-x64]: Extension is not compatible with Code 1.85.2. Extension requires: ^1.92.0.
2025-10-14 16:20:31.266 [error] [/home/drdbrioso/.vscode/extensions/ms-python.python-2025.14.0-linux-x64]: Extension is not compatible with Code 1.85.2. Extension requires: ^1.95.0.
2025-10-14 16:20:31.269 [error] [/home/drdbrioso/.vscode/extensions/ms-python.vscode-pylance-2025.8.3]: Extension is not compatible with Code 1.85.2. Extension requires: ^1.101.0.
2025-10-14 16:20:31.271 [error] [/home/drdbrioso/.vscode/extensions/ms-python.debugpy-2025.10.0-linux-x64]: Extension is not compatible with Code 1.85.2. Extension requires: ^1.92.0.
2025-10-14 16:20:31.272 [error] [/home/drdbrioso/.vscode/extensions/ms-python.python-2025.14.0-linux-x64]: Extension is not compatible with Code 1.85.2. Extension requires: ^1.95.0.
2025-10-14 16:20:31.273 [error] [/home/drdbrioso/.vscode/extensions/ms-python.vscode-python-envs-1.8.0-linux-x64]: Extension is not compatible with Code 1.85.2. Extension requires: ^1.104.0-20250815.
2025-10-14 16:20:31.274 [error] [/home/drdbrioso/.vscode/extensions/ms-vscode-remote.remote-wsl-0.104.3]: Extension is not compatible with Code 1.85.2. Extension requires: ^1.104.0.
2025-10-14 16:20:31.274 [error] [/home/drdbrioso/.vscode/extensions/ms-vscode.remote-explorer-0.5.0]: Extension is not compatible with Code 1.85.2. Extension requires: ^1.87.0.
2025-10-14 16:20:31.276 [error] [/home/drdbrioso/.vscode/extensions/ms-python.vscode-pylance-2025.8.3]: Extension is not compatible with Code 1.85.2. Extension requires: ^1.101.0.
2025-10-14 16:20:31.276 [error] [/home/drdbrioso/.vscode/extensions/ms-vscode.remote-server-1.5.3]: Extension is not compatible with Code 1.85.2. Extension requires: ^1.87.0.
2025-10-14 16:20:31.277 [error] [/home/drdbrioso/.vscode/extensions/ms-vscode-remote.remote-containers-0.427.0]: Extension is not compatible with Code 1.85.2. Extension requires: ^1.99.0.
2025-10-14 16:20:31.281 [error] [/home/drdbrioso/.vscode/extensions/ms-vscode.remote-server-1.5.3]: Extension is not compatible with Code 1.85.2. Extension requires: ^1.87.0.
2025-10-14 16:20:31.282 [error] [/home/drdbrioso/.vscode/extensions/ms-vscode-remote.remote-wsl-0.104.3]: Extension is not compatible with Code 1.85.2. Extension requires: ^1.104.0.
2025-10-14 16:20:31.282 [error] [/home/drdbrioso/.vscode/extensions/ms-vscode.remote-explorer-0.5.0]: Extension is not compatible with Code 1.85.2. Extension requires: ^1.87.0.
2025-10-14 16:20:31.282 [error] [/home/drdbrioso/.vscode/extensions/ms-python.debugpy-2025.10.0-linux-x64]: Extension is not compatible with Code 1.85.2. Extension requires: ^1.92.0.
2025-10-14 16:20:31.283 [error] [/home/drdbrioso/.vscode/extensions/ms-vscode-remote.remote-containers-0.427.0]: Extension is not compatible with Code 1.85.2. Extension requires: ^1.99.0.
2025-10-14 16:20:31.283 [error] [/home/drdbrioso/.vscode/extensions/ms-python.vscode-python-envs-1.8.0-linux-x64]: Extension is not compatible with Code 1.85.2. Extension requires: ^1.104.0-20250815.
2025-10-14 16:20:31.284 [error] [/home/drdbrioso/.vscode/extensions/ms-python.python-2025.14.0-linux-x64]: Extension is not compatible with Code 1.85.2. Extension requires: ^1.95.0.
2025-10-14 16:20:31.285 [error] [/home/drdbrioso/.vscode/extensions/ms-python.vscode-pylance-2025.8.3]: Extension is not compatible with Code 1.85.2. Extension requires: ^1.101.0.
2025-10-14 16:20:31.295 [error] [/home/drdbrioso/.vscode/extensions/ms-toolsai.vscode-jupyter-cell-tags-0.1.9]: Extension is not compatible with Code 1.85.2. Extension requires: ^1.88.0.
2025-10-14 16:20:31.295 [error] [/home/drdbrioso/.vscode/extensions/ms-toolsai.vscode-jupyter-slideshow-0.1.6]: Extension is not compatible with Code 1.85.2. Extension requires: ^1.88.0.
2025-10-14 16:20:31.296 [error] [/home/drdbrioso/.vscode/extensions/ms-toolsai.jupyter-renderers-1.3.0]: Extension is not compatible with Code 1.85.2. Extension requires: ^1.95.0.
2025-10-14 16:20:31.305 [error] [/home/drdbrioso/.vscode/extensions/ms-vscode.remote-server-1.5.3]: Extension is not compatible with Code 1.85.2. Extension requires: ^1.87.0.
2025-10-14 16:20:31.306 [error] [/home/drdbrioso/.vscode/extensions/ms-vscode-remote.remote-wsl-0.104.3]: Extension is not compatible with Code 1.85.2. Extension requires: ^1.104.0.
2025-10-14 16:20:31.306 [error] [/home/drdbrioso/.vscode/extensions/ms-vscode.remote-explorer-0.5.0]: Extension is not compatible with Code 1.85.2. Extension requires: ^1.87.0.
2025-10-14 16:20:31.306 [error] [/home/drdbrioso/.vscode/extensions/ms-python.vscode-python-envs-1.8.0-linux-x64]: Extension is not compatible with Code 1.85.2. Extension requires: ^1.104.0-20250815.
2025-10-14 16:20:31.306 [error] [/home/drdbrioso/.vscode/extensions/ms-python.debugpy-2025.10.0-linux-x64]: Extension is not compatible with Code 1.85.2. Extension requires: ^1.92.0.
2025-10-14 16:20:31.307 [error] [/home/drdbrioso/.vscode/extensions/ms-vscode-remote.remote-containers-0.427.0]: Extension is not compatible with Code 1.85.2. Extension requires: ^1.99.0.
2025-10-14 16:20:31.307 [error] [/home/drdbrioso/.vscode/extensions/ms-python.python-2025.14.0-linux-x64]: Extension is not compatible with Code 1.85.2. Extension requires: ^1.95.0.
2025-10-14 16:20:31.308 [error] [/home/drdbrioso/.vscode/extensions/ms-python.vscode-pylance-2025.8.3]: Extension is not compatible with Code 1.85.2. Extension requires: ^1.101.0.
2025-10-14 16:20:31.315 [error] [/home/drdbrioso/.vscode/extensions/ms-toolsai.vscode-jupyter-cell-tags-0.1.9]: Extension is not compatible with Code 1.85.2. Extension requires: ^1.88.0.
2025-10-14 16:20:31.316 [error] [/home/drdbrioso/.vscode/extensions/ms-toolsai.vscode-jupyter-slideshow-0.1.6]: Extension is not compatible with Code 1.85.2. Extension requires: ^1.88.0.
2025-10-14 16:20:31.316 [error] [/home/drdbrioso/.vscode/extensions/ms-toolsai.jupyter-renderers-1.3.0]: Extension is not compatible with Code 1.85.2. Extension requires: ^1.95.0.
2025-10-14 16:20:31.338 [error] [/home/drdbrioso/.vscode/extensions/ms-vscode.remote-server-1.5.3]: Extension is not compatible with Code 1.85.2. Extension requires: ^1.87.0.
2025-10-14 16:20:31.338 [error] [/home/drdbrioso/.vscode/extensions/ms-vscode-remote.remote-wsl-0.104.3]: Extension is not compatible with Code 1.85.2. Extension requires: ^1.104.0.
2025-10-14 16:20:31.338 [error] [/home/drdbrioso/.vscode/extensions/ms-vscode.remote-explorer-0.5.0]: Extension is not compatible with Code 1.85.2. Extension requires: ^1.87.0.
2025-10-14 16:20:31.339 [error] [/home/drdbrioso/.vscode/extensions/ms-python.debugpy-2025.10.0-linux-x64]: Extension is not compatible with Code 1.85.2. Extension requires: ^1.92.0.
2025-10-14 16:20:31.339 [error] [/home/drdbrioso/.vscode/extensions/ms-python.vscode-python-envs-1.8.0-linux-x64]: Extension is not compatible with Code 1.85.2. Extension requires: ^1.104.0-20250815.
2025-10-14 16:20:31.339 [error] [/home/drdbrioso/.vscode/extensions/ms-vscode-remote.remote-containers-0.427.0]: Extension is not compatible with Code 1.85.2. Extension requires: ^1.99.0.
2025-10-14 16:20:31.340 [error] [/home/drdbrioso/.vscode/extensions/ms-python.vscode-pylance-2025.8.3]: Extension is not compatible with Code 1.85.2. Extension requires: ^1.101.0.
2025-10-14 16:20:31.340 [error] [/home/drdbrioso/.vscode/extensions/ms-python.python-2025.14.0-linux-x64]: Extension is not compatible with Code 1.85.2. Extension requires: ^1.95.0.
2025-10-14 16:20:31.352 [error] [/home/drdbrioso/.vscode/extensions/ms-toolsai.vscode-jupyter-cell-tags-0.1.9]: Extension is not compatible with Code 1.85.2. Extension requires: ^1.88.0.
2025-10-14 16:20:31.353 [error] [/home/drdbrioso/.vscode/extensions/ms-toolsai.vscode-jupyter-slideshow-0.1.6]: Extension is not compatible with Code 1.85.2. Extension requires: ^1.88.0.
2025-10-14 16:20:31.353 [error] [/home/drdbrioso/.vscode/extensions/ms-toolsai.jupyter-renderers-1.3.0]: Extension is not compatible with Code 1.85.2. Extension requires: ^1.95.0.
2025-10-14 16:20:31.356 [error] [/home/drdbrioso/.vscode/extensions/ms-vscode.remote-server-1.5.3]: Extension is not compatible with Code 1.85.2. Extension requires: ^1.87.0.
2025-10-14 16:20:31.356 [error] [/home/drdbrioso/.vscode/extensions/ms-vscode-remote.remote-wsl-0.104.3]: Extension is not compatible with Code 1.85.2. Extension requires: ^1.104.0.
2025-10-14 16:20:31.356 [error] [/home/drdbrioso/.vscode/extensions/ms-python.vscode-python-envs-1.8.0-linux-x64]: Extension is not compatible with Code 1.85.2. Extension requires: ^1.104.0-20250815.
2025-10-14 16:20:31.356 [error] [/home/drdbrioso/.vscode/extensions/ms-vscode.remote-explorer-0.5.0]: Extension is not compatible with Code 1.85.2. Extension requires: ^1.87.0.
2025-10-14 16:20:31.357 [error] [/home/drdbrioso/.vscode/extensions/ms-vscode-remote.remote-containers-0.427.0]: Extension is not compatible with Code 1.85.2. Extension requires: ^1.99.0.
2025-10-14 16:20:31.357 [error] [/home/drdbrioso/.vscode/extensions/ms-python.debugpy-2025.10.0-linux-x64]: Extension is not compatible with Code 1.85.2. Extension requires: ^1.92.0.
2025-10-14 16:20:31.359 [error] [/home/drdbrioso/.vscode/extensions/ms-python.python-2025.14.0-linux-x64]: Extension is not compatible with Code 1.85.2. Extension requires: ^1.95.0.
2025-10-14 16:20:31.359 [error] [/home/drdbrioso/.vscode/extensions/ms-python.vscode-pylance-2025.8.3]: Extension is not compatible with Code 1.85.2. Extension requires: ^1.101.0.
2025-10-14 16:20:31.373 [error] [/home/drdbrioso/.vscode/extensions/ms-vscode.remote-server-1.5.3]: Extension is not compatible with Code 1.85.2. Extension requires: ^1.87.0.
2025-10-14 16:20:31.373 [error] [/home/drdbrioso/.vscode/extensions/ms-vscode.remote-explorer-0.5.0]: Extension is not compatible with Code 1.85.2. Extension requires: ^1.87.0.
2025-10-14 16:20:31.373 [error] [/home/drdbrioso/.vscode/extensions/ms-vscode-remote.remote-wsl-0.104.3]: Extension is not compatible with Code 1.85.2. Extension requires: ^1.104.0.
2025-10-14 16:20:31.374 [error] [/home/drdbrioso/.vscode/extensions/ms-vscode-remote.remote-containers-0.427.0]: Extension is not compatible with Code 1.85.2. Extension requires: ^1.99.0.
2025-10-14 16:20:31.374 [error] [/home/drdbrioso/.vscode/extensions/ms-python.vscode-python-envs-1.8.0-linux-x64]: Extension is not compatible with Code 1.85.2. Extension requires: ^1.104.0-20250815.
2025-10-14 16:20:31.374 [error] [/home/drdbrioso/.vscode/extensions/ms-python.debugpy-2025.10.0-linux-x64]: Extension is not compatible with Code 1.85.2. Extension requires: ^1.92.0.
2025-10-14 16:20:31.375 [error] [/home/drdbrioso/.vscode/extensions/ms-python.python-2025.14.0-linux-x64]: Extension is not compatible with Code 1.85.2. Extension requires: ^1.95.0.
2025-10-14 16:20:31.375 [error] [/home/drdbrioso/.vscode/extensions/ms-python.vscode-pylance-2025.8.3]: Extension is not compatible with Code 1.85.2. Extension requires: ^1.101.0.
2025-10-14 16:20:31.417 [error] [/home/drdbrioso/.vscode/extensions/ms-toolsai.vscode-jupyter-cell-tags-0.1.9]: Extension is not compatible with Code 1.85.2. Extension requires: ^1.88.0.
2025-10-14 16:20:31.417 [error] [/home/drdbrioso/.vscode/extensions/ms-toolsai.vscode-jupyter-slideshow-0.1.6]: Extension is not compatible with Code 1.85.2. Extension requires: ^1.88.0.
2025-10-14 16:20:31.417 [error] [/home/drdbrioso/.vscode/extensions/ms-toolsai.jupyter-renderers-1.3.0]: Extension is not compatible with Code 1.85.2. Extension requires: ^1.95.0.
2025-10-14 16:20:31.424 [error] [/home/drdbrioso/.vscode/extensions/ms-vscode.remote-server-1.5.3]: Extension is not compatible with Code 1.85.2. Extension requires: ^1.87.0.
2025-10-14 16:20:31.424 [error] [/home/drdbrioso/.vscode/extensions/ms-vscode.remote-explorer-0.5.0]: Extension is not compatible with Code 1.85.2. Extension requires: ^1.87.0.
2025-10-14 16:20:31.424 [error] [/home/drdbrioso/.vscode/extensions/ms-vscode-remote.remote-containers-0.427.0]: Extension is not compatible with Code 1.85.2. Extension requires: ^1.99.0.
2025-10-14 16:20:31.425 [error] [/home/drdbrioso/.vscode/extensions/ms-vscode-remote.remote-wsl-0.104.3]: Extension is not compatible with Code 1.85.2. Extension requires: ^1.104.0.
2025-10-14 16:20:31.425 [error] [/home/drdbrioso/.vscode/extensions/ms-python.vscode-python-envs-1.8.0-linux-x64]: Extension is not compatible with Code 1.85.2. Extension requires: ^1.104.0-20250815.
2025-10-14 16:20:31.425 [error] [/home/drdbrioso/.vscode/extensions/ms-python.debugpy-2025.10.0-linux-x64]: Extension is not compatible with Code 1.85.2. Extension requires: ^1.92.0.
2025-10-14 16:20:31.426 [error] [/home/drdbrioso/.vscode/extensions/ms-python.python-2025.14.0-linux-x64]: Extension is not compatible with Code 1.85.2. Extension requires: ^1.95.0.
2025-10-14 16:20:31.426 [error] [/home/drdbrioso/.vscode/extensions/ms-python.vscode-pylance-2025.8.3]: Extension is not compatible with Code 1.85.2. Extension requires: ^1.101.0.
2025-10-14 16:20:31.470 [error] [/home/drdbrioso/.vscode/extensions/ms-toolsai.vscode-jupyter-cell-tags-0.1.9]: Extension is not compatible with Code 1.85.2. Extension requires: ^1.88.0.
2025-10-14 16:20:31.471 [error] [/home/drdbrioso/.vscode/extensions/ms-toolsai.vscode-jupyter-slideshow-0.1.6]: Extension is not compatible with Code 1.85.2. Extension requires: ^1.88.0.
2025-10-14 16:20:31.471 [error] [/home/drdbrioso/.vscode/extensions/ms-toolsai.jupyter-renderers-1.3.0]: Extension is not compatible with Code 1.85.2. Extension requires: ^1.95.0.
2025-10-14 16:20:31.474 [error] [/home/drdbrioso/.vscode/extensions/ms-vscode.remote-server-1.5.3]: Extension is not compatible with Code 1.85.2. Extension requires: ^1.87.0.
2025-10-14 16:20:31.474 [error] [/home/drdbrioso/.vscode/extensions/ms-vscode.remote-explorer-0.5.0]: Extension is not compatible with Code 1.85.2. Extension requires: ^1.87.0.
2025-10-14 16:20:31.474 [error] [/home/drdbrioso/.vscode/extensions/ms-vscode-remote.remote-containers-0.427.0]: Extension is not compatible with Code 1.85.2. Extension requires: ^1.99.0.
2025-10-14 16:20:31.475 [error] [/home/drdbrioso/.vscode/extensions/ms-python.debugpy-2025.10.0-linux-x64]: Extension is not compatible with Code 1.85.2. Extension requires: ^1.92.0.
2025-10-14 16:20:31.475 [error] [/home/drdbrioso/.vscode/extensions/ms-vscode-remote.remote-wsl-0.104.3]: Extension is not compatible with Code 1.85.2. Extension requires: ^1.104.0.
2025-10-14 16:20:31.475 [error] [/home/drdbrioso/.vscode/extensions/ms-python.vscode-python-envs-1.8.0-linux-x64]: Extension is not compatible with Code 1.85.2. Extension requires: ^1.104.0-20250815.
2025-10-14 16:20:31.476 [error] [/home/drdbrioso/.vscode/extensions/ms-python.python-2025.14.0-linux-x64]: Extension is not compatible with Code 1.85.2. Extension requires: ^1.95.0.
2025-10-14 16:20:31.476 [error] [/home/drdbrioso/.vscode/extensions/ms-python.vscode-pylance-2025.8.3]: Extension is not compatible with Code 1.85.2. Extension requires: ^1.101.0.
2025-10-14 16:20:31.534 [error] [/home/drdbrioso/.vscode/extensions/ms-toolsai.vscode-jupyter-cell-tags-0.1.9]: Extension is not compatible with Code 1.85.2. Extension requires: ^1.88.0.
2025-10-14 16:20:31.534 [error] [/home/drdbrioso/.vscode/extensions/ms-toolsai.vscode-jupyter-slideshow-0.1.6]: Extension is not compatible with Code 1.85.2. Extension requires: ^1.88.0.
2025-10-14 16:20:31.534 [error] [/home/drdbrioso/.vscode/extensions/ms-toolsai.jupyter-renderers-1.3.0]: Extension is not compatible with Code 1.85.2. Extension requires: ^1.95.0.
2025-10-14 16:20:31.537 [error] [/home/drdbrioso/.vscode/extensions/ms-vscode.remote-server-1.5.3]: Extension is not compatible with Code 1.85.2. Extension requires: ^1.87.0.
2025-10-14 16:20:31.538 [error] [/home/drdbrioso/.vscode/extensions/ms-vscode.remote-explorer-0.5.0]: Extension is not compatible with Code 1.85.2. Extension requires: ^1.87.0.
2025-10-14 16:20:31.538 [error] [/home/drdbrioso/.vscode/extensions/ms-vscode-remote.remote-containers-0.427.0]: Extension is not compatible with Code 1.85.2. Extension requires: ^1.99.0.
2025-10-14 16:20:31.538 [error] [/home/drdbrioso/.vscode/extensions/ms-python.debugpy-2025.10.0-linux-x64]: Extension is not compatible with Code 1.85.2. Extension requires: ^1.92.0.
2025-10-14 16:20:31.538 [error] [/home/drdbrioso/.vscode/extensions/ms-python.vscode-python-envs-1.8.0-linux-x64]: Extension is not compatible with Code 1.85.2. Extension requires: ^1.104.0-20250815.
2025-10-14 16:20:31.538 [error] [/home/drdbrioso/.vscode/extensions/ms-vscode-remote.remote-wsl-0.104.3]: Extension is not compatible with Code 1.85.2. Extension requires: ^1.104.0.
2025-10-14 16:20:31.539 [error] [/home/drdbrioso/.vscode/extensions/ms-python.python-2025.14.0-linux-x64]: Extension is not compatible with Code 1.85.2. Extension requires: ^1.95.0.
2025-10-14 16:20:31.540 [error] [/home/drdbrioso/.vscode/extensions/ms-python.vscode-pylance-2025.8.3]: Extension is not compatible with Code 1.85.2. Extension requires: ^1.101.0.
2025-10-14 16:20:31.588 [error] [/home/drdbrioso/.vscode/extensions/ms-toolsai.vscode-jupyter-cell-tags-0.1.9]: Extension is not compatible with Code 1.85.2. Extension requires: ^1.88.0.
2025-10-14 16:20:31.589 [error] [/home/drdbrioso/.vscode/extensions/ms-toolsai.vscode-jupyter-slideshow-0.1.6]: Extension is not compatible with Code 1.85.2. Extension requires: ^1.88.0.
2025-10-14 16:20:31.589 [error] [/home/drdbrioso/.vscode/extensions/ms-toolsai.jupyter-renderers-1.3.0]: Extension is not compatible with Code 1.85.2. Extension requires: ^1.95.0.
2025-10-14 16:20:31.592 [error] [/home/drdbrioso/.vscode/extensions/ms-vscode.remote-server-1.5.3]: Extension is not compatible with Code 1.85.2. Extension requires: ^1.87.0.
2025-10-14 16:20:31.593 [error] [/home/drdbrioso/.vscode/extensions/ms-vscode-remote.remote-containers-0.427.0]: Extension is not compatible with Code 1.85.2. Extension requires: ^1.99.0.
2025-10-14 16:20:31.593 [error] [/home/drdbrioso/.vscode/extensions/ms-python.vscode-python-envs-1.8.0-linux-x64]: Extension is not compatible with Code 1.85.2. Extension requires: ^1.104.0-20250815.
2025-10-14 16:20:31.593 [error] [/home/drdbrioso/.vscode/extensions/ms-vscode-remote.remote-wsl-0.104.3]: Extension is not compatible with Code 1.85.2. Extension requires: ^1.104.0.
2025-10-14 16:20:31.593 [error] [/home/drdbrioso/.vscode/extensions/ms-vscode.remote-explorer-0.5.0]: Extension is not compatible with Code 1.85.2. Extension requires: ^1.87.0.
2025-10-14 16:20:31.593 [error] [/home/drdbrioso/.vscode/extensions/ms-python.debugpy-2025.10.0-linux-x64]: Extension is not compatible with Code 1.85.2. Extension requires: ^1.92.0.
2025-10-14 16:20:31.594 [error] [/home/drdbrioso/.vscode/extensions/ms-python.python-2025.14.0-linux-x64]: Extension is not compatible with Code 1.85.2. Extension requires: ^1.95.0.
2025-10-14 16:20:31.595 [error] [/home/drdbrioso/.vscode/extensions/ms-python.vscode-pylance-2025.8.3]: Extension is not compatible with Code 1.85.2. Extension requires: ^1.101.0.
2025-10-14 16:20:31.650 [error] [/home/drdbrioso/.vscode/extensions/ms-toolsai.vscode-jupyter-cell-tags-0.1.9]: Extension is not compatible with Code 1.85.2. Extension requires: ^1.88.0.
2025-10-14 16:20:31.650 [error] [/home/drdbrioso/.vscode/extensions/ms-toolsai.vscode-jupyter-slideshow-0.1.6]: Extension is not compatible with Code 1.85.2. Extension requires: ^1.88.0.
2025-10-14 16:20:31.650 [error] [/home/drdbrioso/.vscode/extensions/ms-toolsai.jupyter-renderers-1.3.0]: Extension is not compatible with Code 1.85.2. Extension requires: ^1.95.0.
2025-10-14 16:20:31.654 [error] [/home/drdbrioso/.vscode/extensions/ms-vscode.remote-server-1.5.3]: Extension is not compatible with Code 1.85.2. Extension requires: ^1.87.0.
2025-10-14 16:20:31.654 [error] [/home/drdbrioso/.vscode/extensions/ms-vscode-remote.remote-containers-0.427.0]: Extension is not compatible with Code 1.85.2. Extension requires: ^1.99.0.
2025-10-14 16:20:31.654 [error] [/home/drdbrioso/.vscode/extensions/ms-vscode-remote.remote-wsl-0.104.3]: Extension is not compatible with Code 1.85.2. Extension requires: ^1.104.0.
2025-10-14 16:20:31.654 [error] [/home/drdbrioso/.vscode/extensions/ms-vscode.remote-explorer-0.5.0]: Extension is not compatible with Code 1.85.2. Extension requires: ^1.87.0.
2025-10-14 16:20:31.654 [error] [/home/drdbrioso/.vscode/extensions/ms-python.vscode-python-envs-1.8.0-linux-x64]: Extension is not compatible with Code 1.85.2. Extension requires: ^1.104.0-20250815.
2025-10-14 16:20:31.655 [error] [/home/drdbrioso/.vscode/extensions/ms-python.debugpy-2025.10.0-linux-x64]: Extension is not compatible with Code 1.85.2. Extension requires: ^1.92.0.
2025-10-14 16:20:31.655 [error] [/home/drdbrioso/.vscode/extensions/ms-python.python-2025.14.0-linux-x64]: Extension is not compatible with Code 1.85.2. Extension requires: ^1.95.0.
2025-10-14 16:20:31.656 [error] [/home/drdbrioso/.vscode/extensions/ms-python.vscode-pylance-2025.8.3]: Extension is not compatible with Code 1.85.2. Extension requires: ^1.101.0.
2025-10-14 16:20:33.161 [error] [/home/drdbrioso/.vscode/extensions/ms-toolsai.vscode-jupyter-cell-tags-0.1.9]: Extension is not compatible with Code 1.85.2. Extension requires: ^1.88.0.
2025-10-14 16:20:33.161 [error] [/home/drdbrioso/.vscode/extensions/ms-toolsai.vscode-jupyter-slideshow-0.1.6]: Extension is not compatible with Code 1.85.2. Extension requires: ^1.88.0.
2025-10-14 16:20:33.161 [error] [/home/drdbrioso/.vscode/extensions/ms-toolsai.jupyter-renderers-1.3.0]: Extension is not compatible with Code 1.85.2. Extension requires: ^1.95.0.
2025-10-14 16:20:33.167 [error] [/home/drdbrioso/.vscode/extensions/ms-vscode.remote-server-1.5.3]: Extension is not compatible with Code 1.85.2. Extension requires: ^1.87.0.
2025-10-14 16:20:33.167 [error] [/home/drdbrioso/.vscode/extensions/ms-vscode.remote-explorer-0.5.0]: Extension is not compatible with Code 1.85.2. Extension requires: ^1.87.0.
2025-10-14 16:20:33.167 [error] [/home/drdbrioso/.vscode/extensions/ms-python.vscode-python-envs-1.8.0-linux-x64]: Extension is not compatible with Code 1.85.2. Extension requires: ^1.104.0-20250815.
2025-10-14 16:20:33.167 [error] [/home/drdbrioso/.vscode/extensions/ms-vscode-remote.remote-wsl-0.104.3]: Extension is not compatible with Code 1.85.2. Extension requires: ^1.104.0.
2025-10-14 16:20:33.167 [error] [/home/drdbrioso/.vscode/extensions/ms-python.debugpy-2025.10.0-linux-x64]: Extension is not compatible with Code 1.85.2. Extension requires: ^1.92.0.
2025-10-14 16:20:33.168 [error] [/home/drdbrioso/.vscode/extensions/ms-vscode-remote.remote-containers-0.427.0]: Extension is not compatible with Code 1.85.2. Extension requires: ^1.99.0.
2025-10-14 16:20:33.168 [error] [/home/drdbrioso/.vscode/extensions/ms-python.vscode-pylance-2025.8.3]: Extension is not compatible with Code 1.85.2. Extension requires: ^1.101.0.
2025-10-14 16:20:33.169 [error] [/home/drdbrioso/.vscode/extensions/ms-python.python-2025.14.0-linux-x64]: Extension is not compatible with Code 1.85.2. Extension requires: ^1.95.0.
2025-10-14 16:20:33.252 [error] [/home/drdbrioso/.vscode/extensions/ms-toolsai.vscode-jupyter-cell-tags-0.1.9]: Extension is not compatible with Code 1.85.2. Extension requires: ^1.88.0.
2025-10-14 16:20:33.253 [error] [/home/drdbrioso/.vscode/extensions/ms-toolsai.vscode-jupyter-slideshow-0.1.6]: Extension is not compatible with Code 1.85.2. Extension requires: ^1.88.0.
2025-10-14 16:20:33.253 [error] [/home/drdbrioso/.vscode/extensions/ms-toolsai.jupyter-renderers-1.3.0]: Extension is not compatible with Code 1.85.2. Extension requires: ^1.95.0.
2025-10-14 16:20:33.255 [error] [/home/drdbrioso/.vscode/extensions/ms-vscode.remote-server-1.5.3]: Extension is not compatible with Code 1.85.2. Extension requires: ^1.87.0.
2025-10-14 16:20:33.256 [error] [/home/drdbrioso/.vscode/extensions/ms-vscode-remote.remote-wsl-0.104.3]: Extension is not compatible with Code 1.85.2. Extension requires: ^1.104.0.
2025-10-14 16:20:33.258 [error] [/home/drdbrioso/.vscode/extensions/ms-python.vscode-python-envs-1.8.0-linux-x64]: Extension is not compatible with Code 1.85.2. Extension requires: ^1.104.0-20250815.
2025-10-14 16:20:33.258 [error] [/home/drdbrioso/.vscode/extensions/ms-vscode.remote-explorer-0.5.0]: Extension is not compatible with Code 1.85.2. Extension requires: ^1.87.0.
2025-10-14 16:20:33.258 [error] [/home/drdbrioso/.vscode/extensions/ms-python.debugpy-2025.10.0-linux-x64]: Extension is not compatible with Code 1.85.2. Extension requires: ^1.92.0.
2025-10-14 16:20:33.259 [error] [/home/drdbrioso/.vscode/extensions/ms-vscode-remote.remote-containers-0.427.0]: Extension is not compatible with Code 1.85.2. Extension requires: ^1.99.0.
2025-10-14 16:20:33.259 [error] [/home/drdbrioso/.vscode/extensions/ms-python.python-2025.14.0-linux-x64]: Extension is not compatible with Code 1.85.2. Extension requires: ^1.95.0.
2025-10-14 16:20:33.259 [error] [/home/drdbrioso/.vscode/extensions/ms-python.vscode-pylance-2025.8.3]: Extension is not compatible with Code 1.85.2. Extension requires: ^1.101.0.
2025-10-14 16:20:33.259 [error] [/home/drdbrioso/.vscode/extensions/ms-toolsai.vscode-jupyter-cell-tags-0.1.9]: Extension is not compatible with Code 1.85.2. Extension requires: ^1.88.0.
2025-10-14 16:20:33.259 [error] [/home/drdbrioso/.vscode/extensions/ms-toolsai.vscode-jupyter-slideshow-0.1.6]: Extension is not compatible with Code 1.85.2. Extension requires: ^1.88.0.
2025-10-14 16:20:33.260 [error] [/home/drdbrioso/.vscode/extensions/ms-toolsai.jupyter-renderers-1.3.0]: Extension is not compatible with Code 1.85.2. Extension requires: ^1.95.0.
2025-10-14 16:20:33.260 [error] [/home/drdbrioso/.vscode/extensions/ms-vscode.remote-server-1.5.3]: Extension is not compatible with Code 1.85.2. Extension requires: ^1.87.0.
2025-10-14 16:20:33.261 [error] [/home/drdbrioso/.vscode/extensions/ms-vscode-remote.remote-wsl-0.104.3]: Extension is not compatible with Code 1.85.2. Extension requires: ^1.104.0.
2025-10-14 16:20:33.261 [error] [/home/drdbrioso/.vscode/extensions/ms-vscode.remote-explorer-0.5.0]: Extension is not compatible with Code 1.85.2. Extension requires: ^1.87.0.
2025-10-14 16:20:33.262 [error] [/home/drdbrioso/.vscode/extensions/ms-python.vscode-python-envs-1.8.0-linux-x64]: Extension is not compatible with Code 1.85.2. Extension requires: ^1.104.0-20250815.
2025-10-14 16:20:33.262 [error] [/home/drdbrioso/.vscode/extensions/ms-python.debugpy-2025.10.0-linux-x64]: Extension is not compatible with Code 1.85.2. Extension requires: ^1.92.0.
2025-10-14 16:20:33.262 [error] [/home/drdbrioso/.vscode/extensions/ms-vscode-remote.remote-containers-0.427.0]: Extension is not compatible with Code 1.85.2. Extension requires: ^1.99.0.
2025-10-14 16:20:33.263 [error] [/home/drdbrioso/.vscode/extensions/ms-python.python-2025.14.0-linux-x64]: Extension is not compatible with Code 1.85.2. Extension requires: ^1.95.0.
2025-10-14 16:20:33.267 [error] [/home/drdbrioso/.vscode/extensions/ms-python.vscode-pylance-2025.8.3]: Extension is not compatible with Code 1.85.2. Extension requires: ^1.101.0.
2025-10-14 16:20:33.852 [error] [/home/drdbrioso/.vscode/extensions/ms-toolsai.vscode-jupyter-cell-tags-0.1.9]: Extension is not compatible with Code 1.85.2. Extension requires: ^1.88.0.
2025-10-14 16:20:33.853 [error] [/home/drdbrioso/.vscode/extensions/ms-toolsai.vscode-jupyter-slideshow-0.1.6]: Extension is not compatible with Code 1.85.2. Extension requires: ^1.88.0.
2025-10-14 16:20:33.853 [error] [/home/drdbrioso/.vscode/extensions/ms-toolsai.jupyter-renderers-1.3.0]: Extension is not compatible with Code 1.85.2. Extension requires: ^1.95.0.
2025-10-14 16:20:33.855 [error] [/home/drdbrioso/.vscode/extensions/ms-vscode-remote.remote-containers-0.427.0]: Extension is not compatible with Code 1.85.2. Extension requires: ^1.99.0.
2025-10-14 16:20:33.855 [error] [/home/drdbrioso/.vscode/extensions/ms-vscode.remote-server-1.5.3]: Extension is not compatible with Code 1.85.2. Extension requires: ^1.87.0.
2025-10-14 16:20:33.855 [error] [/home/drdbrioso/.vscode/extensions/ms-vscode-remote.remote-wsl-0.104.3]: Extension is not compatible with Code 1.85.2. Extension requires: ^1.104.0.
2025-10-14 16:20:33.856 [error] [/home/drdbrioso/.vscode/extensions/ms-vscode.remote-explorer-0.5.0]: Extension is not compatible with Code 1.85.2. Extension requires: ^1.87.0.
2025-10-14 16:20:33.856 [error] [/home/drdbrioso/.vscode/extensions/ms-python.vscode-python-envs-1.8.0-linux-x64]: Extension is not compatible with Code 1.85.2. Extension requires: ^1.104.0-20250815.
2025-10-14 16:20:33.856 [error] [/home/drdbrioso/.vscode/extensions/ms-python.debugpy-2025.10.0-linux-x64]: Extension is not compatible with Code 1.85.2. Extension requires: ^1.92.0.
2025-10-14 16:20:33.856 [error] [/home/drdbrioso/.vscode/extensions/ms-python.python-2025.14.0-linux-x64]: Extension is not compatible with Code 1.85.2. Extension requires: ^1.95.0.
2025-10-14 16:20:33.857 [error] [/home/drdbrioso/.vscode/extensions/ms-python.vscode-pylance-2025.8.3]: Extension is not compatible with Code 1.85.2. Extension requires: ^1.101.0.
2025-10-14 16:20:35.204 [error] [/home/drdbrioso/.vscode/extensions/ms-toolsai.vscode-jupyter-cell-tags-0.1.9]: Extension is not compatible with Code 1.85.2. Extension requires: ^1.88.0.
2025-10-14 16:20:35.204 [error] [/home/drdbrioso/.vscode/extensions/ms-toolsai.vscode-jupyter-slideshow-0.1.6]: Extension is not compatible with Code 1.85.2. Extension requires: ^1.88.0.
2025-10-14 16:20:35.204 [error] [/home/drdbrioso/.vscode/extensions/ms-toolsai.jupyter-renderers-1.3.0]: Extension is not compatible with Code 1.85.2. Extension requires: ^1.95.0.
2025-10-14 16:20:35.212 [error] [/home/drdbrioso/.vscode/extensions/ms-vscode.remote-server-1.5.3]: Extension is not compatible with Code 1.85.2. Extension requires: ^1.87.0.
2025-10-14 16:20:35.214 [error] [/home/drdbrioso/.vscode/extensions/ms-vscode-remote.remote-wsl-0.104.3]: Extension is not compatible with Code 1.85.2. Extension requires: ^1.104.0.
2025-10-14 16:20:35.214 [error] [/home/drdbrioso/.vscode/extensions/ms-vscode.remote-explorer-0.5.0]: Extension is not compatible with Code 1.85.2. Extension requires: ^1.87.0.
2025-10-14 16:20:35.215 [error] [/home/drdbrioso/.vscode/extensions/ms-vscode-remote.remote-containers-0.427.0]: Extension is not compatible with Code 1.85.2. Extension requires: ^1.99.0.
2025-10-14 16:20:35.215 [error] [/home/drdbrioso/.vscode/extensions/ms-python.vscode-python-envs-1.8.0-linux-x64]: Extension is not compatible with Code 1.85.2. Extension requires: ^1.104.0-20250815.
2025-10-14 16:20:35.215 [error] [/home/drdbrioso/.vscode/extensions/ms-python.debugpy-2025.10.0-linux-x64]: Extension is not compatible with Code 1.85.2. Extension requires: ^1.92.0.
2025-10-14 16:20:35.216 [error] [/home/drdbrioso/.vscode/extensions/ms-python.python-2025.14.0-linux-x64]: Extension is not compatible with Code 1.85.2. Extension requires: ^1.95.0.
2025-10-14 16:20:35.217 [error] [/home/drdbrioso/.vscode/extensions/ms-python.vscode-pylance-2025.8.3]: Extension is not compatible with Code 1.85.2. Extension requires: ^1.101.0.
2025-10-14 16:20:35.266 [error] [/home/drdbrioso/.vscode/extensions/ms-toolsai.vscode-jupyter-cell-tags-0.1.9]: Extension is not compatible with Code 1.85.2. Extension requires: ^1.88.0.
2025-10-14 16:20:35.266 [error] [/home/drdbrioso/.vscode/extensions/ms-toolsai.vscode-jupyter-slideshow-0.1.6]: Extension is not compatible with Code 1.85.2. Extension requires: ^1.88.0.
2025-10-14 16:20:35.266 [error] [/home/drdbrioso/.vscode/extensions/ms-toolsai.jupyter-renderers-1.3.0]: Extension is not compatible with Code 1.85.2. Extension requires: ^1.95.0.
2025-10-14 16:20:35.279 [error] [/home/drdbrioso/.vscode/extensions/ms-vscode.remote-server-1.5.3]: Extension is not compatible with Code 1.85.2. Extension requires: ^1.87.0.
2025-10-14 16:20:35.279 [error] [/home/drdbrioso/.vscode/extensions/ms-vscode-remote.remote-containers-0.427.0]: Extension is not compatible with Code 1.85.2. Extension requires: ^1.99.0.
2025-10-14 16:20:35.280 [error] [/home/drdbrioso/.vscode/extensions/ms-vscode.remote-explorer-0.5.0]: Extension is not compatible with Code 1.85.2. Extension requires: ^1.87.0.
2025-10-14 16:20:35.283 [error] [/home/drdbrioso/.vscode/extensions/ms-vscode-remote.remote-wsl-0.104.3]: Extension is not compatible with Code 1.85.2. Extension requires: ^1.104.0.
2025-10-14 16:20:35.284 [error] [/home/drdbrioso/.vscode/extensions/ms-python.vscode-python-envs-1.8.0-linux-x64]: Extension is not compatible with Code 1.85.2. Extension requires: ^1.104.0-20250815.
2025-10-14 16:20:35.284 [error] [/home/drdbrioso/.vscode/extensions/ms-python.debugpy-2025.10.0-linux-x64]: Extension is not compatible with Code 1.85.2. Extension requires: ^1.92.0.
2025-10-14 16:20:35.284 [error] [/home/drdbrioso/.vscode/extensions/ms-python.python-2025.14.0-linux-x64]: Extension is not compatible with Code 1.85.2. Extension requires: ^1.95.0.
2025-10-14 16:20:35.285 [error] [/home/drdbrioso/.vscode/extensions/ms-python.vscode-pylance-2025.8.3]: Extension is not compatible with Code 1.85.2. Extension requires: ^1.101.0.
2025-10-14 16:20:35.324 [error] [/home/drdbrioso/.vscode/extensions/ms-toolsai.vscode-jupyter-cell-tags-0.1.9]: Extension is not compatible with Code 1.85.2. Extension requires: ^1.88.0.
2025-10-14 16:20:35.325 [error] [/home/drdbrioso/.vscode/extensions/ms-toolsai.vscode-jupyter-slideshow-0.1.6]: Extension is not compatible with Code 1.85.2. Extension requires: ^1.88.0.
2025-10-14 16:20:35.325 [error] [/home/drdbrioso/.vscode/extensions/ms-toolsai.jupyter-renderers-1.3.0]: Extension is not compatible with Code 1.85.2. Extension requires: ^1.95.0.
2025-10-14 16:20:35.336 [error] [/home/drdbrioso/.vscode/extensions/ms-toolsai.vscode-jupyter-cell-tags-0.1.9]: Extension is not compatible with Code 1.85.2. Extension requires: ^1.88.0.
2025-10-14 16:20:35.336 [error] [/home/drdbrioso/.vscode/extensions/ms-toolsai.vscode-jupyter-slideshow-0.1.6]: Extension is not compatible with Code 1.85.2. Extension requires: ^1.88.0.
2025-10-14 16:20:35.337 [error] [/home/drdbrioso/.vscode/extensions/ms-toolsai.jupyter-renderers-1.3.0]: Extension is not compatible with Code 1.85.2. Extension requires: ^1.95.0.
2025-10-14 16:20:35.343 [error] [/home/drdbrioso/.vscode/extensions/ms-vscode.remote-server-1.5.3]: Extension is not compatible with Code 1.85.2. Extension requires: ^1.87.0.
2025-10-14 16:20:35.343 [error] [/home/drdbrioso/.vscode/extensions/ms-vscode-remote.remote-containers-0.427.0]: Extension is not compatible with Code 1.85.2. Extension requires: ^1.99.0.
2025-10-14 16:20:35.344 [error] [/home/drdbrioso/.vscode/extensions/ms-vscode.remote-explorer-0.5.0]: Extension is not compatible with Code 1.85.2. Extension requires: ^1.87.0.
2025-10-14 16:20:35.344 [error] [/home/drdbrioso/.vscode/extensions/ms-python.debugpy-2025.10.0-linux-x64]: Extension is not compatible with Code 1.85.2. Extension requires: ^1.92.0.
2025-10-14 16:20:35.344 [error] [/home/drdbrioso/.vscode/extensions/ms-vscode-remote.remote-wsl-0.104.3]: Extension is not compatible with Code 1.85.2. Extension requires: ^1.104.0.
2025-10-14 16:20:35.345 [error] [/home/drdbrioso/.vscode/extensions/ms-python.vscode-python-envs-1.8.0-linux-x64]: Extension is not compatible with Code 1.85.2. Extension requires: ^1.104.0-20250815.
2025-10-14 16:20:35.345 [error] [/home/drdbrioso/.vscode/extensions/ms-python.python-2025.14.0-linux-x64]: Extension is not compatible with Code 1.85.2. Extension requires: ^1.95.0.
2025-10-14 16:20:35.345 [error] [/home/drdbrioso/.vscode/extensions/ms-python.vscode-pylance-2025.8.3]: Extension is not compatible with Code 1.85.2. Extension requires: ^1.101.0.
2025-10-14 16:20:35.350 [error] [/home/drdbrioso/.vscode/extensions/ms-vscode.remote-server-1.5.3]: Extension is not compatible with Code 1.85.2. Extension requires: ^1.87.0.
2025-10-14 16:20:35.350 [error] [/home/drdbrioso/.vscode/extensions/ms-vscode-remote.remote-wsl-0.104.3]: Extension is not compatible with Code 1.85.2. Extension requires: ^1.104.0.
2025-10-14 16:20:35.350 [error] [/home/drdbrioso/.vscode/extensions/ms-vscode.remote-explorer-0.5.0]: Extension is not compatible with Code 1.85.2. Extension requires: ^1.87.0.
2025-10-14 16:20:35.351 [error] [/home/drdbrioso/.vscode/extensions/ms-python.vscode-python-envs-1.8.0-linux-x64]: Extension is not compatible with Code 1.85.2. Extension requires: ^1.104.0-20250815.
2025-10-14 16:20:35.351 [error] [/home/drdbrioso/.vscode/extensions/ms-vscode-remote.remote-containers-0.427.0]: Extension is not compatible with Code 1.85.2. Extension requires: ^1.99.0.
2025-10-14 16:20:35.351 [error] [/home/drdbrioso/.vscode/extensions/ms-python.debugpy-2025.10.0-linux-x64]: Extension is not compatible with Code 1.85.2. Extension requires: ^1.92.0.
2025-10-14 16:20:35.351 [error] [/home/drdbrioso/.vscode/extensions/ms-python.python-2025.14.0-linux-x64]: Extension is not compatible with Code 1.85.2. Extension requires: ^1.95.0.
2025-10-14 16:20:35.352 [error] [/home/drdbrioso/.vscode/extensions/ms-python.vscode-pylance-2025.8.3]: Extension is not compatible with Code 1.85.2. Extension requires: ^1.101.0.
2025-10-14 16:20:37.646 [error] [/home/drdbrioso/.vscode/extensions/ms-toolsai.vscode-jupyter-cell-tags-0.1.9]: Extension is not compatible with Code 1.85.2. Extension requires: ^1.88.0.
2025-10-14 16:20:37.647 [error] [/home/drdbrioso/.vscode/extensions/ms-toolsai.vscode-jupyter-slideshow-0.1.6]: Extension is not compatible with Code 1.85.2. Extension requires: ^1.88.0.
2025-10-14 16:20:37.647 [error] [/home/drdbrioso/.vscode/extensions/ms-toolsai.jupyter-renderers-1.3.0]: Extension is not compatible with Code 1.85.2. Extension requires: ^1.95.0.
2025-10-14 16:20:37.658 [error] [/home/drdbrioso/.vscode/extensions/ms-toolsai.vscode-jupyter-cell-tags-0.1.9]: Extension is not compatible with Code 1.85.2. Extension requires: ^1.88.0.
2025-10-14 16:20:37.658 [error] [/home/drdbrioso/.vscode/extensions/ms-toolsai.vscode-jupyter-slideshow-0.1.6]: Extension is not compatible with Code 1.85.2. Extension requires: ^1.88.0.
2025-10-14 16:20:37.658 [error] [/home/drdbrioso/.vscode/extensions/ms-toolsai.jupyter-renderers-1.3.0]: Extension is not compatible with Code 1.85.2. Extension requires: ^1.95.0.
2025-10-14 16:20:37.658 [error] [/home/drdbrioso/.vscode/extensions/ms-vscode.remote-server-1.5.3]: Extension is not compatible with Code 1.85.2. Extension requires: ^1.87.0.
2025-10-14 16:20:37.659 [error] [/home/drdbrioso/.vscode/extensions/ms-vscode-remote.remote-wsl-0.104.3]: Extension is not compatible with Code 1.85.2. Extension requires: ^1.104.0.
2025-10-14 16:20:37.659 [error] [/home/drdbrioso/.vscode/extensions/ms-vscode.remote-explorer-0.5.0]: Extension is not compatible with Code 1.85.2. Extension requires: ^1.87.0.
2025-10-14 16:20:37.659 [error] [/home/drdbrioso/.vscode/extensions/ms-vscode-remote.remote-containers-0.427.0]: Extension is not compatible with Code 1.85.2. Extension requires: ^1.99.0.
2025-10-14 16:20:37.659 [error] [/home/drdbrioso/.vscode/extensions/ms-python.vscode-python-envs-1.8.0-linux-x64]: Extension is not compatible with Code 1.85.2. Extension requires: ^1.104.0-20250815.
2025-10-14 16:20:37.660 [error] [/home/drdbrioso/.vscode/extensions/ms-python.debugpy-2025.10.0-linux-x64]: Extension is not compatible with Code 1.85.2. Extension requires: ^1.92.0.
2025-10-14 16:20:37.661 [error] [/home/drdbrioso/.vscode/extensions/ms-python.python-2025.14.0-linux-x64]: Extension is not compatible with Code 1.85.2. Extension requires: ^1.95.0.
2025-10-14 16:20:37.662 [error] [/home/drdbrioso/.vscode/extensions/ms-python.vscode-pylance-2025.8.3]: Extension is not compatible with Code 1.85.2. Extension requires: ^1.101.0.
2025-10-14 16:20:37.664 [error] [/home/drdbrioso/.vscode/extensions/ms-vscode-remote.remote-wsl-0.104.3]: Extension is not compatible with Code 1.85.2. Extension requires: ^1.104.0.
2025-10-14 16:20:37.664 [error] [/home/drdbrioso/.vscode/extensions/ms-vscode.remote-explorer-0.5.0]: Extension is not compatible with Code 1.85.2. Extension requires: ^1.87.0.
2025-10-14 16:20:37.664 [error] [/home/drdbrioso/.vscode/extensions/ms-vscode.remote-server-1.5.3]: Extension is not compatible with Code 1.85.2. Extension requires: ^1.87.0.
2025-10-14 16:20:37.664 [error] [/home/drdbrioso/.vscode/extensions/ms-python.debugpy-2025.10.0-linux-x64]: Extension is not compatible with Code 1.85.2. Extension requires: ^1.92.0.
2025-10-14 16:20:37.664 [error] [/home/drdbrioso/.vscode/extensions/ms-python.vscode-python-envs-1.8.0-linux-x64]: Extension is not compatible with Code 1.85.2. Extension requires: ^1.104.0-20250815.
2025-10-14 16:20:37.665 [error] [/home/drdbrioso/.vscode/extensions/ms-vscode-remote.remote-containers-0.427.0]: Extension is not compatible with Code 1.85.2. Extension requires: ^1.99.0.
2025-10-14 16:20:37.666 [error] [/home/drdbrioso/.vscode/extensions/ms-python.vscode-pylance-2025.8.3]: Extension is not compatible with Code 1.85.2. Extension requires: ^1.101.0.
2025-10-14 16:20:37.666 [error] [/home/drdbrioso/.vscode/extensions/ms-python.python-2025.14.0-linux-x64]: Extension is not compatible with Code 1.85.2. Extension requires: ^1.95.0.
2025-10-14 16:21:30.223 [error] [/home/drdbrioso/.vscode/extensions/ms-toolsai.vscode-jupyter-cell-tags-0.1.9]: Extension is not compatible with Code 1.85.2. Extension requires: ^1.88.0.
2025-10-14 16:21:30.224 [error] [/home/drdbrioso/.vscode/extensions/ms-toolsai.vscode-jupyter-slideshow-0.1.6]: Extension is not compatible with Code 1.85.2. Extension requires: ^1.88.0.
2025-10-14 16:21:30.224 [error] [/home/drdbrioso/.vscode/extensions/ms-toolsai.jupyter-renderers-1.3.0]: Extension is not compatible with Code 1.85.2. Extension requires: ^1.95.0.
2025-10-14 16:21:30.242 [error] [/home/drdbrioso/.vscode/extensions/ms-vscode.remote-server-1.5.3]: Extension is not compatible with Code 1.85.2. Extension requires: ^1.87.0.
2025-10-14 16:21:30.242 [error] [/home/drdbrioso/.vscode/extensions/ms-vscode-remote.remote-wsl-0.104.3]: Extension is not compatible with Code 1.85.2. Extension requires: ^1.104.0.
2025-10-14 16:21:30.243 [error] [/home/drdbrioso/.vscode/extensions/ms-vscode.remote-explorer-0.5.0]: Extension is not compatible with Code 1.85.2. Extension requires: ^1.87.0.
2025-10-14 16:21:30.245 [error] [/home/drdbrioso/.vscode/extensions/ms-python.debugpy-2025.10.0-linux-x64]: Extension is not compatible with Code 1.85.2. Extension requires: ^1.92.0.
2025-10-14 16:21:30.246 [error] [/home/drdbrioso/.vscode/extensions/ms-vscode-remote.remote-containers-0.427.0]: Extension is not compatible with Code 1.85.2. Extension requires: ^1.99.0.
2025-10-14 16:21:30.247 [error] [/home/drdbrioso/.vscode/extensions/ms-python.vscode-python-envs-1.8.0-linux-x64]: Extension is not compatible with Code 1.85.2. Extension requires: ^1.104.0-20250815.
2025-10-14 16:21:30.248 [error] [/home/drdbrioso/.vscode/extensions/ms-python.python-2025.14.0-linux-x64]: Extension is not compatible with Code 1.85.2. Extension requires: ^1.95.0.
2025-10-14 16:21:30.251 [error] [/home/drdbrioso/.vscode/extensions/ms-python.vscode-pylance-2025.8.3]: Extension is not compatible with Code 1.85.2. Extension requires: ^1.101.0.
2025-10-14 16:21:30.301 [error] [/home/drdbrioso/.vscode/extensions/ms-toolsai.vscode-jupyter-slideshow-0.1.6]: Extension is not compatible with Code 1.85.2. Extension requires: ^1.88.0.
2025-10-14 16:21:30.302 [error] [/home/drdbrioso/.vscode/extensions/ms-toolsai.vscode-jupyter-cell-tags-0.1.9]: Extension is not compatible with Code 1.85.2. Extension requires: ^1.88.0.
2025-10-14 16:21:30.302 [error] [/home/drdbrioso/.vscode/extensions/ms-toolsai.jupyter-renderers-1.3.0]: Extension is not compatible with Code 1.85.2. Extension requires: ^1.95.0.
2025-10-14 16:21:30.320 [error] [/home/drdbrioso/.vscode/extensions/ms-vscode.remote-server-1.5.3]: Extension is not compatible with Code 1.85.2. Extension requires: ^1.87.0.
2025-10-14 16:21:30.320 [error] [/home/drdbrioso/.vscode/extensions/ms-vscode.remote-explorer-0.5.0]: Extension is not compatible with Code 1.85.2. Extension requires: ^1.87.0.
2025-10-14 16:21:30.320 [error] [/home/drdbrioso/.vscode/extensions/ms-vscode-remote.remote-wsl-0.104.3]: Extension is not compatible with Code 1.85.2. Extension requires: ^1.104.0.
2025-10-14 16:21:30.320 [error] [/home/drdbrioso/.vscode/extensions/ms-python.vscode-python-envs-1.8.0-linux-x64]: Extension is not compatible with Code 1.85.2. Extension requires: ^1.104.0-20250815.
2025-10-14 16:21:30.321 [error] [/home/drdbrioso/.vscode/extensions/ms-python.debugpy-2025.10.0-linux-x64]: Extension is not compatible with Code 1.85.2. Extension requires: ^1.92.0.
2025-10-14 16:21:30.321 [error] [/home/drdbrioso/.vscode/extensions/ms-vscode-remote.remote-containers-0.427.0]: Extension is not compatible with Code 1.85.2. Extension requires: ^1.99.0.
2025-10-14 16:21:30.322 [error] [/home/drdbrioso/.vscode/extensions/ms-python.python-2025.14.0-linux-x64]: Extension is not compatible with Code 1.85.2. Extension requires: ^1.95.0.
2025-10-14 16:21:30.323 [error] [/home/drdbrioso/.vscode/extensions/ms-python.vscode-pylance-2025.8.3]: Extension is not compatible with Code 1.85.2. Extension requires: ^1.101.0.
2025-10-14 16:21:36.641 [error] [/home/drdbrioso/.vscode/extensions/ms-toolsai.vscode-jupyter-cell-tags-0.1.9]: Extension is not compatible with Code 1.85.2. Extension requires: ^1.88.0.
2025-10-14 16:21:36.642 [error] [/home/drdbrioso/.vscode/extensions/ms-toolsai.vscode-jupyter-slideshow-0.1.6]: Extension is not compatible with Code 1.85.2. Extension requires: ^1.88.0.
2025-10-14 16:21:36.642 [error] [/home/drdbrioso/.vscode/extensions/ms-toolsai.jupyter-renderers-1.3.0]: Extension is not compatible with Code 1.85.2. Extension requires: ^1.95.0.
2025-10-14 16:21:36.654 [error] [/home/drdbrioso/.vscode/extensions/ms-vscode-remote.remote-wsl-0.104.3]: Extension is not compatible with Code 1.85.2. Extension requires: ^1.104.0.
2025-10-14 16:21:36.654 [error] [/home/drdbrioso/.vscode/extensions/ms-vscode.remote-server-1.5.3]: Extension is not compatible with Code 1.85.2. Extension requires: ^1.87.0.
2025-10-14 16:21:36.656 [error] [/home/drdbrioso/.vscode/extensions/ms-vscode.remote-explorer-0.5.0]: Extension is not compatible with Code 1.85.2. Extension requires: ^1.87.0.
2025-10-14 16:21:36.657 [error] [/home/drdbrioso/.vscode/extensions/ms-vscode-remote.remote-containers-0.427.0]: Extension is not compatible with Code 1.85.2. Extension requires: ^1.99.0.
2025-10-14 16:21:36.657 [error] [/home/drdbrioso/.vscode/extensions/ms-python.vscode-python-envs-1.8.0-linux-x64]: Extension is not compatible with Code 1.85.2. Extension requires: ^1.104.0-20250815.
2025-10-14 16:21:36.658 [error] [/home/drdbrioso/.vscode/extensions/ms-python.debugpy-2025.10.0-linux-x64]: Extension is not compatible with Code 1.85.2. Extension requires: ^1.92.0.
2025-10-14 16:21:36.660 [error] [/home/drdbrioso/.vscode/extensions/ms-python.python-2025.14.0-linux-x64]: Extension is not compatible with Code 1.85.2. Extension requires: ^1.95.0.
2025-10-14 16:21:36.662 [error] [/home/drdbrioso/.vscode/extensions/ms-python.vscode-pylance-2025.8.3]: Extension is not compatible with Code 1.85.2. Extension requires: ^1.101.0.
2025-10-14 16:21:36.837 [error] [/home/drdbrioso/.vscode/extensions/ms-toolsai.vscode-jupyter-slideshow-0.1.6]: Extension is not compatible with Code 1.85.2. Extension requires: ^1.88.0.
2025-10-14 16:21:36.837 [error] [/home/drdbrioso/.vscode/extensions/ms-toolsai.vscode-jupyter-cell-tags-0.1.9]: Extension is not compatible with Code 1.85.2. Extension requires: ^1.88.0.
2025-10-14 16:21:36.837 [error] [/home/drdbrioso/.vscode/extensions/ms-toolsai.jupyter-renderers-1.3.0]: Extension is not compatible with Code 1.85.2. Extension requires: ^1.95.0.
2025-10-14 16:21:36.859 [error] [/home/drdbrioso/.vscode/extensions/ms-toolsai.vscode-jupyter-cell-tags-0.1.9]: Extension is not compatible with Code 1.85.2. Extension requires: ^1.88.0.
2025-10-14 16:21:36.859 [error] [/home/drdbrioso/.vscode/extensions/ms-toolsai.vscode-jupyter-slideshow-0.1.6]: Extension is not compatible with Code 1.85.2. Extension requires: ^1.88.0.
2025-10-14 16:21:36.860 [error] [/home/drdbrioso/.vscode/extensions/ms-toolsai.jupyter-renderers-1.3.0]: Extension is not compatible with Code 1.85.2. Extension requires: ^1.95.0.
2025-10-14 16:21:36.890 [error] [/home/drdbrioso/.vscode/extensions/ms-vscode.remote-server-1.5.3]: Extension is not compatible with Code 1.85.2. Extension requires: ^1.87.0.
2025-10-14 16:21:36.890 [error] [/home/drdbrioso/.vscode/extensions/ms-vscode-remote.remote-containers-0.427.0]: Extension is not compatible with Code 1.85.2. Extension requires: ^1.99.0.
2025-10-14 16:21:36.890 [error] [/home/drdbrioso/.vscode/extensions/ms-vscode-remote.remote-wsl-0.104.3]: Extension is not compatible with Code 1.85.2. Extension requires: ^1.104.0.
2025-10-14 16:21:36.890 [error] [/home/drdbrioso/.vscode/extensions/ms-python.vscode-python-envs-1.8.0-linux-x64]: Extension is not compatible with Code 1.85.2. Extension requires: ^1.104.0-20250815.
2025-10-14 16:21:36.890 [error] [/home/drdbrioso/.vscode/extensions/ms-vscode.remote-explorer-0.5.0]: Extension is not compatible with Code 1.85.2. Extension requires: ^1.87.0.
2025-10-14 16:21:36.891 [error] [/home/drdbrioso/.vscode/extensions/ms-python.debugpy-2025.10.0-linux-x64]: Extension is not compatible with Code 1.85.2. Extension requires: ^1.92.0.
2025-10-14 16:21:36.892 [error] [/home/drdbrioso/.vscode/extensions/ms-python.python-2025.14.0-linux-x64]: Extension is not compatible with Code 1.85.2. Extension requires: ^1.95.0.
2025-10-14 16:21:36.892 [error] [/home/drdbrioso/.vscode/extensions/ms-python.vscode-pylance-2025.8.3]: Extension is not compatible with Code 1.85.2. Extension requires: ^1.101.0.
2025-10-14 16:21:36.894 [error] [/home/drdbrioso/.vscode/extensions/ms-toolsai.vscode-jupyter-cell-tags-0.1.9]: Extension is not compatible with Code 1.85.2. Extension requires: ^1.88.0.
2025-10-14 16:21:36.895 [error] [/home/drdbrioso/.vscode/extensions/ms-toolsai.vscode-jupyter-slideshow-0.1.6]: Extension is not compatible with Code 1.85.2. Extension requires: ^1.88.0.
2025-10-14 16:21:36.895 [error] [/home/drdbrioso/.vscode/extensions/ms-toolsai.jupyter-renderers-1.3.0]: Extension is not compatible with Code 1.85.2. Extension requires: ^1.95.0.
2025-10-14 16:21:36.899 [error] [/home/drdbrioso/.vscode/extensions/ms-vscode.remote-explorer-0.5.0]: Extension is not compatible with Code 1.85.2. Extension requires: ^1.87.0.
2025-10-14 16:21:36.899 [error] [/home/drdbrioso/.vscode/extensions/ms-vscode.remote-server-1.5.3]: Extension is not compatible with Code 1.85.2. Extension requires: ^1.87.0.
2025-10-14 16:21:36.899 [error] [/home/drdbrioso/.vscode/extensions/ms-vscode-remote.remote-containers-0.427.0]: Extension is not compatible with Code 1.85.2. Extension requires: ^1.99.0.
2025-10-14 16:21:36.900 [error] [/home/drdbrioso/.vscode/extensions/ms-python.vscode-python-envs-1.8.0-linux-x64]: Extension is not compatible with Code 1.85.2. Extension requires: ^1.104.0-20250815.
2025-10-14 16:21:36.900 [error] [/home/drdbrioso/.vscode/extensions/ms-python.debugpy-2025.10.0-linux-x64]: Extension is not compatible with Code 1.85.2. Extension requires: ^1.92.0.
2025-10-14 16:21:36.901 [error] [/home/drdbrioso/.vscode/extensions/ms-vscode-remote.remote-wsl-0.104.3]: Extension is not compatible with Code 1.85.2. Extension requires: ^1.104.0.
2025-10-14 16:21:36.901 [error] [/home/drdbrioso/.vscode/extensions/ms-python.python-2025.14.0-linux-x64]: Extension is not compatible with Code 1.85.2. Extension requires: ^1.95.0.
2025-10-14 16:21:36.902 [error] [/home/drdbrioso/.vscode/extensions/ms-python.vscode-pylance-2025.8.3]: Extension is not compatible with Code 1.85.2. Extension requires: ^1.101.0.
2025-10-14 16:21:36.920 [error] [/home/drdbrioso/.vscode/extensions/ms-vscode.remote-server-1.5.3]: Extension is not compatible with Code 1.85.2. Extension requires: ^1.87.0.
2025-10-14 16:21:36.920 [error] [/home/drdbrioso/.vscode/extensions/ms-vscode.remote-explorer-0.5.0]: Extension is not compatible with Code 1.85.2. Extension requires: ^1.87.0.
2025-10-14 16:21:36.921 [error] [/home/drdbrioso/.vscode/extensions/ms-python.vscode-python-envs-1.8.0-linux-x64]: Extension is not compatible with Code 1.85.2. Extension requires: ^1.104.0-20250815.
2025-10-14 16:21:36.921 [error] [/home/drdbrioso/.vscode/extensions/ms-vscode-remote.remote-wsl-0.104.3]: Extension is not compatible with Code 1.85.2. Extension requires: ^1.104.0.
2025-10-14 16:21:36.921 [error] [/home/drdbrioso/.vscode/extensions/ms-python.debugpy-2025.10.0-linux-x64]: Extension is not compatible with Code 1.85.2. Extension requires: ^1.92.0.
2025-10-14 16:21:36.922 [error] [/home/drdbrioso/.vscode/extensions/ms-vscode-remote.remote-containers-0.427.0]: Extension is not compatible with Code 1.85.2. Extension requires: ^1.99.0.
2025-10-14 16:21:36.922 [error] [/home/drdbrioso/.vscode/extensions/ms-python.python-2025.14.0-linux-x64]: Extension is not compatible with Code 1.85.2. Extension requires: ^1.95.0.
2025-10-14 16:21:36.922 [error] [/home/drdbrioso/.vscode/extensions/ms-python.vscode-pylance-2025.8.3]: Extension is not compatible with Code 1.85.2. Extension requires: ^1.101.0.
2025-10-14 16:21:39.137 [error] [/home/drdbrioso/.vscode/extensions/ms-toolsai.vscode-jupyter-cell-tags-0.1.9]: Extension is not compatible with Code 1.85.2. Extension requires: ^1.88.0.
2025-10-14 16:21:39.138 [error] [/home/drdbrioso/.vscode/extensions/ms-toolsai.vscode-jupyter-slideshow-0.1.6]: Extension is not compatible with Code 1.85.2. Extension requires: ^1.88.0.
2025-10-14 16:21:39.138 [error] [/home/drdbrioso/.vscode/extensions/ms-toolsai.jupyter-renderers-1.3.0]: Extension is not compatible with Code 1.85.2. Extension requires: ^1.95.0.
2025-10-14 16:21:39.140 [error] [/home/drdbrioso/.vscode/extensions/ms-toolsai.vscode-jupyter-slideshow-0.1.6]: Extension is not compatible with Code 1.85.2. Extension requires: ^1.88.0.
2025-10-14 16:21:39.140 [error] [/home/drdbrioso/.vscode/extensions/ms-toolsai.vscode-jupyter-cell-tags-0.1.9]: Extension is not compatible with Code 1.85.2. Extension requires: ^1.88.0.
2025-10-14 16:21:39.141 [error] [/home/drdbrioso/.vscode/extensions/ms-toolsai.jupyter-renderers-1.3.0]: Extension is not compatible with Code 1.85.2. Extension requires: ^1.95.0.
2025-10-14 16:21:39.152 [error] [/home/drdbrioso/.vscode/extensions/ms-vscode.remote-server-1.5.3]: Extension is not compatible with Code 1.85.2. Extension requires: ^1.87.0.
2025-10-14 16:21:39.152 [error] [/home/drdbrioso/.vscode/extensions/ms-vscode.remote-explorer-0.5.0]: Extension is not compatible with Code 1.85.2. Extension requires: ^1.87.0.
2025-10-14 16:21:39.153 [error] [/home/drdbrioso/.vscode/extensions/ms-vscode-remote.remote-wsl-0.104.3]: Extension is not compatible with Code 1.85.2. Extension requires: ^1.104.0.
2025-10-14 16:21:39.153 [error] [/home/drdbrioso/.vscode/extensions/ms-python.vscode-python-envs-1.8.0-linux-x64]: Extension is not compatible with Code 1.85.2. Extension requires: ^1.104.0-20250815.
2025-10-14 16:21:39.153 [error] [/home/drdbrioso/.vscode/extensions/ms-vscode-remote.remote-containers-0.427.0]: Extension is not compatible with Code 1.85.2. Extension requires: ^1.99.0.
2025-10-14 16:21:39.154 [error] [/home/drdbrioso/.vscode/extensions/ms-python.debugpy-2025.10.0-linux-x64]: Extension is not compatible with Code 1.85.2. Extension requires: ^1.92.0.
2025-10-14 16:21:39.154 [error] [/home/drdbrioso/.vscode/extensions/ms-python.python-2025.14.0-linux-x64]: Extension is not compatible with Code 1.85.2. Extension requires: ^1.95.0.
2025-10-14 16:21:39.156 [error] [/home/drdbrioso/.vscode/extensions/ms-python.vscode-pylance-2025.8.3]: Extension is not compatible with Code 1.85.2. Extension requires: ^1.101.0.
2025-10-14 16:21:39.157 [error] [/home/drdbrioso/.vscode/extensions/ms-vscode.remote-explorer-0.5.0]: Extension is not compatible with Code 1.85.2. Extension requires: ^1.87.0.
2025-10-14 16:21:39.158 [error] [/home/drdbrioso/.vscode/extensions/ms-vscode-remote.remote-wsl-0.104.3]: Extension is not compatible with Code 1.85.2. Extension requires: ^1.104.0.
2025-10-14 16:21:39.158 [error] [/home/drdbrioso/.vscode/extensions/ms-vscode-remote.remote-containers-0.427.0]: Extension is not compatible with Code 1.85.2. Extension requires: ^1.99.0.
2025-10-14 16:21:39.158 [error] [/home/drdbrioso/.vscode/extensions/ms-python.vscode-python-envs-1.8.0-linux-x64]: Extension is not compatible with Code 1.85.2. Extension requires: ^1.104.0-20250815.
2025-10-14 16:21:39.158 [error] [/home/drdbrioso/.vscode/extensions/ms-python.debugpy-2025.10.0-linux-x64]: Extension is not compatible with Code 1.85.2. Extension requires: ^1.92.0.
2025-10-14 16:21:39.158 [error] [/home/drdbrioso/.vscode/extensions/ms-vscode.remote-server-1.5.3]: Extension is not compatible with Code 1.85.2. Extension requires: ^1.87.0.
2025-10-14 16:21:39.159 [error] [/home/drdbrioso/.vscode/extensions/ms-python.python-2025.14.0-linux-x64]: Extension is not compatible with Code 1.85.2. Extension requires: ^1.95.0.
2025-10-14 16:21:39.160 [error] [/home/drdbrioso/.vscode/extensions/ms-python.vscode-pylance-2025.8.3]: Extension is not compatible with Code 1.85.2. Extension requires: ^1.101.0.
2025-10-14 16:21:49.474 [error] [/home/drdbrioso/.vscode/extensions/ms-toolsai.vscode-jupyter-cell-tags-0.1.9]: Extension is not compatible with Code 1.85.2. Extension requires: ^1.88.0.
2025-10-14 16:21:49.475 [error] [/home/drdbrioso/.vscode/extensions/ms-toolsai.vscode-jupyter-slideshow-0.1.6]: Extension is not compatible with Code 1.85.2. Extension requires: ^1.88.0.
2025-10-14 16:21:49.475 [error] [/home/drdbrioso/.vscode/extensions/ms-toolsai.jupyter-renderers-1.3.0]: Extension is not compatible with Code 1.85.2. Extension requires: ^1.95.0.
2025-10-14 16:21:49.484 [error] [/home/drdbrioso/.vscode/extensions/ms-vscode.remote-server-1.5.3]: Extension is not compatible with Code 1.85.2. Extension requires: ^1.87.0.
2025-10-14 16:21:49.485 [error] [/home/drdbrioso/.vscode/extensions/ms-vscode-remote.remote-wsl-0.104.3]: Extension is not compatible with Code 1.85.2. Extension requires: ^1.104.0.
2025-10-14 16:21:49.485 [error] [/home/drdbrioso/.vscode/extensions/ms-vscode.remote-explorer-0.5.0]: Extension is not compatible with Code 1.85.2. Extension requires: ^1.87.0.
2025-10-14 16:21:49.487 [error] [/home/drdbrioso/.vscode/extensions/ms-python.vscode-python-envs-1.8.0-linux-x64]: Extension is not compatible with Code 1.85.2. Extension requires: ^1.104.0-20250815.
2025-10-14 16:21:49.488 [error] [/home/drdbrioso/.vscode/extensions/ms-python.debugpy-2025.10.0-linux-x64]: Extension is not compatible with Code 1.85.2. Extension requires: ^1.92.0.
2025-10-14 16:21:49.489 [error] [/home/drdbrioso/.vscode/extensions/ms-vscode-remote.remote-containers-0.427.0]: Extension is not compatible with Code 1.85.2. Extension requires: ^1.99.0.
2025-10-14 16:21:49.492 [error] [/home/drdbrioso/.vscode/extensions/ms-python.python-2025.14.0-linux-x64]: Extension is not compatible with Code 1.85.2. Extension requires: ^1.95.0.
2025-10-14 16:21:49.493 [error] [/home/drdbrioso/.vscode/extensions/ms-python.vscode-pylance-2025.8.3]: Extension is not compatible with Code 1.85.2. Extension requires: ^1.101.0.
2025-10-14 16:21:49.720 [error] [/home/drdbrioso/.vscode/extensions/ms-toolsai.vscode-jupyter-cell-tags-0.1.9]: Extension is not compatible with Code 1.85.2. Extension requires: ^1.88.0.
2025-10-14 16:21:49.720 [error] [/home/drdbrioso/.vscode/extensions/ms-toolsai.vscode-jupyter-slideshow-0.1.6]: Extension is not compatible with Code 1.85.2. Extension requires: ^1.88.0.
2025-10-14 16:21:49.721 [error] [/home/drdbrioso/.vscode/extensions/ms-toolsai.jupyter-renderers-1.3.0]: Extension is not compatible with Code 1.85.2. Extension requires: ^1.95.0.
2025-10-14 16:21:49.735 [error] [/home/drdbrioso/.vscode/extensions/ms-vscode.remote-server-1.5.3]: Extension is not compatible with Code 1.85.2. Extension requires: ^1.87.0.
2025-10-14 16:21:49.736 [error] [/home/drdbrioso/.vscode/extensions/ms-vscode-remote.remote-wsl-0.104.3]: Extension is not compatible with Code 1.85.2. Extension requires: ^1.104.0.
2025-10-14 16:21:49.737 [error] [/home/drdbrioso/.vscode/extensions/ms-vscode-remote.remote-containers-0.427.0]: Extension is not compatible with Code 1.85.2. Extension requires: ^1.99.0.
2025-10-14 16:21:49.739 [error] [/home/drdbrioso/.vscode/extensions/ms-vscode.remote-explorer-0.5.0]: Extension is not compatible with Code 1.85.2. Extension requires: ^1.87.0.
2025-10-14 16:21:49.739 [error] [/home/drdbrioso/.vscode/extensions/ms-python.vscode-python-envs-1.8.0-linux-x64]: Extension is not compatible with Code 1.85.2. Extension requires: ^1.104.0-20250815.
2025-10-14 16:21:49.740 [error] [/home/drdbrioso/.vscode/extensions/ms-python.debugpy-2025.10.0-linux-x64]: Extension is not compatible with Code 1.85.2. Extension requires: ^1.92.0.
2025-10-14 16:21:49.741 [error] [/home/drdbrioso/.vscode/extensions/ms-python.python-2025.14.0-linux-x64]: Extension is not compatible with Code 1.85.2. Extension requires: ^1.95.0.
2025-10-14 16:21:49.742 [error] [/home/drdbrioso/.vscode/extensions/ms-python.vscode-pylance-2025.8.3]: Extension is not compatible with Code 1.85.2. Extension requires: ^1.101.0.
2025-10-14 16:21:50.018 [error] [/home/drdbrioso/.vscode/extensions/ms-toolsai.vscode-jupyter-cell-tags-0.1.9]: Extension is not compatible with Code 1.85.2. Extension requires: ^1.88.0.
2025-10-14 16:21:50.019 [error] [/home/drdbrioso/.vscode/extensions/ms-toolsai.vscode-jupyter-slideshow-0.1.6]: Extension is not compatible with Code 1.85.2. Extension requires: ^1.88.0.
2025-10-14 16:21:50.019 [error] [/home/drdbrioso/.vscode/extensions/ms-toolsai.jupyter-renderers-1.3.0]: Extension is not compatible with Code 1.85.2. Extension requires: ^1.95.0.
2025-10-14 16:21:50.028 [error] [/home/drdbrioso/.vscode/extensions/ms-vscode.remote-server-1.5.3]: Extension is not compatible with Code 1.85.2. Extension requires: ^1.87.0.
2025-10-14 16:21:50.029 [error] [/home/drdbrioso/.vscode/extensions/ms-vscode-remote.remote-containers-0.427.0]: Extension is not compatible with Code 1.85.2. Extension requires: ^1.99.0.
2025-10-14 16:21:50.029 [error] [/home/drdbrioso/.vscode/extensions/ms-vscode-remote.remote-wsl-0.104.3]: Extension is not compatible with Code 1.85.2. Extension requires: ^1.104.0.
2025-10-14 16:21:50.029 [error] [/home/drdbrioso/.vscode/extensions/ms-vscode.remote-explorer-0.5.0]: Extension is not compatible with Code 1.85.2. Extension requires: ^1.87.0.
2025-10-14 16:21:50.029 [error] [/home/drdbrioso/.vscode/extensions/ms-python.vscode-python-envs-1.8.0-linux-x64]: Extension is not compatible with Code 1.85.2. Extension requires: ^1.104.0-20250815.
2025-10-14 16:21:50.029 [error] [/home/drdbrioso/.vscode/extensions/ms-python.debugpy-2025.10.0-linux-x64]: Extension is not compatible with Code 1.85.2. Extension requires: ^1.92.0.
2025-10-14 16:21:50.030 [error] [/home/drdbrioso/.vscode/extensions/ms-python.python-2025.14.0-linux-x64]: Extension is not compatible with Code 1.85.2. Extension requires: ^1.95.0.
2025-10-14 16:21:50.031 [error] [/home/drdbrioso/.vscode/extensions/ms-python.vscode-pylance-2025.8.3]: Extension is not compatible with Code 1.85.2. Extension requires: ^1.101.0.
2025-10-14 16:21:50.866 [error] [/home/drdbrioso/.vscode/extensions/ms-toolsai.vscode-jupyter-slideshow-0.1.6]: Extension is not compatible with Code 1.85.2. Extension requires: ^1.88.0.
2025-10-14 16:21:50.866 [error] [/home/drdbrioso/.vscode/extensions/ms-toolsai.vscode-jupyter-cell-tags-0.1.9]: Extension is not compatible with Code 1.85.2. Extension requires: ^1.88.0.
2025-10-14 16:21:50.866 [error] [/home/drdbrioso/.vscode/extensions/ms-toolsai.jupyter-renderers-1.3.0]: Extension is not compatible with Code 1.85.2. Extension requires: ^1.95.0.
2025-10-14 16:21:50.869 [error] [/home/drdbrioso/.vscode/extensions/ms-vscode.remote-server-1.5.3]: Extension is not compatible with Code 1.85.2. Extension requires: ^1.87.0.
2025-10-14 16:21:50.870 [error] [/home/drdbrioso/.vscode/extensions/ms-vscode.remote-explorer-0.5.0]: Extension is not compatible with Code 1.85.2. Extension requires: ^1.87.0.
2025-10-14 16:21:50.870 [error] [/home/drdbrioso/.vscode/extensions/ms-vscode-remote.remote-containers-0.427.0]: Extension is not compatible with Code 1.85.2. Extension requires: ^1.99.0.
2025-10-14 16:21:50.870 [error] [/home/drdbrioso/.vscode/extensions/ms-python.debugpy-2025.10.0-linux-x64]: Extension is not compatible with Code 1.85.2. Extension requires: ^1.92.0.
2025-10-14 16:21:50.870 [error] [/home/drdbrioso/.vscode/extensions/ms-python.vscode-python-envs-1.8.0-linux-x64]: Extension is not compatible with Code 1.85.2. Extension requires: ^1.104.0-20250815.
2025-10-14 16:21:50.871 [error] [/home/drdbrioso/.vscode/extensions/ms-vscode-remote.remote-wsl-0.104.3]: Extension is not compatible with Code 1.85.2. Extension requires: ^1.104.0.
2025-10-14 16:21:50.871 [error] [/home/drdbrioso/.vscode/extensions/ms-python.vscode-pylance-2025.8.3]: Extension is not compatible with Code 1.85.2. Extension requires: ^1.101.0.
2025-10-14 16:21:50.872 [error] [/home/drdbrioso/.vscode/extensions/ms-python.python-2025.14.0-linux-x64]: Extension is not compatible with Code 1.85.2. Extension requires: ^1.95.0.
2025-10-14 16:21:51.433 [error] [/home/drdbrioso/.vscode/extensions/ms-toolsai.vscode-jupyter-cell-tags-0.1.9]: Extension is not compatible with Code 1.85.2. Extension requires: ^1.88.0.
2025-10-14 16:21:51.434 [error] [/home/drdbrioso/.vscode/extensions/ms-toolsai.vscode-jupyter-slideshow-0.1.6]: Extension is not compatible with Code 1.85.2. Extension requires: ^1.88.0.
2025-10-14 16:21:51.434 [error] [/home/drdbrioso/.vscode/extensions/ms-toolsai.jupyter-renderers-1.3.0]: Extension is not compatible with Code 1.85.2. Extension requires: ^1.95.0.
2025-10-14 16:21:51.437 [error] [/home/drdbrioso/.vscode/extensions/ms-vscode-remote.remote-containers-0.427.0]: Extension is not compatible with Code 1.85.2. Extension requires: ^1.99.0.
2025-10-14 16:21:51.437 [error] [/home/drdbrioso/.vscode/extensions/ms-vscode.remote-server-1.5.3]: Extension is not compatible with Code 1.85.2. Extension requires: ^1.87.0.
2025-10-14 16:21:51.438 [error] [/home/drdbrioso/.vscode/extensions/ms-vscode-remote.remote-wsl-0.104.3]: Extension is not compatible with Code 1.85.2. Extension requires: ^1.104.0.
2025-10-14 16:21:51.438 [error] [/home/drdbrioso/.vscode/extensions/ms-vscode.remote-explorer-0.5.0]: Extension is not compatible with Code 1.85.2. Extension requires: ^1.87.0.
2025-10-14 16:21:51.438 [error] [/home/drdbrioso/.vscode/extensions/ms-python.debugpy-2025.10.0-linux-x64]: Extension is not compatible with Code 1.85.2. Extension requires: ^1.92.0.
2025-10-14 16:21:51.438 [error] [/home/drdbrioso/.vscode/extensions/ms-python.vscode-python-envs-1.8.0-linux-x64]: Extension is not compatible with Code 1.85.2. Extension requires: ^1.104.0-20250815.
2025-10-14 16:21:51.439 [error] [/home/drdbrioso/.vscode/extensions/ms-python.python-2025.14.0-linux-x64]: Extension is not compatible with Code 1.85.2. Extension requires: ^1.95.0.
2025-10-14 16:21:51.439 [error] [/home/drdbrioso/.vscode/extensions/ms-python.vscode-pylance-2025.8.3]: Extension is not compatible with Code 1.85.2. Extension requires: ^1.101.0.
2025-10-14 16:21:51.640 [error] [/home/drdbrioso/.vscode/extensions/ms-toolsai.vscode-jupyter-cell-tags-0.1.9]: Extension is not compatible with Code 1.85.2. Extension requires: ^1.88.0.
2025-10-14 16:21:51.640 [error] [/home/drdbrioso/.vscode/extensions/ms-toolsai.vscode-jupyter-slideshow-0.1.6]: Extension is not compatible with Code 1.85.2. Extension requires: ^1.88.0.
2025-10-14 16:21:51.640 [error] [/home/drdbrioso/.vscode/extensions/ms-toolsai.jupyter-renderers-1.3.0]: Extension is not compatible with Code 1.85.2. Extension requires: ^1.95.0.
2025-10-14 16:21:51.650 [error] [/home/drdbrioso/.vscode/extensions/ms-vscode.remote-server-1.5.3]: Extension is not compatible with Code 1.85.2. Extension requires: ^1.87.0.
2025-10-14 16:21:51.651 [error] [/home/drdbrioso/.vscode/extensions/ms-vscode-remote.remote-wsl-0.104.3]: Extension is not compatible with Code 1.85.2. Extension requires: ^1.104.0.
2025-10-14 16:21:51.651 [error] [/home/drdbrioso/.vscode/extensions/ms-vscode.remote-explorer-0.5.0]: Extension is not compatible with Code 1.85.2. Extension requires: ^1.87.0.
2025-10-14 16:21:51.651 [error] [/home/drdbrioso/.vscode/extensions/ms-python.vscode-python-envs-1.8.0-linux-x64]: Extension is not compatible with Code 1.85.2. Extension requires: ^1.104.0-20250815.
2025-10-14 16:21:51.651 [error] [/home/drdbrioso/.vscode/extensions/ms-python.debugpy-2025.10.0-linux-x64]: Extension is not compatible with Code 1.85.2. Extension requires: ^1.92.0.
2025-10-14 16:21:51.652 [error] [/home/drdbrioso/.vscode/extensions/ms-vscode-remote.remote-containers-0.427.0]: Extension is not compatible with Code 1.85.2. Extension requires: ^1.99.0.
2025-10-14 16:21:51.653 [error] [/home/drdbrioso/.vscode/extensions/ms-python.python-2025.14.0-linux-x64]: Extension is not compatible with Code 1.85.2. Extension requires: ^1.95.0.
2025-10-14 16:21:51.654 [error] [/home/drdbrioso/.vscode/extensions/ms-python.vscode-pylance-2025.8.3]: Extension is not compatible with Code 1.85.2. Extension requires: ^1.101.0.
2025-10-14 16:21:52.129 [error] [/home/drdbrioso/.vscode/extensions/ms-toolsai.vscode-jupyter-slideshow-0.1.6]: Extension is not compatible with Code 1.85.2. Extension requires: ^1.88.0.
2025-10-14 16:21:52.130 [error] [/home/drdbrioso/.vscode/extensions/ms-toolsai.vscode-jupyter-cell-tags-0.1.9]: Extension is not compatible with Code 1.85.2. Extension requires: ^1.88.0.
2025-10-14 16:21:52.130 [error] [/home/drdbrioso/.vscode/extensions/ms-toolsai.jupyter-renderers-1.3.0]: Extension is not compatible with Code 1.85.2. Extension requires: ^1.95.0.
2025-10-14 16:21:52.133 [error] [/home/drdbrioso/.vscode/extensions/ms-vscode.remote-server-1.5.3]: Extension is not compatible with Code 1.85.2. Extension requires: ^1.87.0.
2025-10-14 16:21:52.134 [error] [/home/drdbrioso/.vscode/extensions/ms-vscode-remote.remote-containers-0.427.0]: Extension is not compatible with Code 1.85.2. Extension requires: ^1.99.0.
2025-10-14 16:21:52.134 [error] [/home/drdbrioso/.vscode/extensions/ms-vscode-remote.remote-wsl-0.104.3]: Extension is not compatible with Code 1.85.2. Extension requires: ^1.104.0.
2025-10-14 16:21:52.134 [error] [/home/drdbrioso/.vscode/extensions/ms-vscode.remote-explorer-0.5.0]: Extension is not compatible with Code 1.85.2. Extension requires: ^1.87.0.
2025-10-14 16:21:52.134 [error] [/home/drdbrioso/.vscode/extensions/ms-python.vscode-python-envs-1.8.0-linux-x64]: Extension is not compatible with Code 1.85.2. Extension requires: ^1.104.0-20250815.
2025-10-14 16:21:52.135 [error] [/home/drdbrioso/.vscode/extensions/ms-python.debugpy-2025.10.0-linux-x64]: Extension is not compatible with Code 1.85.2. Extension requires: ^1.92.0.
2025-10-14 16:21:52.135 [error] [/home/drdbrioso/.vscode/extensions/ms-python.python-2025.14.0-linux-x64]: Extension is not compatible with Code 1.85.2. Extension requires: ^1.95.0.
2025-10-14 16:21:52.136 [error] [/home/drdbrioso/.vscode/extensions/ms-python.vscode-pylance-2025.8.3]: Extension is not compatible with Code 1.85.2. Extension requires: ^1.101.0.
2025-10-14 16:22:16.180 [error] [/home/drdbrioso/.vscode/extensions/ms-toolsai.vscode-jupyter-cell-tags-0.1.9]: Extension is not compatible with Code 1.85.2. Extension requires: ^1.88.0.
2025-10-14 16:22:16.180 [error] [/home/drdbrioso/.vscode/extensions/ms-toolsai.vscode-jupyter-slideshow-0.1.6]: Extension is not compatible with Code 1.85.2. Extension requires: ^1.88.0.
2025-10-14 16:22:16.180 [error] [/home/drdbrioso/.vscode/extensions/ms-toolsai.jupyter-renderers-1.3.0]: Extension is not compatible with Code 1.85.2. Extension requires: ^1.95.0.
2025-10-14 16:22:16.192 [error] [/home/drdbrioso/.vscode/extensions/ms-toolsai.vscode-jupyter-slideshow-0.1.6]: Extension is not compatible with Code 1.85.2. Extension requires: ^1.88.0.
2025-10-14 16:22:16.193 [error] [/home/drdbrioso/.vscode/extensions/ms-toolsai.vscode-jupyter-cell-tags-0.1.9]: Extension is not compatible with Code 1.85.2. Extension requires: ^1.88.0.
2025-10-14 16:22:16.193 [error] [/home/drdbrioso/.vscode/extensions/ms-toolsai.jupyter-renderers-1.3.0]: Extension is not compatible with Code 1.85.2. Extension requires: ^1.95.0.
2025-10-14 16:22:16.199 [error] [/home/drdbrioso/.vscode/extensions/ms-vscode.remote-server-1.5.3]: Extension is not compatible with Code 1.85.2. Extension requires: ^1.87.0.
2025-10-14 16:22:16.199 [error] [/home/drdbrioso/.vscode/extensions/ms-vscode.remote-explorer-0.5.0]: Extension is not compatible with Code 1.85.2. Extension requires: ^1.87.0.
2025-10-14 16:22:16.199 [error] [/home/drdbrioso/.vscode/extensions/ms-python.vscode-python-envs-1.8.0-linux-x64]: Extension is not compatible with Code 1.85.2. Extension requires: ^1.104.0-20250815.
2025-10-14 16:22:16.200 [error] [/home/drdbrioso/.vscode/extensions/ms-vscode-remote.remote-wsl-0.104.3]: Extension is not compatible with Code 1.85.2. Extension requires: ^1.104.0.
2025-10-14 16:22:16.200 [error] [/home/drdbrioso/.vscode/extensions/ms-python.debugpy-2025.10.0-linux-x64]: Extension is not compatible with Code 1.85.2. Extension requires: ^1.92.0.
2025-10-14 16:22:16.203 [error] [/home/drdbrioso/.vscode/extensions/ms-vscode-remote.remote-containers-0.427.0]: Extension is not compatible with Code 1.85.2. Extension requires: ^1.99.0.
2025-10-14 16:22:16.204 [error] [/home/drdbrioso/.vscode/extensions/ms-python.python-2025.14.0-linux-x64]: Extension is not compatible with Code 1.85.2. Extension requires: ^1.95.0.
2025-10-14 16:22:16.205 [error] [/home/drdbrioso/.vscode/extensions/ms-python.vscode-pylance-2025.8.3]: Extension is not compatible with Code 1.85.2. Extension requires: ^1.101.0.
2025-10-14 16:22:16.213 [error] [/home/drdbrioso/.vscode/extensions/ms-vscode.remote-server-1.5.3]: Extension is not compatible with Code 1.85.2. Extension requires: ^1.87.0.
2025-10-14 16:22:16.214 [error] [/home/drdbrioso/.vscode/extensions/ms-vscode-remote.remote-containers-0.427.0]: Extension is not compatible with Code 1.85.2. Extension requires: ^1.99.0.
2025-10-14 16:22:16.214 [error] [/home/drdbrioso/.vscode/extensions/ms-vscode.remote-explorer-0.5.0]: Extension is not compatible with Code 1.85.2. Extension requires: ^1.87.0.
2025-10-14 16:22:16.214 [error] [/home/drdbrioso/.vscode/extensions/ms-vscode-remote.remote-wsl-0.104.3]: Extension is not compatible with Code 1.85.2. Extension requires: ^1.104.0.
2025-10-14 16:22:16.215 [error] [/home/drdbrioso/.vscode/extensions/ms-python.vscode-python-envs-1.8.0-linux-x64]: Extension is not compatible with Code 1.85.2. Extension requires: ^1.104.0-20250815.
2025-10-14 16:22:16.215 [error] [/home/drdbrioso/.vscode/extensions/ms-python.debugpy-2025.10.0-linux-x64]: Extension is not compatible with Code 1.85.2. Extension requires: ^1.92.0.
2025-10-14 16:22:16.217 [error] [/home/drdbrioso/.vscode/extensions/ms-python.python-2025.14.0-linux-x64]: Extension is not compatible with Code 1.85.2. Extension requires: ^1.95.0.
2025-10-14 16:22:16.218 [error] [/home/drdbrioso/.vscode/extensions/ms-python.vscode-pylance-2025.8.3]: Extension is not compatible with Code 1.85.2. Extension requires: ^1.101.0.
2025-10-14 16:22:16.342 [error] [/home/drdbrioso/.vscode/extensions/ms-toolsai.vscode-jupyter-cell-tags-0.1.9]: Extension is not compatible with Code 1.85.2. Extension requires: ^1.88.0.
2025-10-14 16:22:16.342 [error] [/home/drdbrioso/.vscode/extensions/ms-toolsai.vscode-jupyter-slideshow-0.1.6]: Extension is not compatible with Code 1.85.2. Extension requires: ^1.88.0.
2025-10-14 16:22:16.342 [error] [/home/drdbrioso/.vscode/extensions/ms-toolsai.jupyter-renderers-1.3.0]: Extension is not compatible with Code 1.85.2. Extension requires: ^1.95.0.
2025-10-14 16:22:16.361 [error] [/home/drdbrioso/.vscode/extensions/ms-vscode.remote-server-1.5.3]: Extension is not compatible with Code 1.85.2. Extension requires: ^1.87.0.
2025-10-14 16:22:16.361 [error] [/home/drdbrioso/.vscode/extensions/ms-vscode-remote.remote-wsl-0.104.3]: Extension is not compatible with Code 1.85.2. Extension requires: ^1.104.0.
2025-10-14 16:22:16.362 [error] [/home/drdbrioso/.vscode/extensions/ms-vscode.remote-explorer-0.5.0]: Extension is not compatible with Code 1.85.2. Extension requires: ^1.87.0.
2025-10-14 16:22:16.362 [error] [/home/drdbrioso/.vscode/extensions/ms-python.debugpy-2025.10.0-linux-x64]: Extension is not compatible with Code 1.85.2. Extension requires: ^1.92.0.
2025-10-14 16:22:16.363 [error] [/home/drdbrioso/.vscode/extensions/ms-vscode-remote.remote-containers-0.427.0]: Extension is not compatible with Code 1.85.2. Extension requires: ^1.99.0.
2025-10-14 16:22:16.364 [error] [/home/drdbrioso/.vscode/extensions/ms-python.vscode-python-envs-1.8.0-linux-x64]: Extension is not compatible with Code 1.85.2. Extension requires: ^1.104.0-20250815.
2025-10-14 16:22:16.366 [error] [/home/drdbrioso/.vscode/extensions/ms-python.python-2025.14.0-linux-x64]: Extension is not compatible with Code 1.85.2. Extension requires: ^1.95.0.
2025-10-14 16:22:16.367 [error] [/home/drdbrioso/.vscode/extensions/ms-python.vscode-pylance-2025.8.3]: Extension is not compatible with Code 1.85.2. Extension requires: ^1.101.0.
2025-10-14 16:22:16.391 [error] [/home/drdbrioso/.vscode/extensions/ms-toolsai.vscode-jupyter-cell-tags-0.1.9]: Extension is not compatible with Code 1.85.2. Extension requires: ^1.88.0.
2025-10-14 16:22:16.391 [error] [/home/drdbrioso/.vscode/extensions/ms-toolsai.vscode-jupyter-slideshow-0.1.6]: Extension is not compatible with Code 1.85.2. Extension requires: ^1.88.0.
2025-10-14 16:22:16.391 [error] [/home/drdbrioso/.vscode/extensions/ms-toolsai.jupyter-renderers-1.3.0]: Extension is not compatible with Code 1.85.2. Extension requires: ^1.95.0.
2025-10-14 16:22:16.414 [error] [/home/drdbrioso/.vscode/extensions/ms-vscode.remote-server-1.5.3]: Extension is not compatible with Code 1.85.2. Extension requires: ^1.87.0.
2025-10-14 16:22:16.415 [error] [/home/drdbrioso/.vscode/extensions/ms-vscode-remote.remote-wsl-0.104.3]: Extension is not compatible with Code 1.85.2. Extension requires: ^1.104.0.
2025-10-14 16:22:16.415 [error] [/home/drdbrioso/.vscode/extensions/ms-vscode.remote-explorer-0.5.0]: Extension is not compatible with Code 1.85.2. Extension requires: ^1.87.0.
2025-10-14 16:22:16.416 [error] [/home/drdbrioso/.vscode/extensions/ms-vscode-remote.remote-containers-0.427.0]: Extension is not compatible with Code 1.85.2. Extension requires: ^1.99.0.
2025-10-14 16:22:16.416 [error] [/home/drdbrioso/.vscode/extensions/ms-python.vscode-python-envs-1.8.0-linux-x64]: Extension is not compatible with Code 1.85.2. Extension requires: ^1.104.0-20250815.
2025-10-14 16:22:16.417 [error] [/home/drdbrioso/.vscode/extensions/ms-python.debugpy-2025.10.0-linux-x64]: Extension is not compatible with Code 1.85.2. Extension requires: ^1.92.0.
2025-10-14 16:22:16.418 [error] [/home/drdbrioso/.vscode/extensions/ms-python.python-2025.14.0-linux-x64]: Extension is not compatible with Code 1.85.2. Extension requires: ^1.95.0.
2025-10-14 16:22:16.420 [error] [/home/drdbrioso/.vscode/extensions/ms-python.vscode-pylance-2025.8.3]: Extension is not compatible with Code 1.85.2. Extension requires: ^1.101.0.
2025-10-14 16:22:18.829 [error] [/home/drdbrioso/.vscode/extensions/ms-toolsai.vscode-jupyter-cell-tags-0.1.9]: Extension is not compatible with Code 1.85.2. Extension requires: ^1.88.0.
2025-10-14 16:22:18.829 [error] [/home/drdbrioso/.vscode/extensions/ms-toolsai.vscode-jupyter-slideshow-0.1.6]: Extension is not compatible with Code 1.85.2. Extension requires: ^1.88.0.
2025-10-14 16:22:18.829 [error] [/home/drdbrioso/.vscode/extensions/ms-toolsai.jupyter-renderers-1.3.0]: Extension is not compatible with Code 1.85.2. Extension requires: ^1.95.0.
2025-10-14 16:22:18.833 [error] [/home/drdbrioso/.vscode/extensions/ms-toolsai.vscode-jupyter-slideshow-0.1.6]: Extension is not compatible with Code 1.85.2. Extension requires: ^1.88.0.
2025-10-14 16:22:18.834 [error] [/home/drdbrioso/.vscode/extensions/ms-toolsai.vscode-jupyter-cell-tags-0.1.9]: Extension is not compatible with Code 1.85.2. Extension requires: ^1.88.0.
2025-10-14 16:22:18.834 [error] [/home/drdbrioso/.vscode/extensions/ms-toolsai.jupyter-renderers-1.3.0]: Extension is not compatible with Code 1.85.2. Extension requires: ^1.95.0.
2025-10-14 16:22:18.847 [error] [/home/drdbrioso/.vscode/extensions/ms-vscode.remote-server-1.5.3]: Extension is not compatible with Code 1.85.2. Extension requires: ^1.87.0.
2025-10-14 16:22:18.847 [error] [/home/drdbrioso/.vscode/extensions/ms-vscode.remote-explorer-0.5.0]: Extension is not compatible with Code 1.85.2. Extension requires: ^1.87.0.
2025-10-14 16:22:18.848 [error] [/home/drdbrioso/.vscode/extensions/ms-python.vscode-python-envs-1.8.0-linux-x64]: Extension is not compatible with Code 1.85.2. Extension requires: ^1.104.0-20250815.
2025-10-14 16:22:18.848 [error] [/home/drdbrioso/.vscode/extensions/ms-vscode-remote.remote-wsl-0.104.3]: Extension is not compatible with Code 1.85.2. Extension requires: ^1.104.0.
2025-10-14 16:22:18.849 [error] [/home/drdbrioso/.vscode/extensions/ms-python.debugpy-2025.10.0-linux-x64]: Extension is not compatible with Code 1.85.2. Extension requires: ^1.92.0.
2025-10-14 16:22:18.850 [error] [/home/drdbrioso/.vscode/extensions/ms-vscode-remote.remote-containers-0.427.0]: Extension is not compatible with Code 1.85.2. Extension requires: ^1.99.0.
2025-10-14 16:22:18.854 [error] [/home/drdbrioso/.vscode/extensions/ms-python.python-2025.14.0-linux-x64]: Extension is not compatible with Code 1.85.2. Extension requires: ^1.95.0.
2025-10-14 16:22:18.855 [error] [/home/drdbrioso/.vscode/extensions/ms-python.vscode-pylance-2025.8.3]: Extension is not compatible with Code 1.85.2. Extension requires: ^1.101.0.
2025-10-14 16:22:18.859 [error] [/home/drdbrioso/.vscode/extensions/ms-vscode.remote-server-1.5.3]: Extension is not compatible with Code 1.85.2. Extension requires: ^1.87.0.
2025-10-14 16:22:18.859 [error] [/home/drdbrioso/.vscode/extensions/ms-vscode-remote.remote-wsl-0.104.3]: Extension is not compatible with Code 1.85.2. Extension requires: ^1.104.0.
2025-10-14 16:22:18.860 [error] [/home/drdbrioso/.vscode/extensions/ms-vscode.remote-explorer-0.5.0]: Extension is not compatible with Code 1.85.2. Extension requires: ^1.87.0.
2025-10-14 16:22:18.861 [error] [/home/drdbrioso/.vscode/extensions/ms-python.vscode-python-envs-1.8.0-linux-x64]: Extension is not compatible with Code 1.85.2. Extension requires: ^1.104.0-20250815.
2025-10-14 16:22:18.862 [error] [/home/drdbrioso/.vscode/extensions/ms-vscode-remote.remote-containers-0.427.0]: Extension is not compatible with Code 1.85.2. Extension requires: ^1.99.0.
2025-10-14 16:22:18.862 [error] [/home/drdbrioso/.vscode/extensions/ms-python.debugpy-2025.10.0-linux-x64]: Extension is not compatible with Code 1.85.2. Extension requires: ^1.92.0.
2025-10-14 16:22:18.863 [error] [/home/drdbrioso/.vscode/extensions/ms-python.python-2025.14.0-linux-x64]: Extension is not compatible with Code 1.85.2. Extension requires: ^1.95.0.
2025-10-14 16:22:18.863 [error] [/home/drdbrioso/.vscode/extensions/ms-python.vscode-pylance-2025.8.3]: Extension is not compatible with Code 1.85.2. Extension requires: ^1.101.0.
2025-10-14 16:22:20.522 [error] [/home/drdbrioso/.vscode/extensions/ms-toolsai.vscode-jupyter-slideshow-0.1.6]: Extension is not compatible with Code 1.85.2. Extension requires: ^1.88.0.
2025-10-14 16:22:20.522 [error] [/home/drdbrioso/.vscode/extensions/ms-toolsai.jupyter-renderers-1.3.0]: Extension is not compatible with Code 1.85.2. Extension requires: ^1.95.0.
2025-10-14 16:22:20.522 [error] [/home/drdbrioso/.vscode/extensions/ms-toolsai.vscode-jupyter-cell-tags-0.1.9]: Extension is not compatible with Code 1.85.2. Extension requires: ^1.88.0.
2025-10-14 16:22:20.539 [error] [/home/drdbrioso/.vscode/extensions/ms-vscode.remote-server-1.5.3]: Extension is not compatible with Code 1.85.2. Extension requires: ^1.87.0.
2025-10-14 16:22:20.539 [error] [/home/drdbrioso/.vscode/extensions/ms-vscode-remote.remote-wsl-0.104.3]: Extension is not compatible with Code 1.85.2. Extension requires: ^1.104.0.
2025-10-14 16:22:20.540 [error] [/home/drdbrioso/.vscode/extensions/ms-vscode.remote-explorer-0.5.0]: Extension is not compatible with Code 1.85.2. Extension requires: ^1.87.0.
2025-10-14 16:22:20.540 [error] [/home/drdbrioso/.vscode/extensions/ms-vscode-remote.remote-containers-0.427.0]: Extension is not compatible with Code 1.85.2. Extension requires: ^1.99.0.
2025-10-14 16:22:20.541 [error] [/home/drdbrioso/.vscode/extensions/ms-python.vscode-python-envs-1.8.0-linux-x64]: Extension is not compatible with Code 1.85.2. Extension requires: ^1.104.0-20250815.
2025-10-14 16:22:20.543 [error] [/home/drdbrioso/.vscode/extensions/ms-python.debugpy-2025.10.0-linux-x64]: Extension is not compatible with Code 1.85.2. Extension requires: ^1.92.0.
2025-10-14 16:22:20.544 [error] [/home/drdbrioso/.vscode/extensions/ms-python.python-2025.14.0-linux-x64]: Extension is not compatible with Code 1.85.2. Extension requires: ^1.95.0.
2025-10-14 16:22:20.545 [error] [/home/drdbrioso/.vscode/extensions/ms-python.vscode-pylance-2025.8.3]: Extension is not compatible with Code 1.85.2. Extension requires: ^1.101.0.
2025-10-14 16:22:21.650 [error] [/home/drdbrioso/.vscode/extensions/ms-toolsai.vscode-jupyter-cell-tags-0.1.9]: Extension is not compatible with Code 1.85.2. Extension requires: ^1.88.0.
2025-10-14 16:22:21.651 [error] [/home/drdbrioso/.vscode/extensions/ms-toolsai.vscode-jupyter-slideshow-0.1.6]: Extension is not compatible with Code 1.85.2. Extension requires: ^1.88.0.
2025-10-14 16:22:21.651 [error] [/home/drdbrioso/.vscode/extensions/ms-toolsai.jupyter-renderers-1.3.0]: Extension is not compatible with Code 1.85.2. Extension requires: ^1.95.0.
2025-10-14 16:22:21.654 [error] [/home/drdbrioso/.vscode/extensions/ms-vscode.remote-server-1.5.3]: Extension is not compatible with Code 1.85.2. Extension requires: ^1.87.0.
2025-10-14 16:22:21.654 [error] [/home/drdbrioso/.vscode/extensions/ms-vscode.remote-explorer-0.5.0]: Extension is not compatible with Code 1.85.2. Extension requires: ^1.87.0.
2025-10-14 16:22:21.654 [error] [/home/drdbrioso/.vscode/extensions/ms-vscode-remote.remote-containers-0.427.0]: Extension is not compatible with Code 1.85.2. Extension requires: ^1.99.0.
2025-10-14 16:22:21.655 [error] [/home/drdbrioso/.vscode/extensions/ms-vscode-remote.remote-wsl-0.104.3]: Extension is not compatible with Code 1.85.2. Extension requires: ^1.104.0.
2025-10-14 16:22:21.655 [error] [/home/drdbrioso/.vscode/extensions/ms-python.vscode-python-envs-1.8.0-linux-x64]: Extension is not compatible with Code 1.85.2. Extension requires: ^1.104.0-20250815.
2025-10-14 16:22:21.655 [error] [/home/drdbrioso/.vscode/extensions/ms-python.debugpy-2025.10.0-linux-x64]: Extension is not compatible with Code 1.85.2. Extension requires: ^1.92.0.
2025-10-14 16:22:21.655 [error] [/home/drdbrioso/.vscode/extensions/ms-python.python-2025.14.0-linux-x64]: Extension is not compatible with Code 1.85.2. Extension requires: ^1.95.0.
2025-10-14 16:22:21.656 [error] [/home/drdbrioso/.vscode/extensions/ms-python.vscode-pylance-2025.8.3]: Extension is not compatible with Code 1.85.2. Extension requires: ^1.101.0.
2025-10-14 16:22:22.007 [error] [/home/drdbrioso/.vscode/extensions/ms-toolsai.vscode-jupyter-cell-tags-0.1.9]: Extension is not compatible with Code 1.85.2. Extension requires: ^1.88.0.
2025-10-14 16:22:22.007 [error] [/home/drdbrioso/.vscode/extensions/ms-toolsai.vscode-jupyter-slideshow-0.1.6]: Extension is not compatible with Code 1.85.2. Extension requires: ^1.88.0.
2025-10-14 16:22:22.007 [error] [/home/drdbrioso/.vscode/extensions/ms-toolsai.jupyter-renderers-1.3.0]: Extension is not compatible with Code 1.85.2. Extension requires: ^1.95.0.
2025-10-14 16:22:22.022 [error] [/home/drdbrioso/.vscode/extensions/ms-vscode.remote-server-1.5.3]: Extension is not compatible with Code 1.85.2. Extension requires: ^1.87.0.
2025-10-14 16:22:22.023 [error] [/home/drdbrioso/.vscode/extensions/ms-vscode-remote.remote-wsl-0.104.3]: Extension is not compatible with Code 1.85.2. Extension requires: ^1.104.0.
2025-10-14 16:22:22.024 [error] [/home/drdbrioso/.vscode/extensions/ms-vscode.remote-explorer-0.5.0]: Extension is not compatible with Code 1.85.2. Extension requires: ^1.87.0.
2025-10-14 16:22:22.025 [error] [/home/drdbrioso/.vscode/extensions/ms-vscode-remote.remote-containers-0.427.0]: Extension is not compatible with Code 1.85.2. Extension requires: ^1.99.0.
2025-10-14 16:22:22.025 [error] [/home/drdbrioso/.vscode/extensions/ms-python.vscode-python-envs-1.8.0-linux-x64]: Extension is not compatible with Code 1.85.2. Extension requires: ^1.104.0-20250815.
2025-10-14 16:22:22.025 [error] [/home/drdbrioso/.vscode/extensions/ms-python.debugpy-2025.10.0-linux-x64]: Extension is not compatible with Code 1.85.2. Extension requires: ^1.92.0.
2025-10-14 16:22:22.026 [error] [/home/drdbrioso/.vscode/extensions/ms-python.python-2025.14.0-linux-x64]: Extension is not compatible with Code 1.85.2. Extension requires: ^1.95.0.
2025-10-14 16:22:22.026 [error] [/home/drdbrioso/.vscode/extensions/ms-python.vscode-pylance-2025.8.3]: Extension is not compatible with Code 1.85.2. Extension requires: ^1.101.0.
2025-10-14 16:22:22.213 [error] [/home/drdbrioso/.vscode/extensions/ms-toolsai.vscode-jupyter-cell-tags-0.1.9]: Extension is not compatible with Code 1.85.2. Extension requires: ^1.88.0.
2025-10-14 16:22:22.214 [error] [/home/drdbrioso/.vscode/extensions/ms-toolsai.vscode-jupyter-slideshow-0.1.6]: Extension is not compatible with Code 1.85.2. Extension requires: ^1.88.0.
2025-10-14 16:22:22.214 [error] [/home/drdbrioso/.vscode/extensions/ms-toolsai.jupyter-renderers-1.3.0]: Extension is not compatible with Code 1.85.2. Extension requires: ^1.95.0.
2025-10-14 16:22:22.218 [error] [/home/drdbrioso/.vscode/extensions/ms-vscode-remote.remote-containers-0.427.0]: Extension is not compatible with Code 1.85.2. Extension requires: ^1.99.0.
2025-10-14 16:22:22.218 [error] [/home/drdbrioso/.vscode/extensions/ms-vscode.remote-server-1.5.3]: Extension is not compatible with Code 1.85.2. Extension requires: ^1.87.0.
2025-10-14 16:22:22.219 [error] [/home/drdbrioso/.vscode/extensions/ms-vscode-remote.remote-wsl-0.104.3]: Extension is not compatible with Code 1.85.2. Extension requires: ^1.104.0.
2025-10-14 16:22:22.219 [error] [/home/drdbrioso/.vscode/extensions/ms-vscode.remote-explorer-0.5.0]: Extension is not compatible with Code 1.85.2. Extension requires: ^1.87.0.
2025-10-14 16:22:22.219 [error] [/home/drdbrioso/.vscode/extensions/ms-python.vscode-python-envs-1.8.0-linux-x64]: Extension is not compatible with Code 1.85.2. Extension requires: ^1.104.0-20250815.
2025-10-14 16:22:22.219 [error] [/home/drdbrioso/.vscode/extensions/ms-python.debugpy-2025.10.0-linux-x64]: Extension is not compatible with Code 1.85.2. Extension requires: ^1.92.0.
2025-10-14 16:22:22.220 [error] [/home/drdbrioso/.vscode/extensions/ms-python.python-2025.14.0-linux-x64]: Extension is not compatible with Code 1.85.2. Extension requires: ^1.95.0.
2025-10-14 16:22:22.221 [error] [/home/drdbrioso/.vscode/extensions/ms-python.vscode-pylance-2025.8.3]: Extension is not compatible with Code 1.85.2. Extension requires: ^1.101.0.
2025-10-14 16:22:23.118 [error] [/home/drdbrioso/.vscode/extensions/ms-toolsai.vscode-jupyter-cell-tags-0.1.9]: Extension is not compatible with Code 1.85.2. Extension requires: ^1.88.0.
2025-10-14 16:22:23.118 [error] [/home/drdbrioso/.vscode/extensions/ms-toolsai.vscode-jupyter-slideshow-0.1.6]: Extension is not compatible with Code 1.85.2. Extension requires: ^1.88.0.
2025-10-14 16:22:23.118 [error] [/home/drdbrioso/.vscode/extensions/ms-toolsai.jupyter-renderers-1.3.0]: Extension is not compatible with Code 1.85.2. Extension requires: ^1.95.0.
2025-10-14 16:22:23.127 [error] [/home/drdbrioso/.vscode/extensions/ms-vscode.remote-server-1.5.3]: Extension is not compatible with Code 1.85.2. Extension requires: ^1.87.0.
2025-10-14 16:22:23.127 [error] [/home/drdbrioso/.vscode/extensions/ms-vscode.remote-explorer-0.5.0]: Extension is not compatible with Code 1.85.2. Extension requires: ^1.87.0.
2025-10-14 16:22:23.128 [error] [/home/drdbrioso/.vscode/extensions/ms-vscode-remote.remote-wsl-0.104.3]: Extension is not compatible with Code 1.85.2. Extension requires: ^1.104.0.
2025-10-14 16:22:23.128 [error] [/home/drdbrioso/.vscode/extensions/ms-vscode-remote.remote-containers-0.427.0]: Extension is not compatible with Code 1.85.2. Extension requires: ^1.99.0.
2025-10-14 16:22:23.128 [error] [/home/drdbrioso/.vscode/extensions/ms-python.debugpy-2025.10.0-linux-x64]: Extension is not compatible with Code 1.85.2. Extension requires: ^1.92.0.
2025-10-14 16:22:23.129 [error] [/home/drdbrioso/.vscode/extensions/ms-python.python-2025.14.0-linux-x64]: Extension is not compatible with Code 1.85.2. Extension requires: ^1.95.0.
2025-10-14 16:22:23.129 [error] [/home/drdbrioso/.vscode/extensions/ms-python.vscode-python-envs-1.8.0-linux-x64]: Extension is not compatible with Code 1.85.2. Extension requires: ^1.104.0-20250815.
2025-10-14 16:22:23.130 [error] [/home/drdbrioso/.vscode/extensions/ms-python.vscode-pylance-2025.8.3]: Extension is not compatible with Code 1.85.2. Extension requires: ^1.101.0.
2025-10-14 16:22:23.562 [error] [/home/drdbrioso/.vscode/extensions/ms-toolsai.vscode-jupyter-cell-tags-0.1.9]: Extension is not compatible with Code 1.85.2. Extension requires: ^1.88.0.
2025-10-14 16:22:23.563 [error] [/home/drdbrioso/.vscode/extensions/ms-toolsai.vscode-jupyter-slideshow-0.1.6]: Extension is not compatible with Code 1.85.2. Extension requires: ^1.88.0.
2025-10-14 16:22:23.563 [error] [/home/drdbrioso/.vscode/extensions/ms-toolsai.jupyter-renderers-1.3.0]: Extension is not compatible with Code 1.85.2. Extension requires: ^1.95.0.
2025-10-14 16:22:23.566 [error] [/home/drdbrioso/.vscode/extensions/ms-vscode.remote-server-1.5.3]: Extension is not compatible with Code 1.85.2. Extension requires: ^1.87.0.
2025-10-14 16:22:23.566 [error] [/home/drdbrioso/.vscode/extensions/ms-vscode-remote.remote-wsl-0.104.3]: Extension is not compatible with Code 1.85.2. Extension requires: ^1.104.0.
2025-10-14 16:22:23.566 [error] [/home/drdbrioso/.vscode/extensions/ms-vscode-remote.remote-containers-0.427.0]: Extension is not compatible with Code 1.85.2. Extension requires: ^1.99.0.
2025-10-14 16:22:23.566 [error] [/home/drdbrioso/.vscode/extensions/ms-vscode.remote-explorer-0.5.0]: Extension is not compatible with Code 1.85.2. Extension requires: ^1.87.0.
2025-10-14 16:22:23.566 [error] [/home/drdbrioso/.vscode/extensions/ms-python.debugpy-2025.10.0-linux-x64]: Extension is not compatible with Code 1.85.2. Extension requires: ^1.92.0.
2025-10-14 16:22:23.566 [error] [/home/drdbrioso/.vscode/extensions/ms-python.vscode-python-envs-1.8.0-linux-x64]: Extension is not compatible with Code 1.85.2. Extension requires: ^1.104.0-20250815.
2025-10-14 16:22:23.567 [error] [/home/drdbrioso/.vscode/extensions/ms-python.python-2025.14.0-linux-x64]: Extension is not compatible with Code 1.85.2. Extension requires: ^1.95.0.
2025-10-14 16:22:23.568 [error] [/home/drdbrioso/.vscode/extensions/ms-python.vscode-pylance-2025.8.3]: Extension is not compatible with Code 1.85.2. Extension requires: ^1.101.0.
2025-10-14 16:22:24.067 [error] [/home/drdbrioso/.vscode/extensions/ms-toolsai.vscode-jupyter-slideshow-0.1.6]: Extension is not compatible with Code 1.85.2. Extension requires: ^1.88.0.
2025-10-14 16:22:24.067 [error] [/home/drdbrioso/.vscode/extensions/ms-toolsai.vscode-jupyter-cell-tags-0.1.9]: Extension is not compatible with Code 1.85.2. Extension requires: ^1.88.0.
2025-10-14 16:22:24.068 [error] [/home/drdbrioso/.vscode/extensions/ms-toolsai.jupyter-renderers-1.3.0]: Extension is not compatible with Code 1.85.2. Extension requires: ^1.95.0.
2025-10-14 16:22:24.077 [error] [/home/drdbrioso/.vscode/extensions/ms-vscode-remote.remote-wsl-0.104.3]: Extension is not compatible with Code 1.85.2. Extension requires: ^1.104.0.
2025-10-14 16:22:24.077 [error] [/home/drdbrioso/.vscode/extensions/ms-vscode.remote-server-1.5.3]: Extension is not compatible with Code 1.85.2. Extension requires: ^1.87.0.
2025-10-14 16:22:24.078 [error] [/home/drdbrioso/.vscode/extensions/ms-python.vscode-python-envs-1.8.0-linux-x64]: Extension is not compatible with Code 1.85.2. Extension requires: ^1.104.0-20250815.
2025-10-14 16:22:24.078 [error] [/home/drdbrioso/.vscode/extensions/ms-vscode.remote-explorer-0.5.0]: Extension is not compatible with Code 1.85.2. Extension requires: ^1.87.0.
2025-10-14 16:22:24.078 [error] [/home/drdbrioso/.vscode/extensions/ms-python.debugpy-2025.10.0-linux-x64]: Extension is not compatible with Code 1.85.2. Extension requires: ^1.92.0.
2025-10-14 16:22:24.078 [error] [/home/drdbrioso/.vscode/extensions/ms-vscode-remote.remote-containers-0.427.0]: Extension is not compatible with Code 1.85.2. Extension requires: ^1.99.0.
2025-10-14 16:22:24.080 [error] [/home/drdbrioso/.vscode/extensions/ms-python.python-2025.14.0-linux-x64]: Extension is not compatible with Code 1.85.2. Extension requires: ^1.95.0.
2025-10-14 16:22:24.081 [error] [/home/drdbrioso/.vscode/extensions/ms-python.vscode-pylance-2025.8.3]: Extension is not compatible with Code 1.85.2. Extension requires: ^1.101.0.
2025-10-14 16:25:33.389 [error] [/home/drdbrioso/.vscode/extensions/ms-toolsai.vscode-jupyter-cell-tags-0.1.9]: Extension is not compatible with Code 1.85.2. Extension requires: ^1.88.0.
2025-10-14 16:25:33.389 [error] [/home/drdbrioso/.vscode/extensions/ms-toolsai.vscode-jupyter-slideshow-0.1.6]: Extension is not compatible with Code 1.85.2. Extension requires: ^1.88.0.
2025-10-14 16:25:33.389 [error] [/home/drdbrioso/.vscode/extensions/ms-toolsai.jupyter-renderers-1.3.0]: Extension is not compatible with Code 1.85.2. Extension requires: ^1.95.0.
2025-10-14 16:25:33.390 [error] [/home/drdbrioso/.vscode/extensions/ms-vscode.remote-server-1.5.3]: Extension is not compatible with Code 1.85.2. Extension requires: ^1.87.0.
2025-10-14 16:25:33.390 [error] [/home/drdbrioso/.vscode/extensions/ms-vscode-remote.remote-wsl-0.104.3]: Extension is not compatible with Code 1.85.2. Extension requires: ^1.104.0.
2025-10-14 16:25:33.391 [error] [/home/drdbrioso/.vscode/extensions/ms-vscode.remote-explorer-0.5.0]: Extension is not compatible with Code 1.85.2. Extension requires: ^1.87.0.
2025-10-14 16:25:33.391 [error] [/home/drdbrioso/.vscode/extensions/ms-vscode-remote.remote-containers-0.427.0]: Extension is not compatible with Code 1.85.2. Extension requires: ^1.99.0.
2025-10-14 16:25:33.392 [error] [/home/drdbrioso/.vscode/extensions/ms-python.debugpy-2025.10.0-linux-x64]: Extension is not compatible with Code 1.85.2. Extension requires: ^1.92.0.
2025-10-14 16:25:33.392 [error] [/home/drdbrioso/.vscode/extensions/ms-python.vscode-python-envs-1.8.0-linux-x64]: Extension is not compatible with Code 1.85.2. Extension requires: ^1.104.0-20250815.
2025-10-14 16:25:33.394 [error] [/home/drdbrioso/.vscode/extensions/ms-python.python-2025.14.0-linux-x64]: Extension is not compatible with Code 1.85.2. Extension requires: ^1.95.0.
2025-10-14 16:25:33.395 [error] [/home/drdbrioso/.vscode/extensions/ms-python.vscode-pylance-2025.8.3]: Extension is not compatible with Code 1.85.2. Extension requires: ^1.101.0.
2025-10-14 16:27:20.918 [error] [/home/drdbrioso/.vscode/extensions/ms-toolsai.vscode-jupyter-cell-tags-0.1.9]: Extension is not compatible with Code 1.85.2. Extension requires: ^1.88.0.
2025-10-14 16:27:20.918 [error] [/home/drdbrioso/.vscode/extensions/ms-toolsai.vscode-jupyter-slideshow-0.1.6]: Extension is not compatible with Code 1.85.2. Extension requires: ^1.88.0.
2025-10-14 16:27:20.918 [error] [/home/drdbrioso/.vscode/extensions/ms-toolsai.jupyter-renderers-1.3.0]: Extension is not compatible with Code 1.85.2. Extension requires: ^1.95.0.
2025-10-14 16:27:20.920 [error] [/home/drdbrioso/.vscode/extensions/ms-vscode.remote-server-1.5.3]: Extension is not compatible with Code 1.85.2. Extension requires: ^1.87.0.
2025-10-14 16:27:20.921 [error] [/home/drdbrioso/.vscode/extensions/ms-vscode-remote.remote-wsl-0.104.3]: Extension is not compatible with Code 1.85.2. Extension requires: ^1.104.0.
2025-10-14 16:27:20.921 [error] [/home/drdbrioso/.vscode/extensions/ms-vscode.remote-explorer-0.5.0]: Extension is not compatible with Code 1.85.2. Extension requires: ^1.87.0.
2025-10-14 16:27:20.921 [error] [/home/drdbrioso/.vscode/extensions/ms-python.vscode-python-envs-1.8.0-linux-x64]: Extension is not compatible with Code 1.85.2. Extension requires: ^1.104.0-20250815.
2025-10-14 16:27:20.921 [error] [/home/drdbrioso/.vscode/extensions/ms-python.debugpy-2025.10.0-linux-x64]: Extension is not compatible with Code 1.85.2. Extension requires: ^1.92.0.
2025-10-14 16:27:20.922 [error] [/home/drdbrioso/.vscode/extensions/ms-python.python-2025.14.0-linux-x64]: Extension is not compatible with Code 1.85.2. Extension requires: ^1.95.0.
2025-10-14 16:27:20.922 [error] [/home/drdbrioso/.vscode/extensions/ms-vscode-remote.remote-containers-0.427.0]: Extension is not compatible with Code 1.85.2. Extension requires: ^1.99.0.
2025-10-14 16:27:20.923 [error] [/home/drdbrioso/.vscode/extensions/ms-python.vscode-pylance-2025.8.3]: Extension is not compatible with Code 1.85.2. Extension requires: ^1.101.0.
2025-10-14 16:30:33.707 [error] [/home/drdbrioso/.vscode/extensions/ms-toolsai.vscode-jupyter-cell-tags-0.1.9]: Extension is not compatible with Code 1.85.2. Extension requires: ^1.88.0.
2025-10-14 16:30:33.708 [error] [/home/drdbrioso/.vscode/extensions/ms-toolsai.vscode-jupyter-slideshow-0.1.6]: Extension is not compatible with Code 1.85.2. Extension requires: ^1.88.0.
2025-10-14 16:30:33.708 [error] [/home/drdbrioso/.vscode/extensions/ms-toolsai.jupyter-renderers-1.3.0]: Extension is not compatible with Code 1.85.2. Extension requires: ^1.95.0.
2025-10-14 16:30:33.710 [error] [/home/drdbrioso/.vscode/extensions/ms-vscode.remote-server-1.5.3]: Extension is not compatible with Code 1.85.2. Extension requires: ^1.87.0.
2025-10-14 16:30:33.710 [error] [/home/drdbrioso/.vscode/extensions/ms-vscode-remote.remote-containers-0.427.0]: Extension is not compatible with Code 1.85.2. Extension requires: ^1.99.0.
2025-10-14 16:30:33.710 [error] [/home/drdbrioso/.vscode/extensions/ms-vscode-remote.remote-wsl-0.104.3]: Extension is not compatible with Code 1.85.2. Extension requires: ^1.104.0.
2025-10-14 16:30:33.710 [error] [/home/drdbrioso/.vscode/extensions/ms-vscode.remote-explorer-0.5.0]: Extension is not compatible with Code 1.85.2. Extension requires: ^1.87.0.
2025-10-14 16:30:33.711 [error] [/home/drdbrioso/.vscode/extensions/ms-python.debugpy-2025.10.0-linux-x64]: Extension is not compatible with Code 1.85.2. Extension requires: ^1.92.0.
2025-10-14 16:30:33.711 [error] [/home/drdbrioso/.vscode/extensions/ms-python.vscode-python-envs-1.8.0-linux-x64]: Extension is not compatible with Code 1.85.2. Extension requires: ^1.104.0-20250815.
2025-10-14 16:30:33.712 [error] [/home/drdbrioso/.vscode/extensions/ms-python.python-2025.14.0-linux-x64]: Extension is not compatible with Code 1.85.2. Extension requires: ^1.95.0.
2025-10-14 16:30:33.714 [error] [/home/drdbrioso/.vscode/extensions/ms-python.vscode-pylance-2025.8.3]: Extension is not compatible with Code 1.85.2. Extension requires: ^1.101.0.
2025-10-14 16:32:21.112 [error] [/home/drdbrioso/.vscode/extensions/ms-toolsai.vscode-jupyter-cell-tags-0.1.9]: Extension is not compatible with Code 1.85.2. Extension requires: ^1.88.0.
2025-10-14 16:32:21.113 [error] [/home/drdbrioso/.vscode/extensions/ms-toolsai.vscode-jupyter-slideshow-0.1.6]: Extension is not compatible with Code 1.85.2. Extension requires: ^1.88.0.
2025-10-14 16:32:21.113 [error] [/home/drdbrioso/.vscode/extensions/ms-toolsai.jupyter-renderers-1.3.0]: Extension is not compatible with Code 1.85.2. Extension requires: ^1.95.0.
2025-10-14 16:32:21.115 [error] [/home/drdbrioso/.vscode/extensions/ms-vscode-remote.remote-wsl-0.104.3]: Extension is not compatible with Code 1.85.2. Extension requires: ^1.104.0.
2025-10-14 16:32:21.116 [error] [/home/drdbrioso/.vscode/extensions/ms-vscode.remote-server-1.5.3]: Extension is not compatible with Code 1.85.2. Extension requires: ^1.87.0.
2025-10-14 16:32:21.116 [error] [/home/drdbrioso/.vscode/extensions/ms-vscode.remote-explorer-0.5.0]: Extension is not compatible with Code 1.85.2. Extension requires: ^1.87.0.
2025-10-14 16:32:21.116 [error] [/home/drdbrioso/.vscode/extensions/ms-python.vscode-python-envs-1.8.0-linux-x64]: Extension is not compatible with Code 1.85.2. Extension requires: ^1.104.0-20250815.
2025-10-14 16:32:21.118 [error] [/home/drdbrioso/.vscode/extensions/ms-vscode-remote.remote-containers-0.427.0]: Extension is not compatible with Code 1.85.2. Extension requires: ^1.99.0.
2025-10-14 16:32:21.118 [error] [/home/drdbrioso/.vscode/extensions/ms-python.debugpy-2025.10.0-linux-x64]: Extension is not compatible with Code 1.85.2. Extension requires: ^1.92.0.
2025-10-14 16:32:21.119 [error] [/home/drdbrioso/.vscode/extensions/ms-python.python-2025.14.0-linux-x64]: Extension is not compatible with Code 1.85.2. Extension requires: ^1.95.0.
2025-10-14 16:32:21.120 [error] [/home/drdbrioso/.vscode/extensions/ms-python.vscode-pylance-2025.8.3]: Extension is not compatible with Code 1.85.2. Extension requires: ^1.101.0.
2025-10-14 16:35:33.793 [error] [/home/drdbrioso/.vscode/extensions/ms-toolsai.vscode-jupyter-cell-tags-0.1.9]: Extension is not compatible with Code 1.85.2. Extension requires: ^1.88.0.
2025-10-14 16:35:33.794 [error] [/home/drdbrioso/.vscode/extensions/ms-toolsai.vscode-jupyter-slideshow-0.1.6]: Extension is not compatible with Code 1.85.2. Extension requires: ^1.88.0.
2025-10-14 16:35:33.794 [error] [/home/drdbrioso/.vscode/extensions/ms-toolsai.jupyter-renderers-1.3.0]: Extension is not compatible with Code 1.85.2. Extension requires: ^1.95.0.
2025-10-14 16:35:33.795 [error] [/home/drdbrioso/.vscode/extensions/ms-vscode.remote-server-1.5.3]: Extension is not compatible with Code 1.85.2. Extension requires: ^1.87.0.
2025-10-14 16:35:33.797 [error] [/home/drdbrioso/.vscode/extensions/ms-vscode-remote.remote-wsl-0.104.3]: Extension is not compatible with Code 1.85.2. Extension requires: ^1.104.0.
2025-10-14 16:35:33.798 [error] [/home/drdbrioso/.vscode/extensions/ms-vscode.remote-explorer-0.5.0]: Extension is not compatible with Code 1.85.2. Extension requires: ^1.87.0.
2025-10-14 16:35:33.801 [error] [/home/drdbrioso/.vscode/extensions/ms-vscode-remote.remote-containers-0.427.0]: Extension is not compatible with Code 1.85.2. Extension requires: ^1.99.0.
2025-10-14 16:35:33.801 [error] [/home/drdbrioso/.vscode/extensions/ms-python.vscode-python-envs-1.8.0-linux-x64]: Extension is not compatible with Code 1.85.2. Extension requires: ^1.104.0-20250815.
2025-10-14 16:35:33.804 [error] [/home/drdbrioso/.vscode/extensions/ms-python.debugpy-2025.10.0-linux-x64]: Extension is not compatible with Code 1.85.2. Extension requires: ^1.92.0.
2025-10-14 16:35:33.805 [error] [/home/drdbrioso/.vscode/extensions/ms-python.python-2025.14.0-linux-x64]: Extension is not compatible with Code 1.85.2. Extension requires: ^1.95.0.
2025-10-14 16:35:33.807 [error] [/home/drdbrioso/.vscode/extensions/ms-python.vscode-pylance-2025.8.3]: Extension is not compatible with Code 1.85.2. Extension requires: ^1.101.0.
2025-10-14 16:37:21.234 [error] [/home/drdbrioso/.vscode/extensions/ms-toolsai.vscode-jupyter-cell-tags-0.1.9]: Extension is not compatible with Code 1.85.2. Extension requires: ^1.88.0.
2025-10-14 16:37:21.235 [error] [/home/drdbrioso/.vscode/extensions/ms-toolsai.vscode-jupyter-slideshow-0.1.6]: Extension is not compatible with Code 1.85.2. Extension requires: ^1.88.0.
2025-10-14 16:37:21.235 [error] [/home/drdbrioso/.vscode/extensions/ms-toolsai.jupyter-renderers-1.3.0]: Extension is not compatible with Code 1.85.2. Extension requires: ^1.95.0.
2025-10-14 16:37:21.236 [error] [/home/drdbrioso/.vscode/extensions/ms-vscode-remote.remote-wsl-0.104.3]: Extension is not compatible with Code 1.85.2. Extension requires: ^1.104.0.
2025-10-14 16:37:21.236 [error] [/home/drdbrioso/.vscode/extensions/ms-vscode.remote-server-1.5.3]: Extension is not compatible with Code 1.85.2. Extension requires: ^1.87.0.
2025-10-14 16:37:21.237 [error] [/home/drdbrioso/.vscode/extensions/ms-vscode-remote.remote-containers-0.427.0]: Extension is not compatible with Code 1.85.2. Extension requires: ^1.99.0.
2025-10-14 16:37:21.237 [error] [/home/drdbrioso/.vscode/extensions/ms-vscode.remote-explorer-0.5.0]: Extension is not compatible with Code 1.85.2. Extension requires: ^1.87.0.
2025-10-14 16:37:21.238 [error] [/home/drdbrioso/.vscode/extensions/ms-python.vscode-python-envs-1.8.0-linux-x64]: Extension is not compatible with Code 1.85.2. Extension requires: ^1.104.0-20250815.
2025-10-14 16:37:21.238 [error] [/home/drdbrioso/.vscode/extensions/ms-python.debugpy-2025.10.0-linux-x64]: Extension is not compatible with Code 1.85.2. Extension requires: ^1.92.0.
2025-10-14 16:37:21.241 [error] [/home/drdbrioso/.vscode/extensions/ms-python.python-2025.14.0-linux-x64]: Extension is not compatible with Code 1.85.2. Extension requires: ^1.95.0.
2025-10-14 16:37:21.243 [error] [/home/drdbrioso/.vscode/extensions/ms-python.vscode-pylance-2025.8.3]: Extension is not compatible with Code 1.85.2. Extension requires: ^1.101.0.
2025-10-14 16:40:33.876 [error] [/home/drdbrioso/.vscode/extensions/ms-toolsai.vscode-jupyter-slideshow-0.1.6]: Extension is not compatible with Code 1.85.2. Extension requires: ^1.88.0.
2025-10-14 16:40:33.877 [error] [/home/drdbrioso/.vscode/extensions/ms-toolsai.vscode-jupyter-cell-tags-0.1.9]: Extension is not compatible with Code 1.85.2. Extension requires: ^1.88.0.
2025-10-14 16:40:33.877 [error] [/home/drdbrioso/.vscode/extensions/ms-toolsai.jupyter-renderers-1.3.0]: Extension is not compatible with Code 1.85.2. Extension requires: ^1.95.0.
2025-10-14 16:40:33.879 [error] [/home/drdbrioso/.vscode/extensions/ms-vscode.remote-server-1.5.3]: Extension is not compatible with Code 1.85.2. Extension requires: ^1.87.0.
2025-10-14 16:40:33.880 [error] [/home/drdbrioso/.vscode/extensions/ms-vscode-remote.remote-wsl-0.104.3]: Extension is not compatible with Code 1.85.2. Extension requires: ^1.104.0.
2025-10-14 16:40:33.880 [error] [/home/drdbrioso/.vscode/extensions/ms-vscode.remote-explorer-0.5.0]: Extension is not compatible with Code 1.85.2. Extension requires: ^1.87.0.
2025-10-14 16:40:33.881 [error] [/home/drdbrioso/.vscode/extensions/ms-python.vscode-python-envs-1.8.0-linux-x64]: Extension is not compatible with Code 1.85.2. Extension requires: ^1.104.0-20250815.
2025-10-14 16:40:33.881 [error] [/home/drdbrioso/.vscode/extensions/ms-vscode-remote.remote-containers-0.427.0]: Extension is not compatible with Code 1.85.2. Extension requires: ^1.99.0.
2025-10-14 16:40:33.881 [error] [/home/drdbrioso/.vscode/extensions/ms-python.debugpy-2025.10.0-linux-x64]: Extension is not compatible with Code 1.85.2. Extension requires: ^1.92.0.
2025-10-14 16:40:33.884 [error] [/home/drdbrioso/.vscode/extensions/ms-python.python-2025.14.0-linux-x64]: Extension is not compatible with Code 1.85.2. Extension requires: ^1.95.0.
2025-10-14 16:40:33.886 [error] [/home/drdbrioso/.vscode/extensions/ms-python.vscode-pylance-2025.8.3]: Extension is not compatible with Code 1.85.2. Extension requires: ^1.101.0.
2025-10-14 16:42:21.289 [error] [/home/drdbrioso/.vscode/extensions/ms-toolsai.vscode-jupyter-slideshow-0.1.6]: Extension is not compatible with Code 1.85.2. Extension requires: ^1.88.0.
2025-10-14 16:42:21.290 [error] [/home/drdbrioso/.vscode/extensions/ms-toolsai.vscode-jupyter-cell-tags-0.1.9]: Extension is not compatible with Code 1.85.2. Extension requires: ^1.88.0.
2025-10-14 16:42:21.290 [error] [/home/drdbrioso/.vscode/extensions/ms-toolsai.jupyter-renderers-1.3.0]: Extension is not compatible with Code 1.85.2. Extension requires: ^1.95.0.
2025-10-14 16:42:21.291 [error] [/home/drdbrioso/.vscode/extensions/ms-vscode-remote.remote-wsl-0.104.3]: Extension is not compatible with Code 1.85.2. Extension requires: ^1.104.0.
2025-10-14 16:42:21.292 [error] [/home/drdbrioso/.vscode/extensions/ms-vscode.remote-server-1.5.3]: Extension is not compatible with Code 1.85.2. Extension requires: ^1.87.0.
2025-10-14 16:42:21.292 [error] [/home/drdbrioso/.vscode/extensions/ms-vscode.remote-explorer-0.5.0]: Extension is not compatible with Code 1.85.2. Extension requires: ^1.87.0.
2025-10-14 16:42:21.293 [error] [/home/drdbrioso/.vscode/extensions/ms-python.vscode-python-envs-1.8.0-linux-x64]: Extension is not compatible with Code 1.85.2. Extension requires: ^1.104.0-20250815.
2025-10-14 16:42:21.293 [error] [/home/drdbrioso/.vscode/extensions/ms-python.debugpy-2025.10.0-linux-x64]: Extension is not compatible with Code 1.85.2. Extension requires: ^1.92.0.
2025-10-14 16:42:21.293 [error] [/home/drdbrioso/.vscode/extensions/ms-vscode-remote.remote-containers-0.427.0]: Extension is not compatible with Code 1.85.2. Extension requires: ^1.99.0.
2025-10-14 16:42:21.296 [error] [/home/drdbrioso/.vscode/extensions/ms-python.python-2025.14.0-linux-x64]: Extension is not compatible with Code 1.85.2. Extension requires: ^1.95.0.
2025-10-14 16:42:21.297 [error] [/home/drdbrioso/.vscode/extensions/ms-python.vscode-pylance-2025.8.3]: Extension is not compatible with Code 1.85.2. Extension requires: ^1.101.0.
2025-10-14 16:45:34.058 [error] [/home/drdbrioso/.vscode/extensions/ms-toolsai.vscode-jupyter-cell-tags-0.1.9]: Extension is not compatible with Code 1.85.2. Extension requires: ^1.88.0.
2025-10-14 16:45:34.058 [error] [/home/drdbrioso/.vscode/extensions/ms-toolsai.vscode-jupyter-slideshow-0.1.6]: Extension is not compatible with Code 1.85.2. Extension requires: ^1.88.0.
2025-10-14 16:45:34.058 [error] [/home/drdbrioso/.vscode/extensions/ms-toolsai.jupyter-renderers-1.3.0]: Extension is not compatible with Code 1.85.2. Extension requires: ^1.95.0.
2025-10-14 16:45:34.060 [error] [/home/drdbrioso/.vscode/extensions/ms-vscode.remote-server-1.5.3]: Extension is not compatible with Code 1.85.2. Extension requires: ^1.87.0.
2025-10-14 16:45:34.061 [error] [/home/drdbrioso/.vscode/extensions/ms-vscode-remote.remote-wsl-0.104.3]: Extension is not compatible with Code 1.85.2. Extension requires: ^1.104.0.
2025-10-14 16:45:34.065 [error] [/home/drdbrioso/.vscode/extensions/ms-vscode.remote-explorer-0.5.0]: Extension is not compatible with Code 1.85.2. Extension requires: ^1.87.0.
2025-10-14 16:45:34.065 [error] [/home/drdbrioso/.vscode/extensions/ms-vscode-remote.remote-containers-0.427.0]: Extension is not compatible with Code 1.85.2. Extension requires: ^1.99.0.
2025-10-14 16:45:34.066 [error] [/home/drdbrioso/.vscode/extensions/ms-python.debugpy-2025.10.0-linux-x64]: Extension is not compatible with Code 1.85.2. Extension requires: ^1.92.0.
2025-10-14 16:45:34.066 [error] [/home/drdbrioso/.vscode/extensions/ms-python.vscode-python-envs-1.8.0-linux-x64]: Extension is not compatible with Code 1.85.2. Extension requires: ^1.104.0-20250815.
2025-10-14 16:45:34.067 [error] [/home/drdbrioso/.vscode/extensions/ms-python.python-2025.14.0-linux-x64]: Extension is not compatible with Code 1.85.2. Extension requires: ^1.95.0.
2025-10-14 16:45:34.068 [error] [/home/drdbrioso/.vscode/extensions/ms-python.vscode-pylance-2025.8.3]: Extension is not compatible with Code 1.85.2. Extension requires: ^1.101.0.
2025-10-14 16:47:21.333 [error] [/home/drdbrioso/.vscode/extensions/ms-toolsai.vscode-jupyter-cell-tags-0.1.9]: Extension is not compatible with Code 1.85.2. Extension requires: ^1.88.0.
2025-10-14 16:47:21.333 [error] [/home/drdbrioso/.vscode/extensions/ms-toolsai.vscode-jupyter-slideshow-0.1.6]: Extension is not compatible with Code 1.85.2. Extension requires: ^1.88.0.
2025-10-14 16:47:21.334 [error] [/home/drdbrioso/.vscode/extensions/ms-toolsai.jupyter-renderers-1.3.0]: Extension is not compatible with Code 1.85.2. Extension requires: ^1.95.0.
2025-10-14 16:47:21.335 [error] [/home/drdbrioso/.vscode/extensions/ms-vscode.remote-server-1.5.3]: Extension is not compatible with Code 1.85.2. Extension requires: ^1.87.0.
2025-10-14 16:47:21.335 [error] [/home/drdbrioso/.vscode/extensions/ms-vscode-remote.remote-wsl-0.104.3]: Extension is not compatible with Code 1.85.2. Extension requires: ^1.104.0.
2025-10-14 16:47:21.336 [error] [/home/drdbrioso/.vscode/extensions/ms-vscode.remote-explorer-0.5.0]: Extension is not compatible with Code 1.85.2. Extension requires: ^1.87.0.
2025-10-14 16:47:21.337 [error] [/home/drdbrioso/.vscode/extensions/ms-vscode-remote.remote-containers-0.427.0]: Extension is not compatible with Code 1.85.2. Extension requires: ^1.99.0.
2025-10-14 16:47:21.337 [error] [/home/drdbrioso/.vscode/extensions/ms-python.vscode-python-envs-1.8.0-linux-x64]: Extension is not compatible with Code 1.85.2. Extension requires: ^1.104.0-20250815.
2025-10-14 16:47:21.338 [error] [/home/drdbrioso/.vscode/extensions/ms-python.debugpy-2025.10.0-linux-x64]: Extension is not compatible with Code 1.85.2. Extension requires: ^1.92.0.
2025-10-14 16:47:21.339 [error] [/home/drdbrioso/.vscode/extensions/ms-python.python-2025.14.0-linux-x64]: Extension is not compatible with Code 1.85.2. Extension requires: ^1.95.0.
2025-10-14 16:47:21.341 [error] [/home/drdbrioso/.vscode/extensions/ms-python.vscode-pylance-2025.8.3]: Extension is not compatible with Code 1.85.2. Extension requires: ^1.101.0.
2025-10-14 16:50:34.164 [error] [/home/drdbrioso/.vscode/extensions/ms-toolsai.vscode-jupyter-cell-tags-0.1.9]: Extension is not compatible with Code 1.85.2. Extension requires: ^1.88.0.
2025-10-14 16:50:34.165 [error] [/home/drdbrioso/.vscode/extensions/ms-toolsai.vscode-jupyter-slideshow-0.1.6]: Extension is not compatible with Code 1.85.2. Extension requires: ^1.88.0.
2025-10-14 16:50:34.165 [error] [/home/drdbrioso/.vscode/extensions/ms-toolsai.jupyter-renderers-1.3.0]: Extension is not compatible with Code 1.85.2. Extension requires: ^1.95.0.
2025-10-14 16:50:34.169 [error] [/home/drdbrioso/.vscode/extensions/ms-vscode-remote.remote-wsl-0.104.3]: Extension is not compatible with Code 1.85.2. Extension requires: ^1.104.0.
2025-10-14 16:50:34.169 [error] [/home/drdbrioso/.vscode/extensions/ms-vscode.remote-server-1.5.3]: Extension is not compatible with Code 1.85.2. Extension requires: ^1.87.0.
2025-10-14 16:50:34.169 [error] [/home/drdbrioso/.vscode/extensions/ms-vscode-remote.remote-containers-0.427.0]: Extension is not compatible with Code 1.85.2. Extension requires: ^1.99.0.
2025-10-14 16:50:34.169 [error] [/home/drdbrioso/.vscode/extensions/ms-vscode.remote-explorer-0.5.0]: Extension is not compatible with Code 1.85.2. Extension requires: ^1.87.0.
2025-10-14 16:50:34.169 [error] [/home/drdbrioso/.vscode/extensions/ms-python.vscode-python-envs-1.8.0-linux-x64]: Extension is not compatible with Code 1.85.2. Extension requires: ^1.104.0-20250815.
2025-10-14 16:50:34.169 [error] [/home/drdbrioso/.vscode/extensions/ms-python.debugpy-2025.10.0-linux-x64]: Extension is not compatible with Code 1.85.2. Extension requires: ^1.92.0.
2025-10-14 16:50:34.169 [error] [/home/drdbrioso/.vscode/extensions/ms-python.python-2025.14.0-linux-x64]: Extension is not compatible with Code 1.85.2. Extension requires: ^1.95.0.
2025-10-14 16:50:34.169 [error] [/home/drdbrioso/.vscode/extensions/ms-python.vscode-pylance-2025.8.3]: Extension is not compatible with Code 1.85.2. Extension requires: ^1.101.0.
2025-10-14 19:45:07.048 [error] [/home/drdbrioso/.vscode/extensions/ms-toolsai.vscode-jupyter-cell-tags-0.1.9]: Extension is not compatible with Code 1.85.2. Extension requires: ^1.88.0.
2025-10-14 19:45:07.049 [error] [/home/drdbrioso/.vscode/extensions/ms-toolsai.vscode-jupyter-slideshow-0.1.6]: Extension is not compatible with Code 1.85.2. Extension requires: ^1.88.0.
2025-10-14 19:45:07.049 [error] [/home/drdbrioso/.vscode/extensions/ms-toolsai.jupyter-renderers-1.3.0]: Extension is not compatible with Code 1.85.2. Extension requires: ^1.95.0.
2025-10-14 19:45:07.049 [error] [/home/drdbrioso/.vscode/extensions/ms-vscode.remote-server-1.5.3]: Extension is not compatible with Code 1.85.2. Extension requires: ^1.87.0.
2025-10-14 19:45:07.050 [error] [/home/drdbrioso/.vscode/extensions/ms-vscode-remote.remote-wsl-0.104.3]: Extension is not compatible with Code 1.85.2. Extension requires: ^1.104.0.
2025-10-14 19:45:07.050 [error] [/home/drdbrioso/.vscode/extensions/ms-vscode.remote-explorer-0.5.0]: Extension is not compatible with Code 1.85.2. Extension requires: ^1.87.0.
2025-10-14 19:45:07.052 [error] [/home/drdbrioso/.vscode/extensions/ms-vscode-remote.remote-containers-0.427.0]: Extension is not compatible with Code 1.85.2. Extension requires: ^1.99.0.
2025-10-14 19:45:07.053 [error] [/home/drdbrioso/.vscode/extensions/ms-python.vscode-python-envs-1.8.0-linux-x64]: Extension is not compatible with Code 1.85.2. Extension requires: ^1.104.0-20250815.
2025-10-14 19:45:07.054 [error] [/home/drdbrioso/.vscode/extensions/ms-python.debugpy-2025.10.0-linux-x64]: Extension is not compatible with Code 1.85.2. Extension requires: ^1.92.0.
2025-10-14 19:45:07.056 [error] [/home/drdbrioso/.vscode/extensions/ms-python.python-2025.14.0-linux-x64]: Extension is not compatible with Code 1.85.2. Extension requires: ^1.95.0.
2025-10-14 19:45:07.057 [error] [/home/drdbrioso/.vscode/extensions/ms-python.vscode-pylance-2025.8.3]: Extension is not compatible with Code 1.85.2. Extension requires: ^1.101.0.
