2025-10-13 15:57:16.689 [warning] Via 'product.json#extensionEnabledApiProposals' extension 'ms-python.python' wants API proposal 'registerIssueDataProvider' but that proposal DOES NOT EXIST. Likely, the proposal has been finalized (check 'vscode.d.ts') or was abandoned.
2025-10-13 15:57:16.886 [info] Invoking resolveAuthority(ssh-remote)...
2025-10-13 15:57:16.886 [info] [LocalProcess0][resolveAuthority(ssh-remote,1)][0ms] obtaining proxy...
2025-10-13 15:57:16.928 [info] Started local extension host with pid 20581.
2025-10-13 15:57:17.120 [info] [LocalProcess0][resolveAuthority(ssh-remote,1)][234ms] invoking...
2025-10-13 15:57:18.122 [info] [LocalProcess0][resolveAuthority(ssh-remote,1)][1234ms] waiting...
2025-10-13 15:57:19.122 [info] [LocalProcess0][resolveAuthority(ssh-remote,1)][2234ms] waiting...
2025-10-13 15:57:19.994 [error] [/home/drdbrioso/.vscode/extensions/ms-toolsai.vscode-jupyter-cell-tags-0.1.9]: Extension is not compatible with Code 1.85.2. Extension requires: ^1.88.0.
2025-10-13 15:57:19.994 [error] [/home/drdbrioso/.vscode/extensions/ms-toolsai.vscode-jupyter-slideshow-0.1.6]: Extension is not compatible with Code 1.85.2. Extension requires: ^1.88.0.
2025-10-13 15:57:19.995 [error] [/home/drdbrioso/.vscode/extensions/ms-toolsai.jupyter-renderers-1.3.0]: Extension is not compatible with Code 1.85.2. Extension requires: ^1.95.0.
2025-10-13 15:57:20.040 [error] [/home/drdbrioso/.vscode/extensions/ms-vscode.remote-server-1.5.3]: Extension is not compatible with Code 1.85.2. Extension requires: ^1.87.0.
2025-10-13 15:57:20.040 [error] [/home/drdbrioso/.vscode/extensions/ms-vscode-remote.remote-wsl-0.104.3]: Extension is not compatible with Code 1.85.2. Extension requires: ^1.104.0.
2025-10-13 15:57:20.040 [error] [/home/drdbrioso/.vscode/extensions/ms-vscode.remote-explorer-0.5.0]: Extension is not compatible with Code 1.85.2. Extension requires: ^1.87.0.
2025-10-13 15:57:20.041 [error] [/home/drdbrioso/.vscode/extensions/ms-vscode-remote.remote-containers-0.427.0]: Extension is not compatible with Code 1.85.2. Extension requires: ^1.99.0.
2025-10-13 15:57:20.063 [error] [/home/drdbrioso/.vscode/extensions/ms-python.vscode-python-envs-1.8.0-linux-x64]: Extension is not compatible with Code 1.85.2. Extension requires: ^1.104.0-20250815.
2025-10-13 15:57:20.063 [error] [/home/drdbrioso/.vscode/extensions/ms-python.debugpy-2025.10.0-linux-x64]: Extension is not compatible with Code 1.85.2. Extension requires: ^1.92.0.
2025-10-13 15:57:20.070 [error] [/home/drdbrioso/.vscode/extensions/ms-python.python-2025.14.0-linux-x64]: Extension is not compatible with Code 1.85.2. Extension requires: ^1.95.0.
2025-10-13 15:57:20.072 [error] [/home/drdbrioso/.vscode/extensions/ms-python.vscode-pylance-2025.8.3]: Extension is not compatible with Code 1.85.2. Extension requires: ^1.101.0.
2025-10-13 15:57:20.142 [info] [LocalProcess0][resolveAuthority(ssh-remote,1)][3255ms] waiting...
2025-10-13 15:57:21.121 [info] [LocalProcess0][resolveAuthority(ssh-remote,1)][4234ms] waiting...
2025-10-13 15:57:22.121 [info] [LocalProcess0][resolveAuthority(ssh-remote,1)][5234ms] waiting...
2025-10-13 15:57:23.122 [info] [LocalProcess0][resolveAuthority(ssh-remote,1)][6234ms] waiting...
2025-10-13 15:57:24.122 [info] [LocalProcess0][resolveAuthority(ssh-remote,1)][7234ms] waiting...
2025-10-13 15:57:25.121 [info] [LocalProcess0][resolveAuthority(ssh-remote,1)][8234ms] waiting...
2025-10-13 15:57:26.122 [info] [LocalProcess0][resolveAuthority(ssh-remote,1)][9234ms] waiting...
2025-10-13 15:57:27.121 [info] [LocalProcess0][resolveAuthority(ssh-remote,1)][10234ms] waiting...
2025-10-13 15:57:28.122 [info] [LocalProcess0][resolveAuthority(ssh-remote,1)][11234ms] waiting...
2025-10-13 15:57:29.121 [info] [LocalProcess0][resolveAuthority(ssh-remote,1)][12234ms] waiting...
2025-10-13 15:57:30.121 [info] [LocalProcess0][resolveAuthority(ssh-remote,1)][13234ms] waiting...
2025-10-13 15:57:31.121 [info] [LocalProcess0][resolveAuthority(ssh-remote,1)][14234ms] waiting...
2025-10-13 15:57:32.121 [info] [LocalProcess0][resolveAuthority(ssh-remote,1)][15234ms] waiting...
2025-10-13 15:57:33.121 [info] [LocalProcess0][resolveAuthority(ssh-remote,1)][16234ms] waiting...
2025-10-13 15:57:34.121 [info] [LocalProcess0][resolveAuthority(ssh-remote,1)][17234ms] waiting...
2025-10-13 15:57:34.237 [error] [LocalProcess0][resolveAuthority(ssh-remote,1)][17350ms] returned an error {"code":"NotAvailable","message":"Connecting with SSH timed out","detail":true}
2025-10-13 15:57:34.237 [error] resolveAuthority(ssh-remote) returned an error after 17352 ms Connecting with SSH timed out
2025-10-13 15:57:34.239 [error] Error received from starting extension host (kind: Remote)
2025-10-13 15:57:34.240 [error] CodeExpectedError: Connecting with SSH timed out
    at ee.rb (vscode-file://vscode-app/home/drdbrioso/Desktop/code-stable-x64-1705560028/VSCode-linux-x64/resources/app/out/vs/workbench/workbench.desktop.main.js:2718:21055)
    at async ee.qb (vscode-file://vscode-app/home/drdbrioso/Desktop/code-stable-x64-1705560028/VSCode-linux-x64/resources/app/out/vs/workbench/workbench.desktop.main.js:2718:20332)
    at async ee.Ob (vscode-file://vscode-app/home/drdbrioso/Desktop/code-stable-x64-1705560028/VSCode-linux-x64/resources/app/out/vs/workbench/workbench.desktop.main.js:2719:11484)
    at async ee.jb (vscode-file://vscode-app/home/drdbrioso/Desktop/code-stable-x64-1705560028/VSCode-linux-x64/resources/app/out/vs/workbench/workbench.desktop.main.js:2718:17969)
2025-10-13 15:57:34.241 [error] [remote-connection][attempt 1] An error occurred in initial connection! Will retry... Error:
2025-10-13 15:57:34.242 [error] CodeExpectedError: Connecting with SSH timed out
    at ee.rb (vscode-file://vscode-app/home/drdbrioso/Desktop/code-stable-x64-1705560028/VSCode-linux-x64/resources/app/out/vs/workbench/workbench.desktop.main.js:2718:21055)
    at async ee.qb (vscode-file://vscode-app/home/drdbrioso/Desktop/code-stable-x64-1705560028/VSCode-linux-x64/resources/app/out/vs/workbench/workbench.desktop.main.js:2718:20332)
    at async ee.Ob (vscode-file://vscode-app/home/drdbrioso/Desktop/code-stable-x64-1705560028/VSCode-linux-x64/resources/app/out/vs/workbench/workbench.desktop.main.js:2719:11484)
    at async ee.jb (vscode-file://vscode-app/home/drdbrioso/Desktop/code-stable-x64-1705560028/VSCode-linux-x64/resources/app/out/vs/workbench/workbench.desktop.main.js:2718:17969)
2025-10-13 15:57:34.245 [error] [remote-connection][attempt 2] An error occurred in initial connection! Will retry... Error:
2025-10-13 15:57:34.245 [error] CodeExpectedError: Connecting with SSH timed out
    at ee.rb (vscode-file://vscode-app/home/drdbrioso/Desktop/code-stable-x64-1705560028/VSCode-linux-x64/resources/app/out/vs/workbench/workbench.desktop.main.js:2718:21055)
    at async ee.qb (vscode-file://vscode-app/home/drdbrioso/Desktop/code-stable-x64-1705560028/VSCode-linux-x64/resources/app/out/vs/workbench/workbench.desktop.main.js:2718:20332)
    at async ee.Ob (vscode-file://vscode-app/home/drdbrioso/Desktop/code-stable-x64-1705560028/VSCode-linux-x64/resources/app/out/vs/workbench/workbench.desktop.main.js:2719:11484)
    at async ee.jb (vscode-file://vscode-app/home/drdbrioso/Desktop/code-stable-x64-1705560028/VSCode-linux-x64/resources/app/out/vs/workbench/workbench.desktop.main.js:2718:17969)
2025-10-13 15:57:34.277 [error] [remote-connection][attempt 3] An error occurred in initial connection! Will retry... Error:
2025-10-13 15:57:34.277 [error] CodeExpectedError: Connecting with SSH timed out
    at ee.rb (vscode-file://vscode-app/home/drdbrioso/Desktop/code-stable-x64-1705560028/VSCode-linux-x64/resources/app/out/vs/workbench/workbench.desktop.main.js:2718:21055)
    at async ee.qb (vscode-file://vscode-app/home/drdbrioso/Desktop/code-stable-x64-1705560028/VSCode-linux-x64/resources/app/out/vs/workbench/workbench.desktop.main.js:2718:20332)
    at async ee.Ob (vscode-file://vscode-app/home/drdbrioso/Desktop/code-stable-x64-1705560028/VSCode-linux-x64/resources/app/out/vs/workbench/workbench.desktop.main.js:2719:11484)
    at async ee.jb (vscode-file://vscode-app/home/drdbrioso/Desktop/code-stable-x64-1705560028/VSCode-linux-x64/resources/app/out/vs/workbench/workbench.desktop.main.js:2718:17969)
2025-10-13 15:57:34.299 [error] [remote-connection][attempt 4] An error occurred in initial connection! Will retry... Error:
2025-10-13 15:57:34.300 [error] CodeExpectedError: Connecting with SSH timed out
    at ee.rb (vscode-file://vscode-app/home/drdbrioso/Desktop/code-stable-x64-1705560028/VSCode-linux-x64/resources/app/out/vs/workbench/workbench.desktop.main.js:2718:21055)
    at async ee.qb (vscode-file://vscode-app/home/drdbrioso/Desktop/code-stable-x64-1705560028/VSCode-linux-x64/resources/app/out/vs/workbench/workbench.desktop.main.js:2718:20332)
    at async ee.Ob (vscode-file://vscode-app/home/drdbrioso/Desktop/code-stable-x64-1705560028/VSCode-linux-x64/resources/app/out/vs/workbench/workbench.desktop.main.js:2719:11484)
    at async ee.jb (vscode-file://vscode-app/home/drdbrioso/Desktop/code-stable-x64-1705560028/VSCode-linux-x64/resources/app/out/vs/workbench/workbench.desktop.main.js:2718:17969)
2025-10-13 15:57:34.301 [error] [remote-connection][attempt 5]  An error occurred in initial connection! It will be treated as a permanent error. Error:
2025-10-13 15:57:34.301 [error] CodeExpectedError: Connecting with SSH timed out
    at ee.rb (vscode-file://vscode-app/home/drdbrioso/Desktop/code-stable-x64-1705560028/VSCode-linux-x64/resources/app/out/vs/workbench/workbench.desktop.main.js:2718:21055)
    at async ee.qb (vscode-file://vscode-app/home/drdbrioso/Desktop/code-stable-x64-1705560028/VSCode-linux-x64/resources/app/out/vs/workbench/workbench.desktop.main.js:2718:20332)
    at async ee.Ob (vscode-file://vscode-app/home/drdbrioso/Desktop/code-stable-x64-1705560028/VSCode-linux-x64/resources/app/out/vs/workbench/workbench.desktop.main.js:2719:11484)
    at async ee.jb (vscode-file://vscode-app/home/drdbrioso/Desktop/code-stable-x64-1705560028/VSCode-linux-x64/resources/app/out/vs/workbench/workbench.desktop.main.js:2718:17969)
2025-10-13 15:57:34.301 [error] CodeExpectedError: Connecting with SSH timed out
    at ee.rb (vscode-file://vscode-app/home/drdbrioso/Desktop/code-stable-x64-1705560028/VSCode-linux-x64/resources/app/out/vs/workbench/workbench.desktop.main.js:2718:21055)
    at async ee.qb (vscode-file://vscode-app/home/drdbrioso/Desktop/code-stable-x64-1705560028/VSCode-linux-x64/resources/app/out/vs/workbench/workbench.desktop.main.js:2718:20332)
    at async ee.Ob (vscode-file://vscode-app/home/drdbrioso/Desktop/code-stable-x64-1705560028/VSCode-linux-x64/resources/app/out/vs/workbench/workbench.desktop.main.js:2719:11484)
    at async ee.jb (vscode-file://vscode-app/home/drdbrioso/Desktop/code-stable-x64-1705560028/VSCode-linux-x64/resources/app/out/vs/workbench/workbench.desktop.main.js:2718:17969)
2025-10-13 15:57:34.302 [error] Cannot register remote filesystem provider. Error while fetching remote environment. Connecting with SSH timed out
2025-10-13 15:57:34.302 [error] CodeExpectedError: Connecting with SSH timed out
    at ee.rb (vscode-file://vscode-app/home/drdbrioso/Desktop/code-stable-x64-1705560028/VSCode-linux-x64/resources/app/out/vs/workbench/workbench.desktop.main.js:2718:21055)
    at async ee.qb (vscode-file://vscode-app/home/drdbrioso/Desktop/code-stable-x64-1705560028/VSCode-linux-x64/resources/app/out/vs/workbench/workbench.desktop.main.js:2718:20332)
    at async ee.Ob (vscode-file://vscode-app/home/drdbrioso/Desktop/code-stable-x64-1705560028/VSCode-linux-x64/resources/app/out/vs/workbench/workbench.desktop.main.js:2719:11484)
    at async ee.jb (vscode-file://vscode-app/home/drdbrioso/Desktop/code-stable-x64-1705560028/VSCode-linux-x64/resources/app/out/vs/workbench/workbench.desktop.main.js:2718:17969)
2025-10-13 15:57:34.302 [error] CodeExpectedError: Connecting with SSH timed out
    at ee.rb (vscode-file://vscode-app/home/drdbrioso/Desktop/code-stable-x64-1705560028/VSCode-linux-x64/resources/app/out/vs/workbench/workbench.desktop.main.js:2718:21055)
    at async ee.qb (vscode-file://vscode-app/home/drdbrioso/Desktop/code-stable-x64-1705560028/VSCode-linux-x64/resources/app/out/vs/workbench/workbench.desktop.main.js:2718:20332)
    at async ee.Ob (vscode-file://vscode-app/home/drdbrioso/Desktop/code-stable-x64-1705560028/VSCode-linux-x64/resources/app/out/vs/workbench/workbench.desktop.main.js:2719:11484)
    at async ee.jb (vscode-file://vscode-app/home/drdbrioso/Desktop/code-stable-x64-1705560028/VSCode-linux-x64/resources/app/out/vs/workbench/workbench.desktop.main.js:2718:17969)
2025-10-13 15:57:34.303 [error] CodeExpectedError: Connecting with SSH timed out
    at ee.rb (vscode-file://vscode-app/home/drdbrioso/Desktop/code-stable-x64-1705560028/VSCode-linux-x64/resources/app/out/vs/workbench/workbench.desktop.main.js:2718:21055)
    at async ee.qb (vscode-file://vscode-app/home/drdbrioso/Desktop/code-stable-x64-1705560028/VSCode-linux-x64/resources/app/out/vs/workbench/workbench.desktop.main.js:2718:20332)
    at async ee.Ob (vscode-file://vscode-app/home/drdbrioso/Desktop/code-stable-x64-1705560028/VSCode-linux-x64/resources/app/out/vs/workbench/workbench.desktop.main.js:2719:11484)
    at async ee.jb (vscode-file://vscode-app/home/drdbrioso/Desktop/code-stable-x64-1705560028/VSCode-linux-x64/resources/app/out/vs/workbench/workbench.desktop.main.js:2718:17969)
2025-10-13 15:57:34.303 [error] CodeExpectedError: Connecting with SSH timed out
    at ee.rb (vscode-file://vscode-app/home/drdbrioso/Desktop/code-stable-x64-1705560028/VSCode-linux-x64/resources/app/out/vs/workbench/workbench.desktop.main.js:2718:21055)
    at async ee.qb (vscode-file://vscode-app/home/drdbrioso/Desktop/code-stable-x64-1705560028/VSCode-linux-x64/resources/app/out/vs/workbench/workbench.desktop.main.js:2718:20332)
    at async ee.Ob (vscode-file://vscode-app/home/drdbrioso/Desktop/code-stable-x64-1705560028/VSCode-linux-x64/resources/app/out/vs/workbench/workbench.desktop.main.js:2719:11484)
    at async ee.jb (vscode-file://vscode-app/home/drdbrioso/Desktop/code-stable-x64-1705560028/VSCode-linux-x64/resources/app/out/vs/workbench/workbench.desktop.main.js:2718:17969)
2025-10-13 15:57:34.303 [error] CodeExpectedError: Connecting with SSH timed out
    at ee.rb (vscode-file://vscode-app/home/drdbrioso/Desktop/code-stable-x64-1705560028/VSCode-linux-x64/resources/app/out/vs/workbench/workbench.desktop.main.js:2718:21055)
    at async ee.qb (vscode-file://vscode-app/home/drdbrioso/Desktop/code-stable-x64-1705560028/VSCode-linux-x64/resources/app/out/vs/workbench/workbench.desktop.main.js:2718:20332)
    at async ee.Ob (vscode-file://vscode-app/home/drdbrioso/Desktop/code-stable-x64-1705560028/VSCode-linux-x64/resources/app/out/vs/workbench/workbench.desktop.main.js:2719:11484)
    at async ee.jb (vscode-file://vscode-app/home/drdbrioso/Desktop/code-stable-x64-1705560028/VSCode-linux-x64/resources/app/out/vs/workbench/workbench.desktop.main.js:2718:17969)
2025-10-13 15:57:34.315 [error] Connecting with SSH timed out: CodeExpectedError: Connecting with SSH timed out
    at ee.rb (vscode-file://vscode-app/home/drdbrioso/Desktop/code-stable-x64-1705560028/VSCode-linux-x64/resources/app/out/vs/workbench/workbench.desktop.main.js:2718:21055)
    at async ee.qb (vscode-file://vscode-app/home/drdbrioso/Desktop/code-stable-x64-1705560028/VSCode-linux-x64/resources/app/out/vs/workbench/workbench.desktop.main.js:2718:20332)
    at async ee.Ob (vscode-file://vscode-app/home/drdbrioso/Desktop/code-stable-x64-1705560028/VSCode-linux-x64/resources/app/out/vs/workbench/workbench.desktop.main.js:2719:11484)
    at async ee.jb (vscode-file://vscode-app/home/drdbrioso/Desktop/code-stable-x64-1705560028/VSCode-linux-x64/resources/app/out/vs/workbench/workbench.desktop.main.js:2718:17969)
2025-10-13 15:57:34.499 [error] CodeExpectedError: Connecting with SSH timed out
    at ee.rb (vscode-file://vscode-app/home/drdbrioso/Desktop/code-stable-x64-1705560028/VSCode-linux-x64/resources/app/out/vs/workbench/workbench.desktop.main.js:2718:21055)
    at async ee.qb (vscode-file://vscode-app/home/drdbrioso/Desktop/code-stable-x64-1705560028/VSCode-linux-x64/resources/app/out/vs/workbench/workbench.desktop.main.js:2718:20332)
    at async ee.Ob (vscode-file://vscode-app/home/drdbrioso/Desktop/code-stable-x64-1705560028/VSCode-linux-x64/resources/app/out/vs/workbench/workbench.desktop.main.js:2719:11484)
    at async ee.jb (vscode-file://vscode-app/home/drdbrioso/Desktop/code-stable-x64-1705560028/VSCode-linux-x64/resources/app/out/vs/workbench/workbench.desktop.main.js:2718:17969)
2025-10-13 15:57:36.596 [warning] Via 'product.json#extensionEnabledApiProposals' extension 'ms-python.python' wants API proposal 'registerIssueDataProvider' but that proposal DOES NOT EXIST. Likely, the proposal has been finalized (check 'vscode.d.ts') or was abandoned.
2025-10-13 15:57:36.701 [info] Invoking resolveAuthority(ssh-remote)...
2025-10-13 15:57:36.701 [info] [LocalProcess0][resolveAuthority(ssh-remote,1)][0ms] obtaining proxy...
2025-10-13 15:57:36.713 [info] Started local extension host with pid 20665.
2025-10-13 15:57:36.978 [info] [LocalProcess0][resolveAuthority(ssh-remote,1)][277ms] invoking...
2025-10-13 15:57:37.980 [info] [LocalProcess0][resolveAuthority(ssh-remote,1)][1278ms] waiting...
2025-10-13 15:57:38.980 [info] [LocalProcess0][resolveAuthority(ssh-remote,1)][2277ms] waiting...
2025-10-13 15:57:39.776 [error] [/home/drdbrioso/.vscode/extensions/ms-toolsai.vscode-jupyter-cell-tags-0.1.9]: Extension is not compatible with Code 1.85.2. Extension requires: ^1.88.0.
2025-10-13 15:57:39.776 [error] [/home/drdbrioso/.vscode/extensions/ms-toolsai.vscode-jupyter-slideshow-0.1.6]: Extension is not compatible with Code 1.85.2. Extension requires: ^1.88.0.
2025-10-13 15:57:39.778 [error] [/home/drdbrioso/.vscode/extensions/ms-toolsai.jupyter-renderers-1.3.0]: Extension is not compatible with Code 1.85.2. Extension requires: ^1.95.0.
2025-10-13 15:57:39.833 [error] [/home/drdbrioso/.vscode/extensions/ms-vscode.remote-server-1.5.3]: Extension is not compatible with Code 1.85.2. Extension requires: ^1.87.0.
2025-10-13 15:57:39.834 [error] [/home/drdbrioso/.vscode/extensions/ms-python.vscode-python-envs-1.8.0-linux-x64]: Extension is not compatible with Code 1.85.2. Extension requires: ^1.104.0-20250815.
2025-10-13 15:57:39.835 [error] [/home/drdbrioso/.vscode/extensions/ms-vscode-remote.remote-containers-0.427.0]: Extension is not compatible with Code 1.85.2. Extension requires: ^1.99.0.
2025-10-13 15:57:39.835 [error] [/home/drdbrioso/.vscode/extensions/ms-vscode.remote-explorer-0.5.0]: Extension is not compatible with Code 1.85.2. Extension requires: ^1.87.0.
2025-10-13 15:57:39.836 [error] [/home/drdbrioso/.vscode/extensions/ms-vscode-remote.remote-wsl-0.104.3]: Extension is not compatible with Code 1.85.2. Extension requires: ^1.104.0.
2025-10-13 15:57:39.839 [error] [/home/drdbrioso/.vscode/extensions/ms-python.debugpy-2025.10.0-linux-x64]: Extension is not compatible with Code 1.85.2. Extension requires: ^1.92.0.
2025-10-13 15:57:39.841 [error] [/home/drdbrioso/.vscode/extensions/ms-python.python-2025.14.0-linux-x64]: Extension is not compatible with Code 1.85.2. Extension requires: ^1.95.0.
2025-10-13 15:57:39.844 [error] [/home/drdbrioso/.vscode/extensions/ms-python.vscode-pylance-2025.8.3]: Extension is not compatible with Code 1.85.2. Extension requires: ^1.101.0.
2025-10-13 15:57:39.980 [info] [LocalProcess0][resolveAuthority(ssh-remote,1)][3278ms] waiting...
2025-10-13 15:57:40.980 [info] [LocalProcess0][resolveAuthority(ssh-remote,1)][4278ms] waiting...
2025-10-13 15:57:41.979 [info] [LocalProcess0][resolveAuthority(ssh-remote,1)][5277ms] waiting...
2025-10-13 15:57:42.979 [info] [LocalProcess0][resolveAuthority(ssh-remote,1)][6277ms] waiting...
2025-10-13 15:57:43.980 [info] [LocalProcess0][resolveAuthority(ssh-remote,1)][7277ms] waiting...
2025-10-13 15:57:44.979 [info] [LocalProcess0][resolveAuthority(ssh-remote,1)][8277ms] waiting...
2025-10-13 15:57:45.979 [info] [LocalProcess0][resolveAuthority(ssh-remote,1)][9277ms] waiting...
2025-10-13 15:57:46.980 [info] [LocalProcess0][resolveAuthority(ssh-remote,1)][10277ms] waiting...
2025-10-13 15:57:47.979 [info] [LocalProcess0][resolveAuthority(ssh-remote,1)][11277ms] waiting...
2025-10-13 15:57:48.980 [info] [LocalProcess0][resolveAuthority(ssh-remote,1)][12277ms] waiting...
2025-10-13 15:57:49.979 [info] [LocalProcess0][resolveAuthority(ssh-remote,1)][13277ms] waiting...
2025-10-13 15:57:50.980 [info] [LocalProcess0][resolveAuthority(ssh-remote,1)][14277ms] waiting...
2025-10-13 15:57:51.980 [info] [LocalProcess0][resolveAuthority(ssh-remote,1)][15277ms] waiting...
2025-10-13 15:57:52.979 [info] [LocalProcess0][resolveAuthority(ssh-remote,1)][16277ms] waiting...
2025-10-13 15:57:53.979 [info] [LocalProcess0][resolveAuthority(ssh-remote,1)][17277ms] waiting...
2025-10-13 15:57:54.081 [error] [LocalProcess0][resolveAuthority(ssh-remote,1)][17380ms] returned an error {"code":"NotAvailable","message":"Connecting with SSH timed out","detail":true}
2025-10-13 15:57:54.082 [error] resolveAuthority(ssh-remote) returned an error after 17381 ms Connecting with SSH timed out
2025-10-13 15:57:54.083 [error] Error received from starting extension host (kind: Remote)
2025-10-13 15:57:54.084 [error] CodeExpectedError: Connecting with SSH timed out
    at ee.rb (vscode-file://vscode-app/home/drdbrioso/Desktop/code-stable-x64-1705560028/VSCode-linux-x64/resources/app/out/vs/workbench/workbench.desktop.main.js:2718:21055)
    at async ee.qb (vscode-file://vscode-app/home/drdbrioso/Desktop/code-stable-x64-1705560028/VSCode-linux-x64/resources/app/out/vs/workbench/workbench.desktop.main.js:2718:20332)
    at async ee.Ob (vscode-file://vscode-app/home/drdbrioso/Desktop/code-stable-x64-1705560028/VSCode-linux-x64/resources/app/out/vs/workbench/workbench.desktop.main.js:2719:11484)
    at async ee.jb (vscode-file://vscode-app/home/drdbrioso/Desktop/code-stable-x64-1705560028/VSCode-linux-x64/resources/app/out/vs/workbench/workbench.desktop.main.js:2718:17969)
2025-10-13 15:57:54.085 [error] [remote-connection][attempt 1] An error occurred in initial connection! Will retry... Error:
2025-10-13 15:57:54.086 [error] CodeExpectedError: Connecting with SSH timed out
    at ee.rb (vscode-file://vscode-app/home/drdbrioso/Desktop/code-stable-x64-1705560028/VSCode-linux-x64/resources/app/out/vs/workbench/workbench.desktop.main.js:2718:21055)
    at async ee.qb (vscode-file://vscode-app/home/drdbrioso/Desktop/code-stable-x64-1705560028/VSCode-linux-x64/resources/app/out/vs/workbench/workbench.desktop.main.js:2718:20332)
    at async ee.Ob (vscode-file://vscode-app/home/drdbrioso/Desktop/code-stable-x64-1705560028/VSCode-linux-x64/resources/app/out/vs/workbench/workbench.desktop.main.js:2719:11484)
    at async ee.jb (vscode-file://vscode-app/home/drdbrioso/Desktop/code-stable-x64-1705560028/VSCode-linux-x64/resources/app/out/vs/workbench/workbench.desktop.main.js:2718:17969)
2025-10-13 15:57:54.088 [error] [remote-connection][attempt 2] An error occurred in initial connection! Will retry... Error:
2025-10-13 15:57:54.089 [error] CodeExpectedError: Connecting with SSH timed out
    at ee.rb (vscode-file://vscode-app/home/drdbrioso/Desktop/code-stable-x64-1705560028/VSCode-linux-x64/resources/app/out/vs/workbench/workbench.desktop.main.js:2718:21055)
    at async ee.qb (vscode-file://vscode-app/home/drdbrioso/Desktop/code-stable-x64-1705560028/VSCode-linux-x64/resources/app/out/vs/workbench/workbench.desktop.main.js:2718:20332)
    at async ee.Ob (vscode-file://vscode-app/home/drdbrioso/Desktop/code-stable-x64-1705560028/VSCode-linux-x64/resources/app/out/vs/workbench/workbench.desktop.main.js:2719:11484)
    at async ee.jb (vscode-file://vscode-app/home/drdbrioso/Desktop/code-stable-x64-1705560028/VSCode-linux-x64/resources/app/out/vs/workbench/workbench.desktop.main.js:2718:17969)
2025-10-13 15:57:54.115 [error] [remote-connection][attempt 3] An error occurred in initial connection! Will retry... Error:
2025-10-13 15:57:54.115 [error] CodeExpectedError: Connecting with SSH timed out
    at ee.rb (vscode-file://vscode-app/home/drdbrioso/Desktop/code-stable-x64-1705560028/VSCode-linux-x64/resources/app/out/vs/workbench/workbench.desktop.main.js:2718:21055)
    at async ee.qb (vscode-file://vscode-app/home/drdbrioso/Desktop/code-stable-x64-1705560028/VSCode-linux-x64/resources/app/out/vs/workbench/workbench.desktop.main.js:2718:20332)
    at async ee.Ob (vscode-file://vscode-app/home/drdbrioso/Desktop/code-stable-x64-1705560028/VSCode-linux-x64/resources/app/out/vs/workbench/workbench.desktop.main.js:2719:11484)
    at async ee.jb (vscode-file://vscode-app/home/drdbrioso/Desktop/code-stable-x64-1705560028/VSCode-linux-x64/resources/app/out/vs/workbench/workbench.desktop.main.js:2718:17969)
2025-10-13 15:57:54.133 [error] [remote-connection][attempt 4] An error occurred in initial connection! Will retry... Error:
2025-10-13 15:57:54.133 [error] CodeExpectedError: Connecting with SSH timed out
    at ee.rb (vscode-file://vscode-app/home/drdbrioso/Desktop/code-stable-x64-1705560028/VSCode-linux-x64/resources/app/out/vs/workbench/workbench.desktop.main.js:2718:21055)
    at async ee.qb (vscode-file://vscode-app/home/drdbrioso/Desktop/code-stable-x64-1705560028/VSCode-linux-x64/resources/app/out/vs/workbench/workbench.desktop.main.js:2718:20332)
    at async ee.Ob (vscode-file://vscode-app/home/drdbrioso/Desktop/code-stable-x64-1705560028/VSCode-linux-x64/resources/app/out/vs/workbench/workbench.desktop.main.js:2719:11484)
    at async ee.jb (vscode-file://vscode-app/home/drdbrioso/Desktop/code-stable-x64-1705560028/VSCode-linux-x64/resources/app/out/vs/workbench/workbench.desktop.main.js:2718:17969)
2025-10-13 15:57:54.134 [error] [remote-connection][attempt 5]  An error occurred in initial connection! It will be treated as a permanent error. Error:
2025-10-13 15:57:54.134 [error] CodeExpectedError: Connecting with SSH timed out
    at ee.rb (vscode-file://vscode-app/home/drdbrioso/Desktop/code-stable-x64-1705560028/VSCode-linux-x64/resources/app/out/vs/workbench/workbench.desktop.main.js:2718:21055)
    at async ee.qb (vscode-file://vscode-app/home/drdbrioso/Desktop/code-stable-x64-1705560028/VSCode-linux-x64/resources/app/out/vs/workbench/workbench.desktop.main.js:2718:20332)
    at async ee.Ob (vscode-file://vscode-app/home/drdbrioso/Desktop/code-stable-x64-1705560028/VSCode-linux-x64/resources/app/out/vs/workbench/workbench.desktop.main.js:2719:11484)
    at async ee.jb (vscode-file://vscode-app/home/drdbrioso/Desktop/code-stable-x64-1705560028/VSCode-linux-x64/resources/app/out/vs/workbench/workbench.desktop.main.js:2718:17969)
2025-10-13 15:57:54.135 [error] CodeExpectedError: Connecting with SSH timed out
    at ee.rb (vscode-file://vscode-app/home/drdbrioso/Desktop/code-stable-x64-1705560028/VSCode-linux-x64/resources/app/out/vs/workbench/workbench.desktop.main.js:2718:21055)
    at async ee.qb (vscode-file://vscode-app/home/drdbrioso/Desktop/code-stable-x64-1705560028/VSCode-linux-x64/resources/app/out/vs/workbench/workbench.desktop.main.js:2718:20332)
    at async ee.Ob (vscode-file://vscode-app/home/drdbrioso/Desktop/code-stable-x64-1705560028/VSCode-linux-x64/resources/app/out/vs/workbench/workbench.desktop.main.js:2719:11484)
    at async ee.jb (vscode-file://vscode-app/home/drdbrioso/Desktop/code-stable-x64-1705560028/VSCode-linux-x64/resources/app/out/vs/workbench/workbench.desktop.main.js:2718:17969)
2025-10-13 15:57:54.135 [error] Cannot register remote filesystem provider. Error while fetching remote environment. Connecting with SSH timed out
2025-10-13 15:57:54.135 [error] CodeExpectedError: Connecting with SSH timed out
    at ee.rb (vscode-file://vscode-app/home/drdbrioso/Desktop/code-stable-x64-1705560028/VSCode-linux-x64/resources/app/out/vs/workbench/workbench.desktop.main.js:2718:21055)
    at async ee.qb (vscode-file://vscode-app/home/drdbrioso/Desktop/code-stable-x64-1705560028/VSCode-linux-x64/resources/app/out/vs/workbench/workbench.desktop.main.js:2718:20332)
    at async ee.Ob (vscode-file://vscode-app/home/drdbrioso/Desktop/code-stable-x64-1705560028/VSCode-linux-x64/resources/app/out/vs/workbench/workbench.desktop.main.js:2719:11484)
    at async ee.jb (vscode-file://vscode-app/home/drdbrioso/Desktop/code-stable-x64-1705560028/VSCode-linux-x64/resources/app/out/vs/workbench/workbench.desktop.main.js:2718:17969)
2025-10-13 15:57:54.135 [error] CodeExpectedError: Connecting with SSH timed out
    at ee.rb (vscode-file://vscode-app/home/drdbrioso/Desktop/code-stable-x64-1705560028/VSCode-linux-x64/resources/app/out/vs/workbench/workbench.desktop.main.js:2718:21055)
    at async ee.qb (vscode-file://vscode-app/home/drdbrioso/Desktop/code-stable-x64-1705560028/VSCode-linux-x64/resources/app/out/vs/workbench/workbench.desktop.main.js:2718:20332)
    at async ee.Ob (vscode-file://vscode-app/home/drdbrioso/Desktop/code-stable-x64-1705560028/VSCode-linux-x64/resources/app/out/vs/workbench/workbench.desktop.main.js:2719:11484)
    at async ee.jb (vscode-file://vscode-app/home/drdbrioso/Desktop/code-stable-x64-1705560028/VSCode-linux-x64/resources/app/out/vs/workbench/workbench.desktop.main.js:2718:17969)
2025-10-13 15:57:54.136 [error] CodeExpectedError: Connecting with SSH timed out
    at ee.rb (vscode-file://vscode-app/home/drdbrioso/Desktop/code-stable-x64-1705560028/VSCode-linux-x64/resources/app/out/vs/workbench/workbench.desktop.main.js:2718:21055)
    at async ee.qb (vscode-file://vscode-app/home/drdbrioso/Desktop/code-stable-x64-1705560028/VSCode-linux-x64/resources/app/out/vs/workbench/workbench.desktop.main.js:2718:20332)
    at async ee.Ob (vscode-file://vscode-app/home/drdbrioso/Desktop/code-stable-x64-1705560028/VSCode-linux-x64/resources/app/out/vs/workbench/workbench.desktop.main.js:2719:11484)
    at async ee.jb (vscode-file://vscode-app/home/drdbrioso/Desktop/code-stable-x64-1705560028/VSCode-linux-x64/resources/app/out/vs/workbench/workbench.desktop.main.js:2718:17969)
2025-10-13 15:57:54.136 [error] CodeExpectedError: Connecting with SSH timed out
    at ee.rb (vscode-file://vscode-app/home/drdbrioso/Desktop/code-stable-x64-1705560028/VSCode-linux-x64/resources/app/out/vs/workbench/workbench.desktop.main.js:2718:21055)
    at async ee.qb (vscode-file://vscode-app/home/drdbrioso/Desktop/code-stable-x64-1705560028/VSCode-linux-x64/resources/app/out/vs/workbench/workbench.desktop.main.js:2718:20332)
    at async ee.Ob (vscode-file://vscode-app/home/drdbrioso/Desktop/code-stable-x64-1705560028/VSCode-linux-x64/resources/app/out/vs/workbench/workbench.desktop.main.js:2719:11484)
    at async ee.jb (vscode-file://vscode-app/home/drdbrioso/Desktop/code-stable-x64-1705560028/VSCode-linux-x64/resources/app/out/vs/workbench/workbench.desktop.main.js:2718:17969)
2025-10-13 15:57:54.137 [error] CodeExpectedError: Connecting with SSH timed out
    at ee.rb (vscode-file://vscode-app/home/drdbrioso/Desktop/code-stable-x64-1705560028/VSCode-linux-x64/resources/app/out/vs/workbench/workbench.desktop.main.js:2718:21055)
    at async ee.qb (vscode-file://vscode-app/home/drdbrioso/Desktop/code-stable-x64-1705560028/VSCode-linux-x64/resources/app/out/vs/workbench/workbench.desktop.main.js:2718:20332)
    at async ee.Ob (vscode-file://vscode-app/home/drdbrioso/Desktop/code-stable-x64-1705560028/VSCode-linux-x64/resources/app/out/vs/workbench/workbench.desktop.main.js:2719:11484)
    at async ee.jb (vscode-file://vscode-app/home/drdbrioso/Desktop/code-stable-x64-1705560028/VSCode-linux-x64/resources/app/out/vs/workbench/workbench.desktop.main.js:2718:17969)
2025-10-13 15:57:54.143 [error] Connecting with SSH timed out: CodeExpectedError: Connecting with SSH timed out
    at ee.rb (vscode-file://vscode-app/home/drdbrioso/Desktop/code-stable-x64-1705560028/VSCode-linux-x64/resources/app/out/vs/workbench/workbench.desktop.main.js:2718:21055)
    at async ee.qb (vscode-file://vscode-app/home/drdbrioso/Desktop/code-stable-x64-1705560028/VSCode-linux-x64/resources/app/out/vs/workbench/workbench.desktop.main.js:2718:20332)
    at async ee.Ob (vscode-file://vscode-app/home/drdbrioso/Desktop/code-stable-x64-1705560028/VSCode-linux-x64/resources/app/out/vs/workbench/workbench.desktop.main.js:2719:11484)
    at async ee.jb (vscode-file://vscode-app/home/drdbrioso/Desktop/code-stable-x64-1705560028/VSCode-linux-x64/resources/app/out/vs/workbench/workbench.desktop.main.js:2718:17969)
2025-10-13 15:57:54.267 [error] CodeExpectedError: Connecting with SSH timed out
    at ee.rb (vscode-file://vscode-app/home/drdbrioso/Desktop/code-stable-x64-1705560028/VSCode-linux-x64/resources/app/out/vs/workbench/workbench.desktop.main.js:2718:21055)
    at async ee.qb (vscode-file://vscode-app/home/drdbrioso/Desktop/code-stable-x64-1705560028/VSCode-linux-x64/resources/app/out/vs/workbench/workbench.desktop.main.js:2718:20332)
    at async ee.Ob (vscode-file://vscode-app/home/drdbrioso/Desktop/code-stable-x64-1705560028/VSCode-linux-x64/resources/app/out/vs/workbench/workbench.desktop.main.js:2719:11484)
    at async ee.jb (vscode-file://vscode-app/home/drdbrioso/Desktop/code-stable-x64-1705560028/VSCode-linux-x64/resources/app/out/vs/workbench/workbench.desktop.main.js:2718:17969)
2025-10-13 15:58:14.142 [error] Connecting with SSH timed out: CodeExpectedError: Connecting with SSH timed out
    at ee.rb (vscode-file://vscode-app/home/drdbrioso/Desktop/code-stable-x64-1705560028/VSCode-linux-x64/resources/app/out/vs/workbench/workbench.desktop.main.js:2718:21055)
    at async ee.qb (vscode-file://vscode-app/home/drdbrioso/Desktop/code-stable-x64-1705560028/VSCode-linux-x64/resources/app/out/vs/workbench/workbench.desktop.main.js:2718:20332)
    at async ee.Ob (vscode-file://vscode-app/home/drdbrioso/Desktop/code-stable-x64-1705560028/VSCode-linux-x64/resources/app/out/vs/workbench/workbench.desktop.main.js:2719:11484)
    at async ee.jb (vscode-file://vscode-app/home/drdbrioso/Desktop/code-stable-x64-1705560028/VSCode-linux-x64/resources/app/out/vs/workbench/workbench.desktop.main.js:2718:17969)
2025-10-13 15:58:14.502 [warning] Via 'product.json#extensionEnabledApiProposals' extension 'ms-python.python' wants API proposal 'registerIssueDataProvider' but that proposal DOES NOT EXIST. Likely, the proposal has been finalized (check 'vscode.d.ts') or was abandoned.
2025-10-13 15:58:14.638 [info] Invoking resolveAuthority(ssh-remote)...
2025-10-13 15:58:14.638 [info] [LocalProcess0][resolveAuthority(ssh-remote,1)][0ms] obtaining proxy...
2025-10-13 15:58:14.651 [info] Started local extension host with pid 21209.
2025-10-13 15:58:14.912 [info] [LocalProcess0][resolveAuthority(ssh-remote,1)][273ms] invoking...
2025-10-13 15:58:15.913 [info] [LocalProcess0][resolveAuthority(ssh-remote,1)][1274ms] waiting...
2025-10-13 15:58:16.912 [info] [LocalProcess0][resolveAuthority(ssh-remote,1)][2274ms] waiting...
2025-10-13 15:58:17.717 [error] [/home/drdbrioso/.vscode/extensions/ms-toolsai.vscode-jupyter-cell-tags-0.1.9]: Extension is not compatible with Code 1.85.2. Extension requires: ^1.88.0.
2025-10-13 15:58:17.717 [error] [/home/drdbrioso/.vscode/extensions/ms-toolsai.vscode-jupyter-slideshow-0.1.6]: Extension is not compatible with Code 1.85.2. Extension requires: ^1.88.0.
2025-10-13 15:58:17.718 [error] [/home/drdbrioso/.vscode/extensions/ms-toolsai.jupyter-renderers-1.3.0]: Extension is not compatible with Code 1.85.2. Extension requires: ^1.95.0.
2025-10-13 15:58:17.760 [error] [/home/drdbrioso/.vscode/extensions/ms-vscode-remote.remote-wsl-0.104.3]: Extension is not compatible with Code 1.85.2. Extension requires: ^1.104.0.
2025-10-13 15:58:17.760 [error] [/home/drdbrioso/.vscode/extensions/ms-vscode.remote-server-1.5.3]: Extension is not compatible with Code 1.85.2. Extension requires: ^1.87.0.
2025-10-13 15:58:17.764 [error] [/home/drdbrioso/.vscode/extensions/ms-vscode-remote.remote-containers-0.427.0]: Extension is not compatible with Code 1.85.2. Extension requires: ^1.99.0.
2025-10-13 15:58:17.770 [error] [/home/drdbrioso/.vscode/extensions/ms-vscode.remote-explorer-0.5.0]: Extension is not compatible with Code 1.85.2. Extension requires: ^1.87.0.
2025-10-13 15:58:17.770 [error] [/home/drdbrioso/.vscode/extensions/ms-python.vscode-python-envs-1.8.0-linux-x64]: Extension is not compatible with Code 1.85.2. Extension requires: ^1.104.0-20250815.
2025-10-13 15:58:17.771 [error] [/home/drdbrioso/.vscode/extensions/ms-python.debugpy-2025.10.0-linux-x64]: Extension is not compatible with Code 1.85.2. Extension requires: ^1.92.0.
2025-10-13 15:58:17.774 [error] [/home/drdbrioso/.vscode/extensions/ms-python.vscode-pylance-2025.8.3]: Extension is not compatible with Code 1.85.2. Extension requires: ^1.101.0.
2025-10-13 15:58:17.778 [error] [/home/drdbrioso/.vscode/extensions/ms-python.python-2025.14.0-linux-x64]: Extension is not compatible with Code 1.85.2. Extension requires: ^1.95.0.
2025-10-13 15:58:17.913 [info] [LocalProcess0][resolveAuthority(ssh-remote,1)][3274ms] waiting...
2025-10-13 15:58:18.913 [info] [LocalProcess0][resolveAuthority(ssh-remote,1)][4274ms] waiting...
2025-10-13 15:58:19.913 [info] [LocalProcess0][resolveAuthority(ssh-remote,1)][5274ms] waiting...
2025-10-13 15:58:20.913 [info] [LocalProcess0][resolveAuthority(ssh-remote,1)][6274ms] waiting...
2025-10-13 15:58:21.913 [info] [LocalProcess0][resolveAuthority(ssh-remote,1)][7274ms] waiting...
2025-10-13 15:58:22.913 [info] [LocalProcess0][resolveAuthority(ssh-remote,1)][8274ms] waiting...
2025-10-13 15:58:23.914 [info] [LocalProcess0][resolveAuthority(ssh-remote,1)][9274ms] waiting...
2025-10-13 15:58:24.913 [info] [LocalProcess0][resolveAuthority(ssh-remote,1)][10274ms] waiting...
2025-10-13 15:58:25.913 [info] [LocalProcess0][resolveAuthority(ssh-remote,1)][11274ms] waiting...
2025-10-13 15:58:26.914 [info] [LocalProcess0][resolveAuthority(ssh-remote,1)][12274ms] waiting...
2025-10-13 15:58:27.913 [info] [LocalProcess0][resolveAuthority(ssh-remote,1)][13274ms] waiting...
2025-10-13 15:58:28.913 [info] [LocalProcess0][resolveAuthority(ssh-remote,1)][14274ms] waiting...
2025-10-13 15:58:29.913 [info] [LocalProcess0][resolveAuthority(ssh-remote,1)][15274ms] waiting...
2025-10-13 15:58:30.913 [info] [LocalProcess0][resolveAuthority(ssh-remote,1)][16274ms] waiting...
2025-10-13 15:58:31.913 [info] [LocalProcess0][resolveAuthority(ssh-remote,1)][17274ms] waiting...
2025-10-13 15:58:32.912 [info] [LocalProcess0][resolveAuthority(ssh-remote,1)][18274ms] waiting...
2025-10-13 15:58:33.913 [info] [LocalProcess0][resolveAuthority(ssh-remote,1)][19274ms] waiting...
2025-10-13 15:58:34.912 [info] [LocalProcess0][resolveAuthority(ssh-remote,1)][20274ms] waiting...
2025-10-13 15:58:35.913 [info] [LocalProcess0][resolveAuthority(ssh-remote,1)][21274ms] waiting...
2025-10-13 15:58:36.913 [info] [LocalProcess0][resolveAuthority(ssh-remote,1)][22274ms] waiting...
2025-10-13 15:58:37.913 [info] [LocalProcess0][resolveAuthority(ssh-remote,1)][23274ms] waiting...
2025-10-13 15:58:38.913 [info] [LocalProcess0][resolveAuthority(ssh-remote,1)][24274ms] waiting...
2025-10-13 15:58:39.913 [info] [LocalProcess0][resolveAuthority(ssh-remote,1)][25274ms] waiting...
2025-10-13 15:58:40.913 [info] [LocalProcess0][resolveAuthority(ssh-remote,1)][26274ms] waiting...
2025-10-13 15:58:41.913 [info] [LocalProcess0][resolveAuthority(ssh-remote,1)][27274ms] waiting...
2025-10-13 15:58:42.785 [error] [Extension Host] (node:21209) [DEP0005] DeprecationWarning: Buffer() is deprecated due to security and usability issues. Please use the Buffer.alloc(), Buffer.allocUnsafe(), or Buffer.from() methods instead.
(Use `exe --trace-deprecation ...` to show where the warning was created)
2025-10-13 15:58:42.802 [info] [LocalProcess0][resolveAuthority(ssh-remote,1)][28164ms] returned WebSocket(127.0.0.1:41483)
2025-10-13 15:58:42.803 [info] resolveAuthority(ssh-remote) returned 'WebSocket(127.0.0.1:41483)' after 28164 ms
2025-10-13 15:58:42.853 [info] Creating a socket (renderer-Management-b02c585f-6179-48c0-8cc3-e2dd2108120b)...
2025-10-13 15:58:42.856 [info] Creating a socket (renderer-ExtensionHost-0241ccd7-8c30-4464-bc09-165e21ab5681)...
2025-10-13 15:58:43.657 [info] Creating a socket (renderer-Management-b02c585f-6179-48c0-8cc3-e2dd2108120b) was successful after 804 ms.
2025-10-13 15:58:43.744 [info] Creating a socket (renderer-ExtensionHost-0241ccd7-8c30-4464-bc09-165e21ab5681) was successful after 888 ms.
2025-10-13 15:58:45.996 [info] [perf] Render performance baseline is 26ms
2025-10-13 15:59:00.003 [warning] Via 'product.json#extensionEnabledApiProposals' extension 'ms-python.python' wants API proposal 'registerIssueDataProvider' but that proposal DOES NOT EXIST. Likely, the proposal has been finalized (check 'vscode.d.ts') or was abandoned.
2025-10-13 15:59:00.153 [info] Started local extension host with pid 21385.
2025-10-13 15:59:00.346 [info] Invoking resolveAuthority(ssh-remote)...
2025-10-13 15:59:00.346 [info] [LocalProcess0][resolveAuthority(ssh-remote,1)][0ms] obtaining proxy...
2025-10-13 15:59:00.346 [info] [LocalProcess0][resolveAuthority(ssh-remote,1)][0ms] invoking...
2025-10-13 15:59:01.348 [info] [LocalProcess0][resolveAuthority(ssh-remote,1)][1000ms] waiting...
2025-10-13 15:59:02.346 [info] [LocalProcess0][resolveAuthority(ssh-remote,1)][2000ms] waiting...
2025-10-13 15:59:03.204 [error] [/home/drdbrioso/.vscode/extensions/ms-toolsai.vscode-jupyter-cell-tags-0.1.9]: Extension is not compatible with Code 1.85.2. Extension requires: ^1.88.0.
2025-10-13 15:59:03.204 [error] [/home/drdbrioso/.vscode/extensions/ms-toolsai.vscode-jupyter-slideshow-0.1.6]: Extension is not compatible with Code 1.85.2. Extension requires: ^1.88.0.
2025-10-13 15:59:03.206 [error] [/home/drdbrioso/.vscode/extensions/ms-toolsai.jupyter-renderers-1.3.0]: Extension is not compatible with Code 1.85.2. Extension requires: ^1.95.0.
2025-10-13 15:59:03.259 [error] [/home/drdbrioso/.vscode/extensions/ms-vscode.remote-server-1.5.3]: Extension is not compatible with Code 1.85.2. Extension requires: ^1.87.0.
2025-10-13 15:59:03.260 [error] [/home/drdbrioso/.vscode/extensions/ms-vscode-remote.remote-wsl-0.104.3]: Extension is not compatible with Code 1.85.2. Extension requires: ^1.104.0.
2025-10-13 15:59:03.260 [error] [/home/drdbrioso/.vscode/extensions/ms-vscode.remote-explorer-0.5.0]: Extension is not compatible with Code 1.85.2. Extension requires: ^1.87.0.
2025-10-13 15:59:03.261 [error] [/home/drdbrioso/.vscode/extensions/ms-vscode-remote.remote-containers-0.427.0]: Extension is not compatible with Code 1.85.2. Extension requires: ^1.99.0.
2025-10-13 15:59:03.263 [error] [/home/drdbrioso/.vscode/extensions/ms-python.vscode-python-envs-1.8.0-linux-x64]: Extension is not compatible with Code 1.85.2. Extension requires: ^1.104.0-20250815.
2025-10-13 15:59:03.264 [error] [/home/drdbrioso/.vscode/extensions/ms-python.debugpy-2025.10.0-linux-x64]: Extension is not compatible with Code 1.85.2. Extension requires: ^1.92.0.
2025-10-13 15:59:03.264 [error] [/home/drdbrioso/.vscode/extensions/ms-python.python-2025.14.0-linux-x64]: Extension is not compatible with Code 1.85.2. Extension requires: ^1.95.0.
2025-10-13 15:59:03.267 [error] [/home/drdbrioso/.vscode/extensions/ms-python.vscode-pylance-2025.8.3]: Extension is not compatible with Code 1.85.2. Extension requires: ^1.101.0.
2025-10-13 15:59:03.346 [info] [LocalProcess0][resolveAuthority(ssh-remote,1)][3000ms] waiting...
2025-10-13 15:59:04.347 [info] [LocalProcess0][resolveAuthority(ssh-remote,1)][4000ms] waiting...
2025-10-13 15:59:05.347 [info] [LocalProcess0][resolveAuthority(ssh-remote,1)][5000ms] waiting...
2025-10-13 15:59:06.347 [info] [LocalProcess0][resolveAuthority(ssh-remote,1)][6000ms] waiting...
2025-10-13 15:59:07.347 [info] [LocalProcess0][resolveAuthority(ssh-remote,1)][7000ms] waiting...
2025-10-13 15:59:08.347 [info] [LocalProcess0][resolveAuthority(ssh-remote,1)][8000ms] waiting...
2025-10-13 15:59:09.347 [info] [LocalProcess0][resolveAuthority(ssh-remote,1)][9000ms] waiting...
2025-10-13 15:59:10.347 [info] [LocalProcess0][resolveAuthority(ssh-remote,1)][10000ms] waiting...
2025-10-13 15:59:11.348 [info] [LocalProcess0][resolveAuthority(ssh-remote,1)][11000ms] waiting...
2025-10-13 15:59:12.348 [info] [LocalProcess0][resolveAuthority(ssh-remote,1)][12000ms] waiting...
2025-10-13 15:59:13.348 [info] [LocalProcess0][resolveAuthority(ssh-remote,1)][13000ms] waiting...
2025-10-13 15:59:14.348 [info] [LocalProcess0][resolveAuthority(ssh-remote,1)][14000ms] waiting...
2025-10-13 15:59:15.348 [info] [LocalProcess0][resolveAuthority(ssh-remote,1)][15000ms] waiting...
2025-10-13 15:59:16.347 [info] [LocalProcess0][resolveAuthority(ssh-remote,1)][16000ms] waiting...
2025-10-13 15:59:17.348 [info] [LocalProcess0][resolveAuthority(ssh-remote,1)][17000ms] waiting...
2025-10-13 15:59:17.405 [error] [LocalProcess0][resolveAuthority(ssh-remote,1)][17056ms] returned an error {"code":"NotAvailable","message":"Connecting with SSH timed out","detail":true}
2025-10-13 15:59:17.406 [error] resolveAuthority(ssh-remote) returned an error after 17056 ms Connecting with SSH timed out
2025-10-13 15:59:17.406 [error] Error received from starting extension host (kind: Remote)
2025-10-13 15:59:17.406 [error] CodeExpectedError: Connecting with SSH timed out
    at ee.rb (vscode-file://vscode-app/home/drdbrioso/Desktop/code-stable-x64-1705560028/VSCode-linux-x64/resources/app/out/vs/workbench/workbench.desktop.main.js:2718:21055)
    at async ee.qb (vscode-file://vscode-app/home/drdbrioso/Desktop/code-stable-x64-1705560028/VSCode-linux-x64/resources/app/out/vs/workbench/workbench.desktop.main.js:2718:20332)
    at async ee.Ob (vscode-file://vscode-app/home/drdbrioso/Desktop/code-stable-x64-1705560028/VSCode-linux-x64/resources/app/out/vs/workbench/workbench.desktop.main.js:2719:11484)
    at async ee.jb (vscode-file://vscode-app/home/drdbrioso/Desktop/code-stable-x64-1705560028/VSCode-linux-x64/resources/app/out/vs/workbench/workbench.desktop.main.js:2718:17969)
2025-10-13 15:59:17.407 [error] [remote-connection][attempt 1] An error occurred in initial connection! Will retry... Error:
2025-10-13 15:59:17.408 [error] CodeExpectedError: Connecting with SSH timed out
    at ee.rb (vscode-file://vscode-app/home/drdbrioso/Desktop/code-stable-x64-1705560028/VSCode-linux-x64/resources/app/out/vs/workbench/workbench.desktop.main.js:2718:21055)
    at async ee.qb (vscode-file://vscode-app/home/drdbrioso/Desktop/code-stable-x64-1705560028/VSCode-linux-x64/resources/app/out/vs/workbench/workbench.desktop.main.js:2718:20332)
    at async ee.Ob (vscode-file://vscode-app/home/drdbrioso/Desktop/code-stable-x64-1705560028/VSCode-linux-x64/resources/app/out/vs/workbench/workbench.desktop.main.js:2719:11484)
    at async ee.jb (vscode-file://vscode-app/home/drdbrioso/Desktop/code-stable-x64-1705560028/VSCode-linux-x64/resources/app/out/vs/workbench/workbench.desktop.main.js:2718:17969)
2025-10-13 15:59:17.409 [error] [remote-connection][attempt 2] An error occurred in initial connection! Will retry... Error:
2025-10-13 15:59:17.410 [error] CodeExpectedError: Connecting with SSH timed out
    at ee.rb (vscode-file://vscode-app/home/drdbrioso/Desktop/code-stable-x64-1705560028/VSCode-linux-x64/resources/app/out/vs/workbench/workbench.desktop.main.js:2718:21055)
    at async ee.qb (vscode-file://vscode-app/home/drdbrioso/Desktop/code-stable-x64-1705560028/VSCode-linux-x64/resources/app/out/vs/workbench/workbench.desktop.main.js:2718:20332)
    at async ee.Ob (vscode-file://vscode-app/home/drdbrioso/Desktop/code-stable-x64-1705560028/VSCode-linux-x64/resources/app/out/vs/workbench/workbench.desktop.main.js:2719:11484)
    at async ee.jb (vscode-file://vscode-app/home/drdbrioso/Desktop/code-stable-x64-1705560028/VSCode-linux-x64/resources/app/out/vs/workbench/workbench.desktop.main.js:2718:17969)
2025-10-13 15:59:17.432 [error] [remote-connection][attempt 3] An error occurred in initial connection! Will retry... Error:
2025-10-13 15:59:17.432 [error] CodeExpectedError: Connecting with SSH timed out
    at ee.rb (vscode-file://vscode-app/home/drdbrioso/Desktop/code-stable-x64-1705560028/VSCode-linux-x64/resources/app/out/vs/workbench/workbench.desktop.main.js:2718:21055)
    at async ee.qb (vscode-file://vscode-app/home/drdbrioso/Desktop/code-stable-x64-1705560028/VSCode-linux-x64/resources/app/out/vs/workbench/workbench.desktop.main.js:2718:20332)
    at async ee.Ob (vscode-file://vscode-app/home/drdbrioso/Desktop/code-stable-x64-1705560028/VSCode-linux-x64/resources/app/out/vs/workbench/workbench.desktop.main.js:2719:11484)
    at async ee.jb (vscode-file://vscode-app/home/drdbrioso/Desktop/code-stable-x64-1705560028/VSCode-linux-x64/resources/app/out/vs/workbench/workbench.desktop.main.js:2718:17969)
2025-10-13 15:59:17.450 [error] [remote-connection][attempt 4] An error occurred in initial connection! Will retry... Error:
2025-10-13 15:59:17.451 [error] CodeExpectedError: Connecting with SSH timed out
    at ee.rb (vscode-file://vscode-app/home/drdbrioso/Desktop/code-stable-x64-1705560028/VSCode-linux-x64/resources/app/out/vs/workbench/workbench.desktop.main.js:2718:21055)
    at async ee.qb (vscode-file://vscode-app/home/drdbrioso/Desktop/code-stable-x64-1705560028/VSCode-linux-x64/resources/app/out/vs/workbench/workbench.desktop.main.js:2718:20332)
    at async ee.Ob (vscode-file://vscode-app/home/drdbrioso/Desktop/code-stable-x64-1705560028/VSCode-linux-x64/resources/app/out/vs/workbench/workbench.desktop.main.js:2719:11484)
    at async ee.jb (vscode-file://vscode-app/home/drdbrioso/Desktop/code-stable-x64-1705560028/VSCode-linux-x64/resources/app/out/vs/workbench/workbench.desktop.main.js:2718:17969)
2025-10-13 15:59:17.452 [error] [remote-connection][attempt 5]  An error occurred in initial connection! It will be treated as a permanent error. Error:
2025-10-13 15:59:17.452 [error] CodeExpectedError: Connecting with SSH timed out
    at ee.rb (vscode-file://vscode-app/home/drdbrioso/Desktop/code-stable-x64-1705560028/VSCode-linux-x64/resources/app/out/vs/workbench/workbench.desktop.main.js:2718:21055)
    at async ee.qb (vscode-file://vscode-app/home/drdbrioso/Desktop/code-stable-x64-1705560028/VSCode-linux-x64/resources/app/out/vs/workbench/workbench.desktop.main.js:2718:20332)
    at async ee.Ob (vscode-file://vscode-app/home/drdbrioso/Desktop/code-stable-x64-1705560028/VSCode-linux-x64/resources/app/out/vs/workbench/workbench.desktop.main.js:2719:11484)
    at async ee.jb (vscode-file://vscode-app/home/drdbrioso/Desktop/code-stable-x64-1705560028/VSCode-linux-x64/resources/app/out/vs/workbench/workbench.desktop.main.js:2718:17969)
2025-10-13 15:59:17.452 [error] CodeExpectedError: Connecting with SSH timed out
    at ee.rb (vscode-file://vscode-app/home/drdbrioso/Desktop/code-stable-x64-1705560028/VSCode-linux-x64/resources/app/out/vs/workbench/workbench.desktop.main.js:2718:21055)
    at async ee.qb (vscode-file://vscode-app/home/drdbrioso/Desktop/code-stable-x64-1705560028/VSCode-linux-x64/resources/app/out/vs/workbench/workbench.desktop.main.js:2718:20332)
    at async ee.Ob (vscode-file://vscode-app/home/drdbrioso/Desktop/code-stable-x64-1705560028/VSCode-linux-x64/resources/app/out/vs/workbench/workbench.desktop.main.js:2719:11484)
    at async ee.jb (vscode-file://vscode-app/home/drdbrioso/Desktop/code-stable-x64-1705560028/VSCode-linux-x64/resources/app/out/vs/workbench/workbench.desktop.main.js:2718:17969)
2025-10-13 15:59:17.453 [error] Cannot register remote filesystem provider. Error while fetching remote environment. Connecting with SSH timed out
2025-10-13 15:59:17.453 [error] CodeExpectedError: Connecting with SSH timed out
    at ee.rb (vscode-file://vscode-app/home/drdbrioso/Desktop/code-stable-x64-1705560028/VSCode-linux-x64/resources/app/out/vs/workbench/workbench.desktop.main.js:2718:21055)
    at async ee.qb (vscode-file://vscode-app/home/drdbrioso/Desktop/code-stable-x64-1705560028/VSCode-linux-x64/resources/app/out/vs/workbench/workbench.desktop.main.js:2718:20332)
    at async ee.Ob (vscode-file://vscode-app/home/drdbrioso/Desktop/code-stable-x64-1705560028/VSCode-linux-x64/resources/app/out/vs/workbench/workbench.desktop.main.js:2719:11484)
    at async ee.jb (vscode-file://vscode-app/home/drdbrioso/Desktop/code-stable-x64-1705560028/VSCode-linux-x64/resources/app/out/vs/workbench/workbench.desktop.main.js:2718:17969)
2025-10-13 15:59:17.453 [error] CodeExpectedError: Connecting with SSH timed out
    at ee.rb (vscode-file://vscode-app/home/drdbrioso/Desktop/code-stable-x64-1705560028/VSCode-linux-x64/resources/app/out/vs/workbench/workbench.desktop.main.js:2718:21055)
    at async ee.qb (vscode-file://vscode-app/home/drdbrioso/Desktop/code-stable-x64-1705560028/VSCode-linux-x64/resources/app/out/vs/workbench/workbench.desktop.main.js:2718:20332)
    at async ee.Ob (vscode-file://vscode-app/home/drdbrioso/Desktop/code-stable-x64-1705560028/VSCode-linux-x64/resources/app/out/vs/workbench/workbench.desktop.main.js:2719:11484)
    at async ee.jb (vscode-file://vscode-app/home/drdbrioso/Desktop/code-stable-x64-1705560028/VSCode-linux-x64/resources/app/out/vs/workbench/workbench.desktop.main.js:2718:17969)
2025-10-13 15:59:17.453 [error] CodeExpectedError: Connecting with SSH timed out
    at ee.rb (vscode-file://vscode-app/home/drdbrioso/Desktop/code-stable-x64-1705560028/VSCode-linux-x64/resources/app/out/vs/workbench/workbench.desktop.main.js:2718:21055)
    at async ee.qb (vscode-file://vscode-app/home/drdbrioso/Desktop/code-stable-x64-1705560028/VSCode-linux-x64/resources/app/out/vs/workbench/workbench.desktop.main.js:2718:20332)
    at async ee.Ob (vscode-file://vscode-app/home/drdbrioso/Desktop/code-stable-x64-1705560028/VSCode-linux-x64/resources/app/out/vs/workbench/workbench.desktop.main.js:2719:11484)
    at async ee.jb (vscode-file://vscode-app/home/drdbrioso/Desktop/code-stable-x64-1705560028/VSCode-linux-x64/resources/app/out/vs/workbench/workbench.desktop.main.js:2718:17969)
2025-10-13 15:59:17.453 [error] CodeExpectedError: Connecting with SSH timed out
    at ee.rb (vscode-file://vscode-app/home/drdbrioso/Desktop/code-stable-x64-1705560028/VSCode-linux-x64/resources/app/out/vs/workbench/workbench.desktop.main.js:2718:21055)
    at async ee.qb (vscode-file://vscode-app/home/drdbrioso/Desktop/code-stable-x64-1705560028/VSCode-linux-x64/resources/app/out/vs/workbench/workbench.desktop.main.js:2718:20332)
    at async ee.Ob (vscode-file://vscode-app/home/drdbrioso/Desktop/code-stable-x64-1705560028/VSCode-linux-x64/resources/app/out/vs/workbench/workbench.desktop.main.js:2719:11484)
    at async ee.jb (vscode-file://vscode-app/home/drdbrioso/Desktop/code-stable-x64-1705560028/VSCode-linux-x64/resources/app/out/vs/workbench/workbench.desktop.main.js:2718:17969)
2025-10-13 15:59:17.454 [error] CodeExpectedError: Connecting with SSH timed out
    at ee.rb (vscode-file://vscode-app/home/drdbrioso/Desktop/code-stable-x64-1705560028/VSCode-linux-x64/resources/app/out/vs/workbench/workbench.desktop.main.js:2718:21055)
    at async ee.qb (vscode-file://vscode-app/home/drdbrioso/Desktop/code-stable-x64-1705560028/VSCode-linux-x64/resources/app/out/vs/workbench/workbench.desktop.main.js:2718:20332)
    at async ee.Ob (vscode-file://vscode-app/home/drdbrioso/Desktop/code-stable-x64-1705560028/VSCode-linux-x64/resources/app/out/vs/workbench/workbench.desktop.main.js:2719:11484)
    at async ee.jb (vscode-file://vscode-app/home/drdbrioso/Desktop/code-stable-x64-1705560028/VSCode-linux-x64/resources/app/out/vs/workbench/workbench.desktop.main.js:2718:17969)
2025-10-13 15:59:17.455 [warning] Ignoring the error while validating workspace folder vscode-remote://ssh-remote%2Bsenc.icmc.usp.br/var/www - ENOPRO: No file system provider found for resource 'vscode-remote://ssh-remote%2Bsenc.icmc.usp.br/var/www'
2025-10-13 15:59:17.456 [error] CodeExpectedError: ENOPRO: No file system provider found for resource 'vscode-remote://ssh-remote%2Bsenc.icmc.usp.br/var/www'
    at n.j (vscode-file://vscode-app/home/drdbrioso/Desktop/code-stable-x64-1705560028/VSCode-linux-x64/resources/app/out/vs/workbench/workbench.desktop.main.js:645:13659)
    at async n.bb (vscode-file://vscode-app/home/drdbrioso/Desktop/code-stable-x64-1705560028/VSCode-linux-x64/resources/app/out/vs/workbench/workbench.desktop.main.js:645:24851)
    at async vscode-file://vscode-app/home/drdbrioso/Desktop/code-stable-x64-1705560028/VSCode-linux-x64/resources/app/out/vs/workbench/workbench.desktop.main.js:645:24559
2025-10-13 15:59:17.456 [error] ENOPRO: No file system provider found for resource 'vscode-remote://ssh-remote%2Bsenc.icmc.usp.br/var/www/.git/config': CodeExpectedError: ENOPRO: No file system provider found for resource 'vscode-remote://ssh-remote%2Bsenc.icmc.usp.br/var/www/.git/config'
    at n.j (vscode-file://vscode-app/home/drdbrioso/Desktop/code-stable-x64-1705560028/VSCode-linux-x64/resources/app/out/vs/workbench/workbench.desktop.main.js:645:13659)
    at async n.exists (vscode-file://vscode-app/home/drdbrioso/Desktop/code-stable-x64-1705560028/VSCode-linux-x64/resources/app/out/vs/workbench/workbench.desktop.main.js:645:15866)
    at async Promise.all (index 0)
2025-10-13 15:59:17.458 [error] CodeExpectedError: ENOPRO: No file system provider found for resource 'vscode-remote://ssh-remote%2Bsenc.icmc.usp.br/var/www/adm/inscricao/nova-inscricao.php'
    at n.j (vscode-file://vscode-app/home/drdbrioso/Desktop/code-stable-x64-1705560028/VSCode-linux-x64/resources/app/out/vs/workbench/workbench.desktop.main.js:645:13659)
    at async n.m (vscode-file://vscode-app/home/drdbrioso/Desktop/code-stable-x64-1705560028/VSCode-linux-x64/resources/app/out/vs/workbench/workbench.desktop.main.js:645:13751)
    at async n.readFileStream (vscode-file://vscode-app/home/drdbrioso/Desktop/code-stable-x64-1705560028/VSCode-linux-x64/resources/app/out/vs/workbench/workbench.desktop.main.js:645:18124)
    at async b.M (vscode-file://vscode-app/home/drdbrioso/Desktop/code-stable-x64-1705560028/VSCode-linux-x64/resources/app/out/vs/workbench/workbench.desktop.main.js:2169:42874)
    at async b.readStream (vscode-file://vscode-app/home/drdbrioso/Desktop/code-stable-x64-1705560028/VSCode-linux-x64/resources/app/out/vs/workbench/workbench.desktop.main.js:2169:42628)
    at async P.Cb (vscode-file://vscode-app/home/drdbrioso/Desktop/code-stable-x64-1705560028/VSCode-linux-x64/resources/app/out/vs/workbench/workbench.desktop.main.js:2158:6445)
    at async P.resolve (vscode-file://vscode-app/home/drdbrioso/Desktop/code-stable-x64-1705560028/VSCode-linux-x64/resources/app/out/vs/workbench/workbench.desktop.main.js:2158:4892)
    at async s.W (vscode-file://vscode-app/home/drdbrioso/Desktop/code-stable-x64-1705560028/VSCode-linux-x64/resources/app/out/vs/workbench/workbench.desktop.main.js:2169:39017)
    at async n.hb (vscode-file://vscode-app/home/drdbrioso/Desktop/code-stable-x64-1705560028/VSCode-linux-x64/resources/app/out/vs/workbench/workbench.desktop.main.js:1913:9133)
    at async M.setInput (vscode-file://vscode-app/home/drdbrioso/Desktop/code-stable-x64-1705560028/VSCode-linux-x64/resources/app/out/vs/workbench/workbench.desktop.main.js:2148:23768)
    at async b.S (vscode-file://vscode-app/home/drdbrioso/Desktop/code-stable-x64-1705560028/VSCode-linux-x64/resources/app/out/vs/workbench/workbench.desktop.main.js:2146:23046)
    at async b.L (vscode-file://vscode-app/home/drdbrioso/Desktop/code-stable-x64-1705560028/VSCode-linux-x64/resources/app/out/vs/workbench/workbench.desktop.main.js:2146:21637)
    at async b.openEditor (vscode-file://vscode-app/home/drdbrioso/Desktop/code-stable-x64-1705560028/VSCode-linux-x64/resources/app/out/vs/workbench/workbench.desktop.main.js:2146:20603)
    at async vscode-file://vscode-app/home/drdbrioso/Desktop/code-stable-x64-1705560028/VSCode-linux-x64/resources/app/out/vs/workbench/workbench.desktop.main.js:2275:23005
2025-10-13 15:59:17.466 [error] ENOPRO: No file system provider found for resource 'vscode-remote://ssh-remote%2Bsenc.icmc.usp.br/var/www/pom.xml': CodeExpectedError: ENOPRO: No file system provider found for resource 'vscode-remote://ssh-remote%2Bsenc.icmc.usp.br/var/www/pom.xml'
    at n.j (vscode-file://vscode-app/home/drdbrioso/Desktop/code-stable-x64-1705560028/VSCode-linux-x64/resources/app/out/vs/workbench/workbench.desktop.main.js:645:13659)
    at async n.exists (vscode-file://vscode-app/home/drdbrioso/Desktop/code-stable-x64-1705560028/VSCode-linux-x64/resources/app/out/vs/workbench/workbench.desktop.main.js:645:15866)
    at async Promise.all (index 0)
2025-10-13 15:59:17.481 [error] Connecting with SSH timed out: CodeExpectedError: Connecting with SSH timed out
    at ee.rb (vscode-file://vscode-app/home/drdbrioso/Desktop/code-stable-x64-1705560028/VSCode-linux-x64/resources/app/out/vs/workbench/workbench.desktop.main.js:2718:21055)
    at async ee.qb (vscode-file://vscode-app/home/drdbrioso/Desktop/code-stable-x64-1705560028/VSCode-linux-x64/resources/app/out/vs/workbench/workbench.desktop.main.js:2718:20332)
    at async ee.Ob (vscode-file://vscode-app/home/drdbrioso/Desktop/code-stable-x64-1705560028/VSCode-linux-x64/resources/app/out/vs/workbench/workbench.desktop.main.js:2719:11484)
    at async ee.jb (vscode-file://vscode-app/home/drdbrioso/Desktop/code-stable-x64-1705560028/VSCode-linux-x64/resources/app/out/vs/workbench/workbench.desktop.main.js:2718:17969)
2025-10-13 15:59:17.481 [error] ENOPRO: No file system provider found for resource 'vscode-remote://ssh-remote%2Bsenc.icmc.usp.br/var/www': CodeExpectedError: ENOPRO: No file system provider found for resource 'vscode-remote://ssh-remote%2Bsenc.icmc.usp.br/var/www'
    at n.j (vscode-file://vscode-app/home/drdbrioso/Desktop/code-stable-x64-1705560028/VSCode-linux-x64/resources/app/out/vs/workbench/workbench.desktop.main.js:645:13659)
    at async n.s (vscode-file://vscode-app/home/drdbrioso/Desktop/code-stable-x64-1705560028/VSCode-linux-x64/resources/app/out/vs/workbench/workbench.desktop.main.js:645:14449)
    at async n.resolve (vscode-file://vscode-app/home/drdbrioso/Desktop/code-stable-x64-1705560028/VSCode-linux-x64/resources/app/out/vs/workbench/workbench.desktop.main.js:645:14277)
    at async d.j (vscode-file://vscode-app/home/drdbrioso/Desktop/code-stable-x64-1705560028/VSCode-linux-x64/resources/app/out/vs/workbench/workbench.desktop.main.js:1986:5302)
2025-10-13 15:59:17.481 [error] ENOPRO: No file system provider found for resource 'vscode-remote://ssh-remote%2Bsenc.icmc.usp.br/var/www/.vscode': CodeExpectedError: ENOPRO: No file system provider found for resource 'vscode-remote://ssh-remote%2Bsenc.icmc.usp.br/var/www/.vscode'
    at n.j (vscode-file://vscode-app/home/drdbrioso/Desktop/code-stable-x64-1705560028/VSCode-linux-x64/resources/app/out/vs/workbench/workbench.desktop.main.js:645:13659)
    at async n.exists (vscode-file://vscode-app/home/drdbrioso/Desktop/code-stable-x64-1705560028/VSCode-linux-x64/resources/app/out/vs/workbench/workbench.desktop.main.js:645:15866)
    at async vscode-file://vscode-app/home/drdbrioso/Desktop/code-stable-x64-1705560028/VSCode-linux-x64/resources/app/out/vs/workbench/workbench.desktop.main.js:2048:6302
    at async Promise.all (index 0)
    at async T.v (vscode-file://vscode-app/home/drdbrioso/Desktop/code-stable-x64-1705560028/VSCode-linux-x64/resources/app/out/vs/workbench/workbench.desktop.main.js:2048:6409)
2025-10-13 15:59:17.614 [error] CodeExpectedError: Connecting with SSH timed out
    at ee.rb (vscode-file://vscode-app/home/drdbrioso/Desktop/code-stable-x64-1705560028/VSCode-linux-x64/resources/app/out/vs/workbench/workbench.desktop.main.js:2718:21055)
    at async ee.qb (vscode-file://vscode-app/home/drdbrioso/Desktop/code-stable-x64-1705560028/VSCode-linux-x64/resources/app/out/vs/workbench/workbench.desktop.main.js:2718:20332)
    at async ee.Ob (vscode-file://vscode-app/home/drdbrioso/Desktop/code-stable-x64-1705560028/VSCode-linux-x64/resources/app/out/vs/workbench/workbench.desktop.main.js:2719:11484)
    at async ee.jb (vscode-file://vscode-app/home/drdbrioso/Desktop/code-stable-x64-1705560028/VSCode-linux-x64/resources/app/out/vs/workbench/workbench.desktop.main.js:2718:17969)
2025-10-13 15:59:18.488 [error] command 'remote-internal.setActiveFolders' not found: Error: command 'remote-internal.setActiveFolders' not found
    at k.n (vscode-file://vscode-app/home/drdbrioso/Desktop/code-stable-x64-1705560028/VSCode-linux-x64/resources/app/out/vs/workbench/workbench.desktop.main.js:1538:12339)
    at k.executeCommand (vscode-file://vscode-app/home/drdbrioso/Desktop/code-stable-x64-1705560028/VSCode-linux-x64/resources/app/out/vs/workbench/workbench.desktop.main.js:1538:12268)
2025-10-13 15:59:29.628 [warning] Via 'product.json#extensionEnabledApiProposals' extension 'ms-python.python' wants API proposal 'registerIssueDataProvider' but that proposal DOES NOT EXIST. Likely, the proposal has been finalized (check 'vscode.d.ts') or was abandoned.
2025-10-13 15:59:29.811 [info] Started local extension host with pid 21471.
2025-10-13 15:59:30.005 [info] Invoking resolveAuthority(ssh-remote)...
2025-10-13 15:59:30.005 [info] [LocalProcess0][resolveAuthority(ssh-remote,1)][0ms] obtaining proxy...
2025-10-13 15:59:30.006 [info] [LocalProcess0][resolveAuthority(ssh-remote,1)][0ms] invoking...
2025-10-13 15:59:31.007 [info] [LocalProcess0][resolveAuthority(ssh-remote,1)][1000ms] waiting...
2025-10-13 15:59:32.006 [info] [LocalProcess0][resolveAuthority(ssh-remote,1)][2000ms] waiting...
2025-10-13 15:59:32.921 [error] [/home/drdbrioso/.vscode/extensions/ms-toolsai.vscode-jupyter-cell-tags-0.1.9]: Extension is not compatible with Code 1.85.2. Extension requires: ^1.88.0.
2025-10-13 15:59:32.921 [error] [/home/drdbrioso/.vscode/extensions/ms-toolsai.vscode-jupyter-slideshow-0.1.6]: Extension is not compatible with Code 1.85.2. Extension requires: ^1.88.0.
2025-10-13 15:59:32.921 [error] [/home/drdbrioso/.vscode/extensions/ms-toolsai.jupyter-renderers-1.3.0]: Extension is not compatible with Code 1.85.2. Extension requires: ^1.95.0.
2025-10-13 15:59:32.962 [error] [/home/drdbrioso/.vscode/extensions/ms-vscode.remote-server-1.5.3]: Extension is not compatible with Code 1.85.2. Extension requires: ^1.87.0.
2025-10-13 15:59:32.962 [error] [/home/drdbrioso/.vscode/extensions/ms-vscode-remote.remote-wsl-0.104.3]: Extension is not compatible with Code 1.85.2. Extension requires: ^1.104.0.
2025-10-13 15:59:32.964 [error] [/home/drdbrioso/.vscode/extensions/ms-vscode.remote-explorer-0.5.0]: Extension is not compatible with Code 1.85.2. Extension requires: ^1.87.0.
2025-10-13 15:59:32.965 [error] [/home/drdbrioso/.vscode/extensions/ms-vscode-remote.remote-containers-0.427.0]: Extension is not compatible with Code 1.85.2. Extension requires: ^1.99.0.
2025-10-13 15:59:32.970 [error] [/home/drdbrioso/.vscode/extensions/ms-python.debugpy-2025.10.0-linux-x64]: Extension is not compatible with Code 1.85.2. Extension requires: ^1.92.0.
2025-10-13 15:59:32.970 [error] [/home/drdbrioso/.vscode/extensions/ms-python.vscode-python-envs-1.8.0-linux-x64]: Extension is not compatible with Code 1.85.2. Extension requires: ^1.104.0-20250815.
2025-10-13 15:59:32.970 [error] [/home/drdbrioso/.vscode/extensions/ms-python.python-2025.14.0-linux-x64]: Extension is not compatible with Code 1.85.2. Extension requires: ^1.95.0.
2025-10-13 15:59:32.970 [error] [/home/drdbrioso/.vscode/extensions/ms-python.vscode-pylance-2025.8.3]: Extension is not compatible with Code 1.85.2. Extension requires: ^1.101.0.
2025-10-13 15:59:33.013 [info] [LocalProcess0][resolveAuthority(ssh-remote,1)][3007ms] waiting...
2025-10-13 15:59:34.006 [info] [LocalProcess0][resolveAuthority(ssh-remote,1)][4000ms] waiting...
2025-10-13 15:59:35.006 [info] [LocalProcess0][resolveAuthority(ssh-remote,1)][5000ms] waiting...
2025-10-13 15:59:36.007 [info] [LocalProcess0][resolveAuthority(ssh-remote,1)][6000ms] waiting...
2025-10-13 15:59:37.006 [info] [LocalProcess0][resolveAuthority(ssh-remote,1)][7000ms] waiting...
2025-10-13 15:59:38.006 [info] [LocalProcess0][resolveAuthority(ssh-remote,1)][8000ms] waiting...
2025-10-13 15:59:39.006 [info] [LocalProcess0][resolveAuthority(ssh-remote,1)][9000ms] waiting...
2025-10-13 15:59:40.006 [info] [LocalProcess0][resolveAuthority(ssh-remote,1)][10000ms] waiting...
2025-10-13 15:59:41.008 [info] [LocalProcess0][resolveAuthority(ssh-remote,1)][11002ms] waiting...
2025-10-13 15:59:42.007 [info] [LocalProcess0][resolveAuthority(ssh-remote,1)][12000ms] waiting...
2025-10-13 15:59:43.006 [info] [LocalProcess0][resolveAuthority(ssh-remote,1)][13000ms] waiting...
2025-10-13 15:59:44.006 [info] [LocalProcess0][resolveAuthority(ssh-remote,1)][14000ms] waiting...
2025-10-13 15:59:45.006 [info] [LocalProcess0][resolveAuthority(ssh-remote,1)][15000ms] waiting...
2025-10-13 15:59:46.007 [info] [LocalProcess0][resolveAuthority(ssh-remote,1)][16000ms] waiting...
2025-10-13 15:59:47.007 [info] [LocalProcess0][resolveAuthority(ssh-remote,1)][17000ms] waiting...
2025-10-13 15:59:47.084 [error] [LocalProcess0][resolveAuthority(ssh-remote,1)][17078ms] returned an error {"code":"NotAvailable","message":"Connecting with SSH timed out","detail":true}
2025-10-13 15:59:47.084 [error] resolveAuthority(ssh-remote) returned an error after 17079 ms Connecting with SSH timed out
2025-10-13 15:59:47.085 [error] Error received from starting extension host (kind: Remote)
2025-10-13 15:59:47.086 [error] CodeExpectedError: Connecting with SSH timed out
    at ee.rb (vscode-file://vscode-app/home/drdbrioso/Desktop/code-stable-x64-1705560028/VSCode-linux-x64/resources/app/out/vs/workbench/workbench.desktop.main.js:2718:21055)
    at async ee.qb (vscode-file://vscode-app/home/drdbrioso/Desktop/code-stable-x64-1705560028/VSCode-linux-x64/resources/app/out/vs/workbench/workbench.desktop.main.js:2718:20332)
    at async ee.Ob (vscode-file://vscode-app/home/drdbrioso/Desktop/code-stable-x64-1705560028/VSCode-linux-x64/resources/app/out/vs/workbench/workbench.desktop.main.js:2719:11484)
    at async ee.jb (vscode-file://vscode-app/home/drdbrioso/Desktop/code-stable-x64-1705560028/VSCode-linux-x64/resources/app/out/vs/workbench/workbench.desktop.main.js:2718:17969)
2025-10-13 15:59:47.086 [error] [remote-connection][attempt 1] An error occurred in initial connection! Will retry... Error:
2025-10-13 15:59:47.086 [error] CodeExpectedError: Connecting with SSH timed out
    at ee.rb (vscode-file://vscode-app/home/drdbrioso/Desktop/code-stable-x64-1705560028/VSCode-linux-x64/resources/app/out/vs/workbench/workbench.desktop.main.js:2718:21055)
    at async ee.qb (vscode-file://vscode-app/home/drdbrioso/Desktop/code-stable-x64-1705560028/VSCode-linux-x64/resources/app/out/vs/workbench/workbench.desktop.main.js:2718:20332)
    at async ee.Ob (vscode-file://vscode-app/home/drdbrioso/Desktop/code-stable-x64-1705560028/VSCode-linux-x64/resources/app/out/vs/workbench/workbench.desktop.main.js:2719:11484)
    at async ee.jb (vscode-file://vscode-app/home/drdbrioso/Desktop/code-stable-x64-1705560028/VSCode-linux-x64/resources/app/out/vs/workbench/workbench.desktop.main.js:2718:17969)
2025-10-13 15:59:47.087 [error] [remote-connection][attempt 2] An error occurred in initial connection! Will retry... Error:
2025-10-13 15:59:47.087 [error] CodeExpectedError: Connecting with SSH timed out
    at ee.rb (vscode-file://vscode-app/home/drdbrioso/Desktop/code-stable-x64-1705560028/VSCode-linux-x64/resources/app/out/vs/workbench/workbench.desktop.main.js:2718:21055)
    at async ee.qb (vscode-file://vscode-app/home/drdbrioso/Desktop/code-stable-x64-1705560028/VSCode-linux-x64/resources/app/out/vs/workbench/workbench.desktop.main.js:2718:20332)
    at async ee.Ob (vscode-file://vscode-app/home/drdbrioso/Desktop/code-stable-x64-1705560028/VSCode-linux-x64/resources/app/out/vs/workbench/workbench.desktop.main.js:2719:11484)
    at async ee.jb (vscode-file://vscode-app/home/drdbrioso/Desktop/code-stable-x64-1705560028/VSCode-linux-x64/resources/app/out/vs/workbench/workbench.desktop.main.js:2718:17969)
2025-10-13 15:59:47.113 [error] [remote-connection][attempt 3] An error occurred in initial connection! Will retry... Error:
2025-10-13 15:59:47.113 [error] CodeExpectedError: Connecting with SSH timed out
    at ee.rb (vscode-file://vscode-app/home/drdbrioso/Desktop/code-stable-x64-1705560028/VSCode-linux-x64/resources/app/out/vs/workbench/workbench.desktop.main.js:2718:21055)
    at async ee.qb (vscode-file://vscode-app/home/drdbrioso/Desktop/code-stable-x64-1705560028/VSCode-linux-x64/resources/app/out/vs/workbench/workbench.desktop.main.js:2718:20332)
    at async ee.Ob (vscode-file://vscode-app/home/drdbrioso/Desktop/code-stable-x64-1705560028/VSCode-linux-x64/resources/app/out/vs/workbench/workbench.desktop.main.js:2719:11484)
    at async ee.jb (vscode-file://vscode-app/home/drdbrioso/Desktop/code-stable-x64-1705560028/VSCode-linux-x64/resources/app/out/vs/workbench/workbench.desktop.main.js:2718:17969)
2025-10-13 15:59:47.132 [error] [remote-connection][attempt 4] An error occurred in initial connection! Will retry... Error:
2025-10-13 15:59:47.132 [error] CodeExpectedError: Connecting with SSH timed out
    at ee.rb (vscode-file://vscode-app/home/drdbrioso/Desktop/code-stable-x64-1705560028/VSCode-linux-x64/resources/app/out/vs/workbench/workbench.desktop.main.js:2718:21055)
    at async ee.qb (vscode-file://vscode-app/home/drdbrioso/Desktop/code-stable-x64-1705560028/VSCode-linux-x64/resources/app/out/vs/workbench/workbench.desktop.main.js:2718:20332)
    at async ee.Ob (vscode-file://vscode-app/home/drdbrioso/Desktop/code-stable-x64-1705560028/VSCode-linux-x64/resources/app/out/vs/workbench/workbench.desktop.main.js:2719:11484)
    at async ee.jb (vscode-file://vscode-app/home/drdbrioso/Desktop/code-stable-x64-1705560028/VSCode-linux-x64/resources/app/out/vs/workbench/workbench.desktop.main.js:2718:17969)
2025-10-13 15:59:47.133 [error] [remote-connection][attempt 5]  An error occurred in initial connection! It will be treated as a permanent error. Error:
2025-10-13 15:59:47.133 [error] CodeExpectedError: Connecting with SSH timed out
    at ee.rb (vscode-file://vscode-app/home/drdbrioso/Desktop/code-stable-x64-1705560028/VSCode-linux-x64/resources/app/out/vs/workbench/workbench.desktop.main.js:2718:21055)
    at async ee.qb (vscode-file://vscode-app/home/drdbrioso/Desktop/code-stable-x64-1705560028/VSCode-linux-x64/resources/app/out/vs/workbench/workbench.desktop.main.js:2718:20332)
    at async ee.Ob (vscode-file://vscode-app/home/drdbrioso/Desktop/code-stable-x64-1705560028/VSCode-linux-x64/resources/app/out/vs/workbench/workbench.desktop.main.js:2719:11484)
    at async ee.jb (vscode-file://vscode-app/home/drdbrioso/Desktop/code-stable-x64-1705560028/VSCode-linux-x64/resources/app/out/vs/workbench/workbench.desktop.main.js:2718:17969)
2025-10-13 15:59:47.134 [error] CodeExpectedError: Connecting with SSH timed out
    at ee.rb (vscode-file://vscode-app/home/drdbrioso/Desktop/code-stable-x64-1705560028/VSCode-linux-x64/resources/app/out/vs/workbench/workbench.desktop.main.js:2718:21055)
    at async ee.qb (vscode-file://vscode-app/home/drdbrioso/Desktop/code-stable-x64-1705560028/VSCode-linux-x64/resources/app/out/vs/workbench/workbench.desktop.main.js:2718:20332)
    at async ee.Ob (vscode-file://vscode-app/home/drdbrioso/Desktop/code-stable-x64-1705560028/VSCode-linux-x64/resources/app/out/vs/workbench/workbench.desktop.main.js:2719:11484)
    at async ee.jb (vscode-file://vscode-app/home/drdbrioso/Desktop/code-stable-x64-1705560028/VSCode-linux-x64/resources/app/out/vs/workbench/workbench.desktop.main.js:2718:17969)
2025-10-13 15:59:47.134 [error] Cannot register remote filesystem provider. Error while fetching remote environment. Connecting with SSH timed out
2025-10-13 15:59:47.134 [error] CodeExpectedError: Connecting with SSH timed out
    at ee.rb (vscode-file://vscode-app/home/drdbrioso/Desktop/code-stable-x64-1705560028/VSCode-linux-x64/resources/app/out/vs/workbench/workbench.desktop.main.js:2718:21055)
    at async ee.qb (vscode-file://vscode-app/home/drdbrioso/Desktop/code-stable-x64-1705560028/VSCode-linux-x64/resources/app/out/vs/workbench/workbench.desktop.main.js:2718:20332)
    at async ee.Ob (vscode-file://vscode-app/home/drdbrioso/Desktop/code-stable-x64-1705560028/VSCode-linux-x64/resources/app/out/vs/workbench/workbench.desktop.main.js:2719:11484)
    at async ee.jb (vscode-file://vscode-app/home/drdbrioso/Desktop/code-stable-x64-1705560028/VSCode-linux-x64/resources/app/out/vs/workbench/workbench.desktop.main.js:2718:17969)
2025-10-13 15:59:47.134 [error] CodeExpectedError: Connecting with SSH timed out
    at ee.rb (vscode-file://vscode-app/home/drdbrioso/Desktop/code-stable-x64-1705560028/VSCode-linux-x64/resources/app/out/vs/workbench/workbench.desktop.main.js:2718:21055)
    at async ee.qb (vscode-file://vscode-app/home/drdbrioso/Desktop/code-stable-x64-1705560028/VSCode-linux-x64/resources/app/out/vs/workbench/workbench.desktop.main.js:2718:20332)
    at async ee.Ob (vscode-file://vscode-app/home/drdbrioso/Desktop/code-stable-x64-1705560028/VSCode-linux-x64/resources/app/out/vs/workbench/workbench.desktop.main.js:2719:11484)
    at async ee.jb (vscode-file://vscode-app/home/drdbrioso/Desktop/code-stable-x64-1705560028/VSCode-linux-x64/resources/app/out/vs/workbench/workbench.desktop.main.js:2718:17969)
2025-10-13 15:59:47.134 [error] CodeExpectedError: Connecting with SSH timed out
    at ee.rb (vscode-file://vscode-app/home/drdbrioso/Desktop/code-stable-x64-1705560028/VSCode-linux-x64/resources/app/out/vs/workbench/workbench.desktop.main.js:2718:21055)
    at async ee.qb (vscode-file://vscode-app/home/drdbrioso/Desktop/code-stable-x64-1705560028/VSCode-linux-x64/resources/app/out/vs/workbench/workbench.desktop.main.js:2718:20332)
    at async ee.Ob (vscode-file://vscode-app/home/drdbrioso/Desktop/code-stable-x64-1705560028/VSCode-linux-x64/resources/app/out/vs/workbench/workbench.desktop.main.js:2719:11484)
    at async ee.jb (vscode-file://vscode-app/home/drdbrioso/Desktop/code-stable-x64-1705560028/VSCode-linux-x64/resources/app/out/vs/workbench/workbench.desktop.main.js:2718:17969)
2025-10-13 15:59:47.134 [error] CodeExpectedError: Connecting with SSH timed out
    at ee.rb (vscode-file://vscode-app/home/drdbrioso/Desktop/code-stable-x64-1705560028/VSCode-linux-x64/resources/app/out/vs/workbench/workbench.desktop.main.js:2718:21055)
    at async ee.qb (vscode-file://vscode-app/home/drdbrioso/Desktop/code-stable-x64-1705560028/VSCode-linux-x64/resources/app/out/vs/workbench/workbench.desktop.main.js:2718:20332)
    at async ee.Ob (vscode-file://vscode-app/home/drdbrioso/Desktop/code-stable-x64-1705560028/VSCode-linux-x64/resources/app/out/vs/workbench/workbench.desktop.main.js:2719:11484)
    at async ee.jb (vscode-file://vscode-app/home/drdbrioso/Desktop/code-stable-x64-1705560028/VSCode-linux-x64/resources/app/out/vs/workbench/workbench.desktop.main.js:2718:17969)
2025-10-13 15:59:47.136 [error] CodeExpectedError: Connecting with SSH timed out
    at ee.rb (vscode-file://vscode-app/home/drdbrioso/Desktop/code-stable-x64-1705560028/VSCode-linux-x64/resources/app/out/vs/workbench/workbench.desktop.main.js:2718:21055)
    at async ee.qb (vscode-file://vscode-app/home/drdbrioso/Desktop/code-stable-x64-1705560028/VSCode-linux-x64/resources/app/out/vs/workbench/workbench.desktop.main.js:2718:20332)
    at async ee.Ob (vscode-file://vscode-app/home/drdbrioso/Desktop/code-stable-x64-1705560028/VSCode-linux-x64/resources/app/out/vs/workbench/workbench.desktop.main.js:2719:11484)
    at async ee.jb (vscode-file://vscode-app/home/drdbrioso/Desktop/code-stable-x64-1705560028/VSCode-linux-x64/resources/app/out/vs/workbench/workbench.desktop.main.js:2718:17969)
2025-10-13 15:59:47.139 [warning] Ignoring the error while validating workspace folder vscode-remote://ssh-remote%2Bsenc.icmc.usp.br/var/www - ENOPRO: No file system provider found for resource 'vscode-remote://ssh-remote%2Bsenc.icmc.usp.br/var/www'
2025-10-13 15:59:47.139 [error] CodeExpectedError: ENOPRO: No file system provider found for resource 'vscode-remote://ssh-remote%2Bsenc.icmc.usp.br/var/www'
    at n.j (vscode-file://vscode-app/home/drdbrioso/Desktop/code-stable-x64-1705560028/VSCode-linux-x64/resources/app/out/vs/workbench/workbench.desktop.main.js:645:13659)
    at async n.bb (vscode-file://vscode-app/home/drdbrioso/Desktop/code-stable-x64-1705560028/VSCode-linux-x64/resources/app/out/vs/workbench/workbench.desktop.main.js:645:24851)
    at async vscode-file://vscode-app/home/drdbrioso/Desktop/code-stable-x64-1705560028/VSCode-linux-x64/resources/app/out/vs/workbench/workbench.desktop.main.js:645:24559
2025-10-13 15:59:47.140 [error] ENOPRO: No file system provider found for resource 'vscode-remote://ssh-remote%2Bsenc.icmc.usp.br/var/www/.git/config': CodeExpectedError: ENOPRO: No file system provider found for resource 'vscode-remote://ssh-remote%2Bsenc.icmc.usp.br/var/www/.git/config'
    at n.j (vscode-file://vscode-app/home/drdbrioso/Desktop/code-stable-x64-1705560028/VSCode-linux-x64/resources/app/out/vs/workbench/workbench.desktop.main.js:645:13659)
    at async n.exists (vscode-file://vscode-app/home/drdbrioso/Desktop/code-stable-x64-1705560028/VSCode-linux-x64/resources/app/out/vs/workbench/workbench.desktop.main.js:645:15866)
    at async Promise.all (index 0)
2025-10-13 15:59:47.143 [error] CodeExpectedError: ENOPRO: No file system provider found for resource 'vscode-remote://ssh-remote%2Bsenc.icmc.usp.br/var/www/adm/inscricao/nova-inscricao.php'
    at n.j (vscode-file://vscode-app/home/drdbrioso/Desktop/code-stable-x64-1705560028/VSCode-linux-x64/resources/app/out/vs/workbench/workbench.desktop.main.js:645:13659)
    at async n.m (vscode-file://vscode-app/home/drdbrioso/Desktop/code-stable-x64-1705560028/VSCode-linux-x64/resources/app/out/vs/workbench/workbench.desktop.main.js:645:13751)
    at async n.readFileStream (vscode-file://vscode-app/home/drdbrioso/Desktop/code-stable-x64-1705560028/VSCode-linux-x64/resources/app/out/vs/workbench/workbench.desktop.main.js:645:18124)
    at async b.M (vscode-file://vscode-app/home/drdbrioso/Desktop/code-stable-x64-1705560028/VSCode-linux-x64/resources/app/out/vs/workbench/workbench.desktop.main.js:2169:42874)
    at async b.readStream (vscode-file://vscode-app/home/drdbrioso/Desktop/code-stable-x64-1705560028/VSCode-linux-x64/resources/app/out/vs/workbench/workbench.desktop.main.js:2169:42628)
    at async P.Cb (vscode-file://vscode-app/home/drdbrioso/Desktop/code-stable-x64-1705560028/VSCode-linux-x64/resources/app/out/vs/workbench/workbench.desktop.main.js:2158:6445)
    at async P.resolve (vscode-file://vscode-app/home/drdbrioso/Desktop/code-stable-x64-1705560028/VSCode-linux-x64/resources/app/out/vs/workbench/workbench.desktop.main.js:2158:4892)
    at async s.W (vscode-file://vscode-app/home/drdbrioso/Desktop/code-stable-x64-1705560028/VSCode-linux-x64/resources/app/out/vs/workbench/workbench.desktop.main.js:2169:39017)
    at async n.hb (vscode-file://vscode-app/home/drdbrioso/Desktop/code-stable-x64-1705560028/VSCode-linux-x64/resources/app/out/vs/workbench/workbench.desktop.main.js:1913:9133)
    at async M.setInput (vscode-file://vscode-app/home/drdbrioso/Desktop/code-stable-x64-1705560028/VSCode-linux-x64/resources/app/out/vs/workbench/workbench.desktop.main.js:2148:23768)
    at async b.S (vscode-file://vscode-app/home/drdbrioso/Desktop/code-stable-x64-1705560028/VSCode-linux-x64/resources/app/out/vs/workbench/workbench.desktop.main.js:2146:23046)
    at async b.L (vscode-file://vscode-app/home/drdbrioso/Desktop/code-stable-x64-1705560028/VSCode-linux-x64/resources/app/out/vs/workbench/workbench.desktop.main.js:2146:21637)
    at async b.openEditor (vscode-file://vscode-app/home/drdbrioso/Desktop/code-stable-x64-1705560028/VSCode-linux-x64/resources/app/out/vs/workbench/workbench.desktop.main.js:2146:20603)
    at async vscode-file://vscode-app/home/drdbrioso/Desktop/code-stable-x64-1705560028/VSCode-linux-x64/resources/app/out/vs/workbench/workbench.desktop.main.js:2275:23005
2025-10-13 15:59:47.157 [error] ENOPRO: No file system provider found for resource 'vscode-remote://ssh-remote%2Bsenc.icmc.usp.br/var/www/pom.xml': CodeExpectedError: ENOPRO: No file system provider found for resource 'vscode-remote://ssh-remote%2Bsenc.icmc.usp.br/var/www/pom.xml'
    at n.j (vscode-file://vscode-app/home/drdbrioso/Desktop/code-stable-x64-1705560028/VSCode-linux-x64/resources/app/out/vs/workbench/workbench.desktop.main.js:645:13659)
    at async n.exists (vscode-file://vscode-app/home/drdbrioso/Desktop/code-stable-x64-1705560028/VSCode-linux-x64/resources/app/out/vs/workbench/workbench.desktop.main.js:645:15866)
    at async Promise.all (index 0)
2025-10-13 15:59:47.180 [error] Connecting with SSH timed out: CodeExpectedError: Connecting with SSH timed out
    at ee.rb (vscode-file://vscode-app/home/drdbrioso/Desktop/code-stable-x64-1705560028/VSCode-linux-x64/resources/app/out/vs/workbench/workbench.desktop.main.js:2718:21055)
    at async ee.qb (vscode-file://vscode-app/home/drdbrioso/Desktop/code-stable-x64-1705560028/VSCode-linux-x64/resources/app/out/vs/workbench/workbench.desktop.main.js:2718:20332)
    at async ee.Ob (vscode-file://vscode-app/home/drdbrioso/Desktop/code-stable-x64-1705560028/VSCode-linux-x64/resources/app/out/vs/workbench/workbench.desktop.main.js:2719:11484)
    at async ee.jb (vscode-file://vscode-app/home/drdbrioso/Desktop/code-stable-x64-1705560028/VSCode-linux-x64/resources/app/out/vs/workbench/workbench.desktop.main.js:2718:17969)
2025-10-13 15:59:47.180 [error] ENOPRO: No file system provider found for resource 'vscode-remote://ssh-remote%2Bsenc.icmc.usp.br/var/www': CodeExpectedError: ENOPRO: No file system provider found for resource 'vscode-remote://ssh-remote%2Bsenc.icmc.usp.br/var/www'
    at n.j (vscode-file://vscode-app/home/drdbrioso/Desktop/code-stable-x64-1705560028/VSCode-linux-x64/resources/app/out/vs/workbench/workbench.desktop.main.js:645:13659)
    at async n.s (vscode-file://vscode-app/home/drdbrioso/Desktop/code-stable-x64-1705560028/VSCode-linux-x64/resources/app/out/vs/workbench/workbench.desktop.main.js:645:14449)
    at async n.resolve (vscode-file://vscode-app/home/drdbrioso/Desktop/code-stable-x64-1705560028/VSCode-linux-x64/resources/app/out/vs/workbench/workbench.desktop.main.js:645:14277)
    at async d.j (vscode-file://vscode-app/home/drdbrioso/Desktop/code-stable-x64-1705560028/VSCode-linux-x64/resources/app/out/vs/workbench/workbench.desktop.main.js:1986:5302)
2025-10-13 15:59:47.181 [error] ENOPRO: No file system provider found for resource 'vscode-remote://ssh-remote%2Bsenc.icmc.usp.br/var/www/.vscode': CodeExpectedError: ENOPRO: No file system provider found for resource 'vscode-remote://ssh-remote%2Bsenc.icmc.usp.br/var/www/.vscode'
    at n.j (vscode-file://vscode-app/home/drdbrioso/Desktop/code-stable-x64-1705560028/VSCode-linux-x64/resources/app/out/vs/workbench/workbench.desktop.main.js:645:13659)
    at async n.exists (vscode-file://vscode-app/home/drdbrioso/Desktop/code-stable-x64-1705560028/VSCode-linux-x64/resources/app/out/vs/workbench/workbench.desktop.main.js:645:15866)
    at async vscode-file://vscode-app/home/drdbrioso/Desktop/code-stable-x64-1705560028/VSCode-linux-x64/resources/app/out/vs/workbench/workbench.desktop.main.js:2048:6302
    at async Promise.all (index 0)
    at async T.v (vscode-file://vscode-app/home/drdbrioso/Desktop/code-stable-x64-1705560028/VSCode-linux-x64/resources/app/out/vs/workbench/workbench.desktop.main.js:2048:6409)
2025-10-13 15:59:47.294 [error] CodeExpectedError: Connecting with SSH timed out
    at ee.rb (vscode-file://vscode-app/home/drdbrioso/Desktop/code-stable-x64-1705560028/VSCode-linux-x64/resources/app/out/vs/workbench/workbench.desktop.main.js:2718:21055)
    at async ee.qb (vscode-file://vscode-app/home/drdbrioso/Desktop/code-stable-x64-1705560028/VSCode-linux-x64/resources/app/out/vs/workbench/workbench.desktop.main.js:2718:20332)
    at async ee.Ob (vscode-file://vscode-app/home/drdbrioso/Desktop/code-stable-x64-1705560028/VSCode-linux-x64/resources/app/out/vs/workbench/workbench.desktop.main.js:2719:11484)
    at async ee.jb (vscode-file://vscode-app/home/drdbrioso/Desktop/code-stable-x64-1705560028/VSCode-linux-x64/resources/app/out/vs/workbench/workbench.desktop.main.js:2718:17969)
2025-10-13 15:59:48.190 [error] command 'remote-internal.setActiveFolders' not found: Error: command 'remote-internal.setActiveFolders' not found
    at k.n (vscode-file://vscode-app/home/drdbrioso/Desktop/code-stable-x64-1705560028/VSCode-linux-x64/resources/app/out/vs/workbench/workbench.desktop.main.js:1538:12339)
    at k.executeCommand (vscode-file://vscode-app/home/drdbrioso/Desktop/code-stable-x64-1705560028/VSCode-linux-x64/resources/app/out/vs/workbench/workbench.desktop.main.js:1538:12268)
2025-10-13 16:00:00.995 [warning] Via 'product.json#extensionEnabledApiProposals' extension 'ms-python.python' wants API proposal 'registerIssueDataProvider' but that proposal DOES NOT EXIST. Likely, the proposal has been finalized (check 'vscode.d.ts') or was abandoned.
2025-10-13 16:00:01.146 [info] Started local extension host with pid 21613.
2025-10-13 16:00:01.339 [info] Invoking resolveAuthority(ssh-remote)...
2025-10-13 16:00:01.339 [info] [LocalProcess0][resolveAuthority(ssh-remote,1)][0ms] obtaining proxy...
2025-10-13 16:00:01.339 [info] [LocalProcess0][resolveAuthority(ssh-remote,1)][0ms] invoking...
2025-10-13 16:00:02.341 [info] [LocalProcess0][resolveAuthority(ssh-remote,1)][1000ms] waiting...
2025-10-13 16:00:03.340 [info] [LocalProcess0][resolveAuthority(ssh-remote,1)][2000ms] waiting...
2025-10-13 16:00:04.279 [error] [/home/drdbrioso/.vscode/extensions/ms-toolsai.vscode-jupyter-slideshow-0.1.6]: Extension is not compatible with Code 1.85.2. Extension requires: ^1.88.0.
2025-10-13 16:00:04.279 [error] [/home/drdbrioso/.vscode/extensions/ms-toolsai.vscode-jupyter-cell-tags-0.1.9]: Extension is not compatible with Code 1.85.2. Extension requires: ^1.88.0.
2025-10-13 16:00:04.280 [error] [/home/drdbrioso/.vscode/extensions/ms-toolsai.jupyter-renderers-1.3.0]: Extension is not compatible with Code 1.85.2. Extension requires: ^1.95.0.
2025-10-13 16:00:04.335 [error] [/home/drdbrioso/.vscode/extensions/ms-vscode.remote-server-1.5.3]: Extension is not compatible with Code 1.85.2. Extension requires: ^1.87.0.
2025-10-13 16:00:04.336 [error] [/home/drdbrioso/.vscode/extensions/ms-vscode-remote.remote-wsl-0.104.3]: Extension is not compatible with Code 1.85.2. Extension requires: ^1.104.0.
2025-10-13 16:00:04.336 [error] [/home/drdbrioso/.vscode/extensions/ms-python.vscode-python-envs-1.8.0-linux-x64]: Extension is not compatible with Code 1.85.2. Extension requires: ^1.104.0-20250815.
2025-10-13 16:00:04.336 [error] [/home/drdbrioso/.vscode/extensions/ms-vscode.remote-explorer-0.5.0]: Extension is not compatible with Code 1.85.2. Extension requires: ^1.87.0.
2025-10-13 16:00:04.336 [error] [/home/drdbrioso/.vscode/extensions/ms-python.debugpy-2025.10.0-linux-x64]: Extension is not compatible with Code 1.85.2. Extension requires: ^1.92.0.
2025-10-13 16:00:04.338 [error] [/home/drdbrioso/.vscode/extensions/ms-vscode-remote.remote-containers-0.427.0]: Extension is not compatible with Code 1.85.2. Extension requires: ^1.99.0.
2025-10-13 16:00:04.338 [error] [/home/drdbrioso/.vscode/extensions/ms-python.python-2025.14.0-linux-x64]: Extension is not compatible with Code 1.85.2. Extension requires: ^1.95.0.
2025-10-13 16:00:04.340 [error] [/home/drdbrioso/.vscode/extensions/ms-python.vscode-pylance-2025.8.3]: Extension is not compatible with Code 1.85.2. Extension requires: ^1.101.0.
2025-10-13 16:00:04.342 [info] [LocalProcess0][resolveAuthority(ssh-remote,1)][3002ms] waiting...
2025-10-13 16:00:05.340 [info] [LocalProcess0][resolveAuthority(ssh-remote,1)][4000ms] waiting...
2025-10-13 16:00:06.340 [info] [LocalProcess0][resolveAuthority(ssh-remote,1)][5000ms] waiting...
2025-10-13 16:00:07.341 [info] [LocalProcess0][resolveAuthority(ssh-remote,1)][6000ms] waiting...
2025-10-13 16:00:08.342 [info] [LocalProcess0][resolveAuthority(ssh-remote,1)][7002ms] waiting...
2025-10-13 16:00:08.385 [error] [Extension Host] (node:21613) [DEP0005] DeprecationWarning: Buffer() is deprecated due to security and usability issues. Please use the Buffer.alloc(), Buffer.allocUnsafe(), or Buffer.from() methods instead.
(Use `exe --trace-deprecation ...` to show where the warning was created)
2025-10-13 16:00:08.407 [info] [LocalProcess0][resolveAuthority(ssh-remote,1)][7067ms] returned WebSocket(127.0.0.1:37035)
2025-10-13 16:00:08.407 [info] resolveAuthority(ssh-remote) returned 'WebSocket(127.0.0.1:37035)' after 7067 ms
2025-10-13 16:00:08.407 [info] Creating a socket (renderer-Management-98f46d4f-7142-4015-ac9b-60cce149d757)...
2025-10-13 16:00:08.408 [info] Creating a socket (renderer-ExtensionHost-29d41fae-16ed-447c-a4e4-26806dce2f90)...
2025-10-13 16:00:08.474 [info] Creating a socket (renderer-Management-98f46d4f-7142-4015-ac9b-60cce149d757) was successful after 67 ms.
2025-10-13 16:00:08.541 [info] Creating a socket (renderer-ExtensionHost-29d41fae-16ed-447c-a4e4-26806dce2f90) was successful after 133 ms.
2025-10-13 16:00:11.111 [info] [perf] Render performance baseline is 28ms
2025-10-13 16:00:12.901 [error] command 'remote-internal.setActiveFolders' not found: Error: command 'remote-internal.setActiveFolders' not found
    at k.n (vscode-file://vscode-app/home/drdbrioso/Desktop/code-stable-x64-1705560028/VSCode-linux-x64/resources/app/out/vs/workbench/workbench.desktop.main.js:1538:12339)
    at k.executeCommand (vscode-file://vscode-app/home/drdbrioso/Desktop/code-stable-x64-1705560028/VSCode-linux-x64/resources/app/out/vs/workbench/workbench.desktop.main.js:1538:12268)
2025-10-13 16:39:23.616 [error] TreeError [FileExplorer] Data tree node not found: ExplorerItem: 2025: Error: TreeError [FileExplorer] Data tree node not found: ExplorerItem: 2025
    at ce.A (vscode-file://vscode-app/home/drdbrioso/Desktop/code-stable-x64-1705560028/VSCode-linux-x64/resources/app/out/vs/workbench/workbench.desktop.main.js:614:18636)
    at ce.z (vscode-file://vscode-app/home/drdbrioso/Desktop/code-stable-x64-1705560028/VSCode-linux-x64/resources/app/out/vs/workbench/workbench.desktop.main.js:614:15789)
    at async ce.updateChildren (vscode-file://vscode-app/home/drdbrioso/Desktop/code-stable-x64-1705560028/VSCode-linux-x64/resources/app/out/vs/workbench/workbench.desktop.main.js:614:15542)
    at async vscode-file://vscode-app/home/drdbrioso/Desktop/code-stable-x64-1705560028/VSCode-linux-x64/resources/app/out/vs/workbench/workbench.desktop.main.js:1570:161697
    at async Promise.all (index 0)
    at async r.z (vscode-file://vscode-app/home/drdbrioso/Desktop/code-stable-x64-1705560028/VSCode-linux-x64/resources/app/out/vs/workbench/workbench.desktop.main.js:1570:161358)
2025-10-13 16:39:25.466 [error] TreeError [FileExplorer] Data tree node not found: ExplorerItem: 2025: Error: TreeError [FileExplorer] Data tree node not found: ExplorerItem: 2025
    at ce.A (vscode-file://vscode-app/home/drdbrioso/Desktop/code-stable-x64-1705560028/VSCode-linux-x64/resources/app/out/vs/workbench/workbench.desktop.main.js:614:18636)
    at ce.z (vscode-file://vscode-app/home/drdbrioso/Desktop/code-stable-x64-1705560028/VSCode-linux-x64/resources/app/out/vs/workbench/workbench.desktop.main.js:614:15789)
    at async ce.updateChildren (vscode-file://vscode-app/home/drdbrioso/Desktop/code-stable-x64-1705560028/VSCode-linux-x64/resources/app/out/vs/workbench/workbench.desktop.main.js:614:15542)
    at async vscode-file://vscode-app/home/drdbrioso/Desktop/code-stable-x64-1705560028/VSCode-linux-x64/resources/app/out/vs/workbench/workbench.desktop.main.js:1570:161697
    at async Promise.all (index 0)
    at async r.z (vscode-file://vscode-app/home/drdbrioso/Desktop/code-stable-x64-1705560028/VSCode-linux-x64/resources/app/out/vs/workbench/workbench.desktop.main.js:1570:161358)
2025-10-13 16:40:19.320 [error] TextModelPart is disposed!: Error: TextModelPart is disposed!
    at f.g (vscode-file://vscode-app/home/drdbrioso/Desktop/code-stable-x64-1705560028/VSCode-linux-x64/resources/app/out/vs/workbench/workbench.desktop.main.js:121:22521)
    at f.getWordAtPosition (vscode-file://vscode-app/home/drdbrioso/Desktop/code-stable-x64-1705560028/VSCode-linux-x64/resources/app/out/vs/workbench/workbench.desktop.main.js:629:119736)
    at q.getWordAtPosition (vscode-file://vscode-app/home/drdbrioso/Desktop/code-stable-x64-1705560028/VSCode-linux-x64/resources/app/out/vs/workbench/workbench.desktop.main.js:736:9052)
    at $.h (vscode-file://vscode-app/home/drdbrioso/Desktop/code-stable-x64-1705560028/VSCode-linux-x64/resources/app/out/vs/workbench/workbench.desktop.main.js:760:68579)
    at new l (vscode-file://vscode-app/home/drdbrioso/Desktop/code-stable-x64-1705560028/VSCode-linux-x64/resources/app/out/vs/workbench/workbench.desktop.main.js:760:68454)
    at new $ (vscode-file://vscode-app/home/drdbrioso/Desktop/code-stable-x64-1705560028/VSCode-linux-x64/resources/app/out/vs/workbench/workbench.desktop.main.js:760:69037)
    at P (vscode-file://vscode-app/home/drdbrioso/Desktop/code-stable-x64-1705560028/VSCode-linux-x64/resources/app/out/vs/workbench/workbench.desktop.main.js:760:69840)
    at T.F (vscode-file://vscode-app/home/drdbrioso/Desktop/code-stable-x64-1705560028/VSCode-linux-x64/resources/app/out/vs/workbench/workbench.desktop.main.js:760:74429)
    at T.E (vscode-file://vscode-app/home/drdbrioso/Desktop/code-stable-x64-1705560028/VSCode-linux-x64/resources/app/out/vs/workbench/workbench.desktop.main.js:760:74226)
    at new T (vscode-file://vscode-app/home/drdbrioso/Desktop/code-stable-x64-1705560028/VSCode-linux-x64/resources/app/out/vs/workbench/workbench.desktop.main.js:760:70825)
    at q (vscode-file://vscode-app/home/drdbrioso/Desktop/code-stable-x64-1705560028/VSCode-linux-x64/resources/app/out/vs/workbench/workbench.desktop.main.js:760:75301)
    at o.value (vscode-file://vscode-app/home/drdbrioso/Desktop/code-stable-x64-1705560028/VSCode-linux-x64/resources/app/out/vs/workbench/workbench.desktop.main.js:760:75446)
    at u.y (vscode-file://vscode-app/home/drdbrioso/Desktop/code-stable-x64-1705560028/VSCode-linux-x64/resources/app/out/vs/workbench/workbench.desktop.main.js:87:1902)
    at u.z (vscode-file://vscode-app/home/drdbrioso/Desktop/code-stable-x64-1705560028/VSCode-linux-x64/resources/app/out/vs/workbench/workbench.desktop.main.js:87:1972)
    at u.fire (vscode-file://vscode-app/home/drdbrioso/Desktop/code-stable-x64-1705560028/VSCode-linux-x64/resources/app/out/vs/workbench/workbench.desktop.main.js:87:2188)
    at x.setModel (vscode-file://vscode-app/home/drdbrioso/Desktop/code-stable-x64-1705560028/VSCode-linux-x64/resources/app/out/vs/workbench/workbench.desktop.main.js:744:400)
    at M.setInput (vscode-file://vscode-app/home/drdbrioso/Desktop/code-stable-x64-1705560028/VSCode-linux-x64/resources/app/out/vs/workbench/workbench.desktop.main.js:2148:23901)
    at async b.S (vscode-file://vscode-app/home/drdbrioso/Desktop/code-stable-x64-1705560028/VSCode-linux-x64/resources/app/out/vs/workbench/workbench.desktop.main.js:2146:23046)
    at async b.L (vscode-file://vscode-app/home/drdbrioso/Desktop/code-stable-x64-1705560028/VSCode-linux-x64/resources/app/out/vs/workbench/workbench.desktop.main.js:2146:21637)
    at async b.openEditor (vscode-file://vscode-app/home/drdbrioso/Desktop/code-stable-x64-1705560028/VSCode-linux-x64/resources/app/out/vs/workbench/workbench.desktop.main.js:2146:20603)
    at async vscode-file://vscode-app/home/drdbrioso/Desktop/code-stable-x64-1705560028/VSCode-linux-x64/resources/app/out/vs/workbench/workbench.desktop.main.js:2275:23005
    at async o.value (vscode-file://vscode-app/home/drdbrioso/Desktop/code-stable-x64-1705560028/VSCode-linux-x64/resources/app/out/vs/workbench/workbench.desktop.main.js:2345:46962)
2025-10-13 16:42:58.156 [info] Extension host (Remote) is unresponsive.
2025-10-13 16:43:15.185 [info] [remote-connection][ExtensionHost][29d41…][reconnect] received socket timeout event (unacknowledgedMsgCount: 1, timeSinceOldestUnacknowledgedMsg: 20001, timeSinceLastReceivedSomeData: 57308).
2025-10-13 16:43:15.185 [info] [remote-connection][ExtensionHost][29d41…][reconnect] starting reconnecting loop. You can get more information with the trace log level.
2025-10-13 16:43:15.185 [info] [remote-connection][ExtensionHost][29d41…][reconnect] resolving connection...
2025-10-13 16:43:15.186 [info] [remote-connection][ExtensionHost][29d41…][reconnect] connecting to WebSocket(127.0.0.1:37035)...
2025-10-13 16:43:15.186 [info] Creating a socket (renderer-ExtensionHost-29d41fae-16ed-447c-a4e4-26806dce2f90)...
2025-10-13 16:43:35.186 [info] [remote-connection][ExtensionHost][29d41…][reconnect] received socket timeout event (unacknowledgedMsgCount: 8, timeSinceOldestUnacknowledgedMsg: 40031, timeSinceLastReceivedSomeData: 77338).
2025-10-13 16:43:45.187 [error] [remote-connection][ExtensionHost][29d41…][reconnect][WebSocket(127.0.0.1:37035)] socketFactory.connect() failed or timed out. Error:
2025-10-13 16:43:45.188 [error] Error: Time limit reached
    at u.i (vscode-file://vscode-app/home/drdbrioso/Desktop/code-stable-x64-1705560028/VSCode-linux-x64/resources/app/out/vs/workbench/workbench.desktop.main.js:676:11385)
    at u.h (vscode-file://vscode-app/home/drdbrioso/Desktop/code-stable-x64-1705560028/VSCode-linux-x64/resources/app/out/vs/workbench/workbench.desktop.main.js:676:11367)
    at o.value (vscode-file://vscode-app/home/drdbrioso/Desktop/code-stable-x64-1705560028/VSCode-linux-x64/resources/app/out/vs/workbench/workbench.desktop.main.js:676:11222)
    at u.y (vscode-file://vscode-app/home/drdbrioso/Desktop/code-stable-x64-1705560028/VSCode-linux-x64/resources/app/out/vs/workbench/workbench.desktop.main.js:87:1902)
    at u.fire (vscode-file://vscode-app/home/drdbrioso/Desktop/code-stable-x64-1705560028/VSCode-linux-x64/resources/app/out/vs/workbench/workbench.desktop.main.js:87:2119)
    at D.cancel (vscode-file://vscode-app/home/drdbrioso/Desktop/code-stable-x64-1705560028/VSCode-linux-x64/resources/app/out/vs/workbench/workbench.desktop.main.js:87:9888)
    at E.cancel (vscode-file://vscode-app/home/drdbrioso/Desktop/code-stable-x64-1705560028/VSCode-linux-x64/resources/app/out/vs/workbench/workbench.desktop.main.js:87:10298)
    at vscode-file://vscode-app/home/drdbrioso/Desktop/code-stable-x64-1705560028/VSCode-linux-x64/resources/app/out/vs/workbench/workbench.desktop.main.js:676:10729
2025-10-13 16:43:45.189 [info] [remote-connection][ExtensionHost][29d41…][reconnect] A network error occurred while trying to reconnect, will try again...
2025-10-13 16:43:45.190 [info] [remote-connection][ExtensionHost][29d41…][reconnect] waiting for 5 seconds before reconnecting...
2025-10-13 16:43:50.165 [info] [remote-connection][Management   ][98f46…][reconnect] received socket timeout event (unacknowledgedMsgCount: 7, timeSinceOldestUnacknowledgedMsg: 20001, timeSinceLastReceivedSomeData: 91600).
2025-10-13 16:43:50.199 [info] [remote-connection][Management   ][98f46…][reconnect] starting reconnecting loop. You can get more information with the trace log level.
2025-10-13 16:43:50.200 [info] [remote-connection][Management   ][98f46…][reconnect] resolving connection...
2025-10-13 16:43:50.201 [info] Invoking resolveAuthority(ssh-remote)...
2025-10-13 16:43:50.201 [info] [LocalProcess0][resolveAuthority(ssh-remote,2)][0ms] obtaining proxy...
2025-10-13 16:43:50.201 [info] [LocalProcess0][resolveAuthority(ssh-remote,2)][0ms] invoking...
2025-10-13 16:43:50.204 [info] [remote-connection][ExtensionHost][29d41…][reconnect] resolving connection...
2025-10-13 16:43:51.202 [info] [LocalProcess0][resolveAuthority(ssh-remote,2)][1001ms] waiting...
2025-10-13 16:43:52.202 [info] [LocalProcess0][resolveAuthority(ssh-remote,2)][2001ms] waiting...
2025-10-13 16:43:53.202 [info] [LocalProcess0][resolveAuthority(ssh-remote,2)][3001ms] waiting...
2025-10-13 16:43:54.129 [info] [remote-connection][ExtensionHost][29d41…][reconnect] received socket close event (wasClean: false, code: 1006, reason: ).
2025-10-13 16:43:54.140 [error] {"isTrusted":true}
2025-10-13 16:43:54.140 [info] [remote-connection][Management   ][98f46…][reconnect] received socket close event (wasClean: false, code: 1006, reason: ).
2025-10-13 16:43:54.141 [error] {"isTrusted":true}
2025-10-13 16:43:54.202 [info] [LocalProcess0][resolveAuthority(ssh-remote,2)][4001ms] waiting...
2025-10-13 16:43:55.187 [info] [remote-connection][ExtensionHost][29d41…][reconnect] received socket timeout event (unacknowledgedMsgCount: 37, timeSinceOldestUnacknowledgedMsg: 60032, timeSinceLastReceivedSomeData: 97339).
2025-10-13 16:43:55.202 [info] [LocalProcess0][resolveAuthority(ssh-remote,2)][5001ms] waiting...
2025-10-13 16:43:56.202 [info] [LocalProcess0][resolveAuthority(ssh-remote,2)][6001ms] waiting...
2025-10-13 16:43:57.202 [info] [LocalProcess0][resolveAuthority(ssh-remote,2)][7001ms] waiting...
2025-10-13 16:43:58.202 [info] [LocalProcess0][resolveAuthority(ssh-remote,2)][8001ms] waiting...
2025-10-13 16:43:59.202 [info] [LocalProcess0][resolveAuthority(ssh-remote,2)][9001ms] waiting...
2025-10-13 16:44:00.202 [info] [LocalProcess0][resolveAuthority(ssh-remote,2)][10001ms] waiting...
2025-10-13 16:44:01.202 [info] [LocalProcess0][resolveAuthority(ssh-remote,2)][11001ms] waiting...
2025-10-13 16:44:02.202 [info] [LocalProcess0][resolveAuthority(ssh-remote,2)][12001ms] waiting...
2025-10-13 16:44:03.202 [info] [LocalProcess0][resolveAuthority(ssh-remote,2)][13001ms] waiting...
2025-10-13 16:44:04.202 [info] [LocalProcess0][resolveAuthority(ssh-remote,2)][14001ms] waiting...
2025-10-13 16:44:05.201 [info] [LocalProcess0][resolveAuthority(ssh-remote,2)][15001ms] waiting...
2025-10-13 16:44:05.398 [error] [LocalProcess0][resolveAuthority(ssh-remote,2)][15198ms] returned an error {"code":"TemporarilyNotAvailable","message":"The connection timed out"}
2025-10-13 16:44:05.399 [error] resolveAuthority(ssh-remote) returned an error after 15198 ms The connection timed out
2025-10-13 16:44:05.399 [info] [remote-connection][Management   ][98f46…][reconnect] A temporarily not available error occurred while trying to reconnect, will try again...
2025-10-13 16:44:05.399 [info] [remote-connection][Management   ][98f46…][reconnect] waiting for 5 seconds before reconnecting...
2025-10-13 16:44:05.399 [info] [remote-connection][ExtensionHost][29d41…][reconnect] A temporarily not available error occurred while trying to reconnect, will try again...
2025-10-13 16:44:05.399 [info] [remote-connection][ExtensionHost][29d41…][reconnect] waiting for 5 seconds before reconnecting...
2025-10-13 16:44:06.530 [info] [remote-connection][Management   ][98f46…][reconnect] resolving connection...
2025-10-13 16:44:06.531 [info] Invoking resolveAuthority(ssh-remote)...
2025-10-13 16:44:06.531 [info] [LocalProcess0][resolveAuthority(ssh-remote,3)][0ms] obtaining proxy...
2025-10-13 16:44:06.531 [info] [LocalProcess0][resolveAuthority(ssh-remote,3)][0ms] invoking...
2025-10-13 16:44:07.532 [info] [LocalProcess0][resolveAuthority(ssh-remote,3)][1001ms] waiting...
2025-10-13 16:44:08.531 [info] [LocalProcess0][resolveAuthority(ssh-remote,3)][2001ms] waiting...
2025-10-13 16:44:09.532 [info] [LocalProcess0][resolveAuthority(ssh-remote,3)][3001ms] waiting...
2025-10-13 16:44:10.402 [info] [remote-connection][ExtensionHost][29d41…][reconnect] resolving connection...
2025-10-13 16:44:10.532 [info] [LocalProcess0][resolveAuthority(ssh-remote,3)][4001ms] waiting...
2025-10-13 16:44:11.532 [info] [LocalProcess0][resolveAuthority(ssh-remote,3)][5001ms] waiting...
2025-10-13 16:44:12.532 [info] [LocalProcess0][resolveAuthority(ssh-remote,3)][6001ms] waiting...
2025-10-13 16:44:13.533 [info] [LocalProcess0][resolveAuthority(ssh-remote,3)][7001ms] waiting...
2025-10-13 16:44:14.532 [info] [LocalProcess0][resolveAuthority(ssh-remote,3)][8001ms] waiting...
2025-10-13 16:44:15.187 [info] [remote-connection][ExtensionHost][29d41…][reconnect] received socket timeout event (unacknowledgedMsgCount: 57, timeSinceOldestUnacknowledgedMsg: 80032, timeSinceLastReceivedSomeData: 117339).
2025-10-13 16:44:15.532 [info] [LocalProcess0][resolveAuthority(ssh-remote,3)][9001ms] waiting...
2025-10-13 16:44:16.531 [info] [LocalProcess0][resolveAuthority(ssh-remote,3)][10001ms] waiting...
2025-10-13 16:44:17.532 [info] [LocalProcess0][resolveAuthority(ssh-remote,3)][11001ms] waiting...
2025-10-13 16:44:18.532 [info] [LocalProcess0][resolveAuthority(ssh-remote,3)][12001ms] waiting...
2025-10-13 16:44:19.532 [info] [LocalProcess0][resolveAuthority(ssh-remote,3)][13001ms] waiting...
2025-10-13 16:44:20.532 [info] [LocalProcess0][resolveAuthority(ssh-remote,3)][14001ms] waiting...
2025-10-13 16:44:21.532 [info] [LocalProcess0][resolveAuthority(ssh-remote,3)][15001ms] waiting...
2025-10-13 16:44:22.531 [info] [LocalProcess0][resolveAuthority(ssh-remote,3)][16001ms] waiting...
2025-10-13 16:44:23.531 [info] [LocalProcess0][resolveAuthority(ssh-remote,3)][17001ms] waiting...
2025-10-13 16:44:24.531 [info] [LocalProcess0][resolveAuthority(ssh-remote,3)][18001ms] waiting...
2025-10-13 16:44:25.532 [info] [LocalProcess0][resolveAuthority(ssh-remote,3)][19001ms] waiting...
2025-10-13 16:44:26.532 [info] [LocalProcess0][resolveAuthority(ssh-remote,3)][20001ms] waiting...
2025-10-13 16:44:27.532 [info] [LocalProcess0][resolveAuthority(ssh-remote,3)][21001ms] waiting...
2025-10-13 16:44:28.531 [info] [LocalProcess0][resolveAuthority(ssh-remote,3)][22001ms] waiting...
2025-10-13 16:44:29.532 [info] [LocalProcess0][resolveAuthority(ssh-remote,3)][23001ms] waiting...
2025-10-13 16:44:30.532 [info] [LocalProcess0][resolveAuthority(ssh-remote,3)][24001ms] waiting...
2025-10-13 16:44:31.532 [info] [LocalProcess0][resolveAuthority(ssh-remote,3)][25001ms] waiting...
2025-10-13 16:44:32.532 [info] [LocalProcess0][resolveAuthority(ssh-remote,3)][26001ms] waiting...
2025-10-13 16:44:33.532 [info] [LocalProcess0][resolveAuthority(ssh-remote,3)][27001ms] waiting...
2025-10-13 16:44:34.532 [info] [LocalProcess0][resolveAuthority(ssh-remote,3)][28001ms] waiting...
2025-10-13 16:44:35.187 [info] [remote-connection][ExtensionHost][29d41…][reconnect] received socket timeout event (unacknowledgedMsgCount: 63, timeSinceOldestUnacknowledgedMsg: 100032, timeSinceLastReceivedSomeData: 137339).
2025-10-13 16:44:35.532 [info] [LocalProcess0][resolveAuthority(ssh-remote,3)][29001ms] waiting...
2025-10-13 16:44:36.532 [info] [LocalProcess0][resolveAuthority(ssh-remote,3)][30001ms] waiting...
2025-10-13 16:44:37.532 [info] [LocalProcess0][resolveAuthority(ssh-remote,3)][31001ms] waiting...
2025-10-13 16:44:38.532 [info] [LocalProcess0][resolveAuthority(ssh-remote,3)][32001ms] waiting...
2025-10-13 16:44:39.531 [info] [LocalProcess0][resolveAuthority(ssh-remote,3)][33001ms] waiting...
2025-10-13 16:44:40.531 [info] [LocalProcess0][resolveAuthority(ssh-remote,3)][34001ms] waiting...
2025-10-13 16:44:41.532 [info] [LocalProcess0][resolveAuthority(ssh-remote,3)][35001ms] waiting...
2025-10-13 16:44:42.532 [info] [LocalProcess0][resolveAuthority(ssh-remote,3)][36001ms] waiting...
2025-10-13 16:44:43.532 [info] [LocalProcess0][resolveAuthority(ssh-remote,3)][37001ms] waiting...
2025-10-13 16:44:44.532 [info] [LocalProcess0][resolveAuthority(ssh-remote,3)][38001ms] waiting...
2025-10-13 16:44:45.532 [info] [LocalProcess0][resolveAuthority(ssh-remote,3)][39001ms] waiting...
2025-10-13 16:44:46.532 [info] [LocalProcess0][resolveAuthority(ssh-remote,3)][40001ms] waiting...
2025-10-13 16:44:47.532 [info] [LocalProcess0][resolveAuthority(ssh-remote,3)][41001ms] waiting...
2025-10-13 16:44:48.532 [info] [LocalProcess0][resolveAuthority(ssh-remote,3)][42001ms] waiting...
2025-10-13 16:44:49.532 [info] [LocalProcess0][resolveAuthority(ssh-remote,3)][43001ms] waiting...
2025-10-13 16:44:49.993 [error] [LocalProcess0][resolveAuthority(ssh-remote,3)][43463ms] returned an error {"code":"TemporarilyNotAvailable","message":"Connecting with SSH timed out"}
2025-10-13 16:44:49.994 [error] resolveAuthority(ssh-remote) returned an error after 43463 ms Connecting with SSH timed out
2025-10-13 16:44:49.994 [info] [remote-connection][Management   ][98f46…][reconnect] A temporarily not available error occurred while trying to reconnect, will try again...
2025-10-13 16:44:49.995 [info] [remote-connection][Management   ][98f46…][reconnect] waiting for 5 seconds before reconnecting...
2025-10-13 16:44:49.995 [info] [remote-connection][ExtensionHost][29d41…][reconnect] A temporarily not available error occurred while trying to reconnect, will try again...
2025-10-13 16:44:49.995 [info] [remote-connection][ExtensionHost][29d41…][reconnect] waiting for 10 seconds before reconnecting...
2025-10-13 16:44:53.954 [info] [remote-connection][Management   ][98f46…][reconnect] resolving connection...
2025-10-13 16:44:53.954 [info] Invoking resolveAuthority(ssh-remote)...
2025-10-13 16:44:53.954 [info] [LocalProcess0][resolveAuthority(ssh-remote,4)][0ms] obtaining proxy...
2025-10-13 16:44:53.955 [info] [LocalProcess0][resolveAuthority(ssh-remote,4)][0ms] invoking...
2025-10-13 16:44:54.955 [info] [LocalProcess0][resolveAuthority(ssh-remote,4)][1000ms] waiting...
2025-10-13 16:44:55.187 [info] [remote-connection][ExtensionHost][29d41…][reconnect] received socket timeout event (unacknowledgedMsgCount: 80, timeSinceOldestUnacknowledgedMsg: 120033, timeSinceLastReceivedSomeData: 157340).
2025-10-13 16:44:55.956 [info] [LocalProcess0][resolveAuthority(ssh-remote,4)][2000ms] waiting...
2025-10-13 16:44:56.956 [info] [LocalProcess0][resolveAuthority(ssh-remote,4)][3000ms] waiting...
2025-10-13 16:44:57.956 [info] [LocalProcess0][resolveAuthority(ssh-remote,4)][4000ms] waiting...
2025-10-13 16:44:58.955 [info] [LocalProcess0][resolveAuthority(ssh-remote,4)][5000ms] waiting...
2025-10-13 16:44:59.955 [info] [LocalProcess0][resolveAuthority(ssh-remote,4)][6000ms] waiting...
2025-10-13 16:44:59.995 [info] [remote-connection][ExtensionHost][29d41…][reconnect] resolving connection...
2025-10-13 16:45:00.955 [info] [LocalProcess0][resolveAuthority(ssh-remote,4)][7000ms] waiting...
2025-10-13 16:45:01.956 [info] [LocalProcess0][resolveAuthority(ssh-remote,4)][8000ms] waiting...
2025-10-13 16:45:02.956 [info] [LocalProcess0][resolveAuthority(ssh-remote,4)][9000ms] waiting...
2025-10-13 16:45:03.955 [info] [LocalProcess0][resolveAuthority(ssh-remote,4)][10000ms] waiting...
2025-10-13 16:45:04.956 [info] [LocalProcess0][resolveAuthority(ssh-remote,4)][11000ms] waiting...
2025-10-13 16:45:05.672 [warning] Via 'product.json#extensionEnabledApiProposals' extension 'ms-python.python' wants API proposal 'registerIssueDataProvider' but that proposal DOES NOT EXIST. Likely, the proposal has been finalized (check 'vscode.d.ts') or was abandoned.
2025-10-13 16:45:05.812 [info] Started local extension host with pid 27112.
2025-10-13 16:45:06.000 [info] Invoking resolveAuthority(ssh-remote)...
2025-10-13 16:45:06.000 [info] [LocalProcess0][resolveAuthority(ssh-remote,1)][0ms] obtaining proxy...
2025-10-13 16:45:06.001 [info] [LocalProcess0][resolveAuthority(ssh-remote,1)][0ms] invoking...
2025-10-13 16:45:07.003 [info] [LocalProcess0][resolveAuthority(ssh-remote,1)][1001ms] waiting...
2025-10-13 16:45:08.001 [info] [LocalProcess0][resolveAuthority(ssh-remote,1)][2000ms] waiting...
2025-10-13 16:45:08.934 [error] [/home/drdbrioso/.vscode/extensions/ms-toolsai.vscode-jupyter-cell-tags-0.1.9]: Extension is not compatible with Code 1.85.2. Extension requires: ^1.88.0.
2025-10-13 16:45:08.934 [error] [/home/drdbrioso/.vscode/extensions/ms-toolsai.vscode-jupyter-slideshow-0.1.6]: Extension is not compatible with Code 1.85.2. Extension requires: ^1.88.0.
2025-10-13 16:45:08.935 [error] [/home/drdbrioso/.vscode/extensions/ms-toolsai.jupyter-renderers-1.3.0]: Extension is not compatible with Code 1.85.2. Extension requires: ^1.95.0.
2025-10-13 16:45:08.974 [error] [/home/drdbrioso/.vscode/extensions/ms-vscode.remote-server-1.5.3]: Extension is not compatible with Code 1.85.2. Extension requires: ^1.87.0.
2025-10-13 16:45:08.975 [error] [/home/drdbrioso/.vscode/extensions/ms-vscode.remote-explorer-0.5.0]: Extension is not compatible with Code 1.85.2. Extension requires: ^1.87.0.
2025-10-13 16:45:08.975 [error] [/home/drdbrioso/.vscode/extensions/ms-vscode-remote.remote-wsl-0.104.3]: Extension is not compatible with Code 1.85.2. Extension requires: ^1.104.0.
2025-10-13 16:45:08.976 [error] [/home/drdbrioso/.vscode/extensions/ms-python.vscode-python-envs-1.8.0-linux-x64]: Extension is not compatible with Code 1.85.2. Extension requires: ^1.104.0-20250815.
2025-10-13 16:45:08.976 [error] [/home/drdbrioso/.vscode/extensions/ms-python.debugpy-2025.10.0-linux-x64]: Extension is not compatible with Code 1.85.2. Extension requires: ^1.92.0.
2025-10-13 16:45:08.977 [error] [/home/drdbrioso/.vscode/extensions/ms-vscode-remote.remote-containers-0.427.0]: Extension is not compatible with Code 1.85.2. Extension requires: ^1.99.0.
2025-10-13 16:45:08.979 [error] [/home/drdbrioso/.vscode/extensions/ms-python.python-2025.14.0-linux-x64]: Extension is not compatible with Code 1.85.2. Extension requires: ^1.95.0.
2025-10-13 16:45:08.981 [error] [/home/drdbrioso/.vscode/extensions/ms-python.vscode-pylance-2025.8.3]: Extension is not compatible with Code 1.85.2. Extension requires: ^1.101.0.
2025-10-13 16:45:09.021 [info] [LocalProcess0][resolveAuthority(ssh-remote,1)][3021ms] waiting...
2025-10-13 16:45:10.001 [info] [LocalProcess0][resolveAuthority(ssh-remote,1)][4000ms] waiting...
2025-10-13 16:45:11.001 [info] [LocalProcess0][resolveAuthority(ssh-remote,1)][5000ms] waiting...
2025-10-13 16:45:12.001 [info] [LocalProcess0][resolveAuthority(ssh-remote,1)][6000ms] waiting...
2025-10-13 16:45:13.001 [info] [LocalProcess0][resolveAuthority(ssh-remote,1)][7000ms] waiting...
2025-10-13 16:45:14.001 [info] [LocalProcess0][resolveAuthority(ssh-remote,1)][8000ms] waiting...
2025-10-13 16:45:15.001 [info] [LocalProcess0][resolveAuthority(ssh-remote,1)][9000ms] waiting...
2025-10-13 16:45:16.001 [info] [LocalProcess0][resolveAuthority(ssh-remote,1)][10000ms] waiting...
2025-10-13 16:45:17.001 [info] [LocalProcess0][resolveAuthority(ssh-remote,1)][11000ms] waiting...
2025-10-13 16:45:18.001 [info] [LocalProcess0][resolveAuthority(ssh-remote,1)][12000ms] waiting...
2025-10-13 16:45:19.002 [info] [LocalProcess0][resolveAuthority(ssh-remote,1)][13000ms] waiting...
2025-10-13 16:45:20.001 [info] [LocalProcess0][resolveAuthority(ssh-remote,1)][14000ms] waiting...
2025-10-13 16:45:21.001 [info] [LocalProcess0][resolveAuthority(ssh-remote,1)][15000ms] waiting...
2025-10-13 16:45:21.263 [error] [LocalProcess0][resolveAuthority(ssh-remote,1)][15262ms] returned an error {"code":"NotAvailable","message":"The connection timed out","detail":true}
2025-10-13 16:45:21.263 [error] resolveAuthority(ssh-remote) returned an error after 15263 ms The connection timed out
2025-10-13 16:45:21.264 [error] Error received from starting extension host (kind: Remote)
2025-10-13 16:45:21.264 [error] CodeExpectedError: The connection timed out
    at ee.rb (vscode-file://vscode-app/home/drdbrioso/Desktop/code-stable-x64-1705560028/VSCode-linux-x64/resources/app/out/vs/workbench/workbench.desktop.main.js:2718:21055)
    at async ee.qb (vscode-file://vscode-app/home/drdbrioso/Desktop/code-stable-x64-1705560028/VSCode-linux-x64/resources/app/out/vs/workbench/workbench.desktop.main.js:2718:20332)
    at async ee.Ob (vscode-file://vscode-app/home/drdbrioso/Desktop/code-stable-x64-1705560028/VSCode-linux-x64/resources/app/out/vs/workbench/workbench.desktop.main.js:2719:11484)
    at async ee.jb (vscode-file://vscode-app/home/drdbrioso/Desktop/code-stable-x64-1705560028/VSCode-linux-x64/resources/app/out/vs/workbench/workbench.desktop.main.js:2718:17969)
2025-10-13 16:45:21.264 [error] [remote-connection][attempt 1] An error occurred in initial connection! Will retry... Error:
2025-10-13 16:45:21.265 [error] CodeExpectedError: The connection timed out
    at ee.rb (vscode-file://vscode-app/home/drdbrioso/Desktop/code-stable-x64-1705560028/VSCode-linux-x64/resources/app/out/vs/workbench/workbench.desktop.main.js:2718:21055)
    at async ee.qb (vscode-file://vscode-app/home/drdbrioso/Desktop/code-stable-x64-1705560028/VSCode-linux-x64/resources/app/out/vs/workbench/workbench.desktop.main.js:2718:20332)
    at async ee.Ob (vscode-file://vscode-app/home/drdbrioso/Desktop/code-stable-x64-1705560028/VSCode-linux-x64/resources/app/out/vs/workbench/workbench.desktop.main.js:2719:11484)
    at async ee.jb (vscode-file://vscode-app/home/drdbrioso/Desktop/code-stable-x64-1705560028/VSCode-linux-x64/resources/app/out/vs/workbench/workbench.desktop.main.js:2718:17969)
2025-10-13 16:45:21.266 [error] [remote-connection][attempt 2] An error occurred in initial connection! Will retry... Error:
2025-10-13 16:45:21.267 [error] CodeExpectedError: The connection timed out
    at ee.rb (vscode-file://vscode-app/home/drdbrioso/Desktop/code-stable-x64-1705560028/VSCode-linux-x64/resources/app/out/vs/workbench/workbench.desktop.main.js:2718:21055)
    at async ee.qb (vscode-file://vscode-app/home/drdbrioso/Desktop/code-stable-x64-1705560028/VSCode-linux-x64/resources/app/out/vs/workbench/workbench.desktop.main.js:2718:20332)
    at async ee.Ob (vscode-file://vscode-app/home/drdbrioso/Desktop/code-stable-x64-1705560028/VSCode-linux-x64/resources/app/out/vs/workbench/workbench.desktop.main.js:2719:11484)
    at async ee.jb (vscode-file://vscode-app/home/drdbrioso/Desktop/code-stable-x64-1705560028/VSCode-linux-x64/resources/app/out/vs/workbench/workbench.desktop.main.js:2718:17969)
2025-10-13 16:45:21.315 [error] [remote-connection][attempt 3] An error occurred in initial connection! Will retry... Error:
2025-10-13 16:45:21.315 [error] CodeExpectedError: The connection timed out
    at ee.rb (vscode-file://vscode-app/home/drdbrioso/Desktop/code-stable-x64-1705560028/VSCode-linux-x64/resources/app/out/vs/workbench/workbench.desktop.main.js:2718:21055)
    at async ee.qb (vscode-file://vscode-app/home/drdbrioso/Desktop/code-stable-x64-1705560028/VSCode-linux-x64/resources/app/out/vs/workbench/workbench.desktop.main.js:2718:20332)
    at async ee.Ob (vscode-file://vscode-app/home/drdbrioso/Desktop/code-stable-x64-1705560028/VSCode-linux-x64/resources/app/out/vs/workbench/workbench.desktop.main.js:2719:11484)
    at async ee.jb (vscode-file://vscode-app/home/drdbrioso/Desktop/code-stable-x64-1705560028/VSCode-linux-x64/resources/app/out/vs/workbench/workbench.desktop.main.js:2718:17969)
2025-10-13 16:45:21.339 [error] [remote-connection][attempt 4] An error occurred in initial connection! Will retry... Error:
2025-10-13 16:45:21.339 [error] CodeExpectedError: The connection timed out
    at ee.rb (vscode-file://vscode-app/home/drdbrioso/Desktop/code-stable-x64-1705560028/VSCode-linux-x64/resources/app/out/vs/workbench/workbench.desktop.main.js:2718:21055)
    at async ee.qb (vscode-file://vscode-app/home/drdbrioso/Desktop/code-stable-x64-1705560028/VSCode-linux-x64/resources/app/out/vs/workbench/workbench.desktop.main.js:2718:20332)
    at async ee.Ob (vscode-file://vscode-app/home/drdbrioso/Desktop/code-stable-x64-1705560028/VSCode-linux-x64/resources/app/out/vs/workbench/workbench.desktop.main.js:2719:11484)
    at async ee.jb (vscode-file://vscode-app/home/drdbrioso/Desktop/code-stable-x64-1705560028/VSCode-linux-x64/resources/app/out/vs/workbench/workbench.desktop.main.js:2718:17969)
2025-10-13 16:45:21.340 [error] [remote-connection][attempt 5]  An error occurred in initial connection! It will be treated as a permanent error. Error:
2025-10-13 16:45:21.340 [error] CodeExpectedError: The connection timed out
    at ee.rb (vscode-file://vscode-app/home/drdbrioso/Desktop/code-stable-x64-1705560028/VSCode-linux-x64/resources/app/out/vs/workbench/workbench.desktop.main.js:2718:21055)
    at async ee.qb (vscode-file://vscode-app/home/drdbrioso/Desktop/code-stable-x64-1705560028/VSCode-linux-x64/resources/app/out/vs/workbench/workbench.desktop.main.js:2718:20332)
    at async ee.Ob (vscode-file://vscode-app/home/drdbrioso/Desktop/code-stable-x64-1705560028/VSCode-linux-x64/resources/app/out/vs/workbench/workbench.desktop.main.js:2719:11484)
    at async ee.jb (vscode-file://vscode-app/home/drdbrioso/Desktop/code-stable-x64-1705560028/VSCode-linux-x64/resources/app/out/vs/workbench/workbench.desktop.main.js:2718:17969)
2025-10-13 16:45:21.341 [error] CodeExpectedError: The connection timed out
    at ee.rb (vscode-file://vscode-app/home/drdbrioso/Desktop/code-stable-x64-1705560028/VSCode-linux-x64/resources/app/out/vs/workbench/workbench.desktop.main.js:2718:21055)
    at async ee.qb (vscode-file://vscode-app/home/drdbrioso/Desktop/code-stable-x64-1705560028/VSCode-linux-x64/resources/app/out/vs/workbench/workbench.desktop.main.js:2718:20332)
    at async ee.Ob (vscode-file://vscode-app/home/drdbrioso/Desktop/code-stable-x64-1705560028/VSCode-linux-x64/resources/app/out/vs/workbench/workbench.desktop.main.js:2719:11484)
    at async ee.jb (vscode-file://vscode-app/home/drdbrioso/Desktop/code-stable-x64-1705560028/VSCode-linux-x64/resources/app/out/vs/workbench/workbench.desktop.main.js:2718:17969)
2025-10-13 16:45:21.341 [error] Cannot register remote filesystem provider. Error while fetching remote environment. The connection timed out
2025-10-13 16:45:21.342 [error] CodeExpectedError: The connection timed out
    at ee.rb (vscode-file://vscode-app/home/drdbrioso/Desktop/code-stable-x64-1705560028/VSCode-linux-x64/resources/app/out/vs/workbench/workbench.desktop.main.js:2718:21055)
    at async ee.qb (vscode-file://vscode-app/home/drdbrioso/Desktop/code-stable-x64-1705560028/VSCode-linux-x64/resources/app/out/vs/workbench/workbench.desktop.main.js:2718:20332)
    at async ee.Ob (vscode-file://vscode-app/home/drdbrioso/Desktop/code-stable-x64-1705560028/VSCode-linux-x64/resources/app/out/vs/workbench/workbench.desktop.main.js:2719:11484)
    at async ee.jb (vscode-file://vscode-app/home/drdbrioso/Desktop/code-stable-x64-1705560028/VSCode-linux-x64/resources/app/out/vs/workbench/workbench.desktop.main.js:2718:17969)
2025-10-13 16:45:21.342 [error] CodeExpectedError: The connection timed out
    at ee.rb (vscode-file://vscode-app/home/drdbrioso/Desktop/code-stable-x64-1705560028/VSCode-linux-x64/resources/app/out/vs/workbench/workbench.desktop.main.js:2718:21055)
    at async ee.qb (vscode-file://vscode-app/home/drdbrioso/Desktop/code-stable-x64-1705560028/VSCode-linux-x64/resources/app/out/vs/workbench/workbench.desktop.main.js:2718:20332)
    at async ee.Ob (vscode-file://vscode-app/home/drdbrioso/Desktop/code-stable-x64-1705560028/VSCode-linux-x64/resources/app/out/vs/workbench/workbench.desktop.main.js:2719:11484)
    at async ee.jb (vscode-file://vscode-app/home/drdbrioso/Desktop/code-stable-x64-1705560028/VSCode-linux-x64/resources/app/out/vs/workbench/workbench.desktop.main.js:2718:17969)
2025-10-13 16:45:21.342 [error] CodeExpectedError: The connection timed out
    at ee.rb (vscode-file://vscode-app/home/drdbrioso/Desktop/code-stable-x64-1705560028/VSCode-linux-x64/resources/app/out/vs/workbench/workbench.desktop.main.js:2718:21055)
    at async ee.qb (vscode-file://vscode-app/home/drdbrioso/Desktop/code-stable-x64-1705560028/VSCode-linux-x64/resources/app/out/vs/workbench/workbench.desktop.main.js:2718:20332)
    at async ee.Ob (vscode-file://vscode-app/home/drdbrioso/Desktop/code-stable-x64-1705560028/VSCode-linux-x64/resources/app/out/vs/workbench/workbench.desktop.main.js:2719:11484)
    at async ee.jb (vscode-file://vscode-app/home/drdbrioso/Desktop/code-stable-x64-1705560028/VSCode-linux-x64/resources/app/out/vs/workbench/workbench.desktop.main.js:2718:17969)
2025-10-13 16:45:21.342 [error] CodeExpectedError: The connection timed out
    at ee.rb (vscode-file://vscode-app/home/drdbrioso/Desktop/code-stable-x64-1705560028/VSCode-linux-x64/resources/app/out/vs/workbench/workbench.desktop.main.js:2718:21055)
    at async ee.qb (vscode-file://vscode-app/home/drdbrioso/Desktop/code-stable-x64-1705560028/VSCode-linux-x64/resources/app/out/vs/workbench/workbench.desktop.main.js:2718:20332)
    at async ee.Ob (vscode-file://vscode-app/home/drdbrioso/Desktop/code-stable-x64-1705560028/VSCode-linux-x64/resources/app/out/vs/workbench/workbench.desktop.main.js:2719:11484)
    at async ee.jb (vscode-file://vscode-app/home/drdbrioso/Desktop/code-stable-x64-1705560028/VSCode-linux-x64/resources/app/out/vs/workbench/workbench.desktop.main.js:2718:17969)
2025-10-13 16:45:21.343 [error] CodeExpectedError: The connection timed out
    at ee.rb (vscode-file://vscode-app/home/drdbrioso/Desktop/code-stable-x64-1705560028/VSCode-linux-x64/resources/app/out/vs/workbench/workbench.desktop.main.js:2718:21055)
    at async ee.qb (vscode-file://vscode-app/home/drdbrioso/Desktop/code-stable-x64-1705560028/VSCode-linux-x64/resources/app/out/vs/workbench/workbench.desktop.main.js:2718:20332)
    at async ee.Ob (vscode-file://vscode-app/home/drdbrioso/Desktop/code-stable-x64-1705560028/VSCode-linux-x64/resources/app/out/vs/workbench/workbench.desktop.main.js:2719:11484)
    at async ee.jb (vscode-file://vscode-app/home/drdbrioso/Desktop/code-stable-x64-1705560028/VSCode-linux-x64/resources/app/out/vs/workbench/workbench.desktop.main.js:2718:17969)
2025-10-13 16:45:21.343 [warning] Ignoring the error while validating workspace folder vscode-remote://ssh-remote%2Bsenc.icmc.usp.br/var/www - ENOPRO: No file system provider found for resource 'vscode-remote://ssh-remote%2Bsenc.icmc.usp.br/var/www'
2025-10-13 16:45:21.343 [error] CodeExpectedError: ENOPRO: No file system provider found for resource 'vscode-remote://ssh-remote%2Bsenc.icmc.usp.br/var/www'
    at n.j (vscode-file://vscode-app/home/drdbrioso/Desktop/code-stable-x64-1705560028/VSCode-linux-x64/resources/app/out/vs/workbench/workbench.desktop.main.js:645:13659)
    at async n.bb (vscode-file://vscode-app/home/drdbrioso/Desktop/code-stable-x64-1705560028/VSCode-linux-x64/resources/app/out/vs/workbench/workbench.desktop.main.js:645:24851)
    at async vscode-file://vscode-app/home/drdbrioso/Desktop/code-stable-x64-1705560028/VSCode-linux-x64/resources/app/out/vs/workbench/workbench.desktop.main.js:645:24559
2025-10-13 16:45:21.344 [error] ENOPRO: No file system provider found for resource 'vscode-remote://ssh-remote%2Bsenc.icmc.usp.br/var/www/.git/config': CodeExpectedError: ENOPRO: No file system provider found for resource 'vscode-remote://ssh-remote%2Bsenc.icmc.usp.br/var/www/.git/config'
    at n.j (vscode-file://vscode-app/home/drdbrioso/Desktop/code-stable-x64-1705560028/VSCode-linux-x64/resources/app/out/vs/workbench/workbench.desktop.main.js:645:13659)
    at async n.exists (vscode-file://vscode-app/home/drdbrioso/Desktop/code-stable-x64-1705560028/VSCode-linux-x64/resources/app/out/vs/workbench/workbench.desktop.main.js:645:15866)
    at async Promise.all (index 0)
2025-10-13 16:45:21.348 [error] ENOPRO: No file system provider found for resource 'vscode-remote://ssh-remote%2Bsenc.icmc.usp.br/var/www/pom.xml': CodeExpectedError: ENOPRO: No file system provider found for resource 'vscode-remote://ssh-remote%2Bsenc.icmc.usp.br/var/www/pom.xml'
    at n.j (vscode-file://vscode-app/home/drdbrioso/Desktop/code-stable-x64-1705560028/VSCode-linux-x64/resources/app/out/vs/workbench/workbench.desktop.main.js:645:13659)
    at async n.exists (vscode-file://vscode-app/home/drdbrioso/Desktop/code-stable-x64-1705560028/VSCode-linux-x64/resources/app/out/vs/workbench/workbench.desktop.main.js:645:15866)
    at async Promise.all (index 0)
2025-10-13 16:45:21.375 [error] The connection timed out: CodeExpectedError: The connection timed out
    at ee.rb (vscode-file://vscode-app/home/drdbrioso/Desktop/code-stable-x64-1705560028/VSCode-linux-x64/resources/app/out/vs/workbench/workbench.desktop.main.js:2718:21055)
    at async ee.qb (vscode-file://vscode-app/home/drdbrioso/Desktop/code-stable-x64-1705560028/VSCode-linux-x64/resources/app/out/vs/workbench/workbench.desktop.main.js:2718:20332)
    at async ee.Ob (vscode-file://vscode-app/home/drdbrioso/Desktop/code-stable-x64-1705560028/VSCode-linux-x64/resources/app/out/vs/workbench/workbench.desktop.main.js:2719:11484)
    at async ee.jb (vscode-file://vscode-app/home/drdbrioso/Desktop/code-stable-x64-1705560028/VSCode-linux-x64/resources/app/out/vs/workbench/workbench.desktop.main.js:2718:17969)
2025-10-13 16:45:21.375 [error] ENOPRO: No file system provider found for resource 'vscode-remote://ssh-remote%2Bsenc.icmc.usp.br/var/www': CodeExpectedError: ENOPRO: No file system provider found for resource 'vscode-remote://ssh-remote%2Bsenc.icmc.usp.br/var/www'
    at n.j (vscode-file://vscode-app/home/drdbrioso/Desktop/code-stable-x64-1705560028/VSCode-linux-x64/resources/app/out/vs/workbench/workbench.desktop.main.js:645:13659)
    at async n.s (vscode-file://vscode-app/home/drdbrioso/Desktop/code-stable-x64-1705560028/VSCode-linux-x64/resources/app/out/vs/workbench/workbench.desktop.main.js:645:14449)
    at async n.resolve (vscode-file://vscode-app/home/drdbrioso/Desktop/code-stable-x64-1705560028/VSCode-linux-x64/resources/app/out/vs/workbench/workbench.desktop.main.js:645:14277)
    at async d.j (vscode-file://vscode-app/home/drdbrioso/Desktop/code-stable-x64-1705560028/VSCode-linux-x64/resources/app/out/vs/workbench/workbench.desktop.main.js:1986:5302)
2025-10-13 16:45:21.375 [error] ENOPRO: No file system provider found for resource 'vscode-remote://ssh-remote%2Bsenc.icmc.usp.br/var/www/.vscode': CodeExpectedError: ENOPRO: No file system provider found for resource 'vscode-remote://ssh-remote%2Bsenc.icmc.usp.br/var/www/.vscode'
    at n.j (vscode-file://vscode-app/home/drdbrioso/Desktop/code-stable-x64-1705560028/VSCode-linux-x64/resources/app/out/vs/workbench/workbench.desktop.main.js:645:13659)
    at async n.exists (vscode-file://vscode-app/home/drdbrioso/Desktop/code-stable-x64-1705560028/VSCode-linux-x64/resources/app/out/vs/workbench/workbench.desktop.main.js:645:15866)
    at async vscode-file://vscode-app/home/drdbrioso/Desktop/code-stable-x64-1705560028/VSCode-linux-x64/resources/app/out/vs/workbench/workbench.desktop.main.js:2048:6302
    at async Promise.all (index 0)
    at async T.v (vscode-file://vscode-app/home/drdbrioso/Desktop/code-stable-x64-1705560028/VSCode-linux-x64/resources/app/out/vs/workbench/workbench.desktop.main.js:2048:6409)
2025-10-13 16:45:21.450 [error] CodeExpectedError: ENOPRO: No file system provider found for resource 'vscode-remote://ssh-remote%2Bsenc.icmc.usp.br/var/www/img/patrocinio/2025/Logo_QI_TECH_2024%20%281%29_1.png'
    at n.j (vscode-file://vscode-app/home/drdbrioso/Desktop/code-stable-x64-1705560028/VSCode-linux-x64/resources/app/out/vs/workbench/workbench.desktop.main.js:645:13659)
    at async n.bb (vscode-file://vscode-app/home/drdbrioso/Desktop/code-stable-x64-1705560028/VSCode-linux-x64/resources/app/out/vs/workbench/workbench.desktop.main.js:645:24851)
    at async vscode-file://vscode-app/home/drdbrioso/Desktop/code-stable-x64-1705560028/VSCode-linux-x64/resources/app/out/vs/workbench/workbench.desktop.main.js:645:24559
2025-10-13 16:45:21.493 [error] CodeExpectedError: The connection timed out
    at ee.rb (vscode-file://vscode-app/home/drdbrioso/Desktop/code-stable-x64-1705560028/VSCode-linux-x64/resources/app/out/vs/workbench/workbench.desktop.main.js:2718:21055)
    at async ee.qb (vscode-file://vscode-app/home/drdbrioso/Desktop/code-stable-x64-1705560028/VSCode-linux-x64/resources/app/out/vs/workbench/workbench.desktop.main.js:2718:20332)
    at async ee.Ob (vscode-file://vscode-app/home/drdbrioso/Desktop/code-stable-x64-1705560028/VSCode-linux-x64/resources/app/out/vs/workbench/workbench.desktop.main.js:2719:11484)
    at async ee.jb (vscode-file://vscode-app/home/drdbrioso/Desktop/code-stable-x64-1705560028/VSCode-linux-x64/resources/app/out/vs/workbench/workbench.desktop.main.js:2718:17969)
2025-10-13 16:45:22.388 [error] command 'remote-internal.setActiveFolders' not found: Error: command 'remote-internal.setActiveFolders' not found
    at k.n (vscode-file://vscode-app/home/drdbrioso/Desktop/code-stable-x64-1705560028/VSCode-linux-x64/resources/app/out/vs/workbench/workbench.desktop.main.js:1538:12339)
    at k.executeCommand (vscode-file://vscode-app/home/drdbrioso/Desktop/code-stable-x64-1705560028/VSCode-linux-x64/resources/app/out/vs/workbench/workbench.desktop.main.js:1538:12268)
2025-10-13 16:45:22.454 [error] ENOPRO: No file system provider found for resource 'vscode-remote://ssh-remote%2Bsenc.icmc.usp.br/var/www/img/patrocinio/2025/Logo_QI_TECH_2024%20%281%29_1.png': Unavailable (FileSystemError): ENOPRO: No file system provider found for resource 'vscode-remote://ssh-remote%2Bsenc.icmc.usp.br/var/www/img/patrocinio/2025/Logo_QI_TECH_2024%20%281%29_1.png'
	at v.e (/home/drdbrioso/Desktop/code-stable-x64-1705560028/VSCode-linux-x64/resources/app/out/vs/workbench/api/node/extensionHostProcess.js:143:27326)
	at Object.stat (/home/drdbrioso/Desktop/code-stable-x64-1705560028/VSCode-linux-x64/resources/app/out/vs/workbench/api/node/extensionHostProcess.js:143:24606)
2025-10-13 16:45:24.107 [warning] Via 'product.json#extensionEnabledApiProposals' extension 'ms-python.python' wants API proposal 'registerIssueDataProvider' but that proposal DOES NOT EXIST. Likely, the proposal has been finalized (check 'vscode.d.ts') or was abandoned.
2025-10-13 16:45:24.262 [info] Started local extension host with pid 27181.
2025-10-13 16:45:24.436 [info] Invoking resolveAuthority(ssh-remote)...
2025-10-13 16:45:24.436 [info] [LocalProcess0][resolveAuthority(ssh-remote,1)][0ms] obtaining proxy...
2025-10-13 16:45:24.437 [info] [LocalProcess0][resolveAuthority(ssh-remote,1)][0ms] invoking...
2025-10-13 16:45:25.438 [info] [LocalProcess0][resolveAuthority(ssh-remote,1)][1001ms] waiting...
2025-10-13 16:45:26.437 [info] [LocalProcess0][resolveAuthority(ssh-remote,1)][2000ms] waiting...
2025-10-13 16:45:27.322 [error] [/home/drdbrioso/.vscode/extensions/ms-toolsai.vscode-jupyter-cell-tags-0.1.9]: Extension is not compatible with Code 1.85.2. Extension requires: ^1.88.0.
2025-10-13 16:45:27.322 [error] [/home/drdbrioso/.vscode/extensions/ms-toolsai.vscode-jupyter-slideshow-0.1.6]: Extension is not compatible with Code 1.85.2. Extension requires: ^1.88.0.
2025-10-13 16:45:27.323 [error] [/home/drdbrioso/.vscode/extensions/ms-toolsai.jupyter-renderers-1.3.0]: Extension is not compatible with Code 1.85.2. Extension requires: ^1.95.0.
2025-10-13 16:45:27.376 [error] [/home/drdbrioso/.vscode/extensions/ms-vscode.remote-server-1.5.3]: Extension is not compatible with Code 1.85.2. Extension requires: ^1.87.0.
2025-10-13 16:45:27.376 [error] [/home/drdbrioso/.vscode/extensions/ms-vscode.remote-explorer-0.5.0]: Extension is not compatible with Code 1.85.2. Extension requires: ^1.87.0.
2025-10-13 16:45:27.377 [error] [/home/drdbrioso/.vscode/extensions/ms-python.vscode-python-envs-1.8.0-linux-x64]: Extension is not compatible with Code 1.85.2. Extension requires: ^1.104.0-20250815.
2025-10-13 16:45:27.378 [error] [/home/drdbrioso/.vscode/extensions/ms-vscode-remote.remote-wsl-0.104.3]: Extension is not compatible with Code 1.85.2. Extension requires: ^1.104.0.
2025-10-13 16:45:27.378 [error] [/home/drdbrioso/.vscode/extensions/ms-python.debugpy-2025.10.0-linux-x64]: Extension is not compatible with Code 1.85.2. Extension requires: ^1.92.0.
2025-10-13 16:45:27.380 [error] [/home/drdbrioso/.vscode/extensions/ms-vscode-remote.remote-containers-0.427.0]: Extension is not compatible with Code 1.85.2. Extension requires: ^1.99.0.
2025-10-13 16:45:27.386 [error] [/home/drdbrioso/.vscode/extensions/ms-python.python-2025.14.0-linux-x64]: Extension is not compatible with Code 1.85.2. Extension requires: ^1.95.0.
2025-10-13 16:45:27.391 [error] [/home/drdbrioso/.vscode/extensions/ms-python.vscode-pylance-2025.8.3]: Extension is not compatible with Code 1.85.2. Extension requires: ^1.101.0.
2025-10-13 16:45:27.456 [info] [LocalProcess0][resolveAuthority(ssh-remote,1)][3020ms] waiting...
2025-10-13 16:45:28.437 [info] [LocalProcess0][resolveAuthority(ssh-remote,1)][4000ms] waiting...
2025-10-13 16:45:29.437 [info] [LocalProcess0][resolveAuthority(ssh-remote,1)][5000ms] waiting...
2025-10-13 16:45:30.438 [info] [LocalProcess0][resolveAuthority(ssh-remote,1)][6000ms] waiting...
2025-10-13 16:45:31.437 [info] [LocalProcess0][resolveAuthority(ssh-remote,1)][7000ms] waiting...
2025-10-13 16:45:32.437 [info] [LocalProcess0][resolveAuthority(ssh-remote,1)][8000ms] waiting...
2025-10-13 16:45:33.438 [info] [LocalProcess0][resolveAuthority(ssh-remote,1)][9000ms] waiting...
2025-10-13 16:45:34.437 [info] [LocalProcess0][resolveAuthority(ssh-remote,1)][10000ms] waiting...
2025-10-13 16:45:35.437 [info] [LocalProcess0][resolveAuthority(ssh-remote,1)][11000ms] waiting...
2025-10-13 16:45:36.438 [info] [LocalProcess0][resolveAuthority(ssh-remote,1)][12000ms] waiting...
2025-10-13 16:45:37.438 [info] [LocalProcess0][resolveAuthority(ssh-remote,1)][13000ms] waiting...
2025-10-13 16:45:38.437 [info] [LocalProcess0][resolveAuthority(ssh-remote,1)][14000ms] waiting...
2025-10-13 16:45:39.437 [info] [LocalProcess0][resolveAuthority(ssh-remote,1)][15000ms] waiting...
2025-10-13 16:45:40.437 [info] [LocalProcess0][resolveAuthority(ssh-remote,1)][16000ms] waiting...
2025-10-13 16:45:41.437 [info] [LocalProcess0][resolveAuthority(ssh-remote,1)][17000ms] waiting...
2025-10-13 16:45:41.516 [error] [LocalProcess0][resolveAuthority(ssh-remote,1)][17079ms] returned an error {"code":"NotAvailable","message":"Connecting with SSH timed out","detail":true}
2025-10-13 16:45:41.517 [error] resolveAuthority(ssh-remote) returned an error after 17079 ms Connecting with SSH timed out
2025-10-13 16:45:41.518 [error] Error received from starting extension host (kind: Remote)
2025-10-13 16:45:41.518 [error] CodeExpectedError: Connecting with SSH timed out
    at ee.rb (vscode-file://vscode-app/home/drdbrioso/Desktop/code-stable-x64-1705560028/VSCode-linux-x64/resources/app/out/vs/workbench/workbench.desktop.main.js:2718:21055)
    at async ee.qb (vscode-file://vscode-app/home/drdbrioso/Desktop/code-stable-x64-1705560028/VSCode-linux-x64/resources/app/out/vs/workbench/workbench.desktop.main.js:2718:20332)
    at async ee.Ob (vscode-file://vscode-app/home/drdbrioso/Desktop/code-stable-x64-1705560028/VSCode-linux-x64/resources/app/out/vs/workbench/workbench.desktop.main.js:2719:11484)
    at async ee.jb (vscode-file://vscode-app/home/drdbrioso/Desktop/code-stable-x64-1705560028/VSCode-linux-x64/resources/app/out/vs/workbench/workbench.desktop.main.js:2718:17969)
2025-10-13 16:45:41.518 [error] [remote-connection][attempt 1] An error occurred in initial connection! Will retry... Error:
2025-10-13 16:45:41.519 [error] CodeExpectedError: Connecting with SSH timed out
    at ee.rb (vscode-file://vscode-app/home/drdbrioso/Desktop/code-stable-x64-1705560028/VSCode-linux-x64/resources/app/out/vs/workbench/workbench.desktop.main.js:2718:21055)
    at async ee.qb (vscode-file://vscode-app/home/drdbrioso/Desktop/code-stable-x64-1705560028/VSCode-linux-x64/resources/app/out/vs/workbench/workbench.desktop.main.js:2718:20332)
    at async ee.Ob (vscode-file://vscode-app/home/drdbrioso/Desktop/code-stable-x64-1705560028/VSCode-linux-x64/resources/app/out/vs/workbench/workbench.desktop.main.js:2719:11484)
    at async ee.jb (vscode-file://vscode-app/home/drdbrioso/Desktop/code-stable-x64-1705560028/VSCode-linux-x64/resources/app/out/vs/workbench/workbench.desktop.main.js:2718:17969)
2025-10-13 16:45:41.519 [error] [remote-connection][attempt 2] An error occurred in initial connection! Will retry... Error:
2025-10-13 16:45:41.519 [error] CodeExpectedError: Connecting with SSH timed out
    at ee.rb (vscode-file://vscode-app/home/drdbrioso/Desktop/code-stable-x64-1705560028/VSCode-linux-x64/resources/app/out/vs/workbench/workbench.desktop.main.js:2718:21055)
    at async ee.qb (vscode-file://vscode-app/home/drdbrioso/Desktop/code-stable-x64-1705560028/VSCode-linux-x64/resources/app/out/vs/workbench/workbench.desktop.main.js:2718:20332)
    at async ee.Ob (vscode-file://vscode-app/home/drdbrioso/Desktop/code-stable-x64-1705560028/VSCode-linux-x64/resources/app/out/vs/workbench/workbench.desktop.main.js:2719:11484)
    at async ee.jb (vscode-file://vscode-app/home/drdbrioso/Desktop/code-stable-x64-1705560028/VSCode-linux-x64/resources/app/out/vs/workbench/workbench.desktop.main.js:2718:17969)
2025-10-13 16:45:41.548 [error] [remote-connection][attempt 3] An error occurred in initial connection! Will retry... Error:
2025-10-13 16:45:41.548 [error] CodeExpectedError: Connecting with SSH timed out
    at ee.rb (vscode-file://vscode-app/home/drdbrioso/Desktop/code-stable-x64-1705560028/VSCode-linux-x64/resources/app/out/vs/workbench/workbench.desktop.main.js:2718:21055)
    at async ee.qb (vscode-file://vscode-app/home/drdbrioso/Desktop/code-stable-x64-1705560028/VSCode-linux-x64/resources/app/out/vs/workbench/workbench.desktop.main.js:2718:20332)
    at async ee.Ob (vscode-file://vscode-app/home/drdbrioso/Desktop/code-stable-x64-1705560028/VSCode-linux-x64/resources/app/out/vs/workbench/workbench.desktop.main.js:2719:11484)
    at async ee.jb (vscode-file://vscode-app/home/drdbrioso/Desktop/code-stable-x64-1705560028/VSCode-linux-x64/resources/app/out/vs/workbench/workbench.desktop.main.js:2718:17969)
2025-10-13 16:45:41.566 [error] [remote-connection][attempt 4] An error occurred in initial connection! Will retry... Error:
2025-10-13 16:45:41.566 [error] CodeExpectedError: Connecting with SSH timed out
    at ee.rb (vscode-file://vscode-app/home/drdbrioso/Desktop/code-stable-x64-1705560028/VSCode-linux-x64/resources/app/out/vs/workbench/workbench.desktop.main.js:2718:21055)
    at async ee.qb (vscode-file://vscode-app/home/drdbrioso/Desktop/code-stable-x64-1705560028/VSCode-linux-x64/resources/app/out/vs/workbench/workbench.desktop.main.js:2718:20332)
    at async ee.Ob (vscode-file://vscode-app/home/drdbrioso/Desktop/code-stable-x64-1705560028/VSCode-linux-x64/resources/app/out/vs/workbench/workbench.desktop.main.js:2719:11484)
    at async ee.jb (vscode-file://vscode-app/home/drdbrioso/Desktop/code-stable-x64-1705560028/VSCode-linux-x64/resources/app/out/vs/workbench/workbench.desktop.main.js:2718:17969)
2025-10-13 16:45:41.567 [error] [remote-connection][attempt 5]  An error occurred in initial connection! It will be treated as a permanent error. Error:
2025-10-13 16:45:41.567 [error] CodeExpectedError: Connecting with SSH timed out
    at ee.rb (vscode-file://vscode-app/home/drdbrioso/Desktop/code-stable-x64-1705560028/VSCode-linux-x64/resources/app/out/vs/workbench/workbench.desktop.main.js:2718:21055)
    at async ee.qb (vscode-file://vscode-app/home/drdbrioso/Desktop/code-stable-x64-1705560028/VSCode-linux-x64/resources/app/out/vs/workbench/workbench.desktop.main.js:2718:20332)
    at async ee.Ob (vscode-file://vscode-app/home/drdbrioso/Desktop/code-stable-x64-1705560028/VSCode-linux-x64/resources/app/out/vs/workbench/workbench.desktop.main.js:2719:11484)
    at async ee.jb (vscode-file://vscode-app/home/drdbrioso/Desktop/code-stable-x64-1705560028/VSCode-linux-x64/resources/app/out/vs/workbench/workbench.desktop.main.js:2718:17969)
2025-10-13 16:45:41.568 [error] CodeExpectedError: Connecting with SSH timed out
    at ee.rb (vscode-file://vscode-app/home/drdbrioso/Desktop/code-stable-x64-1705560028/VSCode-linux-x64/resources/app/out/vs/workbench/workbench.desktop.main.js:2718:21055)
    at async ee.qb (vscode-file://vscode-app/home/drdbrioso/Desktop/code-stable-x64-1705560028/VSCode-linux-x64/resources/app/out/vs/workbench/workbench.desktop.main.js:2718:20332)
    at async ee.Ob (vscode-file://vscode-app/home/drdbrioso/Desktop/code-stable-x64-1705560028/VSCode-linux-x64/resources/app/out/vs/workbench/workbench.desktop.main.js:2719:11484)
    at async ee.jb (vscode-file://vscode-app/home/drdbrioso/Desktop/code-stable-x64-1705560028/VSCode-linux-x64/resources/app/out/vs/workbench/workbench.desktop.main.js:2718:17969)
2025-10-13 16:45:41.568 [error] Cannot register remote filesystem provider. Error while fetching remote environment. Connecting with SSH timed out
2025-10-13 16:45:41.568 [error] CodeExpectedError: Connecting with SSH timed out
    at ee.rb (vscode-file://vscode-app/home/drdbrioso/Desktop/code-stable-x64-1705560028/VSCode-linux-x64/resources/app/out/vs/workbench/workbench.desktop.main.js:2718:21055)
    at async ee.qb (vscode-file://vscode-app/home/drdbrioso/Desktop/code-stable-x64-1705560028/VSCode-linux-x64/resources/app/out/vs/workbench/workbench.desktop.main.js:2718:20332)
    at async ee.Ob (vscode-file://vscode-app/home/drdbrioso/Desktop/code-stable-x64-1705560028/VSCode-linux-x64/resources/app/out/vs/workbench/workbench.desktop.main.js:2719:11484)
    at async ee.jb (vscode-file://vscode-app/home/drdbrioso/Desktop/code-stable-x64-1705560028/VSCode-linux-x64/resources/app/out/vs/workbench/workbench.desktop.main.js:2718:17969)
2025-10-13 16:45:41.569 [error] CodeExpectedError: Connecting with SSH timed out
    at ee.rb (vscode-file://vscode-app/home/drdbrioso/Desktop/code-stable-x64-1705560028/VSCode-linux-x64/resources/app/out/vs/workbench/workbench.desktop.main.js:2718:21055)
    at async ee.qb (vscode-file://vscode-app/home/drdbrioso/Desktop/code-stable-x64-1705560028/VSCode-linux-x64/resources/app/out/vs/workbench/workbench.desktop.main.js:2718:20332)
    at async ee.Ob (vscode-file://vscode-app/home/drdbrioso/Desktop/code-stable-x64-1705560028/VSCode-linux-x64/resources/app/out/vs/workbench/workbench.desktop.main.js:2719:11484)
    at async ee.jb (vscode-file://vscode-app/home/drdbrioso/Desktop/code-stable-x64-1705560028/VSCode-linux-x64/resources/app/out/vs/workbench/workbench.desktop.main.js:2718:17969)
2025-10-13 16:45:41.569 [error] CodeExpectedError: Connecting with SSH timed out
    at ee.rb (vscode-file://vscode-app/home/drdbrioso/Desktop/code-stable-x64-1705560028/VSCode-linux-x64/resources/app/out/vs/workbench/workbench.desktop.main.js:2718:21055)
    at async ee.qb (vscode-file://vscode-app/home/drdbrioso/Desktop/code-stable-x64-1705560028/VSCode-linux-x64/resources/app/out/vs/workbench/workbench.desktop.main.js:2718:20332)
    at async ee.Ob (vscode-file://vscode-app/home/drdbrioso/Desktop/code-stable-x64-1705560028/VSCode-linux-x64/resources/app/out/vs/workbench/workbench.desktop.main.js:2719:11484)
    at async ee.jb (vscode-file://vscode-app/home/drdbrioso/Desktop/code-stable-x64-1705560028/VSCode-linux-x64/resources/app/out/vs/workbench/workbench.desktop.main.js:2718:17969)
2025-10-13 16:45:41.569 [error] CodeExpectedError: Connecting with SSH timed out
    at ee.rb (vscode-file://vscode-app/home/drdbrioso/Desktop/code-stable-x64-1705560028/VSCode-linux-x64/resources/app/out/vs/workbench/workbench.desktop.main.js:2718:21055)
    at async ee.qb (vscode-file://vscode-app/home/drdbrioso/Desktop/code-stable-x64-1705560028/VSCode-linux-x64/resources/app/out/vs/workbench/workbench.desktop.main.js:2718:20332)
    at async ee.Ob (vscode-file://vscode-app/home/drdbrioso/Desktop/code-stable-x64-1705560028/VSCode-linux-x64/resources/app/out/vs/workbench/workbench.desktop.main.js:2719:11484)
    at async ee.jb (vscode-file://vscode-app/home/drdbrioso/Desktop/code-stable-x64-1705560028/VSCode-linux-x64/resources/app/out/vs/workbench/workbench.desktop.main.js:2718:17969)
2025-10-13 16:45:41.569 [error] CodeExpectedError: Connecting with SSH timed out
    at ee.rb (vscode-file://vscode-app/home/drdbrioso/Desktop/code-stable-x64-1705560028/VSCode-linux-x64/resources/app/out/vs/workbench/workbench.desktop.main.js:2718:21055)
    at async ee.qb (vscode-file://vscode-app/home/drdbrioso/Desktop/code-stable-x64-1705560028/VSCode-linux-x64/resources/app/out/vs/workbench/workbench.desktop.main.js:2718:20332)
    at async ee.Ob (vscode-file://vscode-app/home/drdbrioso/Desktop/code-stable-x64-1705560028/VSCode-linux-x64/resources/app/out/vs/workbench/workbench.desktop.main.js:2719:11484)
    at async ee.jb (vscode-file://vscode-app/home/drdbrioso/Desktop/code-stable-x64-1705560028/VSCode-linux-x64/resources/app/out/vs/workbench/workbench.desktop.main.js:2718:17969)
2025-10-13 16:45:41.570 [warning] Ignoring the error while validating workspace folder vscode-remote://ssh-remote%2Bsenc.icmc.usp.br/var/www - ENOPRO: No file system provider found for resource 'vscode-remote://ssh-remote%2Bsenc.icmc.usp.br/var/www'
2025-10-13 16:45:41.570 [error] CodeExpectedError: ENOPRO: No file system provider found for resource 'vscode-remote://ssh-remote%2Bsenc.icmc.usp.br/var/www'
    at n.j (vscode-file://vscode-app/home/drdbrioso/Desktop/code-stable-x64-1705560028/VSCode-linux-x64/resources/app/out/vs/workbench/workbench.desktop.main.js:645:13659)
    at async n.bb (vscode-file://vscode-app/home/drdbrioso/Desktop/code-stable-x64-1705560028/VSCode-linux-x64/resources/app/out/vs/workbench/workbench.desktop.main.js:645:24851)
    at async vscode-file://vscode-app/home/drdbrioso/Desktop/code-stable-x64-1705560028/VSCode-linux-x64/resources/app/out/vs/workbench/workbench.desktop.main.js:645:24559
2025-10-13 16:45:41.570 [error] ENOPRO: No file system provider found for resource 'vscode-remote://ssh-remote%2Bsenc.icmc.usp.br/var/www/.git/config': CodeExpectedError: ENOPRO: No file system provider found for resource 'vscode-remote://ssh-remote%2Bsenc.icmc.usp.br/var/www/.git/config'
    at n.j (vscode-file://vscode-app/home/drdbrioso/Desktop/code-stable-x64-1705560028/VSCode-linux-x64/resources/app/out/vs/workbench/workbench.desktop.main.js:645:13659)
    at async n.exists (vscode-file://vscode-app/home/drdbrioso/Desktop/code-stable-x64-1705560028/VSCode-linux-x64/resources/app/out/vs/workbench/workbench.desktop.main.js:645:15866)
    at async Promise.all (index 0)
2025-10-13 16:45:41.572 [error] ENOPRO: No file system provider found for resource 'vscode-remote://ssh-remote%2Bsenc.icmc.usp.br/var/www/pom.xml': CodeExpectedError: ENOPRO: No file system provider found for resource 'vscode-remote://ssh-remote%2Bsenc.icmc.usp.br/var/www/pom.xml'
    at n.j (vscode-file://vscode-app/home/drdbrioso/Desktop/code-stable-x64-1705560028/VSCode-linux-x64/resources/app/out/vs/workbench/workbench.desktop.main.js:645:13659)
    at async n.exists (vscode-file://vscode-app/home/drdbrioso/Desktop/code-stable-x64-1705560028/VSCode-linux-x64/resources/app/out/vs/workbench/workbench.desktop.main.js:645:15866)
    at async Promise.all (index 0)
2025-10-13 16:45:41.585 [error] Connecting with SSH timed out: CodeExpectedError: Connecting with SSH timed out
    at ee.rb (vscode-file://vscode-app/home/drdbrioso/Desktop/code-stable-x64-1705560028/VSCode-linux-x64/resources/app/out/vs/workbench/workbench.desktop.main.js:2718:21055)
    at async ee.qb (vscode-file://vscode-app/home/drdbrioso/Desktop/code-stable-x64-1705560028/VSCode-linux-x64/resources/app/out/vs/workbench/workbench.desktop.main.js:2718:20332)
    at async ee.Ob (vscode-file://vscode-app/home/drdbrioso/Desktop/code-stable-x64-1705560028/VSCode-linux-x64/resources/app/out/vs/workbench/workbench.desktop.main.js:2719:11484)
    at async ee.jb (vscode-file://vscode-app/home/drdbrioso/Desktop/code-stable-x64-1705560028/VSCode-linux-x64/resources/app/out/vs/workbench/workbench.desktop.main.js:2718:17969)
2025-10-13 16:45:41.585 [error] ENOPRO: No file system provider found for resource 'vscode-remote://ssh-remote%2Bsenc.icmc.usp.br/var/www': CodeExpectedError: ENOPRO: No file system provider found for resource 'vscode-remote://ssh-remote%2Bsenc.icmc.usp.br/var/www'
    at n.j (vscode-file://vscode-app/home/drdbrioso/Desktop/code-stable-x64-1705560028/VSCode-linux-x64/resources/app/out/vs/workbench/workbench.desktop.main.js:645:13659)
    at async n.s (vscode-file://vscode-app/home/drdbrioso/Desktop/code-stable-x64-1705560028/VSCode-linux-x64/resources/app/out/vs/workbench/workbench.desktop.main.js:645:14449)
    at async n.resolve (vscode-file://vscode-app/home/drdbrioso/Desktop/code-stable-x64-1705560028/VSCode-linux-x64/resources/app/out/vs/workbench/workbench.desktop.main.js:645:14277)
    at async d.j (vscode-file://vscode-app/home/drdbrioso/Desktop/code-stable-x64-1705560028/VSCode-linux-x64/resources/app/out/vs/workbench/workbench.desktop.main.js:1986:5302)
2025-10-13 16:45:41.585 [error] ENOPRO: No file system provider found for resource 'vscode-remote://ssh-remote%2Bsenc.icmc.usp.br/var/www/.vscode': CodeExpectedError: ENOPRO: No file system provider found for resource 'vscode-remote://ssh-remote%2Bsenc.icmc.usp.br/var/www/.vscode'
    at n.j (vscode-file://vscode-app/home/drdbrioso/Desktop/code-stable-x64-1705560028/VSCode-linux-x64/resources/app/out/vs/workbench/workbench.desktop.main.js:645:13659)
    at async n.exists (vscode-file://vscode-app/home/drdbrioso/Desktop/code-stable-x64-1705560028/VSCode-linux-x64/resources/app/out/vs/workbench/workbench.desktop.main.js:645:15866)
    at async vscode-file://vscode-app/home/drdbrioso/Desktop/code-stable-x64-1705560028/VSCode-linux-x64/resources/app/out/vs/workbench/workbench.desktop.main.js:2048:6302
    at async Promise.all (index 0)
    at async T.v (vscode-file://vscode-app/home/drdbrioso/Desktop/code-stable-x64-1705560028/VSCode-linux-x64/resources/app/out/vs/workbench/workbench.desktop.main.js:2048:6409)
2025-10-13 16:45:41.631 [error] CodeExpectedError: ENOPRO: No file system provider found for resource 'vscode-remote://ssh-remote%2Bsenc.icmc.usp.br/var/www/img/patrocinio/2025/Logo_QI_TECH_2024%20%281%29_1.png'
    at n.j (vscode-file://vscode-app/home/drdbrioso/Desktop/code-stable-x64-1705560028/VSCode-linux-x64/resources/app/out/vs/workbench/workbench.desktop.main.js:645:13659)
    at async n.bb (vscode-file://vscode-app/home/drdbrioso/Desktop/code-stable-x64-1705560028/VSCode-linux-x64/resources/app/out/vs/workbench/workbench.desktop.main.js:645:24851)
    at async vscode-file://vscode-app/home/drdbrioso/Desktop/code-stable-x64-1705560028/VSCode-linux-x64/resources/app/out/vs/workbench/workbench.desktop.main.js:645:24559
2025-10-13 16:45:41.703 [error] CodeExpectedError: Connecting with SSH timed out
    at ee.rb (vscode-file://vscode-app/home/drdbrioso/Desktop/code-stable-x64-1705560028/VSCode-linux-x64/resources/app/out/vs/workbench/workbench.desktop.main.js:2718:21055)
    at async ee.qb (vscode-file://vscode-app/home/drdbrioso/Desktop/code-stable-x64-1705560028/VSCode-linux-x64/resources/app/out/vs/workbench/workbench.desktop.main.js:2718:20332)
    at async ee.Ob (vscode-file://vscode-app/home/drdbrioso/Desktop/code-stable-x64-1705560028/VSCode-linux-x64/resources/app/out/vs/workbench/workbench.desktop.main.js:2719:11484)
    at async ee.jb (vscode-file://vscode-app/home/drdbrioso/Desktop/code-stable-x64-1705560028/VSCode-linux-x64/resources/app/out/vs/workbench/workbench.desktop.main.js:2718:17969)
2025-10-13 16:45:42.593 [error] command 'remote-internal.setActiveFolders' not found: Error: command 'remote-internal.setActiveFolders' not found
    at k.n (vscode-file://vscode-app/home/drdbrioso/Desktop/code-stable-x64-1705560028/VSCode-linux-x64/resources/app/out/vs/workbench/workbench.desktop.main.js:1538:12339)
    at k.executeCommand (vscode-file://vscode-app/home/drdbrioso/Desktop/code-stable-x64-1705560028/VSCode-linux-x64/resources/app/out/vs/workbench/workbench.desktop.main.js:1538:12268)
2025-10-13 16:45:42.635 [error] ENOPRO: No file system provider found for resource 'vscode-remote://ssh-remote%2Bsenc.icmc.usp.br/var/www/img/patrocinio/2025/Logo_QI_TECH_2024%20%281%29_1.png': Unavailable (FileSystemError): ENOPRO: No file system provider found for resource 'vscode-remote://ssh-remote%2Bsenc.icmc.usp.br/var/www/img/patrocinio/2025/Logo_QI_TECH_2024%20%281%29_1.png'
	at v.e (/home/drdbrioso/Desktop/code-stable-x64-1705560028/VSCode-linux-x64/resources/app/out/vs/workbench/api/node/extensionHostProcess.js:143:27326)
	at Object.stat (/home/drdbrioso/Desktop/code-stable-x64-1705560028/VSCode-linux-x64/resources/app/out/vs/workbench/api/node/extensionHostProcess.js:143:24606)
2025-10-13 16:45:43.651 [warning] Via 'product.json#extensionEnabledApiProposals' extension 'ms-python.python' wants API proposal 'registerIssueDataProvider' but that proposal DOES NOT EXIST. Likely, the proposal has been finalized (check 'vscode.d.ts') or was abandoned.
2025-10-13 16:45:43.788 [info] Started local extension host with pid 27306.
2025-10-13 16:45:43.997 [info] Invoking resolveAuthority(ssh-remote)...
2025-10-13 16:45:43.998 [info] [LocalProcess0][resolveAuthority(ssh-remote,1)][0ms] obtaining proxy...
2025-10-13 16:45:43.998 [info] [LocalProcess0][resolveAuthority(ssh-remote,1)][0ms] invoking...
2025-10-13 16:45:45.000 [info] [LocalProcess0][resolveAuthority(ssh-remote,1)][1001ms] waiting...
2025-10-13 16:45:46.015 [info] [LocalProcess0][resolveAuthority(ssh-remote,1)][2017ms] waiting...
2025-10-13 16:45:46.865 [error] [/home/drdbrioso/.vscode/extensions/ms-toolsai.vscode-jupyter-cell-tags-0.1.9]: Extension is not compatible with Code 1.85.2. Extension requires: ^1.88.0.
2025-10-13 16:45:46.865 [error] [/home/drdbrioso/.vscode/extensions/ms-toolsai.vscode-jupyter-slideshow-0.1.6]: Extension is not compatible with Code 1.85.2. Extension requires: ^1.88.0.
2025-10-13 16:45:46.865 [error] [/home/drdbrioso/.vscode/extensions/ms-toolsai.jupyter-renderers-1.3.0]: Extension is not compatible with Code 1.85.2. Extension requires: ^1.95.0.
2025-10-13 16:45:46.914 [error] [/home/drdbrioso/.vscode/extensions/ms-vscode.remote-server-1.5.3]: Extension is not compatible with Code 1.85.2. Extension requires: ^1.87.0.
2025-10-13 16:45:46.914 [error] [/home/drdbrioso/.vscode/extensions/ms-vscode.remote-explorer-0.5.0]: Extension is not compatible with Code 1.85.2. Extension requires: ^1.87.0.
2025-10-13 16:45:46.915 [error] [/home/drdbrioso/.vscode/extensions/ms-vscode-remote.remote-wsl-0.104.3]: Extension is not compatible with Code 1.85.2. Extension requires: ^1.104.0.
2025-10-13 16:45:46.915 [error] [/home/drdbrioso/.vscode/extensions/ms-vscode-remote.remote-containers-0.427.0]: Extension is not compatible with Code 1.85.2. Extension requires: ^1.99.0.
2025-10-13 16:45:46.918 [error] [/home/drdbrioso/.vscode/extensions/ms-python.vscode-python-envs-1.8.0-linux-x64]: Extension is not compatible with Code 1.85.2. Extension requires: ^1.104.0-20250815.
2025-10-13 16:45:46.919 [error] [/home/drdbrioso/.vscode/extensions/ms-python.debugpy-2025.10.0-linux-x64]: Extension is not compatible with Code 1.85.2. Extension requires: ^1.92.0.
2025-10-13 16:45:46.920 [error] [/home/drdbrioso/.vscode/extensions/ms-python.python-2025.14.0-linux-x64]: Extension is not compatible with Code 1.85.2. Extension requires: ^1.95.0.
2025-10-13 16:45:46.922 [error] [/home/drdbrioso/.vscode/extensions/ms-python.vscode-pylance-2025.8.3]: Extension is not compatible with Code 1.85.2. Extension requires: ^1.101.0.
2025-10-13 16:45:47.007 [info] [LocalProcess0][resolveAuthority(ssh-remote,1)][3009ms] waiting...
2025-10-13 16:45:47.999 [info] [LocalProcess0][resolveAuthority(ssh-remote,1)][4001ms] waiting...
2025-10-13 16:45:48.999 [info] [LocalProcess0][resolveAuthority(ssh-remote,1)][5001ms] waiting...
2025-10-13 16:45:49.999 [info] [LocalProcess0][resolveAuthority(ssh-remote,1)][6001ms] waiting...
2025-10-13 16:45:50.999 [info] [LocalProcess0][resolveAuthority(ssh-remote,1)][7001ms] waiting...
2025-10-13 16:45:51.999 [info] [LocalProcess0][resolveAuthority(ssh-remote,1)][8001ms] waiting...
2025-10-13 16:45:52.725 [error] [Extension Host] (node:27306) [DEP0005] DeprecationWarning: Buffer() is deprecated due to security and usability issues. Please use the Buffer.alloc(), Buffer.allocUnsafe(), or Buffer.from() methods instead.
(Use `exe --trace-deprecation ...` to show where the warning was created)
2025-10-13 16:45:52.735 [info] [LocalProcess0][resolveAuthority(ssh-remote,1)][8737ms] returned WebSocket(127.0.0.1:38881)
2025-10-13 16:45:52.735 [info] resolveAuthority(ssh-remote) returned 'WebSocket(127.0.0.1:38881)' after 8738 ms
2025-10-13 16:45:52.735 [info] Creating a socket (renderer-Management-b877627c-a40c-44c1-a2df-5a28c68dee92)...
2025-10-13 16:45:52.736 [info] Creating a socket (renderer-ExtensionHost-c83c0081-ee7a-42b1-99d3-6be8f230a84b)...
2025-10-13 16:45:53.457 [info] Creating a socket (renderer-Management-b877627c-a40c-44c1-a2df-5a28c68dee92) was successful after 721 ms.
2025-10-13 16:45:54.146 [info] Creating a socket (renderer-ExtensionHost-c83c0081-ee7a-42b1-99d3-6be8f230a84b) was successful after 1410 ms.
2025-10-13 16:45:57.902 [info] [perf] Render performance baseline is 33ms
2025-10-13 16:46:01.767 [error] command 'remote-internal.setActiveFolders' not found: Error: command 'remote-internal.setActiveFolders' not found
    at k.n (vscode-file://vscode-app/home/drdbrioso/Desktop/code-stable-x64-1705560028/VSCode-linux-x64/resources/app/out/vs/workbench/workbench.desktop.main.js:1538:12339)
    at k.executeCommand (vscode-file://vscode-app/home/drdbrioso/Desktop/code-stable-x64-1705560028/VSCode-linux-x64/resources/app/out/vs/workbench/workbench.desktop.main.js:1538:12268)
2025-10-13 17:00:21.654 [error] Error: Unable to move/copy '/home/drdbrioso/Downloads/qitech.png' because target 'vscode-remote://ssh-remote+senc.icmc.usp.br/var/www/img/patrocinio/2025/qitech.png' already exists at destination.
    at n.Q (vscode-file://vscode-app/home/drdbrioso/Desktop/code-stable-x64-1705560028/VSCode-linux-x64/resources/app/out/vs/workbench/workbench.desktop.main.js:645:22042)
    at async n.M (vscode-file://vscode-app/home/drdbrioso/Desktop/code-stable-x64-1705560028/VSCode-linux-x64/resources/app/out/vs/workbench/workbench.desktop.main.js:645:20203)
    at async i.n (vscode-file://vscode-app/home/drdbrioso/Desktop/code-stable-x64-1705560028/VSCode-linux-x64/resources/app/out/vs/workbench/workbench.desktop.main.js:2163:49196)
    at async f.perform (vscode-file://vscode-app/home/drdbrioso/Desktop/code-stable-x64-1705560028/VSCode-linux-x64/resources/app/out/vs/workbench/workbench.desktop.main.js:2169:19138)
    at async c.apply (vscode-file://vscode-app/home/drdbrioso/Desktop/code-stable-x64-1705560028/VSCode-linux-x64/resources/app/out/vs/workbench/workbench.desktop.main.js:2169:23124)
    at async m.n (vscode-file://vscode-app/home/drdbrioso/Desktop/code-stable-x64-1705560028/VSCode-linux-x64/resources/app/out/vs/workbench/workbench.desktop.main.js:2169:24975)
    at async m.perform (vscode-file://vscode-app/home/drdbrioso/Desktop/code-stable-x64-1705560028/VSCode-linux-x64/resources/app/out/vs/workbench/workbench.desktop.main.js:2169:24684)
    at async l.apply (vscode-file://vscode-app/home/drdbrioso/Desktop/code-stable-x64-1705560028/VSCode-linux-x64/resources/app/out/vs/workbench/workbench.desktop.main.js:2169:26504)
    at async vscode-file://vscode-app/home/drdbrioso/Desktop/code-stable-x64-1705560028/VSCode-linux-x64/resources/app/out/vs/workbench/workbench.desktop.main.js:1570:158971
2025-10-13 17:00:21.687 [error] Unable to move/copy '/home/drdbrioso/Downloads/qitech.png' because target 'vscode-remote://ssh-remote+senc.icmc.usp.br/var/www/img/patrocinio/2025/qitech.png' already exists at destination.: Error: Unable to move/copy '/home/drdbrioso/Downloads/qitech.png' because target 'vscode-remote://ssh-remote+senc.icmc.usp.br/var/www/img/patrocinio/2025/qitech.png' already exists at destination.
    at n.Q (vscode-file://vscode-app/home/drdbrioso/Desktop/code-stable-x64-1705560028/VSCode-linux-x64/resources/app/out/vs/workbench/workbench.desktop.main.js:645:22042)
    at async n.M (vscode-file://vscode-app/home/drdbrioso/Desktop/code-stable-x64-1705560028/VSCode-linux-x64/resources/app/out/vs/workbench/workbench.desktop.main.js:645:20203)
    at async i.n (vscode-file://vscode-app/home/drdbrioso/Desktop/code-stable-x64-1705560028/VSCode-linux-x64/resources/app/out/vs/workbench/workbench.desktop.main.js:2163:49196)
    at async f.perform (vscode-file://vscode-app/home/drdbrioso/Desktop/code-stable-x64-1705560028/VSCode-linux-x64/resources/app/out/vs/workbench/workbench.desktop.main.js:2169:19138)
    at async c.apply (vscode-file://vscode-app/home/drdbrioso/Desktop/code-stable-x64-1705560028/VSCode-linux-x64/resources/app/out/vs/workbench/workbench.desktop.main.js:2169:23124)
    at async m.n (vscode-file://vscode-app/home/drdbrioso/Desktop/code-stable-x64-1705560028/VSCode-linux-x64/resources/app/out/vs/workbench/workbench.desktop.main.js:2169:24975)
    at async m.perform (vscode-file://vscode-app/home/drdbrioso/Desktop/code-stable-x64-1705560028/VSCode-linux-x64/resources/app/out/vs/workbench/workbench.desktop.main.js:2169:24684)
    at async l.apply (vscode-file://vscode-app/home/drdbrioso/Desktop/code-stable-x64-1705560028/VSCode-linux-x64/resources/app/out/vs/workbench/workbench.desktop.main.js:2169:26504)
    at async vscode-file://vscode-app/home/drdbrioso/Desktop/code-stable-x64-1705560028/VSCode-linux-x64/resources/app/out/vs/workbench/workbench.desktop.main.js:1570:158971
2025-10-13 17:02:38.824 [info] Extension host (Remote) is unresponsive.
2025-10-13 17:02:55.827 [info] [remote-connection][ExtensionHost][c83c0…][reconnect] received socket timeout event (unacknowledgedMsgCount: 4, timeSinceOldestUnacknowledgedMsg: 20001, timeSinceLastReceivedSomeData: 27552).
2025-10-13 17:02:55.827 [info] [remote-connection][ExtensionHost][c83c0…][reconnect] starting reconnecting loop. You can get more information with the trace log level.
2025-10-13 17:02:55.828 [info] [remote-connection][ExtensionHost][c83c0…][reconnect] resolving connection...
2025-10-13 17:02:55.828 [info] [remote-connection][ExtensionHost][c83c0…][reconnect] connecting to WebSocket(127.0.0.1:38881)...
2025-10-13 17:02:55.828 [info] Creating a socket (renderer-ExtensionHost-c83c0081-ee7a-42b1-99d3-6be8f230a84b)...
2025-10-13 17:02:55.830 [info] [remote-connection][Management   ][b8776…][reconnect] received socket timeout event (unacknowledgedMsgCount: 3, timeSinceOldestUnacknowledgedMsg: 20038, timeSinceLastReceivedSomeData: 27221).
2025-10-13 17:02:55.830 [info] [remote-connection][Management   ][b8776…][reconnect] starting reconnecting loop. You can get more information with the trace log level.
2025-10-13 17:02:55.832 [info] [remote-connection][Management   ][b8776…][reconnect] resolving connection...
2025-10-13 17:02:55.832 [info] Invoking resolveAuthority(ssh-remote)...
2025-10-13 17:02:55.832 [info] [LocalProcess0][resolveAuthority(ssh-remote,2)][0ms] obtaining proxy...
2025-10-13 17:02:55.832 [info] [LocalProcess0][resolveAuthority(ssh-remote,2)][0ms] invoking...
2025-10-13 17:02:56.834 [info] [LocalProcess0][resolveAuthority(ssh-remote,2)][1001ms] waiting...
2025-10-13 17:02:57.833 [info] [LocalProcess0][resolveAuthority(ssh-remote,2)][2000ms] waiting...
2025-10-13 17:02:58.834 [info] [LocalProcess0][resolveAuthority(ssh-remote,2)][3001ms] waiting...
2025-10-13 17:02:59.833 [info] [LocalProcess0][resolveAuthority(ssh-remote,2)][4000ms] waiting...
2025-10-13 17:03:00.330 [info] [remote-connection][ExtensionHost][c83c0…][reconnect] received socket close event (wasClean: false, code: 1006, reason: ).
2025-10-13 17:03:00.330 [error] {"isTrusted":true}
2025-10-13 17:03:00.330 [info] [remote-connection][Management   ][b8776…][reconnect] received socket close event (wasClean: false, code: 1006, reason: ).
2025-10-13 17:03:00.331 [error] {"isTrusted":true}
2025-10-13 17:03:00.833 [info] [LocalProcess0][resolveAuthority(ssh-remote,2)][5000ms] waiting...
2025-10-13 17:03:01.834 [info] [LocalProcess0][resolveAuthority(ssh-remote,2)][6001ms] waiting...
2025-10-13 17:03:02.833 [info] [LocalProcess0][resolveAuthority(ssh-remote,2)][7000ms] waiting...
2025-10-13 17:03:03.834 [info] [LocalProcess0][resolveAuthority(ssh-remote,2)][8000ms] waiting...
2025-10-13 17:03:04.834 [info] [LocalProcess0][resolveAuthority(ssh-remote,2)][9001ms] waiting...
2025-10-13 17:03:05.833 [info] [LocalProcess0][resolveAuthority(ssh-remote,2)][10000ms] waiting...
2025-10-13 17:03:06.834 [info] [LocalProcess0][resolveAuthority(ssh-remote,2)][11001ms] waiting...
2025-10-13 17:03:07.834 [info] [LocalProcess0][resolveAuthority(ssh-remote,2)][12001ms] waiting...
2025-10-13 17:03:08.834 [info] [LocalProcess0][resolveAuthority(ssh-remote,2)][13000ms] waiting...
2025-10-13 17:03:09.834 [info] [LocalProcess0][resolveAuthority(ssh-remote,2)][14001ms] waiting...
2025-10-13 17:03:10.833 [info] [LocalProcess0][resolveAuthority(ssh-remote,2)][15000ms] waiting...
2025-10-13 17:03:11.028 [error] [LocalProcess0][resolveAuthority(ssh-remote,2)][15194ms] returned an error {"code":"TemporarilyNotAvailable","message":"The connection timed out"}
2025-10-13 17:03:11.029 [error] resolveAuthority(ssh-remote) returned an error after 15195 ms The connection timed out
2025-10-13 17:03:11.029 [info] [remote-connection][Management   ][b8776…][reconnect] A temporarily not available error occurred while trying to reconnect, will try again...
2025-10-13 17:03:11.030 [info] [remote-connection][Management   ][b8776…][reconnect] waiting for 5 seconds before reconnecting...
2025-10-13 17:03:15.827 [info] [remote-connection][ExtensionHost][c83c0…][reconnect] received socket timeout event (unacknowledgedMsgCount: 31, timeSinceOldestUnacknowledgedMsg: 40035, timeSinceLastReceivedSomeData: 47586).
2025-10-13 17:03:15.863 [info] [remote-connection][Management   ][b8776…][reconnect] received socket timeout event (unacknowledgedMsgCount: 4, timeSinceOldestUnacknowledgedMsg: 40071, timeSinceLastReceivedSomeData: 47254).
2025-10-13 17:03:16.029 [info] [remote-connection][Management   ][b8776…][reconnect] resolving connection...
2025-10-13 17:03:16.029 [info] Invoking resolveAuthority(ssh-remote)...
2025-10-13 17:03:16.029 [info] [LocalProcess0][resolveAuthority(ssh-remote,3)][0ms] obtaining proxy...
2025-10-13 17:03:16.030 [info] [LocalProcess0][resolveAuthority(ssh-remote,3)][0ms] invoking...
2025-10-13 17:03:17.030 [info] [LocalProcess0][resolveAuthority(ssh-remote,3)][1000ms] waiting...
2025-10-13 17:03:18.030 [info] [LocalProcess0][resolveAuthority(ssh-remote,3)][2000ms] waiting...
2025-10-13 17:03:19.031 [info] [LocalProcess0][resolveAuthority(ssh-remote,3)][3000ms] waiting...
2025-10-13 17:03:20.030 [info] [LocalProcess0][resolveAuthority(ssh-remote,3)][4000ms] waiting...
2025-10-13 17:03:21.030 [info] [LocalProcess0][resolveAuthority(ssh-remote,3)][5000ms] waiting...
2025-10-13 17:03:22.030 [info] [LocalProcess0][resolveAuthority(ssh-remote,3)][6000ms] waiting...
2025-10-13 17:03:23.030 [info] [LocalProcess0][resolveAuthority(ssh-remote,3)][7000ms] waiting...
2025-10-13 17:03:24.030 [info] [LocalProcess0][resolveAuthority(ssh-remote,3)][8000ms] waiting...
2025-10-13 17:03:25.030 [info] [LocalProcess0][resolveAuthority(ssh-remote,3)][9000ms] waiting...
2025-10-13 17:03:25.829 [error] [remote-connection][ExtensionHost][c83c0…][reconnect][WebSocket(127.0.0.1:38881)] socketFactory.connect() failed or timed out. Error:
2025-10-13 17:03:25.830 [error] Error: Time limit reached
    at u.i (vscode-file://vscode-app/home/drdbrioso/Desktop/code-stable-x64-1705560028/VSCode-linux-x64/resources/app/out/vs/workbench/workbench.desktop.main.js:676:11385)
    at u.h (vscode-file://vscode-app/home/drdbrioso/Desktop/code-stable-x64-1705560028/VSCode-linux-x64/resources/app/out/vs/workbench/workbench.desktop.main.js:676:11367)
    at o.value (vscode-file://vscode-app/home/drdbrioso/Desktop/code-stable-x64-1705560028/VSCode-linux-x64/resources/app/out/vs/workbench/workbench.desktop.main.js:676:11222)
    at u.y (vscode-file://vscode-app/home/drdbrioso/Desktop/code-stable-x64-1705560028/VSCode-linux-x64/resources/app/out/vs/workbench/workbench.desktop.main.js:87:1902)
    at u.fire (vscode-file://vscode-app/home/drdbrioso/Desktop/code-stable-x64-1705560028/VSCode-linux-x64/resources/app/out/vs/workbench/workbench.desktop.main.js:87:2119)
    at D.cancel (vscode-file://vscode-app/home/drdbrioso/Desktop/code-stable-x64-1705560028/VSCode-linux-x64/resources/app/out/vs/workbench/workbench.desktop.main.js:87:9888)
    at E.cancel (vscode-file://vscode-app/home/drdbrioso/Desktop/code-stable-x64-1705560028/VSCode-linux-x64/resources/app/out/vs/workbench/workbench.desktop.main.js:87:10298)
    at vscode-file://vscode-app/home/drdbrioso/Desktop/code-stable-x64-1705560028/VSCode-linux-x64/resources/app/out/vs/workbench/workbench.desktop.main.js:676:10729
2025-10-13 17:03:25.830 [info] [remote-connection][ExtensionHost][c83c0…][reconnect] A network error occurred while trying to reconnect, will try again...
2025-10-13 17:03:25.831 [info] [remote-connection][ExtensionHost][c83c0…][reconnect] waiting for 5 seconds before reconnecting...
2025-10-13 17:03:26.031 [info] [LocalProcess0][resolveAuthority(ssh-remote,3)][10000ms] waiting...
2025-10-13 17:03:27.030 [info] [LocalProcess0][resolveAuthority(ssh-remote,3)][11000ms] waiting...
2025-10-13 17:03:28.030 [info] [LocalProcess0][resolveAuthority(ssh-remote,3)][12000ms] waiting...
2025-10-13 17:03:29.030 [info] [LocalProcess0][resolveAuthority(ssh-remote,3)][13000ms] waiting...
2025-10-13 17:03:30.030 [info] [LocalProcess0][resolveAuthority(ssh-remote,3)][14000ms] waiting...
2025-10-13 17:03:30.830 [info] [remote-connection][ExtensionHost][c83c0…][reconnect] resolving connection...
2025-10-13 17:03:31.030 [info] [LocalProcess0][resolveAuthority(ssh-remote,3)][15000ms] waiting...
2025-10-13 17:03:31.187 [error] [LocalProcess0][resolveAuthority(ssh-remote,3)][15158ms] returned an error {"code":"TemporarilyNotAvailable","message":"The connection timed out"}
2025-10-13 17:03:31.188 [error] resolveAuthority(ssh-remote) returned an error after 15158 ms The connection timed out
2025-10-13 17:03:31.189 [info] [remote-connection][Management   ][b8776…][reconnect] A temporarily not available error occurred while trying to reconnect, will try again...
2025-10-13 17:03:31.190 [info] [remote-connection][Management   ][b8776…][reconnect] waiting for 5 seconds before reconnecting...
2025-10-13 17:03:31.190 [info] [remote-connection][ExtensionHost][c83c0…][reconnect] A temporarily not available error occurred while trying to reconnect, will try again...
2025-10-13 17:03:31.191 [info] [remote-connection][ExtensionHost][c83c0…][reconnect] waiting for 5 seconds before reconnecting...
2025-10-13 17:03:35.827 [info] [remote-connection][ExtensionHost][c83c0…][reconnect] received socket timeout event (unacknowledgedMsgCount: 49, timeSinceOldestUnacknowledgedMsg: 60035, timeSinceLastReceivedSomeData: 67586).
2025-10-13 17:03:36.190 [info] [remote-connection][Management   ][b8776…][reconnect] resolving connection...
2025-10-13 17:03:36.190 [info] Invoking resolveAuthority(ssh-remote)...
2025-10-13 17:03:36.190 [info] [LocalProcess0][resolveAuthority(ssh-remote,4)][0ms] obtaining proxy...
2025-10-13 17:03:36.205 [info] [LocalProcess0][resolveAuthority(ssh-remote,4)][14ms] invoking...
2025-10-13 17:03:36.216 [info] [remote-connection][ExtensionHost][c83c0…][reconnect] resolving connection...
2025-10-13 17:03:37.205 [info] [LocalProcess0][resolveAuthority(ssh-remote,4)][1015ms] waiting...
2025-10-13 17:03:38.205 [info] [LocalProcess0][resolveAuthority(ssh-remote,4)][2014ms] waiting...
2025-10-13 17:03:39.182 [info] [remote-connection][Management   ][b8776…][reconnect] received socket timeout event (unacknowledgedMsgCount: 5, timeSinceOldestUnacknowledgedMsg: 63391, timeSinceLastReceivedSomeData: 70574).
2025-10-13 17:03:39.209 [info] [LocalProcess0][resolveAuthority(ssh-remote,4)][3018ms] waiting...
2025-10-13 17:03:40.206 [info] [LocalProcess0][resolveAuthority(ssh-remote,4)][4015ms] waiting...
2025-10-13 17:03:41.206 [info] [LocalProcess0][resolveAuthority(ssh-remote,4)][5015ms] waiting...
2025-10-13 17:03:42.206 [info] [LocalProcess0][resolveAuthority(ssh-remote,4)][6015ms] waiting...
2025-10-13 17:03:43.206 [info] [LocalProcess0][resolveAuthority(ssh-remote,4)][7015ms] waiting...
2025-10-13 17:03:44.206 [info] [LocalProcess0][resolveAuthority(ssh-remote,4)][8015ms] waiting...
2025-10-13 17:03:45.206 [info] [LocalProcess0][resolveAuthority(ssh-remote,4)][9015ms] waiting...
2025-10-13 17:03:46.206 [info] [LocalProcess0][resolveAuthority(ssh-remote,4)][10015ms] waiting...
2025-10-13 17:03:47.206 [info] [LocalProcess0][resolveAuthority(ssh-remote,4)][11015ms] waiting...
2025-10-13 17:03:48.206 [info] [LocalProcess0][resolveAuthority(ssh-remote,4)][12015ms] waiting...
2025-10-13 17:03:49.206 [info] [LocalProcess0][resolveAuthority(ssh-remote,4)][13015ms] waiting...
2025-10-13 17:03:50.206 [info] [LocalProcess0][resolveAuthority(ssh-remote,4)][14015ms] waiting...
2025-10-13 17:03:51.206 [info] [LocalProcess0][resolveAuthority(ssh-remote,4)][15015ms] waiting...
2025-10-13 17:03:51.461 [error] [LocalProcess0][resolveAuthority(ssh-remote,4)][15270ms] returned an error {"code":"TemporarilyNotAvailable","message":"The connection timed out"}
2025-10-13 17:03:51.461 [error] resolveAuthority(ssh-remote) returned an error after 15271 ms The connection timed out
2025-10-13 17:03:51.461 [info] [remote-connection][Management   ][b8776…][reconnect] A temporarily not available error occurred while trying to reconnect, will try again...
2025-10-13 17:03:51.462 [info] [remote-connection][Management   ][b8776…][reconnect] waiting for 10 seconds before reconnecting...
2025-10-13 17:03:51.462 [info] [remote-connection][ExtensionHost][c83c0…][reconnect] A temporarily not available error occurred while trying to reconnect, will try again...
2025-10-13 17:03:51.462 [info] [remote-connection][ExtensionHost][c83c0…][reconnect] waiting for 10 seconds before reconnecting...
2025-10-13 17:03:55.828 [info] [remote-connection][ExtensionHost][c83c0…][reconnect] received socket timeout event (unacknowledgedMsgCount: 71, timeSinceOldestUnacknowledgedMsg: 80036, timeSinceLastReceivedSomeData: 87587).
2025-10-13 17:03:59.183 [info] [remote-connection][Management   ][b8776…][reconnect] received socket timeout event (unacknowledgedMsgCount: 7, timeSinceOldestUnacknowledgedMsg: 83391, timeSinceLastReceivedSomeData: 90574).
2025-10-13 17:04:01.462 [info] [remote-connection][Management   ][b8776…][reconnect] resolving connection...
2025-10-13 17:04:01.463 [info] Invoking resolveAuthority(ssh-remote)...
2025-10-13 17:04:01.464 [info] [LocalProcess0][resolveAuthority(ssh-remote,5)][0ms] obtaining proxy...
2025-10-13 17:04:01.473 [info] [LocalProcess0][resolveAuthority(ssh-remote,5)][10ms] invoking...
2025-10-13 17:04:01.487 [info] [remote-connection][ExtensionHost][c83c0…][reconnect] resolving connection...
2025-10-13 17:04:02.474 [info] [LocalProcess0][resolveAuthority(ssh-remote,5)][1011ms] waiting...
2025-10-13 17:04:03.474 [info] [LocalProcess0][resolveAuthority(ssh-remote,5)][2011ms] waiting...
2025-10-13 17:04:04.475 [info] [LocalProcess0][resolveAuthority(ssh-remote,5)][3012ms] waiting...
2025-10-13 17:04:05.474 [info] [LocalProcess0][resolveAuthority(ssh-remote,5)][4011ms] waiting...
2025-10-13 17:04:06.474 [info] [LocalProcess0][resolveAuthority(ssh-remote,5)][5011ms] waiting...
2025-10-13 17:04:07.474 [info] [LocalProcess0][resolveAuthority(ssh-remote,5)][6011ms] waiting...
2025-10-13 17:04:08.474 [info] [LocalProcess0][resolveAuthority(ssh-remote,5)][7011ms] waiting...
2025-10-13 17:04:09.474 [info] [LocalProcess0][resolveAuthority(ssh-remote,5)][8011ms] waiting...
2025-10-13 17:04:10.474 [info] [LocalProcess0][resolveAuthority(ssh-remote,5)][9011ms] waiting...
2025-10-13 17:04:11.474 [info] [LocalProcess0][resolveAuthority(ssh-remote,5)][10011ms] waiting...
2025-10-13 17:04:12.474 [info] [LocalProcess0][resolveAuthority(ssh-remote,5)][11011ms] waiting...
2025-10-13 17:04:13.474 [info] [LocalProcess0][resolveAuthority(ssh-remote,5)][12011ms] waiting...
2025-10-13 17:04:14.474 [info] [LocalProcess0][resolveAuthority(ssh-remote,5)][13011ms] waiting...
2025-10-13 17:04:15.474 [info] [LocalProcess0][resolveAuthority(ssh-remote,5)][14011ms] waiting...
2025-10-13 17:04:15.828 [info] [remote-connection][ExtensionHost][c83c0…][reconnect] received socket timeout event (unacknowledgedMsgCount: 85, timeSinceOldestUnacknowledgedMsg: 100036, timeSinceLastReceivedSomeData: 107587).
2025-10-13 17:04:16.474 [info] [LocalProcess0][resolveAuthority(ssh-remote,5)][15011ms] waiting...
2025-10-13 17:04:16.651 [error] [LocalProcess0][resolveAuthority(ssh-remote,5)][15188ms] returned an error {"code":"TemporarilyNotAvailable","message":"The connection timed out"}
2025-10-13 17:04:16.652 [error] resolveAuthority(ssh-remote) returned an error after 15188 ms The connection timed out
2025-10-13 17:04:16.653 [info] [remote-connection][Management   ][b8776…][reconnect] A temporarily not available error occurred while trying to reconnect, will try again...
2025-10-13 17:04:16.653 [info] [remote-connection][Management   ][b8776…][reconnect] waiting for 10 seconds before reconnecting...
2025-10-13 17:04:16.654 [info] [remote-connection][ExtensionHost][c83c0…][reconnect] A temporarily not available error occurred while trying to reconnect, will try again...
2025-10-13 17:04:16.654 [info] [remote-connection][ExtensionHost][c83c0…][reconnect] waiting for 10 seconds before reconnecting...
2025-10-13 17:04:19.184 [info] [remote-connection][Management   ][b8776…][reconnect] received socket timeout event (unacknowledgedMsgCount: 10, timeSinceOldestUnacknowledgedMsg: 103391, timeSinceLastReceivedSomeData: 110574).
2025-10-13 17:04:26.652 [info] [remote-connection][Management   ][b8776…][reconnect] resolving connection...
2025-10-13 17:04:26.673 [info] Invoking resolveAuthority(ssh-remote)...
2025-10-13 17:04:26.673 [info] [LocalProcess0][resolveAuthority(ssh-remote,6)][0ms] obtaining proxy...
2025-10-13 17:04:26.676 [info] [LocalProcess0][resolveAuthority(ssh-remote,6)][2ms] invoking...
2025-10-13 17:04:26.679 [info] [remote-connection][ExtensionHost][c83c0…][reconnect] resolving connection...
2025-10-13 17:04:27.677 [info] [LocalProcess0][resolveAuthority(ssh-remote,6)][1003ms] waiting...
2025-10-13 17:04:28.678 [info] [LocalProcess0][resolveAuthority(ssh-remote,6)][2003ms] waiting...
2025-10-13 17:04:29.677 [info] [LocalProcess0][resolveAuthority(ssh-remote,6)][3003ms] waiting...
2025-10-13 17:04:30.677 [info] [LocalProcess0][resolveAuthority(ssh-remote,6)][4003ms] waiting...
2025-10-13 17:04:31.676 [info] [LocalProcess0][resolveAuthority(ssh-remote,6)][5003ms] waiting...
2025-10-13 17:04:32.677 [info] [LocalProcess0][resolveAuthority(ssh-remote,6)][6003ms] waiting...
2025-10-13 17:04:33.677 [info] [LocalProcess0][resolveAuthority(ssh-remote,6)][7003ms] waiting...
2025-10-13 17:04:34.677 [info] [LocalProcess0][resolveAuthority(ssh-remote,6)][8003ms] waiting...
2025-10-13 17:04:35.676 [info] [LocalProcess0][resolveAuthority(ssh-remote,6)][9003ms] waiting...
2025-10-13 17:04:35.829 [info] [remote-connection][ExtensionHost][c83c0…][reconnect] received socket timeout event (unacknowledgedMsgCount: 110, timeSinceOldestUnacknowledgedMsg: 120036, timeSinceLastReceivedSomeData: 127587).
2025-10-13 17:04:36.676 [info] [LocalProcess0][resolveAuthority(ssh-remote,6)][10003ms] waiting...
2025-10-13 17:04:37.677 [info] [LocalProcess0][resolveAuthority(ssh-remote,6)][11003ms] waiting...
2025-10-13 17:04:38.677 [info] [LocalProcess0][resolveAuthority(ssh-remote,6)][12003ms] waiting...
2025-10-13 17:04:39.184 [info] [remote-connection][Management   ][b8776…][reconnect] received socket timeout event (unacknowledgedMsgCount: 12, timeSinceOldestUnacknowledgedMsg: 123392, timeSinceLastReceivedSomeData: 130575).
2025-10-13 17:04:39.677 [info] [LocalProcess0][resolveAuthority(ssh-remote,6)][13003ms] waiting...
2025-10-13 17:04:40.677 [info] [LocalProcess0][resolveAuthority(ssh-remote,6)][14003ms] waiting...
2025-10-13 17:04:41.676 [info] [LocalProcess0][resolveAuthority(ssh-remote,6)][15003ms] waiting...
2025-10-13 17:04:41.821 [error] [LocalProcess0][resolveAuthority(ssh-remote,6)][15146ms] returned an error {"code":"TemporarilyNotAvailable","message":"The connection timed out"}
2025-10-13 17:04:41.822 [error] resolveAuthority(ssh-remote) returned an error after 15147 ms The connection timed out
2025-10-13 17:04:41.822 [info] [remote-connection][Management   ][b8776…][reconnect] A temporarily not available error occurred while trying to reconnect, will try again...
2025-10-13 17:04:41.822 [info] [remote-connection][Management   ][b8776…][reconnect] waiting for 10 seconds before reconnecting...
2025-10-13 17:04:41.822 [info] [remote-connection][ExtensionHost][c83c0…][reconnect] A temporarily not available error occurred while trying to reconnect, will try again...
2025-10-13 17:04:41.822 [info] [remote-connection][ExtensionHost][c83c0…][reconnect] waiting for 10 seconds before reconnecting...
2025-10-13 17:04:51.822 [info] [remote-connection][Management   ][b8776…][reconnect] resolving connection...
2025-10-13 17:04:51.853 [info] Invoking resolveAuthority(ssh-remote)...
2025-10-13 17:04:51.853 [info] [LocalProcess0][resolveAuthority(ssh-remote,7)][0ms] obtaining proxy...
2025-10-13 17:04:51.855 [info] [LocalProcess0][resolveAuthority(ssh-remote,7)][3ms] invoking...
2025-10-13 17:04:51.859 [info] [remote-connection][ExtensionHost][c83c0…][reconnect] resolving connection...
2025-10-13 17:04:52.856 [info] [LocalProcess0][resolveAuthority(ssh-remote,7)][1003ms] waiting...
2025-10-13 17:04:53.857 [info] [LocalProcess0][resolveAuthority(ssh-remote,7)][2003ms] waiting...
2025-10-13 17:04:54.857 [info] [LocalProcess0][resolveAuthority(ssh-remote,7)][3003ms] waiting...
2025-10-13 17:04:55.829 [info] [remote-connection][ExtensionHost][c83c0…][reconnect] received socket timeout event (unacknowledgedMsgCount: 138, timeSinceOldestUnacknowledgedMsg: 140036, timeSinceLastReceivedSomeData: 147587).
2025-10-13 17:04:55.857 [info] [LocalProcess0][resolveAuthority(ssh-remote,7)][4003ms] waiting...
2025-10-13 17:04:56.857 [info] [LocalProcess0][resolveAuthority(ssh-remote,7)][5003ms] waiting...
2025-10-13 17:04:57.857 [info] [LocalProcess0][resolveAuthority(ssh-remote,7)][6003ms] waiting...
2025-10-13 17:04:58.857 [info] [LocalProcess0][resolveAuthority(ssh-remote,7)][7004ms] waiting...
2025-10-13 17:04:59.185 [info] [remote-connection][Management   ][b8776…][reconnect] received socket timeout event (unacknowledgedMsgCount: 16, timeSinceOldestUnacknowledgedMsg: 143393, timeSinceLastReceivedSomeData: 150576).
2025-10-13 17:04:59.857 [info] [LocalProcess0][resolveAuthority(ssh-remote,7)][8003ms] waiting...
2025-10-13 17:05:00.857 [info] [LocalProcess0][resolveAuthority(ssh-remote,7)][9003ms] waiting...
2025-10-13 17:05:01.856 [info] [LocalProcess0][resolveAuthority(ssh-remote,7)][10003ms] waiting...
2025-10-13 17:05:02.857 [info] [LocalProcess0][resolveAuthority(ssh-remote,7)][11003ms] waiting...
2025-10-13 17:05:03.857 [info] [LocalProcess0][resolveAuthority(ssh-remote,7)][12003ms] waiting...
2025-10-13 17:05:04.857 [info] [LocalProcess0][resolveAuthority(ssh-remote,7)][13003ms] waiting...
2025-10-13 17:05:05.857 [info] [LocalProcess0][resolveAuthority(ssh-remote,7)][14003ms] waiting...
2025-10-13 17:05:06.857 [info] [LocalProcess0][resolveAuthority(ssh-remote,7)][15003ms] waiting...
2025-10-13 17:05:07.005 [error] [LocalProcess0][resolveAuthority(ssh-remote,7)][15152ms] returned an error {"code":"TemporarilyNotAvailable","message":"The connection timed out"}
2025-10-13 17:05:07.005 [error] resolveAuthority(ssh-remote) returned an error after 15153 ms The connection timed out
2025-10-13 17:05:07.006 [info] [remote-connection][Management   ][b8776…][reconnect] A temporarily not available error occurred while trying to reconnect, will try again...
2025-10-13 17:05:07.006 [info] [remote-connection][Management   ][b8776…][reconnect] waiting for 10 seconds before reconnecting...
2025-10-13 17:05:07.006 [info] [remote-connection][ExtensionHost][c83c0…][reconnect] A temporarily not available error occurred while trying to reconnect, will try again...
2025-10-13 17:05:07.007 [info] [remote-connection][ExtensionHost][c83c0…][reconnect] waiting for 10 seconds before reconnecting...
2025-10-13 17:05:15.828 [info] [remote-connection][ExtensionHost][c83c0…][reconnect] received socket timeout event (unacknowledgedMsgCount: 145, timeSinceOldestUnacknowledgedMsg: 160036, timeSinceLastReceivedSomeData: 167587).
2025-10-13 17:05:17.007 [info] [remote-connection][Management   ][b8776…][reconnect] resolving connection...
2025-10-13 17:05:17.008 [info] Invoking resolveAuthority(ssh-remote)...
2025-10-13 17:05:17.008 [info] [LocalProcess0][resolveAuthority(ssh-remote,8)][0ms] obtaining proxy...
2025-10-13 17:05:17.014 [info] [LocalProcess0][resolveAuthority(ssh-remote,8)][8ms] invoking...
2025-10-13 17:05:17.020 [info] [remote-connection][ExtensionHost][c83c0…][reconnect] resolving connection...
2025-10-13 17:05:18.016 [info] [LocalProcess0][resolveAuthority(ssh-remote,8)][1009ms] waiting...
2025-10-13 17:05:19.015 [info] [LocalProcess0][resolveAuthority(ssh-remote,8)][2008ms] waiting...
2025-10-13 17:05:20.015 [info] [LocalProcess0][resolveAuthority(ssh-remote,8)][3008ms] waiting...
2025-10-13 17:05:21.016 [info] [LocalProcess0][resolveAuthority(ssh-remote,8)][4009ms] waiting...
2025-10-13 17:05:22.016 [info] [LocalProcess0][resolveAuthority(ssh-remote,8)][5009ms] waiting...
2025-10-13 17:05:23.016 [info] [LocalProcess0][resolveAuthority(ssh-remote,8)][6008ms] waiting...
2025-10-13 17:05:24.016 [info] [LocalProcess0][resolveAuthority(ssh-remote,8)][7008ms] waiting...
2025-10-13 17:05:25.016 [info] [LocalProcess0][resolveAuthority(ssh-remote,8)][8008ms] waiting...
2025-10-13 17:05:26.016 [info] [LocalProcess0][resolveAuthority(ssh-remote,8)][9008ms] waiting...
2025-10-13 17:05:27.016 [info] [LocalProcess0][resolveAuthority(ssh-remote,8)][10008ms] waiting...
2025-10-13 17:05:28.015 [info] [LocalProcess0][resolveAuthority(ssh-remote,8)][11008ms] waiting...
2025-10-13 17:05:29.016 [info] [LocalProcess0][resolveAuthority(ssh-remote,8)][12008ms] waiting...
2025-10-13 17:05:30.016 [info] [LocalProcess0][resolveAuthority(ssh-remote,8)][13008ms] waiting...
2025-10-13 17:05:31.015 [info] [LocalProcess0][resolveAuthority(ssh-remote,8)][14008ms] waiting...
2025-10-13 17:05:32.016 [info] [LocalProcess0][resolveAuthority(ssh-remote,8)][15008ms] waiting...
2025-10-13 17:05:32.213 [error] [LocalProcess0][resolveAuthority(ssh-remote,8)][15206ms] returned an error {"code":"TemporarilyNotAvailable","message":"The connection timed out"}
2025-10-13 17:05:32.213 [error] resolveAuthority(ssh-remote) returned an error after 15206 ms The connection timed out
2025-10-13 17:05:32.213 [info] [remote-connection][Management   ][b8776…][reconnect] A temporarily not available error occurred while trying to reconnect, will try again...
2025-10-13 17:05:32.214 [info] [remote-connection][Management   ][b8776…][reconnect] waiting for 10 seconds before reconnecting...
2025-10-13 17:05:32.214 [info] [remote-connection][ExtensionHost][c83c0…][reconnect] A temporarily not available error occurred while trying to reconnect, will try again...
2025-10-13 17:05:32.214 [info] [remote-connection][ExtensionHost][c83c0…][reconnect] waiting for 10 seconds before reconnecting...
2025-10-13 17:05:35.829 [info] [remote-connection][ExtensionHost][c83c0…][reconnect] received socket timeout event (unacknowledgedMsgCount: 165, timeSinceOldestUnacknowledgedMsg: 180037, timeSinceLastReceivedSomeData: 187588).
2025-10-13 17:05:42.217 [info] [remote-connection][Management   ][b8776…][reconnect] resolving connection...
2025-10-13 17:05:42.247 [info] Invoking resolveAuthority(ssh-remote)...
2025-10-13 17:05:42.248 [info] [LocalProcess0][resolveAuthority(ssh-remote,9)][0ms] obtaining proxy...
2025-10-13 17:05:42.250 [info] [LocalProcess0][resolveAuthority(ssh-remote,9)][3ms] invoking...
2025-10-13 17:05:42.253 [info] [remote-connection][ExtensionHost][c83c0…][reconnect] resolving connection...
2025-10-13 17:05:43.251 [info] [LocalProcess0][resolveAuthority(ssh-remote,9)][1003ms] waiting...
2025-10-13 17:05:44.253 [info] [LocalProcess0][resolveAuthority(ssh-remote,9)][2003ms] waiting...
2025-10-13 17:05:45.251 [info] [LocalProcess0][resolveAuthority(ssh-remote,9)][3003ms] waiting...
2025-10-13 17:05:46.251 [info] [LocalProcess0][resolveAuthority(ssh-remote,9)][4003ms] waiting...
2025-10-13 17:05:47.252 [info] [LocalProcess0][resolveAuthority(ssh-remote,9)][5003ms] waiting...
2025-10-13 17:05:48.251 [info] [LocalProcess0][resolveAuthority(ssh-remote,9)][6003ms] waiting...
2025-10-13 17:05:49.252 [info] [LocalProcess0][resolveAuthority(ssh-remote,9)][7003ms] waiting...
2025-10-13 17:05:50.251 [info] [LocalProcess0][resolveAuthority(ssh-remote,9)][8003ms] waiting...
2025-10-13 17:05:51.252 [info] [LocalProcess0][resolveAuthority(ssh-remote,9)][9003ms] waiting...
2025-10-13 17:05:52.251 [info] [LocalProcess0][resolveAuthority(ssh-remote,9)][10003ms] waiting...
2025-10-13 17:05:53.251 [info] [LocalProcess0][resolveAuthority(ssh-remote,9)][11003ms] waiting...
2025-10-13 17:05:54.252 [info] [LocalProcess0][resolveAuthority(ssh-remote,9)][12003ms] waiting...
2025-10-13 17:05:55.251 [info] [LocalProcess0][resolveAuthority(ssh-remote,9)][13003ms] waiting...
2025-10-13 17:05:55.829 [info] [remote-connection][ExtensionHost][c83c0…][reconnect] received socket timeout event (unacknowledgedMsgCount: 180, timeSinceOldestUnacknowledgedMsg: 200037, timeSinceLastReceivedSomeData: 207588).
2025-10-13 17:05:56.251 [info] [LocalProcess0][resolveAuthority(ssh-remote,9)][14003ms] waiting...
2025-10-13 17:05:56.844 [info] [remote-connection][Management   ][b8776…][reconnect] received socket timeout event (unacknowledgedMsgCount: 17, timeSinceOldestUnacknowledgedMsg: 201052, timeSinceLastReceivedSomeData: 208235).
2025-10-13 17:05:57.252 [info] [LocalProcess0][resolveAuthority(ssh-remote,9)][15003ms] waiting...
2025-10-13 17:05:57.478 [error] [LocalProcess0][resolveAuthority(ssh-remote,9)][15230ms] returned an error {"code":"TemporarilyNotAvailable","message":"The connection timed out"}
2025-10-13 17:05:57.478 [error] resolveAuthority(ssh-remote) returned an error after 15230 ms The connection timed out
2025-10-13 17:05:57.478 [info] [remote-connection][Management   ][b8776…][reconnect] A temporarily not available error occurred while trying to reconnect, will try again...
2025-10-13 17:05:57.479 [info] [remote-connection][Management   ][b8776…][reconnect] waiting for 30 seconds before reconnecting...
2025-10-13 17:05:57.479 [info] [remote-connection][ExtensionHost][c83c0…][reconnect] A temporarily not available error occurred while trying to reconnect, will try again...
2025-10-13 17:05:57.479 [info] [remote-connection][ExtensionHost][c83c0…][reconnect] waiting for 30 seconds before reconnecting...
2025-10-13 17:06:15.829 [info] [remote-connection][ExtensionHost][c83c0…][reconnect] received socket timeout event (unacknowledgedMsgCount: 187, timeSinceOldestUnacknowledgedMsg: 220037, timeSinceLastReceivedSomeData: 227588).
2025-10-13 17:06:27.480 [info] [remote-connection][Management   ][b8776…][reconnect] resolving connection...
2025-10-13 17:06:27.519 [info] Invoking resolveAuthority(ssh-remote)...
2025-10-13 17:06:27.519 [info] [LocalProcess0][resolveAuthority(ssh-remote,10)][0ms] obtaining proxy...
2025-10-13 17:06:27.522 [info] [LocalProcess0][resolveAuthority(ssh-remote,10)][3ms] invoking...
2025-10-13 17:06:27.528 [info] [remote-connection][ExtensionHost][c83c0…][reconnect] resolving connection...
2025-10-13 17:06:28.523 [info] [LocalProcess0][resolveAuthority(ssh-remote,10)][1003ms] waiting...
2025-10-13 17:06:29.523 [info] [LocalProcess0][resolveAuthority(ssh-remote,10)][2003ms] waiting...
2025-10-13 17:06:30.523 [info] [LocalProcess0][resolveAuthority(ssh-remote,10)][3003ms] waiting...
2025-10-13 17:06:31.524 [info] [LocalProcess0][resolveAuthority(ssh-remote,10)][4003ms] waiting...
2025-10-13 17:06:32.524 [info] [LocalProcess0][resolveAuthority(ssh-remote,10)][5003ms] waiting...
2025-10-13 17:06:33.524 [info] [LocalProcess0][resolveAuthority(ssh-remote,10)][6003ms] waiting...
2025-10-13 17:06:34.523 [info] [LocalProcess0][resolveAuthority(ssh-remote,10)][7003ms] waiting...
2025-10-13 17:06:35.523 [info] [LocalProcess0][resolveAuthority(ssh-remote,10)][8003ms] waiting...
2025-10-13 17:06:35.829 [info] [remote-connection][ExtensionHost][c83c0…][reconnect] received socket timeout event (unacknowledgedMsgCount: 200, timeSinceOldestUnacknowledgedMsg: 240037, timeSinceLastReceivedSomeData: 247588).
2025-10-13 17:06:36.523 [info] [LocalProcess0][resolveAuthority(ssh-remote,10)][9003ms] waiting...
2025-10-13 17:06:37.523 [info] [LocalProcess0][resolveAuthority(ssh-remote,10)][10003ms] waiting...
2025-10-13 17:06:38.523 [info] [LocalProcess0][resolveAuthority(ssh-remote,10)][11003ms] waiting...
2025-10-13 17:06:39.523 [info] [LocalProcess0][resolveAuthority(ssh-remote,10)][12003ms] waiting...
2025-10-13 17:06:40.524 [info] [LocalProcess0][resolveAuthority(ssh-remote,10)][13003ms] waiting...
2025-10-13 17:06:41.524 [info] [LocalProcess0][resolveAuthority(ssh-remote,10)][14003ms] waiting...
2025-10-13 17:06:42.523 [info] [LocalProcess0][resolveAuthority(ssh-remote,10)][15003ms] waiting...
2025-10-13 17:06:42.671 [error] [LocalProcess0][resolveAuthority(ssh-remote,10)][15151ms] returned an error {"code":"TemporarilyNotAvailable","message":"The connection timed out"}
2025-10-13 17:06:42.672 [error] resolveAuthority(ssh-remote) returned an error after 15152 ms The connection timed out
2025-10-13 17:06:42.672 [info] [remote-connection][Management   ][b8776…][reconnect] A temporarily not available error occurred while trying to reconnect, will try again...
2025-10-13 17:06:42.672 [info] [remote-connection][Management   ][b8776…][reconnect] waiting for 30 seconds before reconnecting...
2025-10-13 17:06:42.672 [info] [remote-connection][ExtensionHost][c83c0…][reconnect] A temporarily not available error occurred while trying to reconnect, will try again...
2025-10-13 17:06:42.672 [info] [remote-connection][ExtensionHost][c83c0…][reconnect] waiting for 30 seconds before reconnecting...
2025-10-13 17:06:55.830 [info] [remote-connection][ExtensionHost][c83c0…][reconnect] received socket timeout event (unacknowledgedMsgCount: 207, timeSinceOldestUnacknowledgedMsg: 260038, timeSinceLastReceivedSomeData: 267589).
2025-10-13 17:06:55.873 [info] Creating a socket (renderer-ExtensionHost-c83c0081-ee7a-42b1-99d3-6be8f230a84b) returned an error after 240044 ms.
2025-10-13 17:06:55.873 [error] CodeExpectedError: WebSocket close with status code 1006
    at WebSocket.<anonymous> (vscode-file://vscode-app/home/drdbrioso/Desktop/code-stable-x64-1705560028/VSCode-linux-x64/resources/app/out/vs/workbench/workbench.desktop.main.js:676:3983)
2025-10-13 17:07:12.672 [info] [remote-connection][Management   ][b8776…][reconnect] resolving connection...
2025-10-13 17:07:12.705 [info] Invoking resolveAuthority(ssh-remote)...
2025-10-13 17:07:12.706 [info] [LocalProcess0][resolveAuthority(ssh-remote,11)][0ms] obtaining proxy...
2025-10-13 17:07:12.709 [info] [LocalProcess0][resolveAuthority(ssh-remote,11)][4ms] invoking...
2025-10-13 17:07:12.713 [info] [remote-connection][ExtensionHost][c83c0…][reconnect] resolving connection...
2025-10-13 17:07:13.710 [info] [LocalProcess0][resolveAuthority(ssh-remote,11)][1004ms] waiting...
2025-10-13 17:07:14.712 [info] [LocalProcess0][resolveAuthority(ssh-remote,11)][2004ms] waiting...
2025-10-13 17:07:15.711 [info] [LocalProcess0][resolveAuthority(ssh-remote,11)][3004ms] waiting...
2025-10-13 17:07:15.831 [info] [remote-connection][ExtensionHost][c83c0…][reconnect] received socket timeout event (unacknowledgedMsgCount: 218, timeSinceOldestUnacknowledgedMsg: 280038, timeSinceLastReceivedSomeData: 287589).
2025-10-13 17:07:16.710 [info] [LocalProcess0][resolveAuthority(ssh-remote,11)][4004ms] waiting...
2025-10-13 17:07:17.710 [info] [LocalProcess0][resolveAuthority(ssh-remote,11)][5004ms] waiting...
2025-10-13 17:07:18.709 [info] [LocalProcess0][resolveAuthority(ssh-remote,11)][6004ms] waiting...
2025-10-13 17:07:19.710 [info] [LocalProcess0][resolveAuthority(ssh-remote,11)][7004ms] waiting...
2025-10-13 17:07:20.710 [info] [LocalProcess0][resolveAuthority(ssh-remote,11)][8004ms] waiting...
2025-10-13 17:07:21.710 [info] [LocalProcess0][resolveAuthority(ssh-remote,11)][9004ms] waiting...
2025-10-13 17:07:22.710 [info] [LocalProcess0][resolveAuthority(ssh-remote,11)][10004ms] waiting...
2025-10-13 17:07:23.711 [info] [LocalProcess0][resolveAuthority(ssh-remote,11)][11004ms] waiting...
2025-10-13 17:07:24.710 [info] [LocalProcess0][resolveAuthority(ssh-remote,11)][12004ms] waiting...
2025-10-13 17:07:25.710 [info] [LocalProcess0][resolveAuthority(ssh-remote,11)][13004ms] waiting...
2025-10-13 17:07:26.710 [info] [LocalProcess0][resolveAuthority(ssh-remote,11)][14004ms] waiting...
2025-10-13 17:07:27.710 [info] [LocalProcess0][resolveAuthority(ssh-remote,11)][15004ms] waiting...
2025-10-13 17:07:27.858 [error] [LocalProcess0][resolveAuthority(ssh-remote,11)][15152ms] returned an error {"code":"TemporarilyNotAvailable","message":"The connection timed out"}
2025-10-13 17:07:27.858 [error] resolveAuthority(ssh-remote) returned an error after 15153 ms The connection timed out
2025-10-13 17:07:27.859 [info] [remote-connection][Management   ][b8776…][reconnect] A temporarily not available error occurred while trying to reconnect, will try again...
2025-10-13 17:07:27.860 [info] [remote-connection][Management   ][b8776…][reconnect] waiting for 30 seconds before reconnecting...
2025-10-13 17:07:27.861 [info] [remote-connection][ExtensionHost][c83c0…][reconnect] A temporarily not available error occurred while trying to reconnect, will try again...
2025-10-13 17:07:27.861 [info] [remote-connection][ExtensionHost][c83c0…][reconnect] waiting for 30 seconds before reconnecting...
2025-10-13 17:07:35.830 [info] [remote-connection][ExtensionHost][c83c0…][reconnect] received socket timeout event (unacknowledgedMsgCount: 225, timeSinceOldestUnacknowledgedMsg: 300038, timeSinceLastReceivedSomeData: 307589).
2025-10-13 17:07:57.860 [info] [remote-connection][Management   ][b8776…][reconnect] resolving connection...
2025-10-13 17:07:57.888 [info] Invoking resolveAuthority(ssh-remote)...
2025-10-13 17:07:57.888 [info] [LocalProcess0][resolveAuthority(ssh-remote,12)][0ms] obtaining proxy...
2025-10-13 17:07:57.891 [info] [LocalProcess0][resolveAuthority(ssh-remote,12)][3ms] invoking...
2025-10-13 17:07:57.894 [info] [remote-connection][ExtensionHost][c83c0…][reconnect] resolving connection...
2025-10-13 17:07:57.900 [info] [remote-connection][ExtensionHost][c83c0…][reconnect] received socket timeout event (unacknowledgedMsgCount: 226, timeSinceOldestUnacknowledgedMsg: 322108, timeSinceLastReceivedSomeData: 329659).
2025-10-13 17:07:58.892 [info] [LocalProcess0][resolveAuthority(ssh-remote,12)][1003ms] waiting...
2025-10-13 17:07:59.892 [info] [LocalProcess0][resolveAuthority(ssh-remote,12)][2003ms] waiting...
2025-10-13 17:08:00.892 [info] [LocalProcess0][resolveAuthority(ssh-remote,12)][3003ms] waiting...
2025-10-13 17:08:01.892 [info] [LocalProcess0][resolveAuthority(ssh-remote,12)][4003ms] waiting...
2025-10-13 17:08:02.892 [info] [LocalProcess0][resolveAuthority(ssh-remote,12)][5003ms] waiting...
2025-10-13 17:08:03.893 [info] [LocalProcess0][resolveAuthority(ssh-remote,12)][6003ms] waiting...
2025-10-13 17:08:04.893 [info] [LocalProcess0][resolveAuthority(ssh-remote,12)][7003ms] waiting...
2025-10-13 17:08:05.892 [info] [LocalProcess0][resolveAuthority(ssh-remote,12)][8003ms] waiting...
2025-10-13 17:08:06.891 [info] [LocalProcess0][resolveAuthority(ssh-remote,12)][9003ms] waiting...
2025-10-13 17:08:07.892 [info] [LocalProcess0][resolveAuthority(ssh-remote,12)][10003ms] waiting...
2025-10-13 17:08:08.893 [info] [LocalProcess0][resolveAuthority(ssh-remote,12)][11003ms] waiting...
2025-10-13 17:08:09.892 [info] [LocalProcess0][resolveAuthority(ssh-remote,12)][12003ms] waiting...
2025-10-13 17:08:10.892 [info] [LocalProcess0][resolveAuthority(ssh-remote,12)][13003ms] waiting...
2025-10-13 17:08:11.891 [info] [LocalProcess0][resolveAuthority(ssh-remote,12)][14003ms] waiting...
2025-10-13 17:08:12.893 [info] [LocalProcess0][resolveAuthority(ssh-remote,12)][15003ms] waiting...
2025-10-13 17:08:13.057 [error] [LocalProcess0][resolveAuthority(ssh-remote,12)][15167ms] returned an error {"code":"TemporarilyNotAvailable","message":"The connection timed out"}
2025-10-13 17:08:13.057 [error] resolveAuthority(ssh-remote) returned an error after 15168 ms The connection timed out
2025-10-13 17:08:13.058 [info] [remote-connection][Management   ][b8776…][reconnect] A temporarily not available error occurred while trying to reconnect, will try again...
2025-10-13 17:08:13.058 [info] [remote-connection][Management   ][b8776…][reconnect] waiting for 30 seconds before reconnecting...
2025-10-13 17:08:13.059 [info] [remote-connection][ExtensionHost][c83c0…][reconnect] A temporarily not available error occurred while trying to reconnect, will try again...
2025-10-13 17:08:13.059 [info] [remote-connection][ExtensionHost][c83c0…][reconnect] waiting for 30 seconds before reconnecting...
2025-10-13 17:08:17.900 [info] [remote-connection][ExtensionHost][c83c0…][reconnect] received socket timeout event (unacknowledgedMsgCount: 245, timeSinceOldestUnacknowledgedMsg: 342108, timeSinceLastReceivedSomeData: 349659).
2025-10-13 17:08:43.059 [info] [remote-connection][Management   ][b8776…][reconnect] resolving connection...
2025-10-13 17:08:43.089 [info] Invoking resolveAuthority(ssh-remote)...
2025-10-13 17:08:43.089 [info] [LocalProcess0][resolveAuthority(ssh-remote,13)][0ms] obtaining proxy...
2025-10-13 17:08:43.092 [info] [LocalProcess0][resolveAuthority(ssh-remote,13)][3ms] invoking...
2025-10-13 17:08:43.095 [info] [remote-connection][ExtensionHost][c83c0…][reconnect] resolving connection...
2025-10-13 17:08:43.099 [info] [remote-connection][ExtensionHost][c83c0…][reconnect] received socket timeout event (unacknowledgedMsgCount: 246, timeSinceOldestUnacknowledgedMsg: 367308, timeSinceLastReceivedSomeData: 374859).
2025-10-13 17:08:44.093 [info] [LocalProcess0][resolveAuthority(ssh-remote,13)][1004ms] waiting...
2025-10-13 17:08:45.095 [info] [LocalProcess0][resolveAuthority(ssh-remote,13)][2004ms] waiting...
2025-10-13 17:08:46.093 [info] [LocalProcess0][resolveAuthority(ssh-remote,13)][3004ms] waiting...
2025-10-13 17:08:47.093 [info] [LocalProcess0][resolveAuthority(ssh-remote,13)][4004ms] waiting...
2025-10-13 17:08:48.093 [info] [LocalProcess0][resolveAuthority(ssh-remote,13)][5004ms] waiting...
2025-10-13 17:08:49.093 [info] [LocalProcess0][resolveAuthority(ssh-remote,13)][6004ms] waiting...
2025-10-13 17:08:50.093 [info] [LocalProcess0][resolveAuthority(ssh-remote,13)][7004ms] waiting...
2025-10-13 17:08:51.093 [info] [LocalProcess0][resolveAuthority(ssh-remote,13)][8004ms] waiting...
2025-10-13 17:08:52.093 [info] [LocalProcess0][resolveAuthority(ssh-remote,13)][9004ms] waiting...
2025-10-13 17:08:53.093 [info] [LocalProcess0][resolveAuthority(ssh-remote,13)][10004ms] waiting...
2025-10-13 17:08:54.093 [info] [LocalProcess0][resolveAuthority(ssh-remote,13)][11004ms] waiting...
2025-10-13 17:08:55.092 [info] [LocalProcess0][resolveAuthority(ssh-remote,13)][12004ms] waiting...
2025-10-13 17:08:56.093 [info] [LocalProcess0][resolveAuthority(ssh-remote,13)][13004ms] waiting...
2025-10-13 17:08:57.093 [info] [LocalProcess0][resolveAuthority(ssh-remote,13)][14004ms] waiting...
2025-10-13 17:08:58.093 [info] [LocalProcess0][resolveAuthority(ssh-remote,13)][15004ms] waiting...
2025-10-13 17:08:58.249 [error] [LocalProcess0][resolveAuthority(ssh-remote,13)][15160ms] returned an error {"code":"TemporarilyNotAvailable","message":"The connection timed out"}
2025-10-13 17:08:58.250 [error] resolveAuthority(ssh-remote) returned an error after 15161 ms The connection timed out
2025-10-13 17:08:58.251 [info] [remote-connection][Management   ][b8776…][reconnect] A temporarily not available error occurred while trying to reconnect, will try again...
2025-10-13 17:08:58.251 [info] [remote-connection][Management   ][b8776…][reconnect] waiting for 30 seconds before reconnecting...
2025-10-13 17:08:58.251 [info] [remote-connection][ExtensionHost][c83c0…][reconnect] A temporarily not available error occurred while trying to reconnect, will try again...
2025-10-13 17:08:58.252 [info] [remote-connection][ExtensionHost][c83c0…][reconnect] waiting for 30 seconds before reconnecting...
2025-10-13 17:09:03.101 [info] [remote-connection][ExtensionHost][c83c0…][reconnect] received socket timeout event (unacknowledgedMsgCount: 267, timeSinceOldestUnacknowledgedMsg: 387309, timeSinceLastReceivedSomeData: 394860).
2025-10-13 17:09:28.251 [info] [remote-connection][Management   ][b8776…][reconnect] resolving connection...
2025-10-13 17:09:28.284 [info] Invoking resolveAuthority(ssh-remote)...
2025-10-13 17:09:28.284 [info] [LocalProcess0][resolveAuthority(ssh-remote,14)][0ms] obtaining proxy...
2025-10-13 17:09:28.290 [info] [LocalProcess0][resolveAuthority(ssh-remote,14)][7ms] invoking...
2025-10-13 17:09:28.299 [info] [remote-connection][ExtensionHost][c83c0…][reconnect] resolving connection...
2025-10-13 17:09:28.306 [info] [remote-connection][ExtensionHost][c83c0…][reconnect] received socket timeout event (unacknowledgedMsgCount: 268, timeSinceOldestUnacknowledgedMsg: 412515, timeSinceLastReceivedSomeData: 420066).
2025-10-13 17:09:29.291 [info] [LocalProcess0][resolveAuthority(ssh-remote,14)][1007ms] waiting...
2025-10-13 17:09:30.291 [info] [LocalProcess0][resolveAuthority(ssh-remote,14)][2007ms] waiting...
2025-10-13 17:09:31.291 [info] [LocalProcess0][resolveAuthority(ssh-remote,14)][3007ms] waiting...
2025-10-13 17:09:32.291 [info] [LocalProcess0][resolveAuthority(ssh-remote,14)][4007ms] waiting...
2025-10-13 17:09:33.291 [info] [LocalProcess0][resolveAuthority(ssh-remote,14)][5007ms] waiting...
2025-10-13 17:09:34.291 [info] [LocalProcess0][resolveAuthority(ssh-remote,14)][6007ms] waiting...
2025-10-13 17:09:35.292 [info] [LocalProcess0][resolveAuthority(ssh-remote,14)][7007ms] waiting...
2025-10-13 17:09:36.291 [info] [LocalProcess0][resolveAuthority(ssh-remote,14)][8007ms] waiting...
2025-10-13 17:09:37.292 [info] [LocalProcess0][resolveAuthority(ssh-remote,14)][9007ms] waiting...
2025-10-13 17:09:38.291 [info] [LocalProcess0][resolveAuthority(ssh-remote,14)][10007ms] waiting...
2025-10-13 17:09:39.292 [info] [LocalProcess0][resolveAuthority(ssh-remote,14)][11007ms] waiting...
2025-10-13 17:09:40.291 [info] [LocalProcess0][resolveAuthority(ssh-remote,14)][12007ms] waiting...
2025-10-13 17:09:41.291 [info] [LocalProcess0][resolveAuthority(ssh-remote,14)][13007ms] waiting...
2025-10-13 17:09:42.291 [info] [LocalProcess0][resolveAuthority(ssh-remote,14)][14007ms] waiting...
2025-10-13 17:09:43.291 [info] [LocalProcess0][resolveAuthority(ssh-remote,14)][15007ms] waiting...
2025-10-13 17:09:43.444 [error] [LocalProcess0][resolveAuthority(ssh-remote,14)][15160ms] returned an error {"code":"TemporarilyNotAvailable","message":"The connection timed out"}
2025-10-13 17:09:43.444 [error] resolveAuthority(ssh-remote) returned an error after 15160 ms The connection timed out
2025-10-13 17:09:43.445 [info] [remote-connection][Management   ][b8776…][reconnect] A temporarily not available error occurred while trying to reconnect, will try again...
2025-10-13 17:09:43.445 [info] [remote-connection][Management   ][b8776…][reconnect] waiting for 30 seconds before reconnecting...
2025-10-13 17:09:43.446 [info] [remote-connection][ExtensionHost][c83c0…][reconnect] A temporarily not available error occurred while trying to reconnect, will try again...
2025-10-13 17:09:43.446 [info] [remote-connection][ExtensionHost][c83c0…][reconnect] waiting for 30 seconds before reconnecting...
2025-10-13 17:09:48.307 [info] [remote-connection][ExtensionHost][c83c0…][reconnect] received socket timeout event (unacknowledgedMsgCount: 285, timeSinceOldestUnacknowledgedMsg: 432515, timeSinceLastReceivedSomeData: 440066).
2025-10-13 17:10:13.446 [info] [remote-connection][Management   ][b8776…][reconnect] resolving connection...
2025-10-13 17:10:13.480 [info] Invoking resolveAuthority(ssh-remote)...
2025-10-13 17:10:13.480 [info] [LocalProcess0][resolveAuthority(ssh-remote,15)][0ms] obtaining proxy...
2025-10-13 17:10:13.483 [info] [LocalProcess0][resolveAuthority(ssh-remote,15)][3ms] invoking...
2025-10-13 17:10:13.486 [info] [remote-connection][ExtensionHost][c83c0…][reconnect] resolving connection...
2025-10-13 17:10:13.491 [info] [remote-connection][ExtensionHost][c83c0…][reconnect] received socket timeout event (unacknowledgedMsgCount: 286, timeSinceOldestUnacknowledgedMsg: 457700, timeSinceLastReceivedSomeData: 465251).
2025-10-13 17:10:14.484 [info] [LocalProcess0][resolveAuthority(ssh-remote,15)][1003ms] waiting...
2025-10-13 17:10:15.486 [info] [LocalProcess0][resolveAuthority(ssh-remote,15)][2003ms] waiting...
2025-10-13 17:10:16.484 [info] [LocalProcess0][resolveAuthority(ssh-remote,15)][3003ms] waiting...
2025-10-13 17:10:17.484 [info] [LocalProcess0][resolveAuthority(ssh-remote,15)][4003ms] waiting...
2025-10-13 17:10:18.486 [info] [LocalProcess0][resolveAuthority(ssh-remote,15)][5004ms] waiting...
2025-10-13 17:10:19.485 [info] [LocalProcess0][resolveAuthority(ssh-remote,15)][6003ms] waiting...
2025-10-13 17:10:20.484 [info] [LocalProcess0][resolveAuthority(ssh-remote,15)][7003ms] waiting...
2025-10-13 17:10:21.484 [info] [LocalProcess0][resolveAuthority(ssh-remote,15)][8003ms] waiting...
2025-10-13 17:10:22.484 [info] [LocalProcess0][resolveAuthority(ssh-remote,15)][9003ms] waiting...
2025-10-13 17:10:23.485 [info] [LocalProcess0][resolveAuthority(ssh-remote,15)][10003ms] waiting...
2025-10-13 17:10:24.484 [info] [LocalProcess0][resolveAuthority(ssh-remote,15)][11003ms] waiting...
2025-10-13 17:10:25.484 [info] [LocalProcess0][resolveAuthority(ssh-remote,15)][12003ms] waiting...
2025-10-13 17:10:26.484 [info] [LocalProcess0][resolveAuthority(ssh-remote,15)][13003ms] waiting...
2025-10-13 17:10:27.484 [info] [LocalProcess0][resolveAuthority(ssh-remote,15)][14003ms] waiting...
2025-10-13 17:10:28.484 [info] [LocalProcess0][resolveAuthority(ssh-remote,15)][15003ms] waiting...
2025-10-13 17:10:29.484 [info] [LocalProcess0][resolveAuthority(ssh-remote,15)][16003ms] waiting...
2025-10-13 17:10:30.484 [info] [LocalProcess0][resolveAuthority(ssh-remote,15)][17003ms] waiting...
2025-10-13 17:10:30.514 [error] [LocalProcess0][resolveAuthority(ssh-remote,15)][17034ms] returned an error {"code":"TemporarilyNotAvailable","message":"Connecting with SSH timed out"}
2025-10-13 17:10:30.515 [error] resolveAuthority(ssh-remote) returned an error after 17034 ms Connecting with SSH timed out
2025-10-13 17:10:30.516 [info] [remote-connection][Management   ][b8776…][reconnect] A temporarily not available error occurred while trying to reconnect, will try again...
2025-10-13 17:10:30.516 [info] [remote-connection][Management   ][b8776…][reconnect] waiting for 30 seconds before reconnecting...
2025-10-13 17:10:30.517 [info] [remote-connection][ExtensionHost][c83c0…][reconnect] A temporarily not available error occurred while trying to reconnect, will try again...
2025-10-13 17:10:30.518 [info] [remote-connection][ExtensionHost][c83c0…][reconnect] waiting for 30 seconds before reconnecting...
2025-10-13 17:10:33.493 [info] [remote-connection][ExtensionHost][c83c0…][reconnect] received socket timeout event (unacknowledgedMsgCount: 303, timeSinceOldestUnacknowledgedMsg: 477700, timeSinceLastReceivedSomeData: 485251).
2025-10-13 17:11:00.516 [info] [remote-connection][Management   ][b8776…][reconnect] resolving connection...
2025-10-13 17:11:00.548 [info] Invoking resolveAuthority(ssh-remote)...
2025-10-13 17:11:00.548 [info] [LocalProcess0][resolveAuthority(ssh-remote,16)][0ms] obtaining proxy...
2025-10-13 17:11:00.551 [info] [LocalProcess0][resolveAuthority(ssh-remote,16)][3ms] invoking...
2025-10-13 17:11:00.554 [info] [remote-connection][ExtensionHost][c83c0…][reconnect] resolving connection...
2025-10-13 17:11:00.558 [info] [remote-connection][ExtensionHost][c83c0…][reconnect] received socket timeout event (unacknowledgedMsgCount: 304, timeSinceOldestUnacknowledgedMsg: 504767, timeSinceLastReceivedSomeData: 512318).
2025-10-13 17:11:01.552 [info] [LocalProcess0][resolveAuthority(ssh-remote,16)][1003ms] waiting...
2025-10-13 17:11:02.553 [info] [LocalProcess0][resolveAuthority(ssh-remote,16)][2003ms] waiting...
2025-10-13 17:11:03.552 [info] [LocalProcess0][resolveAuthority(ssh-remote,16)][3003ms] waiting...
2025-10-13 17:11:04.552 [info] [LocalProcess0][resolveAuthority(ssh-remote,16)][4003ms] waiting...
2025-10-13 17:11:05.552 [info] [LocalProcess0][resolveAuthority(ssh-remote,16)][5003ms] waiting...
2025-10-13 17:11:06.552 [info] [LocalProcess0][resolveAuthority(ssh-remote,16)][6003ms] waiting...
2025-10-13 17:11:07.552 [info] [LocalProcess0][resolveAuthority(ssh-remote,16)][7003ms] waiting...
2025-10-13 17:11:08.552 [info] [LocalProcess0][resolveAuthority(ssh-remote,16)][8003ms] waiting...
2025-10-13 17:11:09.552 [info] [LocalProcess0][resolveAuthority(ssh-remote,16)][9003ms] waiting...
2025-10-13 17:11:10.552 [info] [LocalProcess0][resolveAuthority(ssh-remote,16)][10003ms] waiting...
2025-10-13 17:11:11.552 [info] [LocalProcess0][resolveAuthority(ssh-remote,16)][11003ms] waiting...
2025-10-13 17:11:12.552 [info] [LocalProcess0][resolveAuthority(ssh-remote,16)][12003ms] waiting...
2025-10-13 17:11:13.552 [info] [LocalProcess0][resolveAuthority(ssh-remote,16)][13003ms] waiting...
2025-10-13 17:11:14.552 [info] [LocalProcess0][resolveAuthority(ssh-remote,16)][14003ms] waiting...
2025-10-13 17:11:15.552 [info] [LocalProcess0][resolveAuthority(ssh-remote,16)][15003ms] waiting...
2025-10-13 17:11:15.698 [error] [LocalProcess0][resolveAuthority(ssh-remote,16)][15150ms] returned an error {"code":"TemporarilyNotAvailable","message":"The connection timed out"}
2025-10-13 17:11:15.699 [error] resolveAuthority(ssh-remote) returned an error after 15151 ms The connection timed out
2025-10-13 17:11:15.699 [info] [remote-connection][Management   ][b8776…][reconnect] A temporarily not available error occurred while trying to reconnect, will try again...
2025-10-13 17:11:15.699 [info] [remote-connection][Management   ][b8776…][reconnect] waiting for 30 seconds before reconnecting...
2025-10-13 17:11:15.700 [info] [remote-connection][ExtensionHost][c83c0…][reconnect] A temporarily not available error occurred while trying to reconnect, will try again...
2025-10-13 17:11:15.700 [info] [remote-connection][ExtensionHost][c83c0…][reconnect] waiting for 30 seconds before reconnecting...
2025-10-13 17:11:20.560 [info] [remote-connection][ExtensionHost][c83c0…][reconnect] received socket timeout event (unacknowledgedMsgCount: 323, timeSinceOldestUnacknowledgedMsg: 524767, timeSinceLastReceivedSomeData: 532318).
2025-10-13 17:11:45.701 [info] [remote-connection][Management   ][b8776…][reconnect] resolving connection...
2025-10-13 17:11:45.736 [info] Invoking resolveAuthority(ssh-remote)...
2025-10-13 17:11:45.736 [info] [LocalProcess0][resolveAuthority(ssh-remote,17)][0ms] obtaining proxy...
2025-10-13 17:11:45.738 [info] [LocalProcess0][resolveAuthority(ssh-remote,17)][3ms] invoking...
2025-10-13 17:11:45.739 [info] [remote-connection][ExtensionHost][c83c0…][reconnect] resolving connection...
2025-10-13 17:11:45.746 [info] [remote-connection][ExtensionHost][c83c0…][reconnect] received socket timeout event (unacknowledgedMsgCount: 324, timeSinceOldestUnacknowledgedMsg: 549954, timeSinceLastReceivedSomeData: 557505).
2025-10-13 17:11:46.740 [info] [LocalProcess0][resolveAuthority(ssh-remote,17)][1004ms] waiting...
2025-10-13 17:11:47.741 [info] [LocalProcess0][resolveAuthority(ssh-remote,17)][2004ms] waiting...
2025-10-13 17:11:48.740 [info] [LocalProcess0][resolveAuthority(ssh-remote,17)][3004ms] waiting...
2025-10-13 17:11:49.740 [info] [LocalProcess0][resolveAuthority(ssh-remote,17)][4004ms] waiting...
2025-10-13 17:11:50.740 [info] [LocalProcess0][resolveAuthority(ssh-remote,17)][5004ms] waiting...
2025-10-13 17:11:51.740 [info] [LocalProcess0][resolveAuthority(ssh-remote,17)][6004ms] waiting...
2025-10-13 17:11:52.740 [info] [LocalProcess0][resolveAuthority(ssh-remote,17)][7004ms] waiting...
2025-10-13 17:11:53.740 [info] [LocalProcess0][resolveAuthority(ssh-remote,17)][8004ms] waiting...
2025-10-13 17:11:54.740 [info] [LocalProcess0][resolveAuthority(ssh-remote,17)][9004ms] waiting...
2025-10-13 17:11:55.739 [info] [LocalProcess0][resolveAuthority(ssh-remote,17)][10004ms] waiting...
2025-10-13 17:11:56.740 [info] [LocalProcess0][resolveAuthority(ssh-remote,17)][11004ms] waiting...
2025-10-13 17:11:57.740 [info] [LocalProcess0][resolveAuthority(ssh-remote,17)][12004ms] waiting...
2025-10-13 17:11:58.740 [info] [LocalProcess0][resolveAuthority(ssh-remote,17)][13004ms] waiting...
2025-10-13 17:11:59.740 [info] [LocalProcess0][resolveAuthority(ssh-remote,17)][14004ms] waiting...
2025-10-13 17:12:00.740 [info] [LocalProcess0][resolveAuthority(ssh-remote,17)][15004ms] waiting...
2025-10-13 17:12:00.890 [error] [LocalProcess0][resolveAuthority(ssh-remote,17)][15154ms] returned an error {"code":"TemporarilyNotAvailable","message":"The connection timed out"}
2025-10-13 17:12:00.891 [error] resolveAuthority(ssh-remote) returned an error after 15155 ms The connection timed out
2025-10-13 17:12:00.892 [info] [remote-connection][Management   ][b8776…][reconnect] A temporarily not available error occurred while trying to reconnect, will try again...
2025-10-13 17:12:00.892 [info] [remote-connection][Management   ][b8776…][reconnect] waiting for 30 seconds before reconnecting...
2025-10-13 17:12:00.893 [info] [remote-connection][ExtensionHost][c83c0…][reconnect] A temporarily not available error occurred while trying to reconnect, will try again...
2025-10-13 17:12:00.893 [info] [remote-connection][ExtensionHost][c83c0…][reconnect] waiting for 30 seconds before reconnecting...
2025-10-13 17:12:05.746 [info] [remote-connection][ExtensionHost][c83c0…][reconnect] received socket timeout event (unacknowledgedMsgCount: 345, timeSinceOldestUnacknowledgedMsg: 569954, timeSinceLastReceivedSomeData: 577505).
2025-10-13 17:12:12.375 [info] [remote-connection][Management   ][b8776…][reconnect] received socket timeout event (unacknowledgedMsgCount: 18, timeSinceOldestUnacknowledgedMsg: 576583, timeSinceLastReceivedSomeData: 583766).
2025-10-13 17:12:25.747 [info] [remote-connection][ExtensionHost][c83c0…][reconnect] received socket timeout event (unacknowledgedMsgCount: 349, timeSinceOldestUnacknowledgedMsg: 589955, timeSinceLastReceivedSomeData: 597506).
2025-10-13 17:12:30.891 [info] [remote-connection][Management   ][b8776…][reconnect] resolving connection...
2025-10-13 17:12:30.915 [info] Invoking resolveAuthority(ssh-remote)...
2025-10-13 17:12:30.915 [info] [LocalProcess0][resolveAuthority(ssh-remote,18)][0ms] obtaining proxy...
2025-10-13 17:12:30.918 [info] [LocalProcess0][resolveAuthority(ssh-remote,18)][2ms] invoking...
2025-10-13 17:12:30.921 [info] [remote-connection][ExtensionHost][c83c0…][reconnect] resolving connection...
2025-10-13 17:12:31.918 [info] [LocalProcess0][resolveAuthority(ssh-remote,18)][1003ms] waiting...
2025-10-13 17:12:32.375 [info] [remote-connection][Management   ][b8776…][reconnect] received socket timeout event (unacknowledgedMsgCount: 19, timeSinceOldestUnacknowledgedMsg: 596583, timeSinceLastReceivedSomeData: 603766).
2025-10-13 17:12:32.920 [info] [LocalProcess0][resolveAuthority(ssh-remote,18)][2003ms] waiting...
2025-10-13 17:12:33.919 [info] [LocalProcess0][resolveAuthority(ssh-remote,18)][3003ms] waiting...
2025-10-13 17:12:34.919 [info] [LocalProcess0][resolveAuthority(ssh-remote,18)][4003ms] waiting...
2025-10-13 17:12:35.919 [info] [LocalProcess0][resolveAuthority(ssh-remote,18)][5003ms] waiting...
2025-10-13 17:12:36.919 [info] [LocalProcess0][resolveAuthority(ssh-remote,18)][6003ms] waiting...
2025-10-13 17:12:37.919 [info] [LocalProcess0][resolveAuthority(ssh-remote,18)][7003ms] waiting...
2025-10-13 17:12:38.919 [info] [LocalProcess0][resolveAuthority(ssh-remote,18)][8003ms] waiting...
2025-10-13 17:12:39.919 [info] [LocalProcess0][resolveAuthority(ssh-remote,18)][9003ms] waiting...
2025-10-13 17:12:40.919 [info] [LocalProcess0][resolveAuthority(ssh-remote,18)][10003ms] waiting...
2025-10-13 17:12:41.919 [info] [LocalProcess0][resolveAuthority(ssh-remote,18)][11003ms] waiting...
2025-10-13 17:12:42.919 [info] [LocalProcess0][resolveAuthority(ssh-remote,18)][12003ms] waiting...
2025-10-13 17:12:43.919 [info] [LocalProcess0][resolveAuthority(ssh-remote,18)][13003ms] waiting...
2025-10-13 17:12:44.919 [info] [LocalProcess0][resolveAuthority(ssh-remote,18)][14003ms] waiting...
2025-10-13 17:12:45.748 [info] [remote-connection][ExtensionHost][c83c0…][reconnect] received socket timeout event (unacknowledgedMsgCount: 360, timeSinceOldestUnacknowledgedMsg: 609956, timeSinceLastReceivedSomeData: 617507).
2025-10-13 17:12:45.919 [info] [LocalProcess0][resolveAuthority(ssh-remote,18)][15003ms] waiting...
2025-10-13 17:12:46.078 [error] [LocalProcess0][resolveAuthority(ssh-remote,18)][15162ms] returned an error {"code":"TemporarilyNotAvailable","message":"The connection timed out"}
2025-10-13 17:12:46.078 [error] resolveAuthority(ssh-remote) returned an error after 15163 ms The connection timed out
2025-10-13 17:12:46.079 [info] [remote-connection][Management   ][b8776…][reconnect] A temporarily not available error occurred while trying to reconnect, will try again...
2025-10-13 17:12:46.079 [info] [remote-connection][Management   ][b8776…][reconnect] waiting for 30 seconds before reconnecting...
2025-10-13 17:12:46.079 [info] [remote-connection][ExtensionHost][c83c0…][reconnect] A temporarily not available error occurred while trying to reconnect, will try again...
2025-10-13 17:12:46.079 [info] [remote-connection][ExtensionHost][c83c0…][reconnect] waiting for 30 seconds before reconnecting...
2025-10-13 17:13:05.749 [info] [remote-connection][ExtensionHost][c83c0…][reconnect] received socket timeout event (unacknowledgedMsgCount: 369, timeSinceOldestUnacknowledgedMsg: 629956, timeSinceLastReceivedSomeData: 637507).
2025-10-13 17:13:16.080 [info] [remote-connection][Management   ][b8776…][reconnect] resolving connection...
2025-10-13 17:13:16.117 [info] Invoking resolveAuthority(ssh-remote)...
2025-10-13 17:13:16.117 [info] [LocalProcess0][resolveAuthority(ssh-remote,19)][0ms] obtaining proxy...
2025-10-13 17:13:16.120 [info] [LocalProcess0][resolveAuthority(ssh-remote,19)][2ms] invoking...
2025-10-13 17:13:16.123 [info] [remote-connection][ExtensionHost][c83c0…][reconnect] resolving connection...
2025-10-13 17:13:17.121 [info] [LocalProcess0][resolveAuthority(ssh-remote,19)][1003ms] waiting...
2025-10-13 17:13:18.123 [info] [LocalProcess0][resolveAuthority(ssh-remote,19)][2003ms] waiting...
2025-10-13 17:13:19.121 [info] [LocalProcess0][resolveAuthority(ssh-remote,19)][3003ms] waiting...
2025-10-13 17:13:20.121 [info] [LocalProcess0][resolveAuthority(ssh-remote,19)][4003ms] waiting...
2025-10-13 17:13:21.121 [info] [LocalProcess0][resolveAuthority(ssh-remote,19)][5003ms] waiting...
2025-10-13 17:13:22.121 [info] [LocalProcess0][resolveAuthority(ssh-remote,19)][6003ms] waiting...
2025-10-13 17:13:23.121 [info] [LocalProcess0][resolveAuthority(ssh-remote,19)][7003ms] waiting...
2025-10-13 17:13:24.121 [info] [LocalProcess0][resolveAuthority(ssh-remote,19)][8003ms] waiting...
2025-10-13 17:13:25.121 [info] [LocalProcess0][resolveAuthority(ssh-remote,19)][9003ms] waiting...
2025-10-13 17:13:25.749 [info] [remote-connection][ExtensionHost][c83c0…][reconnect] received socket timeout event (unacknowledgedMsgCount: 382, timeSinceOldestUnacknowledgedMsg: 649956, timeSinceLastReceivedSomeData: 657507).
2025-10-13 17:13:26.121 [info] [LocalProcess0][resolveAuthority(ssh-remote,19)][10003ms] waiting...
2025-10-13 17:13:27.121 [info] [LocalProcess0][resolveAuthority(ssh-remote,19)][11003ms] waiting...
2025-10-13 17:13:28.121 [info] [LocalProcess0][resolveAuthority(ssh-remote,19)][12003ms] waiting...
2025-10-13 17:13:29.121 [info] [LocalProcess0][resolveAuthority(ssh-remote,19)][13003ms] waiting...
2025-10-13 17:13:30.121 [info] [LocalProcess0][resolveAuthority(ssh-remote,19)][14003ms] waiting...
2025-10-13 17:13:31.121 [info] [LocalProcess0][resolveAuthority(ssh-remote,19)][15003ms] waiting...
2025-10-13 17:13:31.311 [error] [LocalProcess0][resolveAuthority(ssh-remote,19)][15193ms] returned an error {"code":"TemporarilyNotAvailable","message":"The connection timed out"}
2025-10-13 17:13:31.312 [error] resolveAuthority(ssh-remote) returned an error after 15194 ms The connection timed out
2025-10-13 17:13:31.313 [info] [remote-connection][Management   ][b8776…][reconnect] A temporarily not available error occurred while trying to reconnect, will try again...
2025-10-13 17:13:31.313 [info] [remote-connection][Management   ][b8776…][reconnect] waiting for 30 seconds before reconnecting...
2025-10-13 17:13:31.314 [info] [remote-connection][ExtensionHost][c83c0…][reconnect] A temporarily not available error occurred while trying to reconnect, will try again...
2025-10-13 17:13:31.314 [info] [remote-connection][ExtensionHost][c83c0…][reconnect] waiting for 30 seconds before reconnecting...
2025-10-13 17:13:45.749 [info] [remote-connection][ExtensionHost][c83c0…][reconnect] received socket timeout event (unacknowledgedMsgCount: 389, timeSinceOldestUnacknowledgedMsg: 669957, timeSinceLastReceivedSomeData: 677508).
2025-10-13 17:14:01.312 [info] [remote-connection][Management   ][b8776…][reconnect] resolving connection...
2025-10-13 17:14:01.343 [info] Invoking resolveAuthority(ssh-remote)...
2025-10-13 17:14:01.343 [info] [LocalProcess0][resolveAuthority(ssh-remote,20)][0ms] obtaining proxy...
2025-10-13 17:14:01.346 [info] [LocalProcess0][resolveAuthority(ssh-remote,20)][3ms] invoking...
2025-10-13 17:14:01.349 [info] [remote-connection][ExtensionHost][c83c0…][reconnect] resolving connection...
2025-10-13 17:14:02.347 [info] [LocalProcess0][resolveAuthority(ssh-remote,20)][1003ms] waiting...
2025-10-13 17:14:03.347 [info] [LocalProcess0][resolveAuthority(ssh-remote,20)][2003ms] waiting...
2025-10-13 17:14:04.347 [info] [LocalProcess0][resolveAuthority(ssh-remote,20)][3003ms] waiting...
2025-10-13 17:14:05.347 [info] [LocalProcess0][resolveAuthority(ssh-remote,20)][4003ms] waiting...
2025-10-13 17:14:05.749 [info] [remote-connection][ExtensionHost][c83c0…][reconnect] received socket timeout event (unacknowledgedMsgCount: 402, timeSinceOldestUnacknowledgedMsg: 689957, timeSinceLastReceivedSomeData: 697508).
2025-10-13 17:14:06.347 [info] [LocalProcess0][resolveAuthority(ssh-remote,20)][5003ms] waiting...
2025-10-13 17:14:07.348 [info] [LocalProcess0][resolveAuthority(ssh-remote,20)][6003ms] waiting...
2025-10-13 17:14:08.347 [info] [LocalProcess0][resolveAuthority(ssh-remote,20)][7003ms] waiting...
2025-10-13 17:14:09.347 [info] [LocalProcess0][resolveAuthority(ssh-remote,20)][8003ms] waiting...
2025-10-13 17:14:10.348 [info] [LocalProcess0][resolveAuthority(ssh-remote,20)][9003ms] waiting...
2025-10-13 17:14:11.347 [info] [LocalProcess0][resolveAuthority(ssh-remote,20)][10003ms] waiting...
2025-10-13 17:14:12.347 [info] [LocalProcess0][resolveAuthority(ssh-remote,20)][11003ms] waiting...
2025-10-13 17:14:13.347 [info] [LocalProcess0][resolveAuthority(ssh-remote,20)][12003ms] waiting...
2025-10-13 17:14:14.347 [info] [LocalProcess0][resolveAuthority(ssh-remote,20)][13003ms] waiting...
2025-10-13 17:14:15.347 [info] [LocalProcess0][resolveAuthority(ssh-remote,20)][14003ms] waiting...
2025-10-13 17:14:16.347 [info] [LocalProcess0][resolveAuthority(ssh-remote,20)][15003ms] waiting...
2025-10-13 17:14:16.492 [error] [LocalProcess0][resolveAuthority(ssh-remote,20)][15149ms] returned an error {"code":"TemporarilyNotAvailable","message":"The connection timed out"}
2025-10-13 17:14:16.493 [error] resolveAuthority(ssh-remote) returned an error after 15149 ms The connection timed out
2025-10-13 17:14:16.493 [info] [remote-connection][Management   ][b8776…][reconnect] A temporarily not available error occurred while trying to reconnect, will try again...
2025-10-13 17:14:16.494 [info] [remote-connection][Management   ][b8776…][reconnect] waiting for 30 seconds before reconnecting...
2025-10-13 17:14:16.494 [info] [remote-connection][ExtensionHost][c83c0…][reconnect] A temporarily not available error occurred while trying to reconnect, will try again...
2025-10-13 17:14:16.494 [info] [remote-connection][ExtensionHost][c83c0…][reconnect] waiting for 30 seconds before reconnecting...
2025-10-13 17:14:25.750 [info] [remote-connection][ExtensionHost][c83c0…][reconnect] received socket timeout event (unacknowledgedMsgCount: 409, timeSinceOldestUnacknowledgedMsg: 709958, timeSinceLastReceivedSomeData: 717509).
2025-10-13 17:14:46.495 [info] [remote-connection][Management   ][b8776…][reconnect] resolving connection...
2025-10-13 17:14:46.528 [info] Invoking resolveAuthority(ssh-remote)...
2025-10-13 17:14:46.528 [info] [LocalProcess0][resolveAuthority(ssh-remote,21)][0ms] obtaining proxy...
2025-10-13 17:14:46.531 [info] [LocalProcess0][resolveAuthority(ssh-remote,21)][3ms] invoking...
2025-10-13 17:14:46.538 [info] [remote-connection][ExtensionHost][c83c0…][reconnect] resolving connection...
2025-10-13 17:14:46.546 [info] [remote-connection][ExtensionHost][c83c0…][reconnect] received socket timeout event (unacknowledgedMsgCount: 410, timeSinceOldestUnacknowledgedMsg: 730755, timeSinceLastReceivedSomeData: 738306).
2025-10-13 17:14:47.533 [info] [LocalProcess0][resolveAuthority(ssh-remote,21)][1003ms] waiting...
2025-10-13 17:14:48.534 [info] [LocalProcess0][resolveAuthority(ssh-remote,21)][2003ms] waiting...
2025-10-13 17:14:49.533 [info] [LocalProcess0][resolveAuthority(ssh-remote,21)][3003ms] waiting...
2025-10-13 17:14:50.532 [info] [LocalProcess0][resolveAuthority(ssh-remote,21)][4003ms] waiting...
2025-10-13 17:14:51.532 [info] [LocalProcess0][resolveAuthority(ssh-remote,21)][5003ms] waiting...
2025-10-13 17:14:52.532 [info] [LocalProcess0][resolveAuthority(ssh-remote,21)][6003ms] waiting...
2025-10-13 17:14:53.532 [info] [LocalProcess0][resolveAuthority(ssh-remote,21)][7003ms] waiting...
2025-10-13 17:14:54.533 [info] [LocalProcess0][resolveAuthority(ssh-remote,21)][8003ms] waiting...
2025-10-13 17:14:55.532 [info] [LocalProcess0][resolveAuthority(ssh-remote,21)][9003ms] waiting...
2025-10-13 17:14:56.532 [info] [LocalProcess0][resolveAuthority(ssh-remote,21)][10003ms] waiting...
2025-10-13 17:14:57.533 [info] [LocalProcess0][resolveAuthority(ssh-remote,21)][11003ms] waiting...
2025-10-13 17:14:58.533 [info] [LocalProcess0][resolveAuthority(ssh-remote,21)][12003ms] waiting...
2025-10-13 17:14:59.533 [info] [LocalProcess0][resolveAuthority(ssh-remote,21)][13003ms] waiting...
2025-10-13 17:15:00.533 [info] [LocalProcess0][resolveAuthority(ssh-remote,21)][14003ms] waiting...
2025-10-13 17:15:01.533 [info] [LocalProcess0][resolveAuthority(ssh-remote,21)][15003ms] waiting...
2025-10-13 17:15:01.670 [error] [LocalProcess0][resolveAuthority(ssh-remote,21)][15141ms] returned an error {"code":"TemporarilyNotAvailable","message":"The connection timed out"}
2025-10-13 17:15:01.670 [error] resolveAuthority(ssh-remote) returned an error after 15142 ms The connection timed out
2025-10-13 17:15:01.671 [info] [remote-connection][Management   ][b8776…][reconnect] A temporarily not available error occurred while trying to reconnect, will try again...
2025-10-13 17:15:01.671 [info] [remote-connection][Management   ][b8776…][reconnect] waiting for 30 seconds before reconnecting...
2025-10-13 17:15:01.672 [info] [remote-connection][ExtensionHost][c83c0…][reconnect] A temporarily not available error occurred while trying to reconnect, will try again...
2025-10-13 17:15:01.672 [info] [remote-connection][ExtensionHost][c83c0…][reconnect] waiting for 30 seconds before reconnecting...
2025-10-13 17:15:06.548 [info] [remote-connection][ExtensionHost][c83c0…][reconnect] received socket timeout event (unacknowledgedMsgCount: 423, timeSinceOldestUnacknowledgedMsg: 750755, timeSinceLastReceivedSomeData: 758306).
2025-10-13 17:15:31.672 [info] [remote-connection][Management   ][b8776…][reconnect] resolving connection...
2025-10-13 17:15:31.703 [info] Invoking resolveAuthority(ssh-remote)...
2025-10-13 17:15:31.703 [info] [LocalProcess0][resolveAuthority(ssh-remote,22)][0ms] obtaining proxy...
2025-10-13 17:15:31.706 [info] [LocalProcess0][resolveAuthority(ssh-remote,22)][3ms] invoking...
2025-10-13 17:15:31.710 [info] [remote-connection][ExtensionHost][c83c0…][reconnect] resolving connection...
2025-10-13 17:15:31.716 [info] [remote-connection][ExtensionHost][c83c0…][reconnect] received socket timeout event (unacknowledgedMsgCount: 424, timeSinceOldestUnacknowledgedMsg: 775924, timeSinceLastReceivedSomeData: 783475).
2025-10-13 17:15:32.707 [info] [LocalProcess0][resolveAuthority(ssh-remote,22)][1003ms] waiting...
2025-10-13 17:15:33.708 [info] [LocalProcess0][resolveAuthority(ssh-remote,22)][2003ms] waiting...
2025-10-13 17:15:34.708 [info] [LocalProcess0][resolveAuthority(ssh-remote,22)][3003ms] waiting...
2025-10-13 17:15:35.707 [info] [LocalProcess0][resolveAuthority(ssh-remote,22)][4003ms] waiting...
2025-10-13 17:15:36.707 [info] [LocalProcess0][resolveAuthority(ssh-remote,22)][5003ms] waiting...
2025-10-13 17:15:37.707 [info] [LocalProcess0][resolveAuthority(ssh-remote,22)][6003ms] waiting...
2025-10-13 17:15:38.707 [info] [LocalProcess0][resolveAuthority(ssh-remote,22)][7003ms] waiting...
2025-10-13 17:15:39.707 [info] [LocalProcess0][resolveAuthority(ssh-remote,22)][8003ms] waiting...
2025-10-13 17:15:40.707 [info] [LocalProcess0][resolveAuthority(ssh-remote,22)][9003ms] waiting...
2025-10-13 17:15:41.707 [info] [LocalProcess0][resolveAuthority(ssh-remote,22)][10003ms] waiting...
2025-10-13 17:15:42.707 [info] [LocalProcess0][resolveAuthority(ssh-remote,22)][11003ms] waiting...
2025-10-13 17:15:43.707 [info] [LocalProcess0][resolveAuthority(ssh-remote,22)][12003ms] waiting...
2025-10-13 17:15:44.707 [info] [LocalProcess0][resolveAuthority(ssh-remote,22)][13003ms] waiting...
2025-10-13 17:15:45.707 [info] [LocalProcess0][resolveAuthority(ssh-remote,22)][14003ms] waiting...
2025-10-13 17:15:46.708 [info] [LocalProcess0][resolveAuthority(ssh-remote,22)][15003ms] waiting...
2025-10-13 17:15:46.846 [error] [LocalProcess0][resolveAuthority(ssh-remote,22)][15143ms] returned an error {"code":"TemporarilyNotAvailable","message":"The connection timed out"}
2025-10-13 17:15:46.846 [error] resolveAuthority(ssh-remote) returned an error after 15143 ms The connection timed out
2025-10-13 17:15:46.847 [info] [remote-connection][Management   ][b8776…][reconnect] A temporarily not available error occurred while trying to reconnect, will try again...
2025-10-13 17:15:46.847 [info] [remote-connection][Management   ][b8776…][reconnect] waiting for 30 seconds before reconnecting...
2025-10-13 17:15:46.847 [info] [remote-connection][ExtensionHost][c83c0…][reconnect] A temporarily not available error occurred while trying to reconnect, will try again...
2025-10-13 17:15:46.847 [info] [remote-connection][ExtensionHost][c83c0…][reconnect] waiting for 30 seconds before reconnecting...
2025-10-13 17:15:51.717 [info] [remote-connection][ExtensionHost][c83c0…][reconnect] received socket timeout event (unacknowledgedMsgCount: 443, timeSinceOldestUnacknowledgedMsg: 795925, timeSinceLastReceivedSomeData: 803476).
2025-10-13 17:16:16.848 [info] [remote-connection][Management   ][b8776…][reconnect] resolving connection...
2025-10-13 17:16:16.886 [info] Invoking resolveAuthority(ssh-remote)...
2025-10-13 17:16:16.887 [info] [LocalProcess0][resolveAuthority(ssh-remote,23)][0ms] obtaining proxy...
2025-10-13 17:16:16.898 [info] [LocalProcess0][resolveAuthority(ssh-remote,23)][11ms] invoking...
2025-10-13 17:16:16.905 [info] [remote-connection][ExtensionHost][c83c0…][reconnect] resolving connection...
2025-10-13 17:16:16.915 [info] [remote-connection][ExtensionHost][c83c0…][reconnect] received socket timeout event (unacknowledgedMsgCount: 444, timeSinceOldestUnacknowledgedMsg: 821124, timeSinceLastReceivedSomeData: 828675).
2025-10-13 17:16:17.899 [info] [LocalProcess0][resolveAuthority(ssh-remote,23)][1012ms] waiting...
2025-10-13 17:16:18.899 [info] [LocalProcess0][resolveAuthority(ssh-remote,23)][2012ms] waiting...
2025-10-13 17:16:19.899 [info] [LocalProcess0][resolveAuthority(ssh-remote,23)][3012ms] waiting...
2025-10-13 17:16:20.899 [info] [LocalProcess0][resolveAuthority(ssh-remote,23)][4012ms] waiting...
2025-10-13 17:16:21.899 [info] [LocalProcess0][resolveAuthority(ssh-remote,23)][5012ms] waiting...
2025-10-13 17:16:22.899 [info] [LocalProcess0][resolveAuthority(ssh-remote,23)][6012ms] waiting...
2025-10-13 17:16:23.899 [info] [LocalProcess0][resolveAuthority(ssh-remote,23)][7012ms] waiting...
2025-10-13 17:16:24.899 [info] [LocalProcess0][resolveAuthority(ssh-remote,23)][8012ms] waiting...
2025-10-13 17:16:25.899 [info] [LocalProcess0][resolveAuthority(ssh-remote,23)][9012ms] waiting...
2025-10-13 17:16:26.899 [info] [LocalProcess0][resolveAuthority(ssh-remote,23)][10012ms] waiting...
2025-10-13 17:16:27.899 [info] [LocalProcess0][resolveAuthority(ssh-remote,23)][11012ms] waiting...
2025-10-13 17:16:28.899 [info] [LocalProcess0][resolveAuthority(ssh-remote,23)][12012ms] waiting...
2025-10-13 17:16:29.899 [info] [LocalProcess0][resolveAuthority(ssh-remote,23)][13012ms] waiting...
2025-10-13 17:16:30.899 [info] [LocalProcess0][resolveAuthority(ssh-remote,23)][14012ms] waiting...
2025-10-13 17:16:31.899 [info] [LocalProcess0][resolveAuthority(ssh-remote,23)][15012ms] waiting...
2025-10-13 17:16:32.105 [error] [LocalProcess0][resolveAuthority(ssh-remote,23)][15218ms] returned an error {"code":"TemporarilyNotAvailable","message":"The connection timed out"}
2025-10-13 17:16:32.105 [error] resolveAuthority(ssh-remote) returned an error after 15218 ms The connection timed out
2025-10-13 17:16:32.105 [info] [remote-connection][Management   ][b8776…][reconnect] A temporarily not available error occurred while trying to reconnect, will try again...
2025-10-13 17:16:32.105 [info] [remote-connection][Management   ][b8776…][reconnect] waiting for 30 seconds before reconnecting...
2025-10-13 17:16:32.106 [info] [remote-connection][ExtensionHost][c83c0…][reconnect] A temporarily not available error occurred while trying to reconnect, will try again...
2025-10-13 17:16:32.106 [info] [remote-connection][ExtensionHost][c83c0…][reconnect] waiting for 30 seconds before reconnecting...
2025-10-13 17:16:36.917 [info] [remote-connection][ExtensionHost][c83c0…][reconnect] received socket timeout event (unacknowledgedMsgCount: 463, timeSinceOldestUnacknowledgedMsg: 841125, timeSinceLastReceivedSomeData: 848676).
2025-10-13 17:17:02.105 [info] [remote-connection][Management   ][b8776…][reconnect] resolving connection...
2025-10-13 17:17:02.129 [info] Invoking resolveAuthority(ssh-remote)...
2025-10-13 17:17:02.129 [info] [LocalProcess0][resolveAuthority(ssh-remote,24)][0ms] obtaining proxy...
2025-10-13 17:17:02.132 [info] [LocalProcess0][resolveAuthority(ssh-remote,24)][3ms] invoking...
2025-10-13 17:17:02.135 [info] [remote-connection][ExtensionHost][c83c0…][reconnect] resolving connection...
2025-10-13 17:17:02.140 [info] [remote-connection][ExtensionHost][c83c0…][reconnect] received socket timeout event (unacknowledgedMsgCount: 464, timeSinceOldestUnacknowledgedMsg: 866349, timeSinceLastReceivedSomeData: 873900).
2025-10-13 17:17:03.134 [info] [LocalProcess0][resolveAuthority(ssh-remote,24)][1003ms] waiting...
2025-10-13 17:17:04.135 [info] [LocalProcess0][resolveAuthority(ssh-remote,24)][2003ms] waiting...
2025-10-13 17:17:05.133 [info] [LocalProcess0][resolveAuthority(ssh-remote,24)][3003ms] waiting...
2025-10-13 17:17:06.133 [info] [LocalProcess0][resolveAuthority(ssh-remote,24)][4003ms] waiting...
2025-10-13 17:17:07.133 [info] [LocalProcess0][resolveAuthority(ssh-remote,24)][5003ms] waiting...
2025-10-13 17:17:08.133 [info] [LocalProcess0][resolveAuthority(ssh-remote,24)][6003ms] waiting...
2025-10-13 17:17:09.134 [info] [LocalProcess0][resolveAuthority(ssh-remote,24)][7004ms] waiting...
2025-10-13 17:17:10.133 [info] [LocalProcess0][resolveAuthority(ssh-remote,24)][8003ms] waiting...
2025-10-13 17:17:11.133 [info] [LocalProcess0][resolveAuthority(ssh-remote,24)][9003ms] waiting...
2025-10-13 17:17:12.132 [info] [LocalProcess0][resolveAuthority(ssh-remote,24)][10003ms] waiting...
2025-10-13 17:17:13.133 [info] [LocalProcess0][resolveAuthority(ssh-remote,24)][11003ms] waiting...
2025-10-13 17:17:14.133 [info] [LocalProcess0][resolveAuthority(ssh-remote,24)][12003ms] waiting...
2025-10-13 17:17:15.134 [info] [LocalProcess0][resolveAuthority(ssh-remote,24)][13003ms] waiting...
2025-10-13 17:17:16.133 [info] [LocalProcess0][resolveAuthority(ssh-remote,24)][14003ms] waiting...
2025-10-13 17:17:17.132 [info] [LocalProcess0][resolveAuthority(ssh-remote,24)][15003ms] waiting...
2025-10-13 17:17:17.284 [error] [LocalProcess0][resolveAuthority(ssh-remote,24)][15154ms] returned an error {"code":"TemporarilyNotAvailable","message":"The connection timed out"}
2025-10-13 17:17:17.285 [error] resolveAuthority(ssh-remote) returned an error after 15155 ms The connection timed out
2025-10-13 17:17:17.285 [info] [remote-connection][Management   ][b8776…][reconnect] A temporarily not available error occurred while trying to reconnect, will try again...
2025-10-13 17:17:17.286 [info] [remote-connection][Management   ][b8776…][reconnect] waiting for 30 seconds before reconnecting...
2025-10-13 17:17:17.286 [info] [remote-connection][ExtensionHost][c83c0…][reconnect] A temporarily not available error occurred while trying to reconnect, will try again...
2025-10-13 17:17:17.286 [info] [remote-connection][ExtensionHost][c83c0…][reconnect] waiting for 30 seconds before reconnecting...
2025-10-13 17:17:22.141 [info] [remote-connection][ExtensionHost][c83c0…][reconnect] received socket timeout event (unacknowledgedMsgCount: 481, timeSinceOldestUnacknowledgedMsg: 886349, timeSinceLastReceivedSomeData: 893900).
2025-10-13 17:17:47.285 [info] [remote-connection][Management   ][b8776…][reconnect] resolving connection...
2025-10-13 17:17:47.305 [info] Invoking resolveAuthority(ssh-remote)...
2025-10-13 17:17:47.305 [info] [LocalProcess0][resolveAuthority(ssh-remote,25)][0ms] obtaining proxy...
2025-10-13 17:17:47.308 [info] [LocalProcess0][resolveAuthority(ssh-remote,25)][3ms] invoking...
2025-10-13 17:17:47.312 [info] [remote-connection][ExtensionHost][c83c0…][reconnect] resolving connection...
2025-10-13 17:17:47.317 [info] [remote-connection][ExtensionHost][c83c0…][reconnect] received socket timeout event (unacknowledgedMsgCount: 482, timeSinceOldestUnacknowledgedMsg: 911525, timeSinceLastReceivedSomeData: 919076).
2025-10-13 17:17:48.309 [info] [LocalProcess0][resolveAuthority(ssh-remote,25)][1003ms] waiting...
2025-10-13 17:17:49.311 [info] [LocalProcess0][resolveAuthority(ssh-remote,25)][2003ms] waiting...
2025-10-13 17:17:50.309 [info] [LocalProcess0][resolveAuthority(ssh-remote,25)][3003ms] waiting...
2025-10-13 17:17:51.309 [info] [LocalProcess0][resolveAuthority(ssh-remote,25)][4003ms] waiting...
2025-10-13 17:17:52.309 [info] [LocalProcess0][resolveAuthority(ssh-remote,25)][5003ms] waiting...
2025-10-13 17:17:53.310 [info] [LocalProcess0][resolveAuthority(ssh-remote,25)][6003ms] waiting...
2025-10-13 17:17:54.309 [info] [LocalProcess0][resolveAuthority(ssh-remote,25)][7003ms] waiting...
2025-10-13 17:17:55.309 [info] [LocalProcess0][resolveAuthority(ssh-remote,25)][8003ms] waiting...
2025-10-13 17:17:56.309 [info] [LocalProcess0][resolveAuthority(ssh-remote,25)][9003ms] waiting...
2025-10-13 17:17:57.309 [info] [LocalProcess0][resolveAuthority(ssh-remote,25)][10003ms] waiting...
2025-10-13 17:17:58.309 [info] [LocalProcess0][resolveAuthority(ssh-remote,25)][11003ms] waiting...
2025-10-13 17:17:59.309 [info] [LocalProcess0][resolveAuthority(ssh-remote,25)][12003ms] waiting...
2025-10-13 17:18:00.309 [info] [LocalProcess0][resolveAuthority(ssh-remote,25)][13003ms] waiting...
2025-10-13 17:18:01.309 [info] [LocalProcess0][resolveAuthority(ssh-remote,25)][14003ms] waiting...
2025-10-13 17:18:02.309 [info] [LocalProcess0][resolveAuthority(ssh-remote,25)][15003ms] waiting...
2025-10-13 17:18:02.485 [error] [LocalProcess0][resolveAuthority(ssh-remote,25)][15179ms] returned an error {"code":"TemporarilyNotAvailable","message":"The connection timed out"}
2025-10-13 17:18:02.487 [error] resolveAuthority(ssh-remote) returned an error after 15179 ms The connection timed out
2025-10-13 17:18:02.488 [info] [remote-connection][Management   ][b8776…][reconnect] A temporarily not available error occurred while trying to reconnect, will try again...
2025-10-13 17:18:02.488 [info] [remote-connection][Management   ][b8776…][reconnect] waiting for 30 seconds before reconnecting...
2025-10-13 17:18:02.489 [info] [remote-connection][ExtensionHost][c83c0…][reconnect] A temporarily not available error occurred while trying to reconnect, will try again...
2025-10-13 17:18:02.489 [info] [remote-connection][ExtensionHost][c83c0…][reconnect] waiting for 30 seconds before reconnecting...
2025-10-13 17:18:07.318 [info] [remote-connection][ExtensionHost][c83c0…][reconnect] received socket timeout event (unacknowledgedMsgCount: 499, timeSinceOldestUnacknowledgedMsg: 931526, timeSinceLastReceivedSomeData: 939077).
2025-10-13 17:18:32.487 [info] [remote-connection][Management   ][b8776…][reconnect] resolving connection...
2025-10-13 17:18:32.524 [info] Invoking resolveAuthority(ssh-remote)...
2025-10-13 17:18:32.524 [info] [LocalProcess0][resolveAuthority(ssh-remote,26)][0ms] obtaining proxy...
2025-10-13 17:18:32.526 [info] [LocalProcess0][resolveAuthority(ssh-remote,26)][3ms] invoking...
2025-10-13 17:18:32.530 [info] [remote-connection][ExtensionHost][c83c0…][reconnect] resolving connection...
2025-10-13 17:18:32.534 [info] [remote-connection][ExtensionHost][c83c0…][reconnect] received socket timeout event (unacknowledgedMsgCount: 500, timeSinceOldestUnacknowledgedMsg: 956743, timeSinceLastReceivedSomeData: 964294).
2025-10-13 17:18:33.528 [info] [LocalProcess0][resolveAuthority(ssh-remote,26)][1003ms] waiting...
2025-10-13 17:18:34.528 [info] [LocalProcess0][resolveAuthority(ssh-remote,26)][2003ms] waiting...
2025-10-13 17:18:35.528 [info] [LocalProcess0][resolveAuthority(ssh-remote,26)][3003ms] waiting...
2025-10-13 17:18:36.527 [info] [LocalProcess0][resolveAuthority(ssh-remote,26)][4003ms] waiting...
2025-10-13 17:18:37.528 [info] [LocalProcess0][resolveAuthority(ssh-remote,26)][5003ms] waiting...
2025-10-13 17:18:38.528 [info] [LocalProcess0][resolveAuthority(ssh-remote,26)][6003ms] waiting...
2025-10-13 17:18:39.527 [info] [LocalProcess0][resolveAuthority(ssh-remote,26)][7003ms] waiting...
2025-10-13 17:18:40.527 [info] [LocalProcess0][resolveAuthority(ssh-remote,26)][8003ms] waiting...
2025-10-13 17:18:41.528 [info] [LocalProcess0][resolveAuthority(ssh-remote,26)][9003ms] waiting...
2025-10-13 17:18:42.528 [info] [LocalProcess0][resolveAuthority(ssh-remote,26)][10003ms] waiting...
2025-10-13 17:18:43.528 [info] [LocalProcess0][resolveAuthority(ssh-remote,26)][11003ms] waiting...
2025-10-13 17:18:44.528 [info] [LocalProcess0][resolveAuthority(ssh-remote,26)][12004ms] waiting...
2025-10-13 17:18:45.527 [info] [LocalProcess0][resolveAuthority(ssh-remote,26)][13004ms] waiting...
2025-10-13 17:18:46.528 [info] [LocalProcess0][resolveAuthority(ssh-remote,26)][14003ms] waiting...
2025-10-13 17:18:47.527 [info] [LocalProcess0][resolveAuthority(ssh-remote,26)][15003ms] waiting...
2025-10-13 17:18:47.845 [error] [LocalProcess0][resolveAuthority(ssh-remote,26)][15321ms] returned an error {"code":"TemporarilyNotAvailable","message":"The connection timed out"}
2025-10-13 17:18:47.845 [error] resolveAuthority(ssh-remote) returned an error after 15322 ms The connection timed out
2025-10-13 17:18:47.845 [info] [remote-connection][Management   ][b8776…][reconnect] A temporarily not available error occurred while trying to reconnect, will try again...
2025-10-13 17:18:47.846 [info] [remote-connection][Management   ][b8776…][reconnect] waiting for 30 seconds before reconnecting...
2025-10-13 17:18:47.846 [info] [remote-connection][ExtensionHost][c83c0…][reconnect] A temporarily not available error occurred while trying to reconnect, will try again...
2025-10-13 17:18:47.846 [info] [remote-connection][ExtensionHost][c83c0…][reconnect] waiting for 30 seconds before reconnecting...
2025-10-13 17:18:52.535 [info] [remote-connection][ExtensionHost][c83c0…][reconnect] received socket timeout event (unacknowledgedMsgCount: 519, timeSinceOldestUnacknowledgedMsg: 976743, timeSinceLastReceivedSomeData: 984294).
2025-10-13 17:18:54.560 [info] [remote-connection][Management   ][b8776…][reconnect] received socket timeout event (unacknowledgedMsgCount: 20, timeSinceOldestUnacknowledgedMsg: 978768, timeSinceLastReceivedSomeData: 985951).
2025-10-13 17:19:12.536 [info] [remote-connection][ExtensionHost][c83c0…][reconnect] received socket timeout event (unacknowledgedMsgCount: 525, timeSinceOldestUnacknowledgedMsg: 996743, timeSinceLastReceivedSomeData: 1004294).
2025-10-13 17:19:14.560 [info] [remote-connection][Management   ][b8776…][reconnect] received socket timeout event (unacknowledgedMsgCount: 22, timeSinceOldestUnacknowledgedMsg: 998768, timeSinceLastReceivedSomeData: 1005951).
2025-10-13 17:19:17.847 [info] [remote-connection][Management   ][b8776…][reconnect] resolving connection...
2025-10-13 17:19:17.900 [info] Invoking resolveAuthority(ssh-remote)...
2025-10-13 17:19:17.900 [info] [LocalProcess0][resolveAuthority(ssh-remote,27)][0ms] obtaining proxy...
2025-10-13 17:19:17.904 [info] [LocalProcess0][resolveAuthority(ssh-remote,27)][4ms] invoking...
2025-10-13 17:19:17.910 [info] [remote-connection][ExtensionHost][c83c0…][reconnect] resolving connection...
2025-10-13 17:19:18.906 [info] [LocalProcess0][resolveAuthority(ssh-remote,27)][1004ms] waiting...
2025-10-13 17:19:19.906 [info] [LocalProcess0][resolveAuthority(ssh-remote,27)][2004ms] waiting...
2025-10-13 17:19:20.905 [info] [LocalProcess0][resolveAuthority(ssh-remote,27)][3004ms] waiting...
2025-10-13 17:19:21.905 [info] [LocalProcess0][resolveAuthority(ssh-remote,27)][4004ms] waiting...
2025-10-13 17:19:22.905 [info] [LocalProcess0][resolveAuthority(ssh-remote,27)][5004ms] waiting...
2025-10-13 17:19:23.906 [info] [LocalProcess0][resolveAuthority(ssh-remote,27)][6004ms] waiting...
2025-10-13 17:19:24.906 [info] [LocalProcess0][resolveAuthority(ssh-remote,27)][7004ms] waiting...
2025-10-13 17:19:25.905 [info] [LocalProcess0][resolveAuthority(ssh-remote,27)][8004ms] waiting...
2025-10-13 17:19:26.906 [info] [LocalProcess0][resolveAuthority(ssh-remote,27)][9004ms] waiting...
2025-10-13 17:19:27.905 [info] [LocalProcess0][resolveAuthority(ssh-remote,27)][10004ms] waiting...
2025-10-13 17:19:28.905 [info] [LocalProcess0][resolveAuthority(ssh-remote,27)][11004ms] waiting...
2025-10-13 17:19:29.905 [info] [LocalProcess0][resolveAuthority(ssh-remote,27)][12004ms] waiting...
2025-10-13 17:19:30.905 [info] [LocalProcess0][resolveAuthority(ssh-remote,27)][13004ms] waiting...
2025-10-13 17:19:31.905 [info] [LocalProcess0][resolveAuthority(ssh-remote,27)][14004ms] waiting...
2025-10-13 17:19:32.535 [info] [remote-connection][ExtensionHost][c83c0…][reconnect] received socket timeout event (unacknowledgedMsgCount: 536, timeSinceOldestUnacknowledgedMsg: 1016743, timeSinceLastReceivedSomeData: 1024294).
2025-10-13 17:19:32.905 [info] [LocalProcess0][resolveAuthority(ssh-remote,27)][15004ms] waiting...
2025-10-13 17:19:33.081 [error] [LocalProcess0][resolveAuthority(ssh-remote,27)][15180ms] returned an error {"code":"TemporarilyNotAvailable","message":"The connection timed out"}
2025-10-13 17:19:33.081 [error] resolveAuthority(ssh-remote) returned an error after 15181 ms The connection timed out
2025-10-13 17:19:33.081 [info] [remote-connection][Management   ][b8776…][reconnect] A temporarily not available error occurred while trying to reconnect, will try again...
2025-10-13 17:19:33.082 [info] [remote-connection][Management   ][b8776…][reconnect] waiting for 30 seconds before reconnecting...
2025-10-13 17:19:33.082 [info] [remote-connection][ExtensionHost][c83c0…][reconnect] A temporarily not available error occurred while trying to reconnect, will try again...
2025-10-13 17:19:33.083 [info] [remote-connection][ExtensionHost][c83c0…][reconnect] waiting for 30 seconds before reconnecting...
2025-10-13 17:19:34.560 [info] [remote-connection][Management   ][b8776…][reconnect] received socket timeout event (unacknowledgedMsgCount: 24, timeSinceOldestUnacknowledgedMsg: 1018769, timeSinceLastReceivedSomeData: 1025952).
2025-10-13 17:19:52.536 [info] [remote-connection][ExtensionHost][c83c0…][reconnect] received socket timeout event (unacknowledgedMsgCount: 543, timeSinceOldestUnacknowledgedMsg: 1036743, timeSinceLastReceivedSomeData: 1044294).
2025-10-13 17:20:03.082 [info] [remote-connection][Management   ][b8776…][reconnect] resolving connection...
2025-10-13 17:20:03.118 [info] Invoking resolveAuthority(ssh-remote)...
2025-10-13 17:20:03.119 [info] [LocalProcess0][resolveAuthority(ssh-remote,28)][0ms] obtaining proxy...
2025-10-13 17:20:03.125 [info] [LocalProcess0][resolveAuthority(ssh-remote,28)][6ms] invoking...
2025-10-13 17:20:03.129 [info] [remote-connection][ExtensionHost][c83c0…][reconnect] resolving connection...
2025-10-13 17:20:04.126 [info] [LocalProcess0][resolveAuthority(ssh-remote,28)][1007ms] waiting...
2025-10-13 17:20:05.125 [info] [LocalProcess0][resolveAuthority(ssh-remote,28)][2007ms] waiting...
2025-10-13 17:20:06.125 [info] [LocalProcess0][resolveAuthority(ssh-remote,28)][3006ms] waiting...
2025-10-13 17:20:07.126 [info] [LocalProcess0][resolveAuthority(ssh-remote,28)][4007ms] waiting...
2025-10-13 17:20:08.126 [info] [LocalProcess0][resolveAuthority(ssh-remote,28)][5007ms] waiting...
2025-10-13 17:20:09.126 [info] [LocalProcess0][resolveAuthority(ssh-remote,28)][6007ms] waiting...
2025-10-13 17:20:10.126 [info] [LocalProcess0][resolveAuthority(ssh-remote,28)][7007ms] waiting...
2025-10-13 17:20:11.126 [info] [LocalProcess0][resolveAuthority(ssh-remote,28)][8007ms] waiting...
2025-10-13 17:20:12.126 [info] [LocalProcess0][resolveAuthority(ssh-remote,28)][9007ms] waiting...
2025-10-13 17:20:12.536 [info] [remote-connection][ExtensionHost][c83c0…][reconnect] received socket timeout event (unacknowledgedMsgCount: 554, timeSinceOldestUnacknowledgedMsg: 1056744, timeSinceLastReceivedSomeData: 1064295).
2025-10-13 17:20:13.126 [info] [LocalProcess0][resolveAuthority(ssh-remote,28)][10007ms] waiting...
2025-10-13 17:20:14.126 [info] [LocalProcess0][resolveAuthority(ssh-remote,28)][11007ms] waiting...
2025-10-13 17:20:15.126 [info] [LocalProcess0][resolveAuthority(ssh-remote,28)][12007ms] waiting...
2025-10-13 17:20:16.126 [info] [LocalProcess0][resolveAuthority(ssh-remote,28)][13007ms] waiting...
2025-10-13 17:20:17.126 [info] [LocalProcess0][resolveAuthority(ssh-remote,28)][14007ms] waiting...
2025-10-13 17:20:18.126 [info] [LocalProcess0][resolveAuthority(ssh-remote,28)][15007ms] waiting...
2025-10-13 17:20:18.403 [error] [LocalProcess0][resolveAuthority(ssh-remote,28)][15285ms] returned an error {"code":"TemporarilyNotAvailable","message":"The connection timed out"}
2025-10-13 17:20:18.404 [error] resolveAuthority(ssh-remote) returned an error after 15285 ms The connection timed out
2025-10-13 17:20:18.404 [info] [remote-connection][Management   ][b8776…][reconnect] A temporarily not available error occurred while trying to reconnect, will try again...
2025-10-13 17:20:18.404 [info] [remote-connection][Management   ][b8776…][reconnect] waiting for 30 seconds before reconnecting...
2025-10-13 17:20:18.404 [info] [remote-connection][ExtensionHost][c83c0…][reconnect] A temporarily not available error occurred while trying to reconnect, will try again...
2025-10-13 17:20:18.404 [info] [remote-connection][ExtensionHost][c83c0…][reconnect] waiting for 30 seconds before reconnecting...
2025-10-13 17:20:32.537 [info] [remote-connection][ExtensionHost][c83c0…][reconnect] received socket timeout event (unacknowledgedMsgCount: 561, timeSinceOldestUnacknowledgedMsg: 1076745, timeSinceLastReceivedSomeData: 1084296).
2025-10-13 17:20:48.406 [info] [remote-connection][Management   ][b8776…][reconnect] resolving connection...
2025-10-13 17:20:48.436 [info] Invoking resolveAuthority(ssh-remote)...
2025-10-13 17:20:48.437 [info] [LocalProcess0][resolveAuthority(ssh-remote,29)][0ms] obtaining proxy...
2025-10-13 17:20:48.439 [info] [LocalProcess0][resolveAuthority(ssh-remote,29)][3ms] invoking...
2025-10-13 17:20:48.439 [info] [remote-connection][ExtensionHost][c83c0…][reconnect] resolving connection...
2025-10-13 17:20:49.440 [info] [LocalProcess0][resolveAuthority(ssh-remote,29)][1003ms] waiting...
2025-10-13 17:20:50.440 [info] [LocalProcess0][resolveAuthority(ssh-remote,29)][2003ms] waiting...
2025-10-13 17:20:51.440 [info] [LocalProcess0][resolveAuthority(ssh-remote,29)][3003ms] waiting...
2025-10-13 17:20:52.440 [info] [LocalProcess0][resolveAuthority(ssh-remote,29)][4003ms] waiting...
2025-10-13 17:20:52.537 [info] [remote-connection][ExtensionHost][c83c0…][reconnect] received socket timeout event (unacknowledgedMsgCount: 574, timeSinceOldestUnacknowledgedMsg: 1096745, timeSinceLastReceivedSomeData: 1104296).
2025-10-13 17:20:53.440 [info] [LocalProcess0][resolveAuthority(ssh-remote,29)][5003ms] waiting...
2025-10-13 17:20:54.440 [info] [LocalProcess0][resolveAuthority(ssh-remote,29)][6003ms] waiting...
2025-10-13 17:20:55.440 [info] [LocalProcess0][resolveAuthority(ssh-remote,29)][7003ms] waiting...
2025-10-13 17:20:56.440 [info] [LocalProcess0][resolveAuthority(ssh-remote,29)][8003ms] waiting...
2025-10-13 17:20:57.440 [info] [LocalProcess0][resolveAuthority(ssh-remote,29)][9003ms] waiting...
2025-10-13 17:20:58.441 [info] [LocalProcess0][resolveAuthority(ssh-remote,29)][10003ms] waiting...
2025-10-13 17:20:59.440 [info] [LocalProcess0][resolveAuthority(ssh-remote,29)][11003ms] waiting...
2025-10-13 17:21:00.440 [info] [LocalProcess0][resolveAuthority(ssh-remote,29)][12003ms] waiting...
2025-10-13 17:21:01.441 [info] [LocalProcess0][resolveAuthority(ssh-remote,29)][13003ms] waiting...
2025-10-13 17:21:02.440 [info] [LocalProcess0][resolveAuthority(ssh-remote,29)][14003ms] waiting...
2025-10-13 17:21:03.440 [info] [LocalProcess0][resolveAuthority(ssh-remote,29)][15003ms] waiting...
2025-10-13 17:21:03.697 [error] [LocalProcess0][resolveAuthority(ssh-remote,29)][15261ms] returned an error {"code":"TemporarilyNotAvailable","message":"The connection timed out"}
2025-10-13 17:21:03.698 [error] resolveAuthority(ssh-remote) returned an error after 15261 ms The connection timed out
2025-10-13 17:21:03.698 [info] [remote-connection][Management   ][b8776…][reconnect] A temporarily not available error occurred while trying to reconnect, will try again...
2025-10-13 17:21:03.699 [info] [remote-connection][Management   ][b8776…][reconnect] waiting for 30 seconds before reconnecting...
2025-10-13 17:21:03.699 [info] [remote-connection][ExtensionHost][c83c0…][reconnect] A temporarily not available error occurred while trying to reconnect, will try again...
2025-10-13 17:21:03.699 [info] [remote-connection][ExtensionHost][c83c0…][reconnect] waiting for 30 seconds before reconnecting...
2025-10-13 17:21:12.538 [info] [remote-connection][ExtensionHost][c83c0…][reconnect] received socket timeout event (unacknowledgedMsgCount: 581, timeSinceOldestUnacknowledgedMsg: 1116745, timeSinceLastReceivedSomeData: 1124296).
2025-10-13 17:21:33.699 [info] [remote-connection][Management   ][b8776…][reconnect] resolving connection...
2025-10-13 17:21:33.732 [info] Invoking resolveAuthority(ssh-remote)...
2025-10-13 17:21:33.732 [info] [LocalProcess0][resolveAuthority(ssh-remote,30)][0ms] obtaining proxy...
2025-10-13 17:21:33.734 [info] [LocalProcess0][resolveAuthority(ssh-remote,30)][3ms] invoking...
2025-10-13 17:21:33.738 [info] [remote-connection][ExtensionHost][c83c0…][reconnect] resolving connection...
2025-10-13 17:21:33.742 [info] [remote-connection][ExtensionHost][c83c0…][reconnect] received socket timeout event (unacknowledgedMsgCount: 582, timeSinceOldestUnacknowledgedMsg: 1137951, timeSinceLastReceivedSomeData: 1145502).
2025-10-13 17:21:34.736 [info] [LocalProcess0][resolveAuthority(ssh-remote,30)][1003ms] waiting...
2025-10-13 17:21:35.736 [info] [LocalProcess0][resolveAuthority(ssh-remote,30)][2004ms] waiting...
2025-10-13 17:21:36.736 [info] [LocalProcess0][resolveAuthority(ssh-remote,30)][3004ms] waiting...
2025-10-13 17:21:37.736 [info] [LocalProcess0][resolveAuthority(ssh-remote,30)][4004ms] waiting...
2025-10-13 17:21:38.736 [info] [LocalProcess0][resolveAuthority(ssh-remote,30)][5004ms] waiting...
2025-10-13 17:21:39.735 [info] [LocalProcess0][resolveAuthority(ssh-remote,30)][6003ms] waiting...
2025-10-13 17:21:40.736 [info] [LocalProcess0][resolveAuthority(ssh-remote,30)][7004ms] waiting...
2025-10-13 17:21:41.736 [info] [LocalProcess0][resolveAuthority(ssh-remote,30)][8004ms] waiting...
2025-10-13 17:21:42.736 [info] [LocalProcess0][resolveAuthority(ssh-remote,30)][9004ms] waiting...
2025-10-13 17:21:43.736 [info] [LocalProcess0][resolveAuthority(ssh-remote,30)][10004ms] waiting...
2025-10-13 17:21:44.735 [info] [LocalProcess0][resolveAuthority(ssh-remote,30)][11004ms] waiting...
2025-10-13 17:21:45.735 [info] [LocalProcess0][resolveAuthority(ssh-remote,30)][12003ms] waiting...
2025-10-13 17:21:46.735 [info] [LocalProcess0][resolveAuthority(ssh-remote,30)][13004ms] waiting...
2025-10-13 17:21:47.737 [info] [LocalProcess0][resolveAuthority(ssh-remote,30)][14004ms] waiting...
2025-10-13 17:21:48.737 [info] [LocalProcess0][resolveAuthority(ssh-remote,30)][15004ms] waiting...
2025-10-13 17:21:48.969 [error] [LocalProcess0][resolveAuthority(ssh-remote,30)][15238ms] returned an error {"code":"TemporarilyNotAvailable","message":"The connection timed out"}
2025-10-13 17:21:48.970 [error] resolveAuthority(ssh-remote) returned an error after 15238 ms The connection timed out
2025-10-13 17:21:48.970 [info] [remote-connection][Management   ][b8776…][reconnect] A temporarily not available error occurred while trying to reconnect, will try again...
2025-10-13 17:21:48.971 [info] [remote-connection][Management   ][b8776…][reconnect] waiting for 30 seconds before reconnecting...
2025-10-13 17:21:48.971 [info] [remote-connection][ExtensionHost][c83c0…][reconnect] A temporarily not available error occurred while trying to reconnect, will try again...
2025-10-13 17:21:48.971 [info] [remote-connection][ExtensionHost][c83c0…][reconnect] waiting for 30 seconds before reconnecting...
2025-10-13 17:21:53.745 [info] [remote-connection][ExtensionHost][c83c0…][reconnect] received socket timeout event (unacknowledgedMsgCount: 601, timeSinceOldestUnacknowledgedMsg: 1157952, timeSinceLastReceivedSomeData: 1165503).
2025-10-13 17:22:18.971 [info] [remote-connection][Management   ][b8776…][reconnect] resolving connection...
2025-10-13 17:22:19.002 [info] Invoking resolveAuthority(ssh-remote)...
2025-10-13 17:22:19.002 [info] [LocalProcess0][resolveAuthority(ssh-remote,31)][0ms] obtaining proxy...
2025-10-13 17:22:19.005 [info] [LocalProcess0][resolveAuthority(ssh-remote,31)][3ms] invoking...
2025-10-13 17:22:19.008 [info] [remote-connection][ExtensionHost][c83c0…][reconnect] resolving connection...
2025-10-13 17:22:19.013 [info] [remote-connection][ExtensionHost][c83c0…][reconnect] received socket timeout event (unacknowledgedMsgCount: 602, timeSinceOldestUnacknowledgedMsg: 1183222, timeSinceLastReceivedSomeData: 1190773).
2025-10-13 17:22:20.006 [info] [LocalProcess0][resolveAuthority(ssh-remote,31)][1004ms] waiting...
2025-10-13 17:22:21.005 [info] [LocalProcess0][resolveAuthority(ssh-remote,31)][2004ms] waiting...
2025-10-13 17:22:22.006 [info] [LocalProcess0][resolveAuthority(ssh-remote,31)][3004ms] waiting...
2025-10-13 17:22:23.006 [info] [LocalProcess0][resolveAuthority(ssh-remote,31)][4004ms] waiting...
2025-10-13 17:22:24.006 [info] [LocalProcess0][resolveAuthority(ssh-remote,31)][5004ms] waiting...
2025-10-13 17:22:25.006 [info] [LocalProcess0][resolveAuthority(ssh-remote,31)][6004ms] waiting...
2025-10-13 17:22:26.006 [info] [LocalProcess0][resolveAuthority(ssh-remote,31)][7004ms] waiting...
2025-10-13 17:22:27.006 [info] [LocalProcess0][resolveAuthority(ssh-remote,31)][8004ms] waiting...
2025-10-13 17:22:28.007 [info] [LocalProcess0][resolveAuthority(ssh-remote,31)][9004ms] waiting...
2025-10-13 17:22:29.005 [info] [LocalProcess0][resolveAuthority(ssh-remote,31)][10004ms] waiting...
2025-10-13 17:22:30.005 [info] [LocalProcess0][resolveAuthority(ssh-remote,31)][11004ms] waiting...
2025-10-13 17:22:31.005 [info] [LocalProcess0][resolveAuthority(ssh-remote,31)][12004ms] waiting...
2025-10-13 17:22:32.005 [info] [LocalProcess0][resolveAuthority(ssh-remote,31)][13004ms] waiting...
2025-10-13 17:22:33.005 [info] [LocalProcess0][resolveAuthority(ssh-remote,31)][14004ms] waiting...
2025-10-13 17:22:34.006 [info] [LocalProcess0][resolveAuthority(ssh-remote,31)][15004ms] waiting...
2025-10-13 17:22:35.005 [info] [LocalProcess0][resolveAuthority(ssh-remote,31)][16004ms] waiting...
2025-10-13 17:22:36.006 [info] [LocalProcess0][resolveAuthority(ssh-remote,31)][17004ms] waiting...
2025-10-13 17:22:36.039 [error] [LocalProcess0][resolveAuthority(ssh-remote,31)][17037ms] returned an error {"code":"TemporarilyNotAvailable","message":"Connecting with SSH timed out"}
2025-10-13 17:22:36.040 [error] resolveAuthority(ssh-remote) returned an error after 17038 ms Connecting with SSH timed out
2025-10-13 17:22:36.041 [info] [remote-connection][Management   ][b8776…][reconnect] A temporarily not available error occurred while trying to reconnect, will try again...
2025-10-13 17:22:36.042 [info] [remote-connection][Management   ][b8776…][reconnect] waiting for 30 seconds before reconnecting...
2025-10-13 17:22:36.042 [info] [remote-connection][ExtensionHost][c83c0…][reconnect] A temporarily not available error occurred while trying to reconnect, will try again...
2025-10-13 17:22:36.043 [info] [remote-connection][ExtensionHost][c83c0…][reconnect] waiting for 30 seconds before reconnecting...
2025-10-13 17:22:39.015 [info] [remote-connection][ExtensionHost][c83c0…][reconnect] received socket timeout event (unacknowledgedMsgCount: 619, timeSinceOldestUnacknowledgedMsg: 1203222, timeSinceLastReceivedSomeData: 1210773).
2025-10-13 17:22:48.932 [info] [remote-connection][Management   ][b8776…][reconnect] received socket timeout event (unacknowledgedMsgCount: 25, timeSinceOldestUnacknowledgedMsg: 1213140, timeSinceLastReceivedSomeData: 1220323).
2025-10-13 17:22:50.568 [info] [remote-connection][Management   ][b8776…][reconnect] resolving connection...
2025-10-13 17:22:50.568 [info] Invoking resolveAuthority(ssh-remote)...
2025-10-13 17:22:50.568 [info] [LocalProcess0][resolveAuthority(ssh-remote,32)][0ms] obtaining proxy...
2025-10-13 17:22:50.568 [info] [LocalProcess0][resolveAuthority(ssh-remote,32)][0ms] invoking...
2025-10-13 17:22:51.569 [info] [LocalProcess0][resolveAuthority(ssh-remote,32)][1000ms] waiting...
2025-10-13 17:22:52.569 [info] [LocalProcess0][resolveAuthority(ssh-remote,32)][2000ms] waiting...
2025-10-13 17:22:53.569 [info] [LocalProcess0][resolveAuthority(ssh-remote,32)][3000ms] waiting...
2025-10-13 17:22:54.569 [info] [LocalProcess0][resolveAuthority(ssh-remote,32)][4000ms] waiting...
2025-10-13 17:22:55.570 [info] [LocalProcess0][resolveAuthority(ssh-remote,32)][5000ms] waiting...
2025-10-13 17:22:56.569 [info] [LocalProcess0][resolveAuthority(ssh-remote,32)][6000ms] waiting...
2025-10-13 17:22:57.570 [info] [LocalProcess0][resolveAuthority(ssh-remote,32)][7000ms] waiting...
2025-10-13 17:22:58.569 [info] [LocalProcess0][resolveAuthority(ssh-remote,32)][8000ms] waiting...
2025-10-13 17:22:59.015 [info] [remote-connection][ExtensionHost][c83c0…][reconnect] received socket timeout event (unacknowledgedMsgCount: 632, timeSinceOldestUnacknowledgedMsg: 1223222, timeSinceLastReceivedSomeData: 1230773).
2025-10-13 17:22:59.569 [info] [LocalProcess0][resolveAuthority(ssh-remote,32)][9000ms] waiting...
2025-10-13 17:23:00.569 [info] [LocalProcess0][resolveAuthority(ssh-remote,32)][10000ms] waiting...
2025-10-13 17:23:01.569 [info] [LocalProcess0][resolveAuthority(ssh-remote,32)][11000ms] waiting...
2025-10-13 17:23:02.570 [info] [LocalProcess0][resolveAuthority(ssh-remote,32)][12000ms] waiting...
2025-10-13 17:23:03.569 [info] [LocalProcess0][resolveAuthority(ssh-remote,32)][13000ms] waiting...
2025-10-13 17:23:04.569 [info] [LocalProcess0][resolveAuthority(ssh-remote,32)][14000ms] waiting...
2025-10-13 17:23:05.569 [info] [LocalProcess0][resolveAuthority(ssh-remote,32)][15000ms] waiting...
2025-10-13 17:23:06.043 [info] [remote-connection][ExtensionHost][c83c0…][reconnect] resolving connection...
2025-10-13 17:23:06.569 [info] [LocalProcess0][resolveAuthority(ssh-remote,32)][16000ms] waiting...
2025-10-13 17:23:07.569 [info] [LocalProcess0][resolveAuthority(ssh-remote,32)][17000ms] waiting...
2025-10-13 17:23:07.617 [error] [LocalProcess0][resolveAuthority(ssh-remote,32)][17049ms] returned an error {"code":"TemporarilyNotAvailable","message":"Connecting with SSH timed out"}
2025-10-13 17:23:07.617 [error] resolveAuthority(ssh-remote) returned an error after 17049 ms Connecting with SSH timed out
2025-10-13 17:23:07.617 [info] [remote-connection][Management   ][b8776…][reconnect] A temporarily not available error occurred while trying to reconnect, will try again...
2025-10-13 17:23:07.617 [info] [remote-connection][Management   ][b8776…][reconnect] waiting for 30 seconds before reconnecting...
2025-10-13 17:23:07.618 [info] [remote-connection][ExtensionHost][c83c0…][reconnect] A temporarily not available error occurred while trying to reconnect, will try again...
2025-10-13 17:23:07.618 [info] [remote-connection][ExtensionHost][c83c0…][reconnect] waiting for 30 seconds before reconnecting...
2025-10-13 17:23:08.933 [info] [remote-connection][Management   ][b8776…][reconnect] received socket timeout event (unacknowledgedMsgCount: 26, timeSinceOldestUnacknowledgedMsg: 1233140, timeSinceLastReceivedSomeData: 1240323).
2025-10-13 17:23:09.119 [info] [remote-connection][Management   ][b8776…][reconnect] resolving connection...
2025-10-13 17:23:09.120 [info] Invoking resolveAuthority(ssh-remote)...
2025-10-13 17:23:09.120 [info] [LocalProcess0][resolveAuthority(ssh-remote,33)][0ms] obtaining proxy...
2025-10-13 17:23:09.120 [info] [LocalProcess0][resolveAuthority(ssh-remote,33)][0ms] invoking...
2025-10-13 17:23:10.183 [warning] Via 'product.json#extensionEnabledApiProposals' extension 'ms-python.python' wants API proposal 'registerIssueDataProvider' but that proposal DOES NOT EXIST. Likely, the proposal has been finalized (check 'vscode.d.ts') or was abandoned.
2025-10-13 17:23:10.357 [info] Started local extension host with pid 31369.
2025-10-13 17:23:10.556 [info] Invoking resolveAuthority(ssh-remote)...
2025-10-13 17:23:10.556 [info] [LocalProcess0][resolveAuthority(ssh-remote,1)][0ms] obtaining proxy...
2025-10-13 17:23:10.556 [info] [LocalProcess0][resolveAuthority(ssh-remote,1)][1ms] invoking...
2025-10-13 17:23:11.558 [info] [LocalProcess0][resolveAuthority(ssh-remote,1)][1001ms] waiting...
2025-10-13 17:23:12.558 [info] [LocalProcess0][resolveAuthority(ssh-remote,1)][2002ms] waiting...
2025-10-13 17:23:13.445 [error] [/home/drdbrioso/.vscode/extensions/ms-toolsai.vscode-jupyter-cell-tags-0.1.9]: Extension is not compatible with Code 1.85.2. Extension requires: ^1.88.0.
2025-10-13 17:23:13.446 [error] [/home/drdbrioso/.vscode/extensions/ms-toolsai.vscode-jupyter-slideshow-0.1.6]: Extension is not compatible with Code 1.85.2. Extension requires: ^1.88.0.
2025-10-13 17:23:13.448 [error] [/home/drdbrioso/.vscode/extensions/ms-toolsai.jupyter-renderers-1.3.0]: Extension is not compatible with Code 1.85.2. Extension requires: ^1.95.0.
2025-10-13 17:23:13.491 [error] [/home/drdbrioso/.vscode/extensions/ms-vscode.remote-server-1.5.3]: Extension is not compatible with Code 1.85.2. Extension requires: ^1.87.0.
2025-10-13 17:23:13.492 [error] [/home/drdbrioso/.vscode/extensions/ms-python.vscode-python-envs-1.8.0-linux-x64]: Extension is not compatible with Code 1.85.2. Extension requires: ^1.104.0-20250815.
2025-10-13 17:23:13.492 [error] [/home/drdbrioso/.vscode/extensions/ms-vscode-remote.remote-wsl-0.104.3]: Extension is not compatible with Code 1.85.2. Extension requires: ^1.104.0.
2025-10-13 17:23:13.495 [error] [/home/drdbrioso/.vscode/extensions/ms-vscode.remote-explorer-0.5.0]: Extension is not compatible with Code 1.85.2. Extension requires: ^1.87.0.
2025-10-13 17:23:13.495 [error] [/home/drdbrioso/.vscode/extensions/ms-python.debugpy-2025.10.0-linux-x64]: Extension is not compatible with Code 1.85.2. Extension requires: ^1.92.0.
2025-10-13 17:23:13.497 [error] [/home/drdbrioso/.vscode/extensions/ms-vscode-remote.remote-containers-0.427.0]: Extension is not compatible with Code 1.85.2. Extension requires: ^1.99.0.
2025-10-13 17:23:13.498 [error] [/home/drdbrioso/.vscode/extensions/ms-python.python-2025.14.0-linux-x64]: Extension is not compatible with Code 1.85.2. Extension requires: ^1.95.0.
2025-10-13 17:23:13.500 [error] [/home/drdbrioso/.vscode/extensions/ms-python.vscode-pylance-2025.8.3]: Extension is not compatible with Code 1.85.2. Extension requires: ^1.101.0.
2025-10-13 17:23:13.575 [info] [LocalProcess0][resolveAuthority(ssh-remote,1)][3020ms] waiting...
2025-10-13 17:23:14.557 [info] [LocalProcess0][resolveAuthority(ssh-remote,1)][4001ms] waiting...
2025-10-13 17:23:15.557 [info] [LocalProcess0][resolveAuthority(ssh-remote,1)][5001ms] waiting...
2025-10-13 17:23:16.557 [info] [LocalProcess0][resolveAuthority(ssh-remote,1)][6001ms] waiting...
2025-10-13 17:23:17.557 [info] [LocalProcess0][resolveAuthority(ssh-remote,1)][7001ms] waiting...
2025-10-13 17:23:18.557 [info] [LocalProcess0][resolveAuthority(ssh-remote,1)][8001ms] waiting...
2025-10-13 17:23:19.557 [info] [LocalProcess0][resolveAuthority(ssh-remote,1)][9001ms] waiting...
2025-10-13 17:23:20.557 [info] [LocalProcess0][resolveAuthority(ssh-remote,1)][10001ms] waiting...
2025-10-13 17:23:21.558 [info] [LocalProcess0][resolveAuthority(ssh-remote,1)][11001ms] waiting...
2025-10-13 17:23:22.557 [info] [LocalProcess0][resolveAuthority(ssh-remote,1)][12001ms] waiting...
2025-10-13 17:23:23.557 [info] [LocalProcess0][resolveAuthority(ssh-remote,1)][13001ms] waiting...
2025-10-13 17:23:24.557 [info] [LocalProcess0][resolveAuthority(ssh-remote,1)][14001ms] waiting...
2025-10-13 17:23:25.557 [info] [LocalProcess0][resolveAuthority(ssh-remote,1)][15001ms] waiting...
2025-10-13 17:23:26.557 [info] [LocalProcess0][resolveAuthority(ssh-remote,1)][16001ms] waiting...
2025-10-13 17:23:27.557 [info] [LocalProcess0][resolveAuthority(ssh-remote,1)][17001ms] waiting...
2025-10-13 17:23:27.612 [error] [LocalProcess0][resolveAuthority(ssh-remote,1)][17057ms] returned an error {"code":"NotAvailable","message":"Connecting with SSH timed out","detail":true}
2025-10-13 17:23:27.612 [error] resolveAuthority(ssh-remote) returned an error after 17057 ms Connecting with SSH timed out
2025-10-13 17:23:27.613 [error] Error received from starting extension host (kind: Remote)
2025-10-13 17:23:27.614 [error] CodeExpectedError: Connecting with SSH timed out
    at ee.rb (vscode-file://vscode-app/home/drdbrioso/Desktop/code-stable-x64-1705560028/VSCode-linux-x64/resources/app/out/vs/workbench/workbench.desktop.main.js:2718:21055)
    at async ee.qb (vscode-file://vscode-app/home/drdbrioso/Desktop/code-stable-x64-1705560028/VSCode-linux-x64/resources/app/out/vs/workbench/workbench.desktop.main.js:2718:20332)
    at async ee.Ob (vscode-file://vscode-app/home/drdbrioso/Desktop/code-stable-x64-1705560028/VSCode-linux-x64/resources/app/out/vs/workbench/workbench.desktop.main.js:2719:11484)
    at async ee.jb (vscode-file://vscode-app/home/drdbrioso/Desktop/code-stable-x64-1705560028/VSCode-linux-x64/resources/app/out/vs/workbench/workbench.desktop.main.js:2718:17969)
2025-10-13 17:23:27.614 [error] [remote-connection][attempt 1] An error occurred in initial connection! Will retry... Error:
2025-10-13 17:23:27.615 [error] CodeExpectedError: Connecting with SSH timed out
    at ee.rb (vscode-file://vscode-app/home/drdbrioso/Desktop/code-stable-x64-1705560028/VSCode-linux-x64/resources/app/out/vs/workbench/workbench.desktop.main.js:2718:21055)
    at async ee.qb (vscode-file://vscode-app/home/drdbrioso/Desktop/code-stable-x64-1705560028/VSCode-linux-x64/resources/app/out/vs/workbench/workbench.desktop.main.js:2718:20332)
    at async ee.Ob (vscode-file://vscode-app/home/drdbrioso/Desktop/code-stable-x64-1705560028/VSCode-linux-x64/resources/app/out/vs/workbench/workbench.desktop.main.js:2719:11484)
    at async ee.jb (vscode-file://vscode-app/home/drdbrioso/Desktop/code-stable-x64-1705560028/VSCode-linux-x64/resources/app/out/vs/workbench/workbench.desktop.main.js:2718:17969)
2025-10-13 17:23:27.616 [error] [remote-connection][attempt 2] An error occurred in initial connection! Will retry... Error:
2025-10-13 17:23:27.617 [error] CodeExpectedError: Connecting with SSH timed out
    at ee.rb (vscode-file://vscode-app/home/drdbrioso/Desktop/code-stable-x64-1705560028/VSCode-linux-x64/resources/app/out/vs/workbench/workbench.desktop.main.js:2718:21055)
    at async ee.qb (vscode-file://vscode-app/home/drdbrioso/Desktop/code-stable-x64-1705560028/VSCode-linux-x64/resources/app/out/vs/workbench/workbench.desktop.main.js:2718:20332)
    at async ee.Ob (vscode-file://vscode-app/home/drdbrioso/Desktop/code-stable-x64-1705560028/VSCode-linux-x64/resources/app/out/vs/workbench/workbench.desktop.main.js:2719:11484)
    at async ee.jb (vscode-file://vscode-app/home/drdbrioso/Desktop/code-stable-x64-1705560028/VSCode-linux-x64/resources/app/out/vs/workbench/workbench.desktop.main.js:2718:17969)
2025-10-13 17:23:27.712 [error] [remote-connection][attempt 3] An error occurred in initial connection! Will retry... Error:
2025-10-13 17:23:27.712 [error] CodeExpectedError: Connecting with SSH timed out
    at ee.rb (vscode-file://vscode-app/home/drdbrioso/Desktop/code-stable-x64-1705560028/VSCode-linux-x64/resources/app/out/vs/workbench/workbench.desktop.main.js:2718:21055)
    at async ee.qb (vscode-file://vscode-app/home/drdbrioso/Desktop/code-stable-x64-1705560028/VSCode-linux-x64/resources/app/out/vs/workbench/workbench.desktop.main.js:2718:20332)
    at async ee.Ob (vscode-file://vscode-app/home/drdbrioso/Desktop/code-stable-x64-1705560028/VSCode-linux-x64/resources/app/out/vs/workbench/workbench.desktop.main.js:2719:11484)
    at async ee.jb (vscode-file://vscode-app/home/drdbrioso/Desktop/code-stable-x64-1705560028/VSCode-linux-x64/resources/app/out/vs/workbench/workbench.desktop.main.js:2718:17969)
2025-10-13 17:23:27.733 [error] [remote-connection][attempt 4] An error occurred in initial connection! Will retry... Error:
2025-10-13 17:23:27.734 [error] CodeExpectedError: Connecting with SSH timed out
    at ee.rb (vscode-file://vscode-app/home/drdbrioso/Desktop/code-stable-x64-1705560028/VSCode-linux-x64/resources/app/out/vs/workbench/workbench.desktop.main.js:2718:21055)
    at async ee.qb (vscode-file://vscode-app/home/drdbrioso/Desktop/code-stable-x64-1705560028/VSCode-linux-x64/resources/app/out/vs/workbench/workbench.desktop.main.js:2718:20332)
    at async ee.Ob (vscode-file://vscode-app/home/drdbrioso/Desktop/code-stable-x64-1705560028/VSCode-linux-x64/resources/app/out/vs/workbench/workbench.desktop.main.js:2719:11484)
    at async ee.jb (vscode-file://vscode-app/home/drdbrioso/Desktop/code-stable-x64-1705560028/VSCode-linux-x64/resources/app/out/vs/workbench/workbench.desktop.main.js:2718:17969)
2025-10-13 17:23:27.734 [error] [remote-connection][attempt 5]  An error occurred in initial connection! It will be treated as a permanent error. Error:
2025-10-13 17:23:27.735 [error] CodeExpectedError: Connecting with SSH timed out
    at ee.rb (vscode-file://vscode-app/home/drdbrioso/Desktop/code-stable-x64-1705560028/VSCode-linux-x64/resources/app/out/vs/workbench/workbench.desktop.main.js:2718:21055)
    at async ee.qb (vscode-file://vscode-app/home/drdbrioso/Desktop/code-stable-x64-1705560028/VSCode-linux-x64/resources/app/out/vs/workbench/workbench.desktop.main.js:2718:20332)
    at async ee.Ob (vscode-file://vscode-app/home/drdbrioso/Desktop/code-stable-x64-1705560028/VSCode-linux-x64/resources/app/out/vs/workbench/workbench.desktop.main.js:2719:11484)
    at async ee.jb (vscode-file://vscode-app/home/drdbrioso/Desktop/code-stable-x64-1705560028/VSCode-linux-x64/resources/app/out/vs/workbench/workbench.desktop.main.js:2718:17969)
2025-10-13 17:23:27.735 [error] CodeExpectedError: Connecting with SSH timed out
    at ee.rb (vscode-file://vscode-app/home/drdbrioso/Desktop/code-stable-x64-1705560028/VSCode-linux-x64/resources/app/out/vs/workbench/workbench.desktop.main.js:2718:21055)
    at async ee.qb (vscode-file://vscode-app/home/drdbrioso/Desktop/code-stable-x64-1705560028/VSCode-linux-x64/resources/app/out/vs/workbench/workbench.desktop.main.js:2718:20332)
    at async ee.Ob (vscode-file://vscode-app/home/drdbrioso/Desktop/code-stable-x64-1705560028/VSCode-linux-x64/resources/app/out/vs/workbench/workbench.desktop.main.js:2719:11484)
    at async ee.jb (vscode-file://vscode-app/home/drdbrioso/Desktop/code-stable-x64-1705560028/VSCode-linux-x64/resources/app/out/vs/workbench/workbench.desktop.main.js:2718:17969)
2025-10-13 17:23:27.735 [error] Cannot register remote filesystem provider. Error while fetching remote environment. Connecting with SSH timed out
2025-10-13 17:23:27.736 [error] CodeExpectedError: Connecting with SSH timed out
    at ee.rb (vscode-file://vscode-app/home/drdbrioso/Desktop/code-stable-x64-1705560028/VSCode-linux-x64/resources/app/out/vs/workbench/workbench.desktop.main.js:2718:21055)
    at async ee.qb (vscode-file://vscode-app/home/drdbrioso/Desktop/code-stable-x64-1705560028/VSCode-linux-x64/resources/app/out/vs/workbench/workbench.desktop.main.js:2718:20332)
    at async ee.Ob (vscode-file://vscode-app/home/drdbrioso/Desktop/code-stable-x64-1705560028/VSCode-linux-x64/resources/app/out/vs/workbench/workbench.desktop.main.js:2719:11484)
    at async ee.jb (vscode-file://vscode-app/home/drdbrioso/Desktop/code-stable-x64-1705560028/VSCode-linux-x64/resources/app/out/vs/workbench/workbench.desktop.main.js:2718:17969)
2025-10-13 17:23:27.736 [error] CodeExpectedError: Connecting with SSH timed out
    at ee.rb (vscode-file://vscode-app/home/drdbrioso/Desktop/code-stable-x64-1705560028/VSCode-linux-x64/resources/app/out/vs/workbench/workbench.desktop.main.js:2718:21055)
    at async ee.qb (vscode-file://vscode-app/home/drdbrioso/Desktop/code-stable-x64-1705560028/VSCode-linux-x64/resources/app/out/vs/workbench/workbench.desktop.main.js:2718:20332)
    at async ee.Ob (vscode-file://vscode-app/home/drdbrioso/Desktop/code-stable-x64-1705560028/VSCode-linux-x64/resources/app/out/vs/workbench/workbench.desktop.main.js:2719:11484)
    at async ee.jb (vscode-file://vscode-app/home/drdbrioso/Desktop/code-stable-x64-1705560028/VSCode-linux-x64/resources/app/out/vs/workbench/workbench.desktop.main.js:2718:17969)
2025-10-13 17:23:27.736 [error] CodeExpectedError: Connecting with SSH timed out
    at ee.rb (vscode-file://vscode-app/home/drdbrioso/Desktop/code-stable-x64-1705560028/VSCode-linux-x64/resources/app/out/vs/workbench/workbench.desktop.main.js:2718:21055)
    at async ee.qb (vscode-file://vscode-app/home/drdbrioso/Desktop/code-stable-x64-1705560028/VSCode-linux-x64/resources/app/out/vs/workbench/workbench.desktop.main.js:2718:20332)
    at async ee.Ob (vscode-file://vscode-app/home/drdbrioso/Desktop/code-stable-x64-1705560028/VSCode-linux-x64/resources/app/out/vs/workbench/workbench.desktop.main.js:2719:11484)
    at async ee.jb (vscode-file://vscode-app/home/drdbrioso/Desktop/code-stable-x64-1705560028/VSCode-linux-x64/resources/app/out/vs/workbench/workbench.desktop.main.js:2718:17969)
2025-10-13 17:23:27.737 [error] CodeExpectedError: Connecting with SSH timed out
    at ee.rb (vscode-file://vscode-app/home/drdbrioso/Desktop/code-stable-x64-1705560028/VSCode-linux-x64/resources/app/out/vs/workbench/workbench.desktop.main.js:2718:21055)
    at async ee.qb (vscode-file://vscode-app/home/drdbrioso/Desktop/code-stable-x64-1705560028/VSCode-linux-x64/resources/app/out/vs/workbench/workbench.desktop.main.js:2718:20332)
    at async ee.Ob (vscode-file://vscode-app/home/drdbrioso/Desktop/code-stable-x64-1705560028/VSCode-linux-x64/resources/app/out/vs/workbench/workbench.desktop.main.js:2719:11484)
    at async ee.jb (vscode-file://vscode-app/home/drdbrioso/Desktop/code-stable-x64-1705560028/VSCode-linux-x64/resources/app/out/vs/workbench/workbench.desktop.main.js:2718:17969)
2025-10-13 17:23:27.737 [error] CodeExpectedError: Connecting with SSH timed out
    at ee.rb (vscode-file://vscode-app/home/drdbrioso/Desktop/code-stable-x64-1705560028/VSCode-linux-x64/resources/app/out/vs/workbench/workbench.desktop.main.js:2718:21055)
    at async ee.qb (vscode-file://vscode-app/home/drdbrioso/Desktop/code-stable-x64-1705560028/VSCode-linux-x64/resources/app/out/vs/workbench/workbench.desktop.main.js:2718:20332)
    at async ee.Ob (vscode-file://vscode-app/home/drdbrioso/Desktop/code-stable-x64-1705560028/VSCode-linux-x64/resources/app/out/vs/workbench/workbench.desktop.main.js:2719:11484)
    at async ee.jb (vscode-file://vscode-app/home/drdbrioso/Desktop/code-stable-x64-1705560028/VSCode-linux-x64/resources/app/out/vs/workbench/workbench.desktop.main.js:2718:17969)
2025-10-13 17:23:27.737 [warning] Ignoring the error while validating workspace folder vscode-remote://ssh-remote%2Bsenc.icmc.usp.br/var/www - ENOPRO: No file system provider found for resource 'vscode-remote://ssh-remote%2Bsenc.icmc.usp.br/var/www'
2025-10-13 17:23:27.737 [error] CodeExpectedError: ENOPRO: No file system provider found for resource 'vscode-remote://ssh-remote%2Bsenc.icmc.usp.br/var/www'
    at n.j (vscode-file://vscode-app/home/drdbrioso/Desktop/code-stable-x64-1705560028/VSCode-linux-x64/resources/app/out/vs/workbench/workbench.desktop.main.js:645:13659)
    at async n.bb (vscode-file://vscode-app/home/drdbrioso/Desktop/code-stable-x64-1705560028/VSCode-linux-x64/resources/app/out/vs/workbench/workbench.desktop.main.js:645:24851)
    at async vscode-file://vscode-app/home/drdbrioso/Desktop/code-stable-x64-1705560028/VSCode-linux-x64/resources/app/out/vs/workbench/workbench.desktop.main.js:645:24559
2025-10-13 17:23:27.738 [error] ENOPRO: No file system provider found for resource 'vscode-remote://ssh-remote%2Bsenc.icmc.usp.br/var/www/.git/config': CodeExpectedError: ENOPRO: No file system provider found for resource 'vscode-remote://ssh-remote%2Bsenc.icmc.usp.br/var/www/.git/config'
    at n.j (vscode-file://vscode-app/home/drdbrioso/Desktop/code-stable-x64-1705560028/VSCode-linux-x64/resources/app/out/vs/workbench/workbench.desktop.main.js:645:13659)
    at async n.exists (vscode-file://vscode-app/home/drdbrioso/Desktop/code-stable-x64-1705560028/VSCode-linux-x64/resources/app/out/vs/workbench/workbench.desktop.main.js:645:15866)
    at async Promise.all (index 0)
2025-10-13 17:23:27.738 [error] CodeExpectedError: ENOPRO: No file system provider found for resource 'vscode-remote://ssh-remote%2Bsenc.icmc.usp.br/var/www/patrocinadores/index.php'
    at n.j (vscode-file://vscode-app/home/drdbrioso/Desktop/code-stable-x64-1705560028/VSCode-linux-x64/resources/app/out/vs/workbench/workbench.desktop.main.js:645:13659)
    at async n.m (vscode-file://vscode-app/home/drdbrioso/Desktop/code-stable-x64-1705560028/VSCode-linux-x64/resources/app/out/vs/workbench/workbench.desktop.main.js:645:13751)
    at async n.readFileStream (vscode-file://vscode-app/home/drdbrioso/Desktop/code-stable-x64-1705560028/VSCode-linux-x64/resources/app/out/vs/workbench/workbench.desktop.main.js:645:18124)
    at async b.M (vscode-file://vscode-app/home/drdbrioso/Desktop/code-stable-x64-1705560028/VSCode-linux-x64/resources/app/out/vs/workbench/workbench.desktop.main.js:2169:42874)
    at async b.readStream (vscode-file://vscode-app/home/drdbrioso/Desktop/code-stable-x64-1705560028/VSCode-linux-x64/resources/app/out/vs/workbench/workbench.desktop.main.js:2169:42628)
    at async P.Cb (vscode-file://vscode-app/home/drdbrioso/Desktop/code-stable-x64-1705560028/VSCode-linux-x64/resources/app/out/vs/workbench/workbench.desktop.main.js:2158:6445)
    at async P.resolve (vscode-file://vscode-app/home/drdbrioso/Desktop/code-stable-x64-1705560028/VSCode-linux-x64/resources/app/out/vs/workbench/workbench.desktop.main.js:2158:4892)
    at async s.W (vscode-file://vscode-app/home/drdbrioso/Desktop/code-stable-x64-1705560028/VSCode-linux-x64/resources/app/out/vs/workbench/workbench.desktop.main.js:2169:39017)
    at async n.hb (vscode-file://vscode-app/home/drdbrioso/Desktop/code-stable-x64-1705560028/VSCode-linux-x64/resources/app/out/vs/workbench/workbench.desktop.main.js:1913:9133)
    at async M.setInput (vscode-file://vscode-app/home/drdbrioso/Desktop/code-stable-x64-1705560028/VSCode-linux-x64/resources/app/out/vs/workbench/workbench.desktop.main.js:2148:23768)
    at async b.S (vscode-file://vscode-app/home/drdbrioso/Desktop/code-stable-x64-1705560028/VSCode-linux-x64/resources/app/out/vs/workbench/workbench.desktop.main.js:2146:23046)
    at async b.L (vscode-file://vscode-app/home/drdbrioso/Desktop/code-stable-x64-1705560028/VSCode-linux-x64/resources/app/out/vs/workbench/workbench.desktop.main.js:2146:21637)
    at async b.openEditor (vscode-file://vscode-app/home/drdbrioso/Desktop/code-stable-x64-1705560028/VSCode-linux-x64/resources/app/out/vs/workbench/workbench.desktop.main.js:2146:20603)
    at async vscode-file://vscode-app/home/drdbrioso/Desktop/code-stable-x64-1705560028/VSCode-linux-x64/resources/app/out/vs/workbench/workbench.desktop.main.js:2275:23005
2025-10-13 17:23:27.744 [error] ENOPRO: No file system provider found for resource 'vscode-remote://ssh-remote%2Bsenc.icmc.usp.br/var/www/pom.xml': CodeExpectedError: ENOPRO: No file system provider found for resource 'vscode-remote://ssh-remote%2Bsenc.icmc.usp.br/var/www/pom.xml'
    at n.j (vscode-file://vscode-app/home/drdbrioso/Desktop/code-stable-x64-1705560028/VSCode-linux-x64/resources/app/out/vs/workbench/workbench.desktop.main.js:645:13659)
    at async n.exists (vscode-file://vscode-app/home/drdbrioso/Desktop/code-stable-x64-1705560028/VSCode-linux-x64/resources/app/out/vs/workbench/workbench.desktop.main.js:645:15866)
    at async Promise.all (index 0)
2025-10-13 17:23:27.755 [error] Connecting with SSH timed out: CodeExpectedError: Connecting with SSH timed out
    at ee.rb (vscode-file://vscode-app/home/drdbrioso/Desktop/code-stable-x64-1705560028/VSCode-linux-x64/resources/app/out/vs/workbench/workbench.desktop.main.js:2718:21055)
    at async ee.qb (vscode-file://vscode-app/home/drdbrioso/Desktop/code-stable-x64-1705560028/VSCode-linux-x64/resources/app/out/vs/workbench/workbench.desktop.main.js:2718:20332)
    at async ee.Ob (vscode-file://vscode-app/home/drdbrioso/Desktop/code-stable-x64-1705560028/VSCode-linux-x64/resources/app/out/vs/workbench/workbench.desktop.main.js:2719:11484)
    at async ee.jb (vscode-file://vscode-app/home/drdbrioso/Desktop/code-stable-x64-1705560028/VSCode-linux-x64/resources/app/out/vs/workbench/workbench.desktop.main.js:2718:17969)
2025-10-13 17:23:27.756 [error] ENOPRO: No file system provider found for resource 'vscode-remote://ssh-remote%2Bsenc.icmc.usp.br/var/www': CodeExpectedError: ENOPRO: No file system provider found for resource 'vscode-remote://ssh-remote%2Bsenc.icmc.usp.br/var/www'
    at n.j (vscode-file://vscode-app/home/drdbrioso/Desktop/code-stable-x64-1705560028/VSCode-linux-x64/resources/app/out/vs/workbench/workbench.desktop.main.js:645:13659)
    at async n.s (vscode-file://vscode-app/home/drdbrioso/Desktop/code-stable-x64-1705560028/VSCode-linux-x64/resources/app/out/vs/workbench/workbench.desktop.main.js:645:14449)
    at async n.resolve (vscode-file://vscode-app/home/drdbrioso/Desktop/code-stable-x64-1705560028/VSCode-linux-x64/resources/app/out/vs/workbench/workbench.desktop.main.js:645:14277)
    at async d.j (vscode-file://vscode-app/home/drdbrioso/Desktop/code-stable-x64-1705560028/VSCode-linux-x64/resources/app/out/vs/workbench/workbench.desktop.main.js:1986:5302)
2025-10-13 17:23:27.756 [error] ENOPRO: No file system provider found for resource 'vscode-remote://ssh-remote%2Bsenc.icmc.usp.br/var/www/.vscode': CodeExpectedError: ENOPRO: No file system provider found for resource 'vscode-remote://ssh-remote%2Bsenc.icmc.usp.br/var/www/.vscode'
    at n.j (vscode-file://vscode-app/home/drdbrioso/Desktop/code-stable-x64-1705560028/VSCode-linux-x64/resources/app/out/vs/workbench/workbench.desktop.main.js:645:13659)
    at async n.exists (vscode-file://vscode-app/home/drdbrioso/Desktop/code-stable-x64-1705560028/VSCode-linux-x64/resources/app/out/vs/workbench/workbench.desktop.main.js:645:15866)
    at async vscode-file://vscode-app/home/drdbrioso/Desktop/code-stable-x64-1705560028/VSCode-linux-x64/resources/app/out/vs/workbench/workbench.desktop.main.js:2048:6302
    at async Promise.all (index 0)
    at async T.v (vscode-file://vscode-app/home/drdbrioso/Desktop/code-stable-x64-1705560028/VSCode-linux-x64/resources/app/out/vs/workbench/workbench.desktop.main.js:2048:6409)
2025-10-13 17:23:27.994 [error] CodeExpectedError: Connecting with SSH timed out
    at ee.rb (vscode-file://vscode-app/home/drdbrioso/Desktop/code-stable-x64-1705560028/VSCode-linux-x64/resources/app/out/vs/workbench/workbench.desktop.main.js:2718:21055)
    at async ee.qb (vscode-file://vscode-app/home/drdbrioso/Desktop/code-stable-x64-1705560028/VSCode-linux-x64/resources/app/out/vs/workbench/workbench.desktop.main.js:2718:20332)
    at async ee.Ob (vscode-file://vscode-app/home/drdbrioso/Desktop/code-stable-x64-1705560028/VSCode-linux-x64/resources/app/out/vs/workbench/workbench.desktop.main.js:2719:11484)
    at async ee.jb (vscode-file://vscode-app/home/drdbrioso/Desktop/code-stable-x64-1705560028/VSCode-linux-x64/resources/app/out/vs/workbench/workbench.desktop.main.js:2718:17969)
2025-10-13 17:23:28.763 [error] command 'remote-internal.setActiveFolders' not found: Error: command 'remote-internal.setActiveFolders' not found
    at k.n (vscode-file://vscode-app/home/drdbrioso/Desktop/code-stable-x64-1705560028/VSCode-linux-x64/resources/app/out/vs/workbench/workbench.desktop.main.js:1538:12339)
    at k.executeCommand (vscode-file://vscode-app/home/drdbrioso/Desktop/code-stable-x64-1705560028/VSCode-linux-x64/resources/app/out/vs/workbench/workbench.desktop.main.js:1538:12268)
2025-10-13 17:23:29.496 [warning] Via 'product.json#extensionEnabledApiProposals' extension 'ms-python.python' wants API proposal 'registerIssueDataProvider' but that proposal DOES NOT EXIST. Likely, the proposal has been finalized (check 'vscode.d.ts') or was abandoned.
2025-10-13 17:23:29.617 [info] Started local extension host with pid 31418.
2025-10-13 17:23:29.838 [info] Invoking resolveAuthority(ssh-remote)...
2025-10-13 17:23:29.838 [info] [LocalProcess0][resolveAuthority(ssh-remote,1)][0ms] obtaining proxy...
2025-10-13 17:23:29.839 [info] [LocalProcess0][resolveAuthority(ssh-remote,1)][0ms] invoking...
2025-10-13 17:23:30.841 [info] [LocalProcess0][resolveAuthority(ssh-remote,1)][1001ms] waiting...
2025-10-13 17:23:31.840 [info] [LocalProcess0][resolveAuthority(ssh-remote,1)][2001ms] waiting...
2025-10-13 17:23:32.667 [error] [/home/drdbrioso/.vscode/extensions/ms-toolsai.vscode-jupyter-cell-tags-0.1.9]: Extension is not compatible with Code 1.85.2. Extension requires: ^1.88.0.
2025-10-13 17:23:32.667 [error] [/home/drdbrioso/.vscode/extensions/ms-toolsai.vscode-jupyter-slideshow-0.1.6]: Extension is not compatible with Code 1.85.2. Extension requires: ^1.88.0.
2025-10-13 17:23:32.667 [error] [/home/drdbrioso/.vscode/extensions/ms-toolsai.jupyter-renderers-1.3.0]: Extension is not compatible with Code 1.85.2. Extension requires: ^1.95.0.
2025-10-13 17:23:32.675 [error] [/home/drdbrioso/.vscode/extensions/ms-vscode-remote.remote-containers-0.427.0]: Extension is not compatible with Code 1.85.2. Extension requires: ^1.99.0.
2025-10-13 17:23:32.676 [error] [/home/drdbrioso/.vscode/extensions/ms-vscode.remote-server-1.5.3]: Extension is not compatible with Code 1.85.2. Extension requires: ^1.87.0.
2025-10-13 17:23:32.676 [error] [/home/drdbrioso/.vscode/extensions/ms-vscode-remote.remote-wsl-0.104.3]: Extension is not compatible with Code 1.85.2. Extension requires: ^1.104.0.
2025-10-13 17:23:32.677 [error] [/home/drdbrioso/.vscode/extensions/ms-python.vscode-python-envs-1.8.0-linux-x64]: Extension is not compatible with Code 1.85.2. Extension requires: ^1.104.0-20250815.
2025-10-13 17:23:32.677 [error] [/home/drdbrioso/.vscode/extensions/ms-vscode.remote-explorer-0.5.0]: Extension is not compatible with Code 1.85.2. Extension requires: ^1.87.0.
2025-10-13 17:23:32.678 [error] [/home/drdbrioso/.vscode/extensions/ms-python.debugpy-2025.10.0-linux-x64]: Extension is not compatible with Code 1.85.2. Extension requires: ^1.92.0.
2025-10-13 17:23:32.679 [error] [/home/drdbrioso/.vscode/extensions/ms-python.python-2025.14.0-linux-x64]: Extension is not compatible with Code 1.85.2. Extension requires: ^1.95.0.
2025-10-13 17:23:32.682 [error] [/home/drdbrioso/.vscode/extensions/ms-python.vscode-pylance-2025.8.3]: Extension is not compatible with Code 1.85.2. Extension requires: ^1.101.0.
2025-10-13 17:23:32.852 [info] [LocalProcess0][resolveAuthority(ssh-remote,1)][3014ms] waiting...
2025-10-13 17:23:33.839 [info] [LocalProcess0][resolveAuthority(ssh-remote,1)][4001ms] waiting...
2025-10-13 17:23:34.839 [info] [LocalProcess0][resolveAuthority(ssh-remote,1)][5001ms] waiting...
2025-10-13 17:23:35.840 [info] [LocalProcess0][resolveAuthority(ssh-remote,1)][6001ms] waiting...
2025-10-13 17:23:36.840 [info] [LocalProcess0][resolveAuthority(ssh-remote,1)][7001ms] waiting...
2025-10-13 17:23:37.840 [info] [LocalProcess0][resolveAuthority(ssh-remote,1)][8001ms] waiting...
2025-10-13 17:23:38.840 [info] [LocalProcess0][resolveAuthority(ssh-remote,1)][9001ms] waiting...
2025-10-13 17:23:39.840 [info] [LocalProcess0][resolveAuthority(ssh-remote,1)][10001ms] waiting...
2025-10-13 17:23:40.840 [info] [LocalProcess0][resolveAuthority(ssh-remote,1)][11001ms] waiting...
2025-10-13 17:23:41.840 [info] [LocalProcess0][resolveAuthority(ssh-remote,1)][12001ms] waiting...
2025-10-13 17:23:42.839 [info] [LocalProcess0][resolveAuthority(ssh-remote,1)][13001ms] waiting...
2025-10-13 17:23:43.841 [info] [LocalProcess0][resolveAuthority(ssh-remote,1)][14001ms] waiting...
2025-10-13 17:23:44.840 [info] [LocalProcess0][resolveAuthority(ssh-remote,1)][15001ms] waiting...
2025-10-13 17:23:45.840 [info] [LocalProcess0][resolveAuthority(ssh-remote,1)][16001ms] waiting...
2025-10-13 17:23:46.841 [info] [LocalProcess0][resolveAuthority(ssh-remote,1)][17001ms] waiting...
2025-10-13 17:23:46.896 [error] [LocalProcess0][resolveAuthority(ssh-remote,1)][17057ms] returned an error {"code":"NotAvailable","message":"Connecting with SSH timed out","detail":true}
2025-10-13 17:23:46.896 [error] resolveAuthority(ssh-remote) returned an error after 17057 ms Connecting with SSH timed out
2025-10-13 17:23:46.897 [error] Error received from starting extension host (kind: Remote)
2025-10-13 17:23:46.897 [error] CodeExpectedError: Connecting with SSH timed out
    at ee.rb (vscode-file://vscode-app/home/drdbrioso/Desktop/code-stable-x64-1705560028/VSCode-linux-x64/resources/app/out/vs/workbench/workbench.desktop.main.js:2718:21055)
    at async ee.qb (vscode-file://vscode-app/home/drdbrioso/Desktop/code-stable-x64-1705560028/VSCode-linux-x64/resources/app/out/vs/workbench/workbench.desktop.main.js:2718:20332)
    at async ee.Ob (vscode-file://vscode-app/home/drdbrioso/Desktop/code-stable-x64-1705560028/VSCode-linux-x64/resources/app/out/vs/workbench/workbench.desktop.main.js:2719:11484)
    at async ee.jb (vscode-file://vscode-app/home/drdbrioso/Desktop/code-stable-x64-1705560028/VSCode-linux-x64/resources/app/out/vs/workbench/workbench.desktop.main.js:2718:17969)
2025-10-13 17:23:46.899 [error] [remote-connection][attempt 1] An error occurred in initial connection! Will retry... Error:
2025-10-13 17:23:46.899 [error] CodeExpectedError: Connecting with SSH timed out
    at ee.rb (vscode-file://vscode-app/home/drdbrioso/Desktop/code-stable-x64-1705560028/VSCode-linux-x64/resources/app/out/vs/workbench/workbench.desktop.main.js:2718:21055)
    at async ee.qb (vscode-file://vscode-app/home/drdbrioso/Desktop/code-stable-x64-1705560028/VSCode-linux-x64/resources/app/out/vs/workbench/workbench.desktop.main.js:2718:20332)
    at async ee.Ob (vscode-file://vscode-app/home/drdbrioso/Desktop/code-stable-x64-1705560028/VSCode-linux-x64/resources/app/out/vs/workbench/workbench.desktop.main.js:2719:11484)
    at async ee.jb (vscode-file://vscode-app/home/drdbrioso/Desktop/code-stable-x64-1705560028/VSCode-linux-x64/resources/app/out/vs/workbench/workbench.desktop.main.js:2718:17969)
2025-10-13 17:23:46.902 [error] [remote-connection][attempt 2] An error occurred in initial connection! Will retry... Error:
2025-10-13 17:23:46.903 [error] CodeExpectedError: Connecting with SSH timed out
    at ee.rb (vscode-file://vscode-app/home/drdbrioso/Desktop/code-stable-x64-1705560028/VSCode-linux-x64/resources/app/out/vs/workbench/workbench.desktop.main.js:2718:21055)
    at async ee.qb (vscode-file://vscode-app/home/drdbrioso/Desktop/code-stable-x64-1705560028/VSCode-linux-x64/resources/app/out/vs/workbench/workbench.desktop.main.js:2718:20332)
    at async ee.Ob (vscode-file://vscode-app/home/drdbrioso/Desktop/code-stable-x64-1705560028/VSCode-linux-x64/resources/app/out/vs/workbench/workbench.desktop.main.js:2719:11484)
    at async ee.jb (vscode-file://vscode-app/home/drdbrioso/Desktop/code-stable-x64-1705560028/VSCode-linux-x64/resources/app/out/vs/workbench/workbench.desktop.main.js:2718:17969)
2025-10-13 17:23:46.939 [error] [remote-connection][attempt 3] An error occurred in initial connection! Will retry... Error:
2025-10-13 17:23:46.940 [error] CodeExpectedError: Connecting with SSH timed out
    at ee.rb (vscode-file://vscode-app/home/drdbrioso/Desktop/code-stable-x64-1705560028/VSCode-linux-x64/resources/app/out/vs/workbench/workbench.desktop.main.js:2718:21055)
    at async ee.qb (vscode-file://vscode-app/home/drdbrioso/Desktop/code-stable-x64-1705560028/VSCode-linux-x64/resources/app/out/vs/workbench/workbench.desktop.main.js:2718:20332)
    at async ee.Ob (vscode-file://vscode-app/home/drdbrioso/Desktop/code-stable-x64-1705560028/VSCode-linux-x64/resources/app/out/vs/workbench/workbench.desktop.main.js:2719:11484)
    at async ee.jb (vscode-file://vscode-app/home/drdbrioso/Desktop/code-stable-x64-1705560028/VSCode-linux-x64/resources/app/out/vs/workbench/workbench.desktop.main.js:2718:17969)
2025-10-13 17:23:46.961 [error] [remote-connection][attempt 4] An error occurred in initial connection! Will retry... Error:
2025-10-13 17:23:46.961 [error] CodeExpectedError: Connecting with SSH timed out
    at ee.rb (vscode-file://vscode-app/home/drdbrioso/Desktop/code-stable-x64-1705560028/VSCode-linux-x64/resources/app/out/vs/workbench/workbench.desktop.main.js:2718:21055)
    at async ee.qb (vscode-file://vscode-app/home/drdbrioso/Desktop/code-stable-x64-1705560028/VSCode-linux-x64/resources/app/out/vs/workbench/workbench.desktop.main.js:2718:20332)
    at async ee.Ob (vscode-file://vscode-app/home/drdbrioso/Desktop/code-stable-x64-1705560028/VSCode-linux-x64/resources/app/out/vs/workbench/workbench.desktop.main.js:2719:11484)
    at async ee.jb (vscode-file://vscode-app/home/drdbrioso/Desktop/code-stable-x64-1705560028/VSCode-linux-x64/resources/app/out/vs/workbench/workbench.desktop.main.js:2718:17969)
2025-10-13 17:23:46.962 [error] [remote-connection][attempt 5]  An error occurred in initial connection! It will be treated as a permanent error. Error:
2025-10-13 17:23:46.962 [error] CodeExpectedError: Connecting with SSH timed out
    at ee.rb (vscode-file://vscode-app/home/drdbrioso/Desktop/code-stable-x64-1705560028/VSCode-linux-x64/resources/app/out/vs/workbench/workbench.desktop.main.js:2718:21055)
    at async ee.qb (vscode-file://vscode-app/home/drdbrioso/Desktop/code-stable-x64-1705560028/VSCode-linux-x64/resources/app/out/vs/workbench/workbench.desktop.main.js:2718:20332)
    at async ee.Ob (vscode-file://vscode-app/home/drdbrioso/Desktop/code-stable-x64-1705560028/VSCode-linux-x64/resources/app/out/vs/workbench/workbench.desktop.main.js:2719:11484)
    at async ee.jb (vscode-file://vscode-app/home/drdbrioso/Desktop/code-stable-x64-1705560028/VSCode-linux-x64/resources/app/out/vs/workbench/workbench.desktop.main.js:2718:17969)
2025-10-13 17:23:46.963 [error] CodeExpectedError: Connecting with SSH timed out
    at ee.rb (vscode-file://vscode-app/home/drdbrioso/Desktop/code-stable-x64-1705560028/VSCode-linux-x64/resources/app/out/vs/workbench/workbench.desktop.main.js:2718:21055)
    at async ee.qb (vscode-file://vscode-app/home/drdbrioso/Desktop/code-stable-x64-1705560028/VSCode-linux-x64/resources/app/out/vs/workbench/workbench.desktop.main.js:2718:20332)
    at async ee.Ob (vscode-file://vscode-app/home/drdbrioso/Desktop/code-stable-x64-1705560028/VSCode-linux-x64/resources/app/out/vs/workbench/workbench.desktop.main.js:2719:11484)
    at async ee.jb (vscode-file://vscode-app/home/drdbrioso/Desktop/code-stable-x64-1705560028/VSCode-linux-x64/resources/app/out/vs/workbench/workbench.desktop.main.js:2718:17969)
2025-10-13 17:23:46.963 [error] Cannot register remote filesystem provider. Error while fetching remote environment. Connecting with SSH timed out
2025-10-13 17:23:46.963 [error] CodeExpectedError: Connecting with SSH timed out
    at ee.rb (vscode-file://vscode-app/home/drdbrioso/Desktop/code-stable-x64-1705560028/VSCode-linux-x64/resources/app/out/vs/workbench/workbench.desktop.main.js:2718:21055)
    at async ee.qb (vscode-file://vscode-app/home/drdbrioso/Desktop/code-stable-x64-1705560028/VSCode-linux-x64/resources/app/out/vs/workbench/workbench.desktop.main.js:2718:20332)
    at async ee.Ob (vscode-file://vscode-app/home/drdbrioso/Desktop/code-stable-x64-1705560028/VSCode-linux-x64/resources/app/out/vs/workbench/workbench.desktop.main.js:2719:11484)
    at async ee.jb (vscode-file://vscode-app/home/drdbrioso/Desktop/code-stable-x64-1705560028/VSCode-linux-x64/resources/app/out/vs/workbench/workbench.desktop.main.js:2718:17969)
2025-10-13 17:23:46.963 [error] CodeExpectedError: Connecting with SSH timed out
    at ee.rb (vscode-file://vscode-app/home/drdbrioso/Desktop/code-stable-x64-1705560028/VSCode-linux-x64/resources/app/out/vs/workbench/workbench.desktop.main.js:2718:21055)
    at async ee.qb (vscode-file://vscode-app/home/drdbrioso/Desktop/code-stable-x64-1705560028/VSCode-linux-x64/resources/app/out/vs/workbench/workbench.desktop.main.js:2718:20332)
    at async ee.Ob (vscode-file://vscode-app/home/drdbrioso/Desktop/code-stable-x64-1705560028/VSCode-linux-x64/resources/app/out/vs/workbench/workbench.desktop.main.js:2719:11484)
    at async ee.jb (vscode-file://vscode-app/home/drdbrioso/Desktop/code-stable-x64-1705560028/VSCode-linux-x64/resources/app/out/vs/workbench/workbench.desktop.main.js:2718:17969)
2025-10-13 17:23:46.964 [error] CodeExpectedError: Connecting with SSH timed out
    at ee.rb (vscode-file://vscode-app/home/drdbrioso/Desktop/code-stable-x64-1705560028/VSCode-linux-x64/resources/app/out/vs/workbench/workbench.desktop.main.js:2718:21055)
    at async ee.qb (vscode-file://vscode-app/home/drdbrioso/Desktop/code-stable-x64-1705560028/VSCode-linux-x64/resources/app/out/vs/workbench/workbench.desktop.main.js:2718:20332)
    at async ee.Ob (vscode-file://vscode-app/home/drdbrioso/Desktop/code-stable-x64-1705560028/VSCode-linux-x64/resources/app/out/vs/workbench/workbench.desktop.main.js:2719:11484)
    at async ee.jb (vscode-file://vscode-app/home/drdbrioso/Desktop/code-stable-x64-1705560028/VSCode-linux-x64/resources/app/out/vs/workbench/workbench.desktop.main.js:2718:17969)
2025-10-13 17:23:46.964 [error] CodeExpectedError: Connecting with SSH timed out
    at ee.rb (vscode-file://vscode-app/home/drdbrioso/Desktop/code-stable-x64-1705560028/VSCode-linux-x64/resources/app/out/vs/workbench/workbench.desktop.main.js:2718:21055)
    at async ee.qb (vscode-file://vscode-app/home/drdbrioso/Desktop/code-stable-x64-1705560028/VSCode-linux-x64/resources/app/out/vs/workbench/workbench.desktop.main.js:2718:20332)
    at async ee.Ob (vscode-file://vscode-app/home/drdbrioso/Desktop/code-stable-x64-1705560028/VSCode-linux-x64/resources/app/out/vs/workbench/workbench.desktop.main.js:2719:11484)
    at async ee.jb (vscode-file://vscode-app/home/drdbrioso/Desktop/code-stable-x64-1705560028/VSCode-linux-x64/resources/app/out/vs/workbench/workbench.desktop.main.js:2718:17969)
2025-10-13 17:23:46.964 [error] CodeExpectedError: Connecting with SSH timed out
    at ee.rb (vscode-file://vscode-app/home/drdbrioso/Desktop/code-stable-x64-1705560028/VSCode-linux-x64/resources/app/out/vs/workbench/workbench.desktop.main.js:2718:21055)
    at async ee.qb (vscode-file://vscode-app/home/drdbrioso/Desktop/code-stable-x64-1705560028/VSCode-linux-x64/resources/app/out/vs/workbench/workbench.desktop.main.js:2718:20332)
    at async ee.Ob (vscode-file://vscode-app/home/drdbrioso/Desktop/code-stable-x64-1705560028/VSCode-linux-x64/resources/app/out/vs/workbench/workbench.desktop.main.js:2719:11484)
    at async ee.jb (vscode-file://vscode-app/home/drdbrioso/Desktop/code-stable-x64-1705560028/VSCode-linux-x64/resources/app/out/vs/workbench/workbench.desktop.main.js:2718:17969)
2025-10-13 17:23:46.964 [warning] Ignoring the error while validating workspace folder vscode-remote://ssh-remote%2Bsenc.icmc.usp.br/var/www - ENOPRO: No file system provider found for resource 'vscode-remote://ssh-remote%2Bsenc.icmc.usp.br/var/www'
2025-10-13 17:23:46.965 [error] CodeExpectedError: ENOPRO: No file system provider found for resource 'vscode-remote://ssh-remote%2Bsenc.icmc.usp.br/var/www'
    at n.j (vscode-file://vscode-app/home/drdbrioso/Desktop/code-stable-x64-1705560028/VSCode-linux-x64/resources/app/out/vs/workbench/workbench.desktop.main.js:645:13659)
    at async n.bb (vscode-file://vscode-app/home/drdbrioso/Desktop/code-stable-x64-1705560028/VSCode-linux-x64/resources/app/out/vs/workbench/workbench.desktop.main.js:645:24851)
    at async vscode-file://vscode-app/home/drdbrioso/Desktop/code-stable-x64-1705560028/VSCode-linux-x64/resources/app/out/vs/workbench/workbench.desktop.main.js:645:24559
2025-10-13 17:23:46.965 [error] ENOPRO: No file system provider found for resource 'vscode-remote://ssh-remote%2Bsenc.icmc.usp.br/var/www/.git/config': CodeExpectedError: ENOPRO: No file system provider found for resource 'vscode-remote://ssh-remote%2Bsenc.icmc.usp.br/var/www/.git/config'
    at n.j (vscode-file://vscode-app/home/drdbrioso/Desktop/code-stable-x64-1705560028/VSCode-linux-x64/resources/app/out/vs/workbench/workbench.desktop.main.js:645:13659)
    at async n.exists (vscode-file://vscode-app/home/drdbrioso/Desktop/code-stable-x64-1705560028/VSCode-linux-x64/resources/app/out/vs/workbench/workbench.desktop.main.js:645:15866)
    at async Promise.all (index 0)
2025-10-13 17:23:46.966 [error] CodeExpectedError: ENOPRO: No file system provider found for resource 'vscode-remote://ssh-remote%2Bsenc.icmc.usp.br/var/www/patrocinadores/index.php'
    at n.j (vscode-file://vscode-app/home/drdbrioso/Desktop/code-stable-x64-1705560028/VSCode-linux-x64/resources/app/out/vs/workbench/workbench.desktop.main.js:645:13659)
    at async n.m (vscode-file://vscode-app/home/drdbrioso/Desktop/code-stable-x64-1705560028/VSCode-linux-x64/resources/app/out/vs/workbench/workbench.desktop.main.js:645:13751)
    at async n.readFileStream (vscode-file://vscode-app/home/drdbrioso/Desktop/code-stable-x64-1705560028/VSCode-linux-x64/resources/app/out/vs/workbench/workbench.desktop.main.js:645:18124)
    at async b.M (vscode-file://vscode-app/home/drdbrioso/Desktop/code-stable-x64-1705560028/VSCode-linux-x64/resources/app/out/vs/workbench/workbench.desktop.main.js:2169:42874)
    at async b.readStream (vscode-file://vscode-app/home/drdbrioso/Desktop/code-stable-x64-1705560028/VSCode-linux-x64/resources/app/out/vs/workbench/workbench.desktop.main.js:2169:42628)
    at async P.Cb (vscode-file://vscode-app/home/drdbrioso/Desktop/code-stable-x64-1705560028/VSCode-linux-x64/resources/app/out/vs/workbench/workbench.desktop.main.js:2158:6445)
    at async P.resolve (vscode-file://vscode-app/home/drdbrioso/Desktop/code-stable-x64-1705560028/VSCode-linux-x64/resources/app/out/vs/workbench/workbench.desktop.main.js:2158:4892)
    at async s.W (vscode-file://vscode-app/home/drdbrioso/Desktop/code-stable-x64-1705560028/VSCode-linux-x64/resources/app/out/vs/workbench/workbench.desktop.main.js:2169:39017)
    at async n.hb (vscode-file://vscode-app/home/drdbrioso/Desktop/code-stable-x64-1705560028/VSCode-linux-x64/resources/app/out/vs/workbench/workbench.desktop.main.js:1913:9133)
    at async M.setInput (vscode-file://vscode-app/home/drdbrioso/Desktop/code-stable-x64-1705560028/VSCode-linux-x64/resources/app/out/vs/workbench/workbench.desktop.main.js:2148:23768)
    at async b.S (vscode-file://vscode-app/home/drdbrioso/Desktop/code-stable-x64-1705560028/VSCode-linux-x64/resources/app/out/vs/workbench/workbench.desktop.main.js:2146:23046)
    at async b.L (vscode-file://vscode-app/home/drdbrioso/Desktop/code-stable-x64-1705560028/VSCode-linux-x64/resources/app/out/vs/workbench/workbench.desktop.main.js:2146:21637)
    at async b.openEditor (vscode-file://vscode-app/home/drdbrioso/Desktop/code-stable-x64-1705560028/VSCode-linux-x64/resources/app/out/vs/workbench/workbench.desktop.main.js:2146:20603)
    at async vscode-file://vscode-app/home/drdbrioso/Desktop/code-stable-x64-1705560028/VSCode-linux-x64/resources/app/out/vs/workbench/workbench.desktop.main.js:2275:23005
2025-10-13 17:23:46.970 [error] ENOPRO: No file system provider found for resource 'vscode-remote://ssh-remote%2Bsenc.icmc.usp.br/var/www/pom.xml': CodeExpectedError: ENOPRO: No file system provider found for resource 'vscode-remote://ssh-remote%2Bsenc.icmc.usp.br/var/www/pom.xml'
    at n.j (vscode-file://vscode-app/home/drdbrioso/Desktop/code-stable-x64-1705560028/VSCode-linux-x64/resources/app/out/vs/workbench/workbench.desktop.main.js:645:13659)
    at async n.exists (vscode-file://vscode-app/home/drdbrioso/Desktop/code-stable-x64-1705560028/VSCode-linux-x64/resources/app/out/vs/workbench/workbench.desktop.main.js:645:15866)
    at async Promise.all (index 0)
2025-10-13 17:23:46.982 [error] Connecting with SSH timed out: CodeExpectedError: Connecting with SSH timed out
    at ee.rb (vscode-file://vscode-app/home/drdbrioso/Desktop/code-stable-x64-1705560028/VSCode-linux-x64/resources/app/out/vs/workbench/workbench.desktop.main.js:2718:21055)
    at async ee.qb (vscode-file://vscode-app/home/drdbrioso/Desktop/code-stable-x64-1705560028/VSCode-linux-x64/resources/app/out/vs/workbench/workbench.desktop.main.js:2718:20332)
    at async ee.Ob (vscode-file://vscode-app/home/drdbrioso/Desktop/code-stable-x64-1705560028/VSCode-linux-x64/resources/app/out/vs/workbench/workbench.desktop.main.js:2719:11484)
    at async ee.jb (vscode-file://vscode-app/home/drdbrioso/Desktop/code-stable-x64-1705560028/VSCode-linux-x64/resources/app/out/vs/workbench/workbench.desktop.main.js:2718:17969)
2025-10-13 17:23:46.982 [error] ENOPRO: No file system provider found for resource 'vscode-remote://ssh-remote%2Bsenc.icmc.usp.br/var/www': CodeExpectedError: ENOPRO: No file system provider found for resource 'vscode-remote://ssh-remote%2Bsenc.icmc.usp.br/var/www'
    at n.j (vscode-file://vscode-app/home/drdbrioso/Desktop/code-stable-x64-1705560028/VSCode-linux-x64/resources/app/out/vs/workbench/workbench.desktop.main.js:645:13659)
    at async n.s (vscode-file://vscode-app/home/drdbrioso/Desktop/code-stable-x64-1705560028/VSCode-linux-x64/resources/app/out/vs/workbench/workbench.desktop.main.js:645:14449)
    at async n.resolve (vscode-file://vscode-app/home/drdbrioso/Desktop/code-stable-x64-1705560028/VSCode-linux-x64/resources/app/out/vs/workbench/workbench.desktop.main.js:645:14277)
    at async d.j (vscode-file://vscode-app/home/drdbrioso/Desktop/code-stable-x64-1705560028/VSCode-linux-x64/resources/app/out/vs/workbench/workbench.desktop.main.js:1986:5302)
2025-10-13 17:23:46.982 [error] ENOPRO: No file system provider found for resource 'vscode-remote://ssh-remote%2Bsenc.icmc.usp.br/var/www/.vscode': CodeExpectedError: ENOPRO: No file system provider found for resource 'vscode-remote://ssh-remote%2Bsenc.icmc.usp.br/var/www/.vscode'
    at n.j (vscode-file://vscode-app/home/drdbrioso/Desktop/code-stable-x64-1705560028/VSCode-linux-x64/resources/app/out/vs/workbench/workbench.desktop.main.js:645:13659)
    at async n.exists (vscode-file://vscode-app/home/drdbrioso/Desktop/code-stable-x64-1705560028/VSCode-linux-x64/resources/app/out/vs/workbench/workbench.desktop.main.js:645:15866)
    at async vscode-file://vscode-app/home/drdbrioso/Desktop/code-stable-x64-1705560028/VSCode-linux-x64/resources/app/out/vs/workbench/workbench.desktop.main.js:2048:6302
    at async Promise.all (index 0)
    at async T.v (vscode-file://vscode-app/home/drdbrioso/Desktop/code-stable-x64-1705560028/VSCode-linux-x64/resources/app/out/vs/workbench/workbench.desktop.main.js:2048:6409)
2025-10-13 17:23:47.092 [error] CodeExpectedError: Connecting with SSH timed out
    at ee.rb (vscode-file://vscode-app/home/drdbrioso/Desktop/code-stable-x64-1705560028/VSCode-linux-x64/resources/app/out/vs/workbench/workbench.desktop.main.js:2718:21055)
    at async ee.qb (vscode-file://vscode-app/home/drdbrioso/Desktop/code-stable-x64-1705560028/VSCode-linux-x64/resources/app/out/vs/workbench/workbench.desktop.main.js:2718:20332)
    at async ee.Ob (vscode-file://vscode-app/home/drdbrioso/Desktop/code-stable-x64-1705560028/VSCode-linux-x64/resources/app/out/vs/workbench/workbench.desktop.main.js:2719:11484)
    at async ee.jb (vscode-file://vscode-app/home/drdbrioso/Desktop/code-stable-x64-1705560028/VSCode-linux-x64/resources/app/out/vs/workbench/workbench.desktop.main.js:2718:17969)
2025-10-13 17:23:47.989 [error] command 'remote-internal.setActiveFolders' not found: Error: command 'remote-internal.setActiveFolders' not found
    at k.n (vscode-file://vscode-app/home/drdbrioso/Desktop/code-stable-x64-1705560028/VSCode-linux-x64/resources/app/out/vs/workbench/workbench.desktop.main.js:1538:12339)
    at k.executeCommand (vscode-file://vscode-app/home/drdbrioso/Desktop/code-stable-x64-1705560028/VSCode-linux-x64/resources/app/out/vs/workbench/workbench.desktop.main.js:1538:12268)
2025-10-13 17:24:06.994 [error] Connecting with SSH timed out: CodeExpectedError: Connecting with SSH timed out
    at ee.rb (vscode-file://vscode-app/home/drdbrioso/Desktop/code-stable-x64-1705560028/VSCode-linux-x64/resources/app/out/vs/workbench/workbench.desktop.main.js:2718:21055)
    at async ee.qb (vscode-file://vscode-app/home/drdbrioso/Desktop/code-stable-x64-1705560028/VSCode-linux-x64/resources/app/out/vs/workbench/workbench.desktop.main.js:2718:20332)
    at async ee.Ob (vscode-file://vscode-app/home/drdbrioso/Desktop/code-stable-x64-1705560028/VSCode-linux-x64/resources/app/out/vs/workbench/workbench.desktop.main.js:2719:11484)
    at async ee.jb (vscode-file://vscode-app/home/drdbrioso/Desktop/code-stable-x64-1705560028/VSCode-linux-x64/resources/app/out/vs/workbench/workbench.desktop.main.js:2718:17969)
2025-10-13 17:24:08.996 [error] Connecting with SSH timed out: CodeExpectedError: Connecting with SSH timed out
    at ee.rb (vscode-file://vscode-app/home/drdbrioso/Desktop/code-stable-x64-1705560028/VSCode-linux-x64/resources/app/out/vs/workbench/workbench.desktop.main.js:2718:21055)
    at async ee.qb (vscode-file://vscode-app/home/drdbrioso/Desktop/code-stable-x64-1705560028/VSCode-linux-x64/resources/app/out/vs/workbench/workbench.desktop.main.js:2718:20332)
    at async ee.Ob (vscode-file://vscode-app/home/drdbrioso/Desktop/code-stable-x64-1705560028/VSCode-linux-x64/resources/app/out/vs/workbench/workbench.desktop.main.js:2719:11484)
    at async ee.jb (vscode-file://vscode-app/home/drdbrioso/Desktop/code-stable-x64-1705560028/VSCode-linux-x64/resources/app/out/vs/workbench/workbench.desktop.main.js:2718:17969)
2025-10-13 17:24:24.992 [warning] Via 'product.json#extensionEnabledApiProposals' extension 'ms-python.python' wants API proposal 'registerIssueDataProvider' but that proposal DOES NOT EXIST. Likely, the proposal has been finalized (check 'vscode.d.ts') or was abandoned.
2025-10-13 17:24:25.139 [info] Started local extension host with pid 31522.
2025-10-13 17:24:25.341 [info] Invoking resolveAuthority(ssh-remote)...
2025-10-13 17:24:25.341 [info] [LocalProcess0][resolveAuthority(ssh-remote,1)][0ms] obtaining proxy...
2025-10-13 17:24:25.342 [info] [LocalProcess0][resolveAuthority(ssh-remote,1)][0ms] invoking...
2025-10-13 17:24:26.343 [info] [LocalProcess0][resolveAuthority(ssh-remote,1)][1001ms] waiting...
2025-10-13 17:24:27.343 [info] [LocalProcess0][resolveAuthority(ssh-remote,1)][2000ms] waiting...
2025-10-13 17:24:28.210 [error] [/home/drdbrioso/.vscode/extensions/ms-toolsai.vscode-jupyter-slideshow-0.1.6]: Extension is not compatible with Code 1.85.2. Extension requires: ^1.88.0.
2025-10-13 17:24:28.211 [error] [/home/drdbrioso/.vscode/extensions/ms-toolsai.vscode-jupyter-cell-tags-0.1.9]: Extension is not compatible with Code 1.85.2. Extension requires: ^1.88.0.
2025-10-13 17:24:28.211 [error] [/home/drdbrioso/.vscode/extensions/ms-toolsai.jupyter-renderers-1.3.0]: Extension is not compatible with Code 1.85.2. Extension requires: ^1.95.0.
2025-10-13 17:24:28.255 [error] [/home/drdbrioso/.vscode/extensions/ms-vscode.remote-server-1.5.3]: Extension is not compatible with Code 1.85.2. Extension requires: ^1.87.0.
2025-10-13 17:24:28.256 [error] [/home/drdbrioso/.vscode/extensions/ms-python.vscode-python-envs-1.8.0-linux-x64]: Extension is not compatible with Code 1.85.2. Extension requires: ^1.104.0-20250815.
2025-10-13 17:24:28.258 [error] [/home/drdbrioso/.vscode/extensions/ms-vscode-remote.remote-containers-0.427.0]: Extension is not compatible with Code 1.85.2. Extension requires: ^1.99.0.
2025-10-13 17:24:28.259 [error] [/home/drdbrioso/.vscode/extensions/ms-vscode-remote.remote-wsl-0.104.3]: Extension is not compatible with Code 1.85.2. Extension requires: ^1.104.0.
2025-10-13 17:24:28.261 [error] [/home/drdbrioso/.vscode/extensions/ms-vscode.remote-explorer-0.5.0]: Extension is not compatible with Code 1.85.2. Extension requires: ^1.87.0.
2025-10-13 17:24:28.264 [error] [/home/drdbrioso/.vscode/extensions/ms-python.python-2025.14.0-linux-x64]: Extension is not compatible with Code 1.85.2. Extension requires: ^1.95.0.
2025-10-13 17:24:28.264 [error] [/home/drdbrioso/.vscode/extensions/ms-python.debugpy-2025.10.0-linux-x64]: Extension is not compatible with Code 1.85.2. Extension requires: ^1.92.0.
2025-10-13 17:24:28.267 [error] [/home/drdbrioso/.vscode/extensions/ms-python.vscode-pylance-2025.8.3]: Extension is not compatible with Code 1.85.2. Extension requires: ^1.101.0.
2025-10-13 17:24:28.352 [info] [LocalProcess0][resolveAuthority(ssh-remote,1)][3011ms] waiting...
2025-10-13 17:24:29.342 [info] [LocalProcess0][resolveAuthority(ssh-remote,1)][4000ms] waiting...
2025-10-13 17:24:30.342 [info] [LocalProcess0][resolveAuthority(ssh-remote,1)][5000ms] waiting...
2025-10-13 17:24:31.345 [info] [LocalProcess0][resolveAuthority(ssh-remote,1)][6003ms] waiting...
2025-10-13 17:24:32.343 [info] [LocalProcess0][resolveAuthority(ssh-remote,1)][7001ms] waiting...
2025-10-13 17:24:33.343 [info] [LocalProcess0][resolveAuthority(ssh-remote,1)][8000ms] waiting...
2025-10-13 17:24:34.343 [info] [LocalProcess0][resolveAuthority(ssh-remote,1)][9000ms] waiting...
2025-10-13 17:24:35.343 [info] [LocalProcess0][resolveAuthority(ssh-remote,1)][10001ms] waiting...
2025-10-13 17:24:36.343 [info] [LocalProcess0][resolveAuthority(ssh-remote,1)][11000ms] waiting...
2025-10-13 17:24:37.343 [info] [LocalProcess0][resolveAuthority(ssh-remote,1)][12000ms] waiting...
2025-10-13 17:24:38.342 [info] [LocalProcess0][resolveAuthority(ssh-remote,1)][13000ms] waiting...
2025-10-13 17:24:38.541 [error] [Extension Host] (node:31522) [DEP0005] DeprecationWarning: Buffer() is deprecated due to security and usability issues. Please use the Buffer.alloc(), Buffer.allocUnsafe(), or Buffer.from() methods instead.
(Use `exe --trace-deprecation ...` to show where the warning was created)
2025-10-13 17:24:38.562 [info] [LocalProcess0][resolveAuthority(ssh-remote,1)][13220ms] returned WebSocket(127.0.0.1:44859)
2025-10-13 17:24:38.562 [info] resolveAuthority(ssh-remote) returned 'WebSocket(127.0.0.1:44859)' after 13220 ms
2025-10-13 17:24:38.562 [info] Creating a socket (renderer-Management-3ff5b996-c7f3-4eed-87f4-03baa88b3f0e)...
2025-10-13 17:24:38.563 [info] Creating a socket (renderer-ExtensionHost-09fdb4c2-8ac6-4797-9d49-d56821542825)...
2025-10-13 17:24:38.908 [info] Creating a socket (renderer-Management-3ff5b996-c7f3-4eed-87f4-03baa88b3f0e) was successful after 345 ms.
2025-10-13 17:24:39.318 [info] Creating a socket (renderer-ExtensionHost-09fdb4c2-8ac6-4797-9d49-d56821542825) was successful after 755 ms.
2025-10-13 17:24:42.191 [info] [perf] Render performance baseline is 27ms
2025-10-13 17:24:42.313 [error] Could not find pty on pty host: CodeExpectedError: Could not find pty on pty host
    at A.U (/home/web-senc/.vscode-server/bin/8b3775030ed1a69b13e4f4c628c612102e30a681/out/vs/platform/terminal/node/ptyHostMain.js:43:32377)
    at A.updateTitle (/home/web-senc/.vscode-server/bin/8b3775030ed1a69b13e4f4c628c612102e30a681/out/vs/platform/terminal/node/ptyHostMain.js:43:27509)
    at T.<computed> (/home/web-senc/.vscode-server/bin/8b3775030ed1a69b13e4f4c628c612102e30a681/out/vs/platform/terminal/node/ptyHostMain.js:43:22735)
    at Object.call (/home/web-senc/.vscode-server/bin/8b3775030ed1a69b13e4f4c628c612102e30a681/out/vs/platform/terminal/node/ptyHostMain.js:34:5041)
    at g.s (/home/web-senc/.vscode-server/bin/8b3775030ed1a69b13e4f4c628c612102e30a681/out/vs/platform/terminal/node/ptyHostMain.js:32:5153)
    at g.q (/home/web-senc/.vscode-server/bin/8b3775030ed1a69b13e4f4c628c612102e30a681/out/vs/platform/terminal/node/ptyHostMain.js:32:4662)
    at a.value (/home/web-senc/.vscode-server/bin/8b3775030ed1a69b13e4f4c628c612102e30a681/out/vs/platform/terminal/node/ptyHostMain.js:32:4064)
    at i.y (/home/web-senc/.vscode-server/bin/8b3775030ed1a69b13e4f4c628c612102e30a681/out/vs/platform/terminal/node/ptyHostMain.js:27:1906)
    at i.fire (/home/web-senc/.vscode-server/bin/8b3775030ed1a69b13e4f4c628c612102e30a681/out/vs/platform/terminal/node/ptyHostMain.js:27:2123)
    at process.ce (/home/web-senc/.vscode-server/bin/8b3775030ed1a69b13e4f4c628c612102e30a681/out/vs/platform/terminal/node/ptyHostMain.js:25:10117)
    at process.emit (node:events:513:28)
    at emit (node:internal/child_process:937:14)
    at process.processTicksAndRejections (node:internal/process/task_queues:83:21)
2025-10-13 17:24:42.313 [error] Could not find pty on pty host: CodeExpectedError: Could not find pty on pty host
    at A.U (/home/web-senc/.vscode-server/bin/8b3775030ed1a69b13e4f4c628c612102e30a681/out/vs/platform/terminal/node/ptyHostMain.js:43:32377)
    at A.updateIcon (/home/web-senc/.vscode-server/bin/8b3775030ed1a69b13e4f4c628c612102e30a681/out/vs/platform/terminal/node/ptyHostMain.js:43:27562)
    at T.<computed> (/home/web-senc/.vscode-server/bin/8b3775030ed1a69b13e4f4c628c612102e30a681/out/vs/platform/terminal/node/ptyHostMain.js:43:22735)
    at Object.call (/home/web-senc/.vscode-server/bin/8b3775030ed1a69b13e4f4c628c612102e30a681/out/vs/platform/terminal/node/ptyHostMain.js:34:5041)
    at g.s (/home/web-senc/.vscode-server/bin/8b3775030ed1a69b13e4f4c628c612102e30a681/out/vs/platform/terminal/node/ptyHostMain.js:32:5153)
    at g.q (/home/web-senc/.vscode-server/bin/8b3775030ed1a69b13e4f4c628c612102e30a681/out/vs/platform/terminal/node/ptyHostMain.js:32:4662)
    at a.value (/home/web-senc/.vscode-server/bin/8b3775030ed1a69b13e4f4c628c612102e30a681/out/vs/platform/terminal/node/ptyHostMain.js:32:4064)
    at i.y (/home/web-senc/.vscode-server/bin/8b3775030ed1a69b13e4f4c628c612102e30a681/out/vs/platform/terminal/node/ptyHostMain.js:27:1906)
    at i.fire (/home/web-senc/.vscode-server/bin/8b3775030ed1a69b13e4f4c628c612102e30a681/out/vs/platform/terminal/node/ptyHostMain.js:27:2123)
    at process.ce (/home/web-senc/.vscode-server/bin/8b3775030ed1a69b13e4f4c628c612102e30a681/out/vs/platform/terminal/node/ptyHostMain.js:25:10117)
    at process.emit (node:events:513:28)
    at emit (node:internal/child_process:937:14)
    at process.processTicksAndRejections (node:internal/process/task_queues:83:21)
2025-10-13 17:24:44.930 [error] command 'remote-internal.setActiveFolders' not found: Error: command 'remote-internal.setActiveFolders' not found
    at k.n (vscode-file://vscode-app/home/drdbrioso/Desktop/code-stable-x64-1705560028/VSCode-linux-x64/resources/app/out/vs/workbench/workbench.desktop.main.js:1538:12339)
    at k.executeCommand (vscode-file://vscode-app/home/drdbrioso/Desktop/code-stable-x64-1705560028/VSCode-linux-x64/resources/app/out/vs/workbench/workbench.desktop.main.js:1538:12268)
2025-10-13 17:46:19.506 [info] Extension host (Remote) is unresponsive.
2025-10-13 17:46:28.855 [error] Error: Aborted onWillSaveTextDocument-event after 1750ms
    at vscode-file://vscode-app/home/drdbrioso/Desktop/code-stable-x64-1705560028/VSCode-linux-x64/resources/app/out/vs/workbench/workbench.desktop.main.js:1899:12495
2025-10-13 17:46:36.288 [info] [remote-connection][ExtensionHost][09fdb…][reconnect] received socket timeout event (unacknowledgedMsgCount: 130, timeSinceOldestUnacknowledgedMsg: 20002, timeSinceLastReceivedSomeData: 20001).
2025-10-13 17:46:36.289 [info] [remote-connection][ExtensionHost][09fdb…][reconnect] starting reconnecting loop. You can get more information with the trace log level.
2025-10-13 17:46:36.289 [info] [remote-connection][ExtensionHost][09fdb…][reconnect] resolving connection...
2025-10-13 17:46:36.289 [info] [remote-connection][ExtensionHost][09fdb…][reconnect] connecting to WebSocket(127.0.0.1:44859)...
2025-10-13 17:46:36.289 [info] Creating a socket (renderer-ExtensionHost-09fdb4c2-8ac6-4797-9d49-d56821542825)...
2025-10-13 17:46:37.057 [info] [remote-connection][Management   ][3ff5b…][reconnect] received socket timeout event (unacknowledgedMsgCount: 4, timeSinceOldestUnacknowledgedMsg: 20001, timeSinceLastReceivedSomeData: 23087).
2025-10-13 17:46:37.058 [info] [remote-connection][Management   ][3ff5b…][reconnect] starting reconnecting loop. You can get more information with the trace log level.
2025-10-13 17:46:37.059 [info] [remote-connection][Management   ][3ff5b…][reconnect] resolving connection...
2025-10-13 17:46:37.060 [info] Invoking resolveAuthority(ssh-remote)...
2025-10-13 17:46:37.060 [info] [LocalProcess0][resolveAuthority(ssh-remote,2)][0ms] obtaining proxy...
2025-10-13 17:46:37.061 [info] [LocalProcess0][resolveAuthority(ssh-remote,2)][1ms] invoking...
2025-10-13 17:46:38.062 [info] [LocalProcess0][resolveAuthority(ssh-remote,2)][1001ms] waiting...
2025-10-13 17:46:39.062 [info] [LocalProcess0][resolveAuthority(ssh-remote,2)][2001ms] waiting...
2025-10-13 17:46:40.061 [info] [LocalProcess0][resolveAuthority(ssh-remote,2)][3001ms] waiting...
2025-10-13 17:46:41.061 [info] [LocalProcess0][resolveAuthority(ssh-remote,2)][4001ms] waiting...
2025-10-13 17:46:41.580 [info] [remote-connection][ExtensionHost][09fdb…][reconnect] received socket close event (wasClean: false, code: 1006, reason: ).
2025-10-13 17:46:41.580 [error] {"isTrusted":true}
2025-10-13 17:46:41.581 [info] [remote-connection][Management   ][3ff5b…][reconnect] received socket close event (wasClean: false, code: 1006, reason: ).
2025-10-13 17:46:41.581 [error] {"isTrusted":true}
2025-10-13 17:46:41.581 [info] Creating a socket (renderer-ExtensionHost-09fdb4c2-8ac6-4797-9d49-d56821542825) returned an error after 5293 ms.
2025-10-13 17:46:41.582 [error] CodeExpectedError: WebSocket close with status code 1006
    at WebSocket.<anonymous> (vscode-file://vscode-app/home/drdbrioso/Desktop/code-stable-x64-1705560028/VSCode-linux-x64/resources/app/out/vs/workbench/workbench.desktop.main.js:676:3983)
2025-10-13 17:46:41.582 [error] [remote-connection][ExtensionHost][09fdb…][reconnect][WebSocket(127.0.0.1:44859)] socketFactory.connect() failed or timed out. Error:
2025-10-13 17:46:41.582 [error] CodeExpectedError: WebSocket close with status code 1006
    at WebSocket.<anonymous> (vscode-file://vscode-app/home/drdbrioso/Desktop/code-stable-x64-1705560028/VSCode-linux-x64/resources/app/out/vs/workbench/workbench.desktop.main.js:676:3983)
2025-10-13 17:46:41.582 [info] [remote-connection][ExtensionHost][09fdb…][reconnect] A temporarily not available error occurred while trying to reconnect, will try again...
2025-10-13 17:46:41.583 [info] [remote-connection][ExtensionHost][09fdb…][reconnect] waiting for 5 seconds before reconnecting...
2025-10-13 17:46:42.062 [info] [LocalProcess0][resolveAuthority(ssh-remote,2)][5002ms] waiting...
2025-10-13 17:46:43.061 [info] [LocalProcess0][resolveAuthority(ssh-remote,2)][6001ms] waiting...
2025-10-13 17:46:44.061 [info] [LocalProcess0][resolveAuthority(ssh-remote,2)][7001ms] waiting...
2025-10-13 17:46:45.061 [info] [LocalProcess0][resolveAuthority(ssh-remote,2)][8001ms] waiting...
2025-10-13 17:46:46.062 [info] [LocalProcess0][resolveAuthority(ssh-remote,2)][9002ms] waiting...
2025-10-13 17:46:46.583 [info] [remote-connection][ExtensionHost][09fdb…][reconnect] resolving connection...
2025-10-13 17:46:47.061 [info] [LocalProcess0][resolveAuthority(ssh-remote,2)][10001ms] waiting...
2025-10-13 17:46:48.061 [info] [LocalProcess0][resolveAuthority(ssh-remote,2)][11001ms] waiting...
2025-10-13 17:46:49.062 [info] [LocalProcess0][resolveAuthority(ssh-remote,2)][12001ms] waiting...
2025-10-13 17:46:50.061 [info] [LocalProcess0][resolveAuthority(ssh-remote,2)][13001ms] waiting...
2025-10-13 17:46:51.061 [info] [LocalProcess0][resolveAuthority(ssh-remote,2)][14001ms] waiting...
2025-10-13 17:46:52.062 [info] [LocalProcess0][resolveAuthority(ssh-remote,2)][15001ms] waiting...
2025-10-13 17:46:52.592 [error] [LocalProcess0][resolveAuthority(ssh-remote,2)][15532ms] returned an error {"code":"TemporarilyNotAvailable","message":"The connection timed out"}
2025-10-13 17:46:52.592 [error] resolveAuthority(ssh-remote) returned an error after 15532 ms The connection timed out
2025-10-13 17:46:52.592 [info] [remote-connection][Management   ][3ff5b…][reconnect] A temporarily not available error occurred while trying to reconnect, will try again...
2025-10-13 17:46:52.593 [info] [remote-connection][Management   ][3ff5b…][reconnect] waiting for 5 seconds before reconnecting...
2025-10-13 17:46:52.593 [info] [remote-connection][ExtensionHost][09fdb…][reconnect] A temporarily not available error occurred while trying to reconnect, will try again...
2025-10-13 17:46:52.593 [info] [remote-connection][ExtensionHost][09fdb…][reconnect] waiting for 5 seconds before reconnecting...
2025-10-13 17:46:56.255 [info] [remote-connection][ExtensionHost][09fdb…][reconnect] received socket timeout event (unacknowledgedMsgCount: 177, timeSinceOldestUnacknowledgedMsg: 40003, timeSinceLastReceivedSomeData: 40002).
2025-10-13 17:46:57.594 [info] [remote-connection][Management   ][3ff5b…][reconnect] resolving connection...
2025-10-13 17:46:57.595 [info] Invoking resolveAuthority(ssh-remote)...
2025-10-13 17:46:57.596 [info] [LocalProcess0][resolveAuthority(ssh-remote,3)][0ms] obtaining proxy...
2025-10-13 17:46:57.597 [info] [LocalProcess0][resolveAuthority(ssh-remote,3)][0ms] invoking...
2025-10-13 17:46:57.598 [info] [remote-connection][ExtensionHost][09fdb…][reconnect] resolving connection...
2025-10-13 17:46:58.595 [info] [LocalProcess0][resolveAuthority(ssh-remote,3)][1000ms] waiting...
2025-10-13 17:46:59.596 [info] [LocalProcess0][resolveAuthority(ssh-remote,3)][2000ms] waiting...
2025-10-13 17:47:00.596 [info] [LocalProcess0][resolveAuthority(ssh-remote,3)][3001ms] waiting...
2025-10-13 17:47:01.596 [info] [LocalProcess0][resolveAuthority(ssh-remote,3)][4001ms] waiting...
2025-10-13 17:47:02.596 [info] [LocalProcess0][resolveAuthority(ssh-remote,3)][5000ms] waiting...
2025-10-13 17:47:03.596 [info] [LocalProcess0][resolveAuthority(ssh-remote,3)][6000ms] waiting...
2025-10-13 17:47:04.596 [info] [LocalProcess0][resolveAuthority(ssh-remote,3)][7000ms] waiting...
2025-10-13 17:47:05.596 [info] [LocalProcess0][resolveAuthority(ssh-remote,3)][8001ms] waiting...
2025-10-13 17:47:06.596 [info] [LocalProcess0][resolveAuthority(ssh-remote,3)][9000ms] waiting...
2025-10-13 17:47:07.596 [info] [LocalProcess0][resolveAuthority(ssh-remote,3)][10000ms] waiting...
2025-10-13 17:47:08.595 [info] [LocalProcess0][resolveAuthority(ssh-remote,3)][11000ms] waiting...
2025-10-13 17:47:09.596 [info] [LocalProcess0][resolveAuthority(ssh-remote,3)][12000ms] waiting...
2025-10-13 17:47:10.596 [info] [LocalProcess0][resolveAuthority(ssh-remote,3)][13000ms] waiting...
2025-10-13 17:47:11.596 [info] [LocalProcess0][resolveAuthority(ssh-remote,3)][14000ms] waiting...
2025-10-13 17:47:12.596 [info] [LocalProcess0][resolveAuthority(ssh-remote,3)][15000ms] waiting...
2025-10-13 17:47:13.074 [error] [LocalProcess0][resolveAuthority(ssh-remote,3)][15479ms] returned an error {"code":"TemporarilyNotAvailable","message":"The connection timed out"}
2025-10-13 17:47:13.075 [error] resolveAuthority(ssh-remote) returned an error after 15481 ms The connection timed out
2025-10-13 17:47:13.076 [info] [remote-connection][Management   ][3ff5b…][reconnect] A temporarily not available error occurred while trying to reconnect, will try again...
2025-10-13 17:47:13.077 [info] [remote-connection][Management   ][3ff5b…][reconnect] waiting for 5 seconds before reconnecting...
2025-10-13 17:47:13.077 [info] [remote-connection][ExtensionHost][09fdb…][reconnect] A temporarily not available error occurred while trying to reconnect, will try again...
2025-10-13 17:47:13.077 [info] [remote-connection][ExtensionHost][09fdb…][reconnect] waiting for 10 seconds before reconnecting...
2025-10-13 17:47:16.256 [info] [remote-connection][ExtensionHost][09fdb…][reconnect] received socket timeout event (unacknowledgedMsgCount: 196, timeSinceOldestUnacknowledgedMsg: 60003, timeSinceLastReceivedSomeData: 60002).
2025-10-13 17:47:18.077 [info] [remote-connection][Management   ][3ff5b…][reconnect] resolving connection...
2025-10-13 17:47:18.078 [info] Invoking resolveAuthority(ssh-remote)...
2025-10-13 17:47:18.079 [info] [LocalProcess0][resolveAuthority(ssh-remote,4)][0ms] obtaining proxy...
2025-10-13 17:47:18.088 [info] [LocalProcess0][resolveAuthority(ssh-remote,4)][12ms] invoking...
2025-10-13 17:47:19.089 [info] [LocalProcess0][resolveAuthority(ssh-remote,4)][1012ms] waiting...
2025-10-13 17:47:20.089 [info] [LocalProcess0][resolveAuthority(ssh-remote,4)][2012ms] waiting...
2025-10-13 17:47:21.089 [info] [LocalProcess0][resolveAuthority(ssh-remote,4)][3012ms] waiting...
2025-10-13 17:47:21.784 [warning] [lifecycle] onWillShutdown is taking a long time, pending operations: join.textFiles
2025-10-13 17:47:22.089 [info] [LocalProcess0][resolveAuthority(ssh-remote,4)][4012ms] waiting...
2025-10-13 17:47:23.076 [info] [remote-connection][ExtensionHost][09fdb…][reconnect] resolving connection...
2025-10-13 17:47:23.089 [info] [LocalProcess0][resolveAuthority(ssh-remote,4)][5012ms] waiting...
2025-10-13 17:47:24.089 [info] [LocalProcess0][resolveAuthority(ssh-remote,4)][6012ms] waiting...
2025-10-13 17:47:25.090 [info] [LocalProcess0][resolveAuthority(ssh-remote,4)][7012ms] waiting...
2025-10-13 17:47:26.090 [info] [LocalProcess0][resolveAuthority(ssh-remote,4)][8012ms] waiting...
2025-10-13 17:47:27.090 [info] [LocalProcess0][resolveAuthority(ssh-remote,4)][9012ms] waiting...
2025-10-13 17:47:28.090 [info] [LocalProcess0][resolveAuthority(ssh-remote,4)][10012ms] waiting...
2025-10-13 17:47:29.090 [info] [LocalProcess0][resolveAuthority(ssh-remote,4)][11012ms] waiting...
2025-10-13 17:47:30.090 [info] [LocalProcess0][resolveAuthority(ssh-remote,4)][12012ms] waiting...
2025-10-13 17:47:31.090 [info] [LocalProcess0][resolveAuthority(ssh-remote,4)][13012ms] waiting...
2025-10-13 17:47:31.877 [warning] Via 'product.json#extensionEnabledApiProposals' extension 'ms-python.python' wants API proposal 'registerIssueDataProvider' but that proposal DOES NOT EXIST. Likely, the proposal has been finalized (check 'vscode.d.ts') or was abandoned.
2025-10-13 17:47:32.029 [info] Started local extension host with pid 32578.
2025-10-13 17:47:32.222 [info] Invoking resolveAuthority(ssh-remote)...
2025-10-13 17:47:32.222 [info] [LocalProcess0][resolveAuthority(ssh-remote,1)][0ms] obtaining proxy...
2025-10-13 17:47:32.222 [info] [LocalProcess0][resolveAuthority(ssh-remote,1)][0ms] invoking...
2025-10-13 17:47:33.223 [info] [LocalProcess0][resolveAuthority(ssh-remote,1)][1000ms] waiting...
2025-10-13 17:47:34.223 [info] [LocalProcess0][resolveAuthority(ssh-remote,1)][2000ms] waiting...
2025-10-13 17:47:35.083 [error] [/home/drdbrioso/.vscode/extensions/ms-toolsai.vscode-jupyter-cell-tags-0.1.9]: Extension is not compatible with Code 1.85.2. Extension requires: ^1.88.0.
2025-10-13 17:47:35.084 [error] [/home/drdbrioso/.vscode/extensions/ms-toolsai.vscode-jupyter-slideshow-0.1.6]: Extension is not compatible with Code 1.85.2. Extension requires: ^1.88.0.
2025-10-13 17:47:35.091 [error] [/home/drdbrioso/.vscode/extensions/ms-toolsai.jupyter-renderers-1.3.0]: Extension is not compatible with Code 1.85.2. Extension requires: ^1.95.0.
2025-10-13 17:47:35.122 [error] [/home/drdbrioso/.vscode/extensions/ms-vscode.remote-server-1.5.3]: Extension is not compatible with Code 1.85.2. Extension requires: ^1.87.0.
2025-10-13 17:47:35.123 [error] [/home/drdbrioso/.vscode/extensions/ms-vscode-remote.remote-wsl-0.104.3]: Extension is not compatible with Code 1.85.2. Extension requires: ^1.104.0.
2025-10-13 17:47:35.123 [error] [/home/drdbrioso/.vscode/extensions/ms-vscode-remote.remote-containers-0.427.0]: Extension is not compatible with Code 1.85.2. Extension requires: ^1.99.0.
2025-10-13 17:47:35.123 [error] [/home/drdbrioso/.vscode/extensions/ms-vscode.remote-explorer-0.5.0]: Extension is not compatible with Code 1.85.2. Extension requires: ^1.87.0.
2025-10-13 17:47:35.123 [error] [/home/drdbrioso/.vscode/extensions/ms-python.vscode-python-envs-1.8.0-linux-x64]: Extension is not compatible with Code 1.85.2. Extension requires: ^1.104.0-20250815.
2025-10-13 17:47:35.124 [error] [/home/drdbrioso/.vscode/extensions/ms-python.debugpy-2025.10.0-linux-x64]: Extension is not compatible with Code 1.85.2. Extension requires: ^1.92.0.
2025-10-13 17:47:35.127 [error] [/home/drdbrioso/.vscode/extensions/ms-python.vscode-pylance-2025.8.3]: Extension is not compatible with Code 1.85.2. Extension requires: ^1.101.0.
2025-10-13 17:47:35.127 [error] [/home/drdbrioso/.vscode/extensions/ms-python.python-2025.14.0-linux-x64]: Extension is not compatible with Code 1.85.2. Extension requires: ^1.95.0.
2025-10-13 17:47:35.223 [info] [LocalProcess0][resolveAuthority(ssh-remote,1)][3000ms] waiting...
2025-10-13 17:47:36.223 [info] [LocalProcess0][resolveAuthority(ssh-remote,1)][4000ms] waiting...
2025-10-13 17:47:37.223 [info] [LocalProcess0][resolveAuthority(ssh-remote,1)][5000ms] waiting...
2025-10-13 17:47:38.223 [info] [LocalProcess0][resolveAuthority(ssh-remote,1)][6000ms] waiting...
2025-10-13 17:47:39.223 [info] [LocalProcess0][resolveAuthority(ssh-remote,1)][7000ms] waiting...
2025-10-13 17:47:40.223 [info] [LocalProcess0][resolveAuthority(ssh-remote,1)][8000ms] waiting...
2025-10-13 17:47:41.223 [info] [LocalProcess0][resolveAuthority(ssh-remote,1)][9000ms] waiting...
2025-10-13 17:47:42.224 [info] [LocalProcess0][resolveAuthority(ssh-remote,1)][10000ms] waiting...
2025-10-13 17:47:43.223 [info] [LocalProcess0][resolveAuthority(ssh-remote,1)][11000ms] waiting...
2025-10-13 17:47:44.223 [info] [LocalProcess0][resolveAuthority(ssh-remote,1)][12000ms] waiting...
2025-10-13 17:47:45.224 [info] [LocalProcess0][resolveAuthority(ssh-remote,1)][13000ms] waiting...
2025-10-13 17:47:46.224 [info] [LocalProcess0][resolveAuthority(ssh-remote,1)][14000ms] waiting...
2025-10-13 17:47:47.224 [info] [LocalProcess0][resolveAuthority(ssh-remote,1)][15000ms] waiting...
2025-10-13 17:47:47.666 [error] [LocalProcess0][resolveAuthority(ssh-remote,1)][15443ms] returned an error {"code":"NotAvailable","message":"The connection timed out","detail":true}
2025-10-13 17:47:47.666 [error] resolveAuthority(ssh-remote) returned an error after 15444 ms The connection timed out
2025-10-13 17:47:47.666 [error] Error received from starting extension host (kind: Remote)
2025-10-13 17:47:47.666 [error] CodeExpectedError: The connection timed out
    at ee.rb (vscode-file://vscode-app/home/drdbrioso/Desktop/code-stable-x64-1705560028/VSCode-linux-x64/resources/app/out/vs/workbench/workbench.desktop.main.js:2718:21055)
    at async ee.qb (vscode-file://vscode-app/home/drdbrioso/Desktop/code-stable-x64-1705560028/VSCode-linux-x64/resources/app/out/vs/workbench/workbench.desktop.main.js:2718:20332)
    at async ee.Ob (vscode-file://vscode-app/home/drdbrioso/Desktop/code-stable-x64-1705560028/VSCode-linux-x64/resources/app/out/vs/workbench/workbench.desktop.main.js:2719:11484)
    at async ee.jb (vscode-file://vscode-app/home/drdbrioso/Desktop/code-stable-x64-1705560028/VSCode-linux-x64/resources/app/out/vs/workbench/workbench.desktop.main.js:2718:17969)
2025-10-13 17:47:47.667 [error] [remote-connection][attempt 1] An error occurred in initial connection! Will retry... Error:
2025-10-13 17:47:47.667 [error] CodeExpectedError: The connection timed out
    at ee.rb (vscode-file://vscode-app/home/drdbrioso/Desktop/code-stable-x64-1705560028/VSCode-linux-x64/resources/app/out/vs/workbench/workbench.desktop.main.js:2718:21055)
    at async ee.qb (vscode-file://vscode-app/home/drdbrioso/Desktop/code-stable-x64-1705560028/VSCode-linux-x64/resources/app/out/vs/workbench/workbench.desktop.main.js:2718:20332)
    at async ee.Ob (vscode-file://vscode-app/home/drdbrioso/Desktop/code-stable-x64-1705560028/VSCode-linux-x64/resources/app/out/vs/workbench/workbench.desktop.main.js:2719:11484)
    at async ee.jb (vscode-file://vscode-app/home/drdbrioso/Desktop/code-stable-x64-1705560028/VSCode-linux-x64/resources/app/out/vs/workbench/workbench.desktop.main.js:2718:17969)
2025-10-13 17:47:47.669 [error] [remote-connection][attempt 2] An error occurred in initial connection! Will retry... Error:
2025-10-13 17:47:47.669 [error] CodeExpectedError: The connection timed out
    at ee.rb (vscode-file://vscode-app/home/drdbrioso/Desktop/code-stable-x64-1705560028/VSCode-linux-x64/resources/app/out/vs/workbench/workbench.desktop.main.js:2718:21055)
    at async ee.qb (vscode-file://vscode-app/home/drdbrioso/Desktop/code-stable-x64-1705560028/VSCode-linux-x64/resources/app/out/vs/workbench/workbench.desktop.main.js:2718:20332)
    at async ee.Ob (vscode-file://vscode-app/home/drdbrioso/Desktop/code-stable-x64-1705560028/VSCode-linux-x64/resources/app/out/vs/workbench/workbench.desktop.main.js:2719:11484)
    at async ee.jb (vscode-file://vscode-app/home/drdbrioso/Desktop/code-stable-x64-1705560028/VSCode-linux-x64/resources/app/out/vs/workbench/workbench.desktop.main.js:2718:17969)
2025-10-13 17:47:47.720 [error] [remote-connection][attempt 3] An error occurred in initial connection! Will retry... Error:
2025-10-13 17:47:47.721 [error] CodeExpectedError: The connection timed out
    at ee.rb (vscode-file://vscode-app/home/drdbrioso/Desktop/code-stable-x64-1705560028/VSCode-linux-x64/resources/app/out/vs/workbench/workbench.desktop.main.js:2718:21055)
    at async ee.qb (vscode-file://vscode-app/home/drdbrioso/Desktop/code-stable-x64-1705560028/VSCode-linux-x64/resources/app/out/vs/workbench/workbench.desktop.main.js:2718:20332)
    at async ee.Ob (vscode-file://vscode-app/home/drdbrioso/Desktop/code-stable-x64-1705560028/VSCode-linux-x64/resources/app/out/vs/workbench/workbench.desktop.main.js:2719:11484)
    at async ee.jb (vscode-file://vscode-app/home/drdbrioso/Desktop/code-stable-x64-1705560028/VSCode-linux-x64/resources/app/out/vs/workbench/workbench.desktop.main.js:2718:17969)
2025-10-13 17:47:47.789 [error] [remote-connection][attempt 4] An error occurred in initial connection! Will retry... Error:
2025-10-13 17:47:47.790 [error] CodeExpectedError: The connection timed out
    at ee.rb (vscode-file://vscode-app/home/drdbrioso/Desktop/code-stable-x64-1705560028/VSCode-linux-x64/resources/app/out/vs/workbench/workbench.desktop.main.js:2718:21055)
    at async ee.qb (vscode-file://vscode-app/home/drdbrioso/Desktop/code-stable-x64-1705560028/VSCode-linux-x64/resources/app/out/vs/workbench/workbench.desktop.main.js:2718:20332)
    at async ee.Ob (vscode-file://vscode-app/home/drdbrioso/Desktop/code-stable-x64-1705560028/VSCode-linux-x64/resources/app/out/vs/workbench/workbench.desktop.main.js:2719:11484)
    at async ee.jb (vscode-file://vscode-app/home/drdbrioso/Desktop/code-stable-x64-1705560028/VSCode-linux-x64/resources/app/out/vs/workbench/workbench.desktop.main.js:2718:17969)
2025-10-13 17:47:47.793 [error] [remote-connection][attempt 5]  An error occurred in initial connection! It will be treated as a permanent error. Error:
2025-10-13 17:47:47.793 [error] CodeExpectedError: The connection timed out
    at ee.rb (vscode-file://vscode-app/home/drdbrioso/Desktop/code-stable-x64-1705560028/VSCode-linux-x64/resources/app/out/vs/workbench/workbench.desktop.main.js:2718:21055)
    at async ee.qb (vscode-file://vscode-app/home/drdbrioso/Desktop/code-stable-x64-1705560028/VSCode-linux-x64/resources/app/out/vs/workbench/workbench.desktop.main.js:2718:20332)
    at async ee.Ob (vscode-file://vscode-app/home/drdbrioso/Desktop/code-stable-x64-1705560028/VSCode-linux-x64/resources/app/out/vs/workbench/workbench.desktop.main.js:2719:11484)
    at async ee.jb (vscode-file://vscode-app/home/drdbrioso/Desktop/code-stable-x64-1705560028/VSCode-linux-x64/resources/app/out/vs/workbench/workbench.desktop.main.js:2718:17969)
2025-10-13 17:47:47.795 [error] CodeExpectedError: The connection timed out
    at ee.rb (vscode-file://vscode-app/home/drdbrioso/Desktop/code-stable-x64-1705560028/VSCode-linux-x64/resources/app/out/vs/workbench/workbench.desktop.main.js:2718:21055)
    at async ee.qb (vscode-file://vscode-app/home/drdbrioso/Desktop/code-stable-x64-1705560028/VSCode-linux-x64/resources/app/out/vs/workbench/workbench.desktop.main.js:2718:20332)
    at async ee.Ob (vscode-file://vscode-app/home/drdbrioso/Desktop/code-stable-x64-1705560028/VSCode-linux-x64/resources/app/out/vs/workbench/workbench.desktop.main.js:2719:11484)
    at async ee.jb (vscode-file://vscode-app/home/drdbrioso/Desktop/code-stable-x64-1705560028/VSCode-linux-x64/resources/app/out/vs/workbench/workbench.desktop.main.js:2718:17969)
2025-10-13 17:47:47.796 [error] Cannot register remote filesystem provider. Error while fetching remote environment. The connection timed out
2025-10-13 17:47:47.797 [error] CodeExpectedError: The connection timed out
    at ee.rb (vscode-file://vscode-app/home/drdbrioso/Desktop/code-stable-x64-1705560028/VSCode-linux-x64/resources/app/out/vs/workbench/workbench.desktop.main.js:2718:21055)
    at async ee.qb (vscode-file://vscode-app/home/drdbrioso/Desktop/code-stable-x64-1705560028/VSCode-linux-x64/resources/app/out/vs/workbench/workbench.desktop.main.js:2718:20332)
    at async ee.Ob (vscode-file://vscode-app/home/drdbrioso/Desktop/code-stable-x64-1705560028/VSCode-linux-x64/resources/app/out/vs/workbench/workbench.desktop.main.js:2719:11484)
    at async ee.jb (vscode-file://vscode-app/home/drdbrioso/Desktop/code-stable-x64-1705560028/VSCode-linux-x64/resources/app/out/vs/workbench/workbench.desktop.main.js:2718:17969)
2025-10-13 17:47:47.797 [error] CodeExpectedError: The connection timed out
    at ee.rb (vscode-file://vscode-app/home/drdbrioso/Desktop/code-stable-x64-1705560028/VSCode-linux-x64/resources/app/out/vs/workbench/workbench.desktop.main.js:2718:21055)
    at async ee.qb (vscode-file://vscode-app/home/drdbrioso/Desktop/code-stable-x64-1705560028/VSCode-linux-x64/resources/app/out/vs/workbench/workbench.desktop.main.js:2718:20332)
    at async ee.Ob (vscode-file://vscode-app/home/drdbrioso/Desktop/code-stable-x64-1705560028/VSCode-linux-x64/resources/app/out/vs/workbench/workbench.desktop.main.js:2719:11484)
    at async ee.jb (vscode-file://vscode-app/home/drdbrioso/Desktop/code-stable-x64-1705560028/VSCode-linux-x64/resources/app/out/vs/workbench/workbench.desktop.main.js:2718:17969)
2025-10-13 17:47:47.797 [error] CodeExpectedError: The connection timed out
    at ee.rb (vscode-file://vscode-app/home/drdbrioso/Desktop/code-stable-x64-1705560028/VSCode-linux-x64/resources/app/out/vs/workbench/workbench.desktop.main.js:2718:21055)
    at async ee.qb (vscode-file://vscode-app/home/drdbrioso/Desktop/code-stable-x64-1705560028/VSCode-linux-x64/resources/app/out/vs/workbench/workbench.desktop.main.js:2718:20332)
    at async ee.Ob (vscode-file://vscode-app/home/drdbrioso/Desktop/code-stable-x64-1705560028/VSCode-linux-x64/resources/app/out/vs/workbench/workbench.desktop.main.js:2719:11484)
    at async ee.jb (vscode-file://vscode-app/home/drdbrioso/Desktop/code-stable-x64-1705560028/VSCode-linux-x64/resources/app/out/vs/workbench/workbench.desktop.main.js:2718:17969)
2025-10-13 17:47:47.798 [error] CodeExpectedError: The connection timed out
    at ee.rb (vscode-file://vscode-app/home/drdbrioso/Desktop/code-stable-x64-1705560028/VSCode-linux-x64/resources/app/out/vs/workbench/workbench.desktop.main.js:2718:21055)
    at async ee.qb (vscode-file://vscode-app/home/drdbrioso/Desktop/code-stable-x64-1705560028/VSCode-linux-x64/resources/app/out/vs/workbench/workbench.desktop.main.js:2718:20332)
    at async ee.Ob (vscode-file://vscode-app/home/drdbrioso/Desktop/code-stable-x64-1705560028/VSCode-linux-x64/resources/app/out/vs/workbench/workbench.desktop.main.js:2719:11484)
    at async ee.jb (vscode-file://vscode-app/home/drdbrioso/Desktop/code-stable-x64-1705560028/VSCode-linux-x64/resources/app/out/vs/workbench/workbench.desktop.main.js:2718:17969)
2025-10-13 17:47:47.801 [error] CodeExpectedError: The connection timed out
    at ee.rb (vscode-file://vscode-app/home/drdbrioso/Desktop/code-stable-x64-1705560028/VSCode-linux-x64/resources/app/out/vs/workbench/workbench.desktop.main.js:2718:21055)
    at async ee.qb (vscode-file://vscode-app/home/drdbrioso/Desktop/code-stable-x64-1705560028/VSCode-linux-x64/resources/app/out/vs/workbench/workbench.desktop.main.js:2718:20332)
    at async ee.Ob (vscode-file://vscode-app/home/drdbrioso/Desktop/code-stable-x64-1705560028/VSCode-linux-x64/resources/app/out/vs/workbench/workbench.desktop.main.js:2719:11484)
    at async ee.jb (vscode-file://vscode-app/home/drdbrioso/Desktop/code-stable-x64-1705560028/VSCode-linux-x64/resources/app/out/vs/workbench/workbench.desktop.main.js:2718:17969)
2025-10-13 17:47:47.803 [warning] Ignoring the error while validating workspace folder vscode-remote://ssh-remote%2Bsenc.icmc.usp.br/var/www - ENOPRO: No file system provider found for resource 'vscode-remote://ssh-remote%2Bsenc.icmc.usp.br/var/www'
2025-10-13 17:47:47.803 [error] CodeExpectedError: ENOPRO: No file system provider found for resource 'vscode-remote://ssh-remote%2Bsenc.icmc.usp.br/var/www'
    at n.j (vscode-file://vscode-app/home/drdbrioso/Desktop/code-stable-x64-1705560028/VSCode-linux-x64/resources/app/out/vs/workbench/workbench.desktop.main.js:645:13659)
    at async n.bb (vscode-file://vscode-app/home/drdbrioso/Desktop/code-stable-x64-1705560028/VSCode-linux-x64/resources/app/out/vs/workbench/workbench.desktop.main.js:645:24851)
    at async vscode-file://vscode-app/home/drdbrioso/Desktop/code-stable-x64-1705560028/VSCode-linux-x64/resources/app/out/vs/workbench/workbench.desktop.main.js:645:24559
2025-10-13 17:47:47.803 [error] ENOPRO: No file system provider found for resource 'vscode-remote://ssh-remote%2Bsenc.icmc.usp.br/var/www/.git/config': CodeExpectedError: ENOPRO: No file system provider found for resource 'vscode-remote://ssh-remote%2Bsenc.icmc.usp.br/var/www/.git/config'
    at n.j (vscode-file://vscode-app/home/drdbrioso/Desktop/code-stable-x64-1705560028/VSCode-linux-x64/resources/app/out/vs/workbench/workbench.desktop.main.js:645:13659)
    at async n.exists (vscode-file://vscode-app/home/drdbrioso/Desktop/code-stable-x64-1705560028/VSCode-linux-x64/resources/app/out/vs/workbench/workbench.desktop.main.js:645:15866)
    at async Promise.all (index 0)
2025-10-13 17:47:47.804 [error] Error: Unable to resolve resource vscode-remote://ssh-remote%2Bsenc.icmc.usp.br/var/www/adm/presenca-qr/js/html5qrcode.js
    at f.r (vscode-file://vscode-app/home/drdbrioso/Desktop/code-stable-x64-1705560028/VSCode-linux-x64/resources/app/out/vs/workbench/workbench.desktop.main.js:2158:18772)
    at f.r (vscode-file://vscode-app/home/drdbrioso/Desktop/code-stable-x64-1705560028/VSCode-linux-x64/resources/app/out/vs/workbench/workbench.desktop.main.js:2158:18758)
    at async y.acquire (vscode-file://vscode-app/home/drdbrioso/Desktop/code-stable-x64-1705560028/VSCode-linux-x64/resources/app/out/vs/workbench/workbench.desktop.main.js:37:3392)
    at async d.createModelReference (vscode-file://vscode-app/home/drdbrioso/Desktop/code-stable-x64-1705560028/VSCode-linux-x64/resources/app/out/vs/workbench/workbench.desktop.main.js:2158:20107)
    at async n.hb (vscode-file://vscode-app/home/drdbrioso/Desktop/code-stable-x64-1705560028/VSCode-linux-x64/resources/app/out/vs/workbench/workbench.desktop.main.js:1913:9343)
    at async M.setInput (vscode-file://vscode-app/home/drdbrioso/Desktop/code-stable-x64-1705560028/VSCode-linux-x64/resources/app/out/vs/workbench/workbench.desktop.main.js:2148:23768)
    at async b.S (vscode-file://vscode-app/home/drdbrioso/Desktop/code-stable-x64-1705560028/VSCode-linux-x64/resources/app/out/vs/workbench/workbench.desktop.main.js:2146:23046)
    at async b.L (vscode-file://vscode-app/home/drdbrioso/Desktop/code-stable-x64-1705560028/VSCode-linux-x64/resources/app/out/vs/workbench/workbench.desktop.main.js:2146:21637)
    at async b.openEditor (vscode-file://vscode-app/home/drdbrioso/Desktop/code-stable-x64-1705560028/VSCode-linux-x64/resources/app/out/vs/workbench/workbench.desktop.main.js:2146:20603)
    at async vscode-file://vscode-app/home/drdbrioso/Desktop/code-stable-x64-1705560028/VSCode-linux-x64/resources/app/out/vs/workbench/workbench.desktop.main.js:2275:23005
2025-10-13 17:47:47.811 [error] ENOPRO: No file system provider found for resource 'vscode-remote://ssh-remote%2Bsenc.icmc.usp.br/var/www/pom.xml': CodeExpectedError: ENOPRO: No file system provider found for resource 'vscode-remote://ssh-remote%2Bsenc.icmc.usp.br/var/www/pom.xml'
    at n.j (vscode-file://vscode-app/home/drdbrioso/Desktop/code-stable-x64-1705560028/VSCode-linux-x64/resources/app/out/vs/workbench/workbench.desktop.main.js:645:13659)
    at async n.exists (vscode-file://vscode-app/home/drdbrioso/Desktop/code-stable-x64-1705560028/VSCode-linux-x64/resources/app/out/vs/workbench/workbench.desktop.main.js:645:15866)
    at async Promise.all (index 0)
2025-10-13 17:47:47.823 [error] The connection timed out: CodeExpectedError: The connection timed out
    at ee.rb (vscode-file://vscode-app/home/drdbrioso/Desktop/code-stable-x64-1705560028/VSCode-linux-x64/resources/app/out/vs/workbench/workbench.desktop.main.js:2718:21055)
    at async ee.qb (vscode-file://vscode-app/home/drdbrioso/Desktop/code-stable-x64-1705560028/VSCode-linux-x64/resources/app/out/vs/workbench/workbench.desktop.main.js:2718:20332)
    at async ee.Ob (vscode-file://vscode-app/home/drdbrioso/Desktop/code-stable-x64-1705560028/VSCode-linux-x64/resources/app/out/vs/workbench/workbench.desktop.main.js:2719:11484)
    at async ee.jb (vscode-file://vscode-app/home/drdbrioso/Desktop/code-stable-x64-1705560028/VSCode-linux-x64/resources/app/out/vs/workbench/workbench.desktop.main.js:2718:17969)
2025-10-13 17:47:47.823 [error] ENOPRO: No file system provider found for resource 'vscode-remote://ssh-remote%2Bsenc.icmc.usp.br/var/www': CodeExpectedError: ENOPRO: No file system provider found for resource 'vscode-remote://ssh-remote%2Bsenc.icmc.usp.br/var/www'
    at n.j (vscode-file://vscode-app/home/drdbrioso/Desktop/code-stable-x64-1705560028/VSCode-linux-x64/resources/app/out/vs/workbench/workbench.desktop.main.js:645:13659)
    at async n.s (vscode-file://vscode-app/home/drdbrioso/Desktop/code-stable-x64-1705560028/VSCode-linux-x64/resources/app/out/vs/workbench/workbench.desktop.main.js:645:14449)
    at async n.resolve (vscode-file://vscode-app/home/drdbrioso/Desktop/code-stable-x64-1705560028/VSCode-linux-x64/resources/app/out/vs/workbench/workbench.desktop.main.js:645:14277)
    at async d.j (vscode-file://vscode-app/home/drdbrioso/Desktop/code-stable-x64-1705560028/VSCode-linux-x64/resources/app/out/vs/workbench/workbench.desktop.main.js:1986:5302)
2025-10-13 17:47:47.823 [error] ENOPRO: No file system provider found for resource 'vscode-remote://ssh-remote%2Bsenc.icmc.usp.br/var/www/.vscode': CodeExpectedError: ENOPRO: No file system provider found for resource 'vscode-remote://ssh-remote%2Bsenc.icmc.usp.br/var/www/.vscode'
    at n.j (vscode-file://vscode-app/home/drdbrioso/Desktop/code-stable-x64-1705560028/VSCode-linux-x64/resources/app/out/vs/workbench/workbench.desktop.main.js:645:13659)
    at async n.exists (vscode-file://vscode-app/home/drdbrioso/Desktop/code-stable-x64-1705560028/VSCode-linux-x64/resources/app/out/vs/workbench/workbench.desktop.main.js:645:15866)
    at async vscode-file://vscode-app/home/drdbrioso/Desktop/code-stable-x64-1705560028/VSCode-linux-x64/resources/app/out/vs/workbench/workbench.desktop.main.js:2048:6302
    at async Promise.all (index 0)
    at async T.v (vscode-file://vscode-app/home/drdbrioso/Desktop/code-stable-x64-1705560028/VSCode-linux-x64/resources/app/out/vs/workbench/workbench.desktop.main.js:2048:6409)
2025-10-13 17:47:47.980 [error] CodeExpectedError: The connection timed out
    at ee.rb (vscode-file://vscode-app/home/drdbrioso/Desktop/code-stable-x64-1705560028/VSCode-linux-x64/resources/app/out/vs/workbench/workbench.desktop.main.js:2718:21055)
    at async ee.qb (vscode-file://vscode-app/home/drdbrioso/Desktop/code-stable-x64-1705560028/VSCode-linux-x64/resources/app/out/vs/workbench/workbench.desktop.main.js:2718:20332)
    at async ee.Ob (vscode-file://vscode-app/home/drdbrioso/Desktop/code-stable-x64-1705560028/VSCode-linux-x64/resources/app/out/vs/workbench/workbench.desktop.main.js:2719:11484)
    at async ee.jb (vscode-file://vscode-app/home/drdbrioso/Desktop/code-stable-x64-1705560028/VSCode-linux-x64/resources/app/out/vs/workbench/workbench.desktop.main.js:2718:17969)
2025-10-13 17:47:48.830 [error] command 'remote-internal.setActiveFolders' not found: Error: command 'remote-internal.setActiveFolders' not found
    at k.n (vscode-file://vscode-app/home/drdbrioso/Desktop/code-stable-x64-1705560028/VSCode-linux-x64/resources/app/out/vs/workbench/workbench.desktop.main.js:1538:12339)
    at k.executeCommand (vscode-file://vscode-app/home/drdbrioso/Desktop/code-stable-x64-1705560028/VSCode-linux-x64/resources/app/out/vs/workbench/workbench.desktop.main.js:1538:12268)
2025-10-13 17:48:06.207 [warning] Via 'product.json#extensionEnabledApiProposals' extension 'ms-python.python' wants API proposal 'registerIssueDataProvider' but that proposal DOES NOT EXIST. Likely, the proposal has been finalized (check 'vscode.d.ts') or was abandoned.
2025-10-13 17:48:06.364 [info] Started local extension host with pid 32643.
2025-10-13 17:48:06.557 [info] Invoking resolveAuthority(ssh-remote)...
2025-10-13 17:48:06.557 [info] [LocalProcess0][resolveAuthority(ssh-remote,1)][0ms] obtaining proxy...
2025-10-13 17:48:06.557 [info] [LocalProcess0][resolveAuthority(ssh-remote,1)][0ms] invoking...
2025-10-13 17:48:07.559 [info] [LocalProcess0][resolveAuthority(ssh-remote,1)][1000ms] waiting...
2025-10-13 17:48:08.559 [info] [LocalProcess0][resolveAuthority(ssh-remote,1)][2001ms] waiting...
2025-10-13 17:48:09.463 [error] [/home/drdbrioso/.vscode/extensions/ms-toolsai.vscode-jupyter-cell-tags-0.1.9]: Extension is not compatible with Code 1.85.2. Extension requires: ^1.88.0.
2025-10-13 17:48:09.463 [error] [/home/drdbrioso/.vscode/extensions/ms-toolsai.vscode-jupyter-slideshow-0.1.6]: Extension is not compatible with Code 1.85.2. Extension requires: ^1.88.0.
2025-10-13 17:48:09.465 [error] [/home/drdbrioso/.vscode/extensions/ms-toolsai.jupyter-renderers-1.3.0]: Extension is not compatible with Code 1.85.2. Extension requires: ^1.95.0.
2025-10-13 17:48:09.527 [error] [/home/drdbrioso/.vscode/extensions/ms-vscode.remote-server-1.5.3]: Extension is not compatible with Code 1.85.2. Extension requires: ^1.87.0.
2025-10-13 17:48:09.528 [error] [/home/drdbrioso/.vscode/extensions/ms-python.vscode-python-envs-1.8.0-linux-x64]: Extension is not compatible with Code 1.85.2. Extension requires: ^1.104.0-20250815.
2025-10-13 17:48:09.530 [error] [/home/drdbrioso/.vscode/extensions/ms-vscode-remote.remote-containers-0.427.0]: Extension is not compatible with Code 1.85.2. Extension requires: ^1.99.0.
2025-10-13 17:48:09.531 [error] [/home/drdbrioso/.vscode/extensions/ms-vscode-remote.remote-wsl-0.104.3]: Extension is not compatible with Code 1.85.2. Extension requires: ^1.104.0.
2025-10-13 17:48:09.532 [error] [/home/drdbrioso/.vscode/extensions/ms-python.debugpy-2025.10.0-linux-x64]: Extension is not compatible with Code 1.85.2. Extension requires: ^1.92.0.
2025-10-13 17:48:09.533 [error] [/home/drdbrioso/.vscode/extensions/ms-vscode.remote-explorer-0.5.0]: Extension is not compatible with Code 1.85.2. Extension requires: ^1.87.0.
2025-10-13 17:48:09.535 [error] [/home/drdbrioso/.vscode/extensions/ms-python.python-2025.14.0-linux-x64]: Extension is not compatible with Code 1.85.2. Extension requires: ^1.95.0.
2025-10-13 17:48:09.539 [error] [/home/drdbrioso/.vscode/extensions/ms-python.vscode-pylance-2025.8.3]: Extension is not compatible with Code 1.85.2. Extension requires: ^1.101.0.
2025-10-13 17:48:09.583 [info] [LocalProcess0][resolveAuthority(ssh-remote,1)][3021ms] waiting...
2025-10-13 17:48:10.558 [info] [LocalProcess0][resolveAuthority(ssh-remote,1)][4000ms] waiting...
2025-10-13 17:48:11.558 [info] [LocalProcess0][resolveAuthority(ssh-remote,1)][5000ms] waiting...
2025-10-13 17:48:12.558 [info] [LocalProcess0][resolveAuthority(ssh-remote,1)][6000ms] waiting...
2025-10-13 17:48:13.558 [info] [LocalProcess0][resolveAuthority(ssh-remote,1)][7000ms] waiting...
2025-10-13 17:48:14.558 [info] [LocalProcess0][resolveAuthority(ssh-remote,1)][8000ms] waiting...
2025-10-13 17:48:15.558 [info] [LocalProcess0][resolveAuthority(ssh-remote,1)][9000ms] waiting...
2025-10-13 17:48:16.558 [info] [LocalProcess0][resolveAuthority(ssh-remote,1)][10000ms] waiting...
2025-10-13 17:48:17.558 [info] [LocalProcess0][resolveAuthority(ssh-remote,1)][11000ms] waiting...
2025-10-13 17:48:18.558 [info] [LocalProcess0][resolveAuthority(ssh-remote,1)][12000ms] waiting...
2025-10-13 17:48:19.558 [info] [LocalProcess0][resolveAuthority(ssh-remote,1)][13000ms] waiting...
2025-10-13 17:48:20.558 [info] [LocalProcess0][resolveAuthority(ssh-remote,1)][14000ms] waiting...
2025-10-13 17:48:21.558 [info] [LocalProcess0][resolveAuthority(ssh-remote,1)][15000ms] waiting...
2025-10-13 17:48:22.558 [info] [LocalProcess0][resolveAuthority(ssh-remote,1)][16000ms] waiting...
2025-10-13 17:48:23.558 [info] [LocalProcess0][resolveAuthority(ssh-remote,1)][17000ms] waiting...
2025-10-13 17:48:24.558 [info] [LocalProcess0][resolveAuthority(ssh-remote,1)][18000ms] waiting...
2025-10-13 17:48:25.559 [info] [LocalProcess0][resolveAuthority(ssh-remote,1)][19000ms] waiting...
2025-10-13 17:48:26.558 [info] [LocalProcess0][resolveAuthority(ssh-remote,1)][20000ms] waiting...
2025-10-13 17:48:27.558 [info] [LocalProcess0][resolveAuthority(ssh-remote,1)][21000ms] waiting...
2025-10-13 17:48:28.558 [info] [LocalProcess0][resolveAuthority(ssh-remote,1)][22000ms] waiting...
2025-10-13 17:48:29.558 [info] [LocalProcess0][resolveAuthority(ssh-remote,1)][23000ms] waiting...
2025-10-13 17:48:30.558 [info] [LocalProcess0][resolveAuthority(ssh-remote,1)][24000ms] waiting...
2025-10-13 17:48:31.558 [info] [LocalProcess0][resolveAuthority(ssh-remote,1)][25000ms] waiting...
2025-10-13 17:48:32.559 [info] [LocalProcess0][resolveAuthority(ssh-remote,1)][26001ms] waiting...
2025-10-13 17:48:33.558 [info] [LocalProcess0][resolveAuthority(ssh-remote,1)][27000ms] waiting...
2025-10-13 17:48:34.558 [info] [LocalProcess0][resolveAuthority(ssh-remote,1)][28000ms] waiting...
2025-10-13 17:48:35.558 [info] [LocalProcess0][resolveAuthority(ssh-remote,1)][29000ms] waiting...
2025-10-13 17:48:36.557 [info] [LocalProcess0][resolveAuthority(ssh-remote,1)][30000ms] waiting...
2025-10-13 17:48:37.558 [info] [LocalProcess0][resolveAuthority(ssh-remote,1)][31000ms] waiting...
2025-10-13 17:48:38.558 [info] [LocalProcess0][resolveAuthority(ssh-remote,1)][32000ms] waiting...
2025-10-13 17:48:39.558 [info] [LocalProcess0][resolveAuthority(ssh-remote,1)][33000ms] waiting...
2025-10-13 17:48:40.558 [info] [LocalProcess0][resolveAuthority(ssh-remote,1)][34000ms] waiting...
2025-10-13 17:48:41.558 [info] [LocalProcess0][resolveAuthority(ssh-remote,1)][35000ms] waiting...
2025-10-13 17:48:42.558 [info] [LocalProcess0][resolveAuthority(ssh-remote,1)][36000ms] waiting...
2025-10-13 17:48:43.559 [info] [LocalProcess0][resolveAuthority(ssh-remote,1)][37000ms] waiting...
2025-10-13 17:48:44.558 [info] [LocalProcess0][resolveAuthority(ssh-remote,1)][38000ms] waiting...
2025-10-13 17:48:45.119 [error] [LocalProcess0][resolveAuthority(ssh-remote,1)][38561ms] returned an error {"code":"NotAvailable","message":"Connecting with SSH timed out","detail":true}
2025-10-13 17:48:45.119 [error] resolveAuthority(ssh-remote) returned an error after 38562 ms Connecting with SSH timed out
2025-10-13 17:48:45.120 [error] Error received from starting extension host (kind: Remote)
2025-10-13 17:48:45.120 [error] CodeExpectedError: Connecting with SSH timed out
    at ee.rb (vscode-file://vscode-app/home/drdbrioso/Desktop/code-stable-x64-1705560028/VSCode-linux-x64/resources/app/out/vs/workbench/workbench.desktop.main.js:2718:21055)
    at async ee.qb (vscode-file://vscode-app/home/drdbrioso/Desktop/code-stable-x64-1705560028/VSCode-linux-x64/resources/app/out/vs/workbench/workbench.desktop.main.js:2718:20332)
    at async ee.Ob (vscode-file://vscode-app/home/drdbrioso/Desktop/code-stable-x64-1705560028/VSCode-linux-x64/resources/app/out/vs/workbench/workbench.desktop.main.js:2719:11484)
    at async ee.jb (vscode-file://vscode-app/home/drdbrioso/Desktop/code-stable-x64-1705560028/VSCode-linux-x64/resources/app/out/vs/workbench/workbench.desktop.main.js:2718:17969)
2025-10-13 17:48:45.120 [error] [remote-connection][attempt 1] An error occurred in initial connection! Will retry... Error:
2025-10-13 17:48:45.121 [error] CodeExpectedError: Connecting with SSH timed out
    at ee.rb (vscode-file://vscode-app/home/drdbrioso/Desktop/code-stable-x64-1705560028/VSCode-linux-x64/resources/app/out/vs/workbench/workbench.desktop.main.js:2718:21055)
    at async ee.qb (vscode-file://vscode-app/home/drdbrioso/Desktop/code-stable-x64-1705560028/VSCode-linux-x64/resources/app/out/vs/workbench/workbench.desktop.main.js:2718:20332)
    at async ee.Ob (vscode-file://vscode-app/home/drdbrioso/Desktop/code-stable-x64-1705560028/VSCode-linux-x64/resources/app/out/vs/workbench/workbench.desktop.main.js:2719:11484)
    at async ee.jb (vscode-file://vscode-app/home/drdbrioso/Desktop/code-stable-x64-1705560028/VSCode-linux-x64/resources/app/out/vs/workbench/workbench.desktop.main.js:2718:17969)
2025-10-13 17:48:45.122 [error] [remote-connection][attempt 2] An error occurred in initial connection! Will retry... Error:
2025-10-13 17:48:45.123 [error] CodeExpectedError: Connecting with SSH timed out
    at ee.rb (vscode-file://vscode-app/home/drdbrioso/Desktop/code-stable-x64-1705560028/VSCode-linux-x64/resources/app/out/vs/workbench/workbench.desktop.main.js:2718:21055)
    at async ee.qb (vscode-file://vscode-app/home/drdbrioso/Desktop/code-stable-x64-1705560028/VSCode-linux-x64/resources/app/out/vs/workbench/workbench.desktop.main.js:2718:20332)
    at async ee.Ob (vscode-file://vscode-app/home/drdbrioso/Desktop/code-stable-x64-1705560028/VSCode-linux-x64/resources/app/out/vs/workbench/workbench.desktop.main.js:2719:11484)
    at async ee.jb (vscode-file://vscode-app/home/drdbrioso/Desktop/code-stable-x64-1705560028/VSCode-linux-x64/resources/app/out/vs/workbench/workbench.desktop.main.js:2718:17969)
2025-10-13 17:48:45.154 [error] [remote-connection][attempt 3] An error occurred in initial connection! Will retry... Error:
2025-10-13 17:48:45.155 [error] CodeExpectedError: Connecting with SSH timed out
    at ee.rb (vscode-file://vscode-app/home/drdbrioso/Desktop/code-stable-x64-1705560028/VSCode-linux-x64/resources/app/out/vs/workbench/workbench.desktop.main.js:2718:21055)
    at async ee.qb (vscode-file://vscode-app/home/drdbrioso/Desktop/code-stable-x64-1705560028/VSCode-linux-x64/resources/app/out/vs/workbench/workbench.desktop.main.js:2718:20332)
    at async ee.Ob (vscode-file://vscode-app/home/drdbrioso/Desktop/code-stable-x64-1705560028/VSCode-linux-x64/resources/app/out/vs/workbench/workbench.desktop.main.js:2719:11484)
    at async ee.jb (vscode-file://vscode-app/home/drdbrioso/Desktop/code-stable-x64-1705560028/VSCode-linux-x64/resources/app/out/vs/workbench/workbench.desktop.main.js:2718:17969)
2025-10-13 17:48:45.175 [error] [remote-connection][attempt 4] An error occurred in initial connection! Will retry... Error:
2025-10-13 17:48:45.176 [error] CodeExpectedError: Connecting with SSH timed out
    at ee.rb (vscode-file://vscode-app/home/drdbrioso/Desktop/code-stable-x64-1705560028/VSCode-linux-x64/resources/app/out/vs/workbench/workbench.desktop.main.js:2718:21055)
    at async ee.qb (vscode-file://vscode-app/home/drdbrioso/Desktop/code-stable-x64-1705560028/VSCode-linux-x64/resources/app/out/vs/workbench/workbench.desktop.main.js:2718:20332)
    at async ee.Ob (vscode-file://vscode-app/home/drdbrioso/Desktop/code-stable-x64-1705560028/VSCode-linux-x64/resources/app/out/vs/workbench/workbench.desktop.main.js:2719:11484)
    at async ee.jb (vscode-file://vscode-app/home/drdbrioso/Desktop/code-stable-x64-1705560028/VSCode-linux-x64/resources/app/out/vs/workbench/workbench.desktop.main.js:2718:17969)
2025-10-13 17:48:45.177 [error] [remote-connection][attempt 5]  An error occurred in initial connection! It will be treated as a permanent error. Error:
2025-10-13 17:48:45.177 [error] CodeExpectedError: Connecting with SSH timed out
    at ee.rb (vscode-file://vscode-app/home/drdbrioso/Desktop/code-stable-x64-1705560028/VSCode-linux-x64/resources/app/out/vs/workbench/workbench.desktop.main.js:2718:21055)
    at async ee.qb (vscode-file://vscode-app/home/drdbrioso/Desktop/code-stable-x64-1705560028/VSCode-linux-x64/resources/app/out/vs/workbench/workbench.desktop.main.js:2718:20332)
    at async ee.Ob (vscode-file://vscode-app/home/drdbrioso/Desktop/code-stable-x64-1705560028/VSCode-linux-x64/resources/app/out/vs/workbench/workbench.desktop.main.js:2719:11484)
    at async ee.jb (vscode-file://vscode-app/home/drdbrioso/Desktop/code-stable-x64-1705560028/VSCode-linux-x64/resources/app/out/vs/workbench/workbench.desktop.main.js:2718:17969)
2025-10-13 17:48:45.178 [error] CodeExpectedError: Connecting with SSH timed out
    at ee.rb (vscode-file://vscode-app/home/drdbrioso/Desktop/code-stable-x64-1705560028/VSCode-linux-x64/resources/app/out/vs/workbench/workbench.desktop.main.js:2718:21055)
    at async ee.qb (vscode-file://vscode-app/home/drdbrioso/Desktop/code-stable-x64-1705560028/VSCode-linux-x64/resources/app/out/vs/workbench/workbench.desktop.main.js:2718:20332)
    at async ee.Ob (vscode-file://vscode-app/home/drdbrioso/Desktop/code-stable-x64-1705560028/VSCode-linux-x64/resources/app/out/vs/workbench/workbench.desktop.main.js:2719:11484)
    at async ee.jb (vscode-file://vscode-app/home/drdbrioso/Desktop/code-stable-x64-1705560028/VSCode-linux-x64/resources/app/out/vs/workbench/workbench.desktop.main.js:2718:17969)
2025-10-13 17:48:45.178 [error] Cannot register remote filesystem provider. Error while fetching remote environment. Connecting with SSH timed out
2025-10-13 17:48:45.178 [error] CodeExpectedError: Connecting with SSH timed out
    at ee.rb (vscode-file://vscode-app/home/drdbrioso/Desktop/code-stable-x64-1705560028/VSCode-linux-x64/resources/app/out/vs/workbench/workbench.desktop.main.js:2718:21055)
    at async ee.qb (vscode-file://vscode-app/home/drdbrioso/Desktop/code-stable-x64-1705560028/VSCode-linux-x64/resources/app/out/vs/workbench/workbench.desktop.main.js:2718:20332)
    at async ee.Ob (vscode-file://vscode-app/home/drdbrioso/Desktop/code-stable-x64-1705560028/VSCode-linux-x64/resources/app/out/vs/workbench/workbench.desktop.main.js:2719:11484)
    at async ee.jb (vscode-file://vscode-app/home/drdbrioso/Desktop/code-stable-x64-1705560028/VSCode-linux-x64/resources/app/out/vs/workbench/workbench.desktop.main.js:2718:17969)
2025-10-13 17:48:45.178 [error] CodeExpectedError: Connecting with SSH timed out
    at ee.rb (vscode-file://vscode-app/home/drdbrioso/Desktop/code-stable-x64-1705560028/VSCode-linux-x64/resources/app/out/vs/workbench/workbench.desktop.main.js:2718:21055)
    at async ee.qb (vscode-file://vscode-app/home/drdbrioso/Desktop/code-stable-x64-1705560028/VSCode-linux-x64/resources/app/out/vs/workbench/workbench.desktop.main.js:2718:20332)
    at async ee.Ob (vscode-file://vscode-app/home/drdbrioso/Desktop/code-stable-x64-1705560028/VSCode-linux-x64/resources/app/out/vs/workbench/workbench.desktop.main.js:2719:11484)
    at async ee.jb (vscode-file://vscode-app/home/drdbrioso/Desktop/code-stable-x64-1705560028/VSCode-linux-x64/resources/app/out/vs/workbench/workbench.desktop.main.js:2718:17969)
2025-10-13 17:48:45.178 [error] CodeExpectedError: Connecting with SSH timed out
    at ee.rb (vscode-file://vscode-app/home/drdbrioso/Desktop/code-stable-x64-1705560028/VSCode-linux-x64/resources/app/out/vs/workbench/workbench.desktop.main.js:2718:21055)
    at async ee.qb (vscode-file://vscode-app/home/drdbrioso/Desktop/code-stable-x64-1705560028/VSCode-linux-x64/resources/app/out/vs/workbench/workbench.desktop.main.js:2718:20332)
    at async ee.Ob (vscode-file://vscode-app/home/drdbrioso/Desktop/code-stable-x64-1705560028/VSCode-linux-x64/resources/app/out/vs/workbench/workbench.desktop.main.js:2719:11484)
    at async ee.jb (vscode-file://vscode-app/home/drdbrioso/Desktop/code-stable-x64-1705560028/VSCode-linux-x64/resources/app/out/vs/workbench/workbench.desktop.main.js:2718:17969)
2025-10-13 17:48:45.178 [error] CodeExpectedError: Connecting with SSH timed out
    at ee.rb (vscode-file://vscode-app/home/drdbrioso/Desktop/code-stable-x64-1705560028/VSCode-linux-x64/resources/app/out/vs/workbench/workbench.desktop.main.js:2718:21055)
    at async ee.qb (vscode-file://vscode-app/home/drdbrioso/Desktop/code-stable-x64-1705560028/VSCode-linux-x64/resources/app/out/vs/workbench/workbench.desktop.main.js:2718:20332)
    at async ee.Ob (vscode-file://vscode-app/home/drdbrioso/Desktop/code-stable-x64-1705560028/VSCode-linux-x64/resources/app/out/vs/workbench/workbench.desktop.main.js:2719:11484)
    at async ee.jb (vscode-file://vscode-app/home/drdbrioso/Desktop/code-stable-x64-1705560028/VSCode-linux-x64/resources/app/out/vs/workbench/workbench.desktop.main.js:2718:17969)
2025-10-13 17:48:45.179 [error] CodeExpectedError: Connecting with SSH timed out
    at ee.rb (vscode-file://vscode-app/home/drdbrioso/Desktop/code-stable-x64-1705560028/VSCode-linux-x64/resources/app/out/vs/workbench/workbench.desktop.main.js:2718:21055)
    at async ee.qb (vscode-file://vscode-app/home/drdbrioso/Desktop/code-stable-x64-1705560028/VSCode-linux-x64/resources/app/out/vs/workbench/workbench.desktop.main.js:2718:20332)
    at async ee.Ob (vscode-file://vscode-app/home/drdbrioso/Desktop/code-stable-x64-1705560028/VSCode-linux-x64/resources/app/out/vs/workbench/workbench.desktop.main.js:2719:11484)
    at async ee.jb (vscode-file://vscode-app/home/drdbrioso/Desktop/code-stable-x64-1705560028/VSCode-linux-x64/resources/app/out/vs/workbench/workbench.desktop.main.js:2718:17969)
2025-10-13 17:48:45.180 [warning] Ignoring the error while validating workspace folder vscode-remote://ssh-remote%2Bsenc.icmc.usp.br/var/www - ENOPRO: No file system provider found for resource 'vscode-remote://ssh-remote%2Bsenc.icmc.usp.br/var/www'
2025-10-13 17:48:45.180 [error] CodeExpectedError: ENOPRO: No file system provider found for resource 'vscode-remote://ssh-remote%2Bsenc.icmc.usp.br/var/www'
    at n.j (vscode-file://vscode-app/home/drdbrioso/Desktop/code-stable-x64-1705560028/VSCode-linux-x64/resources/app/out/vs/workbench/workbench.desktop.main.js:645:13659)
    at async n.bb (vscode-file://vscode-app/home/drdbrioso/Desktop/code-stable-x64-1705560028/VSCode-linux-x64/resources/app/out/vs/workbench/workbench.desktop.main.js:645:24851)
    at async vscode-file://vscode-app/home/drdbrioso/Desktop/code-stable-x64-1705560028/VSCode-linux-x64/resources/app/out/vs/workbench/workbench.desktop.main.js:645:24559
2025-10-13 17:48:45.180 [error] ENOPRO: No file system provider found for resource 'vscode-remote://ssh-remote%2Bsenc.icmc.usp.br/var/www/.git/config': CodeExpectedError: ENOPRO: No file system provider found for resource 'vscode-remote://ssh-remote%2Bsenc.icmc.usp.br/var/www/.git/config'
    at n.j (vscode-file://vscode-app/home/drdbrioso/Desktop/code-stable-x64-1705560028/VSCode-linux-x64/resources/app/out/vs/workbench/workbench.desktop.main.js:645:13659)
    at async n.exists (vscode-file://vscode-app/home/drdbrioso/Desktop/code-stable-x64-1705560028/VSCode-linux-x64/resources/app/out/vs/workbench/workbench.desktop.main.js:645:15866)
    at async Promise.all (index 0)
2025-10-13 17:48:45.181 [error] Error: Unable to resolve resource vscode-remote://ssh-remote%2Bsenc.icmc.usp.br/var/www/adm/presenca-qr/js/html5qrcode.js
    at f.r (vscode-file://vscode-app/home/drdbrioso/Desktop/code-stable-x64-1705560028/VSCode-linux-x64/resources/app/out/vs/workbench/workbench.desktop.main.js:2158:18772)
    at f.r (vscode-file://vscode-app/home/drdbrioso/Desktop/code-stable-x64-1705560028/VSCode-linux-x64/resources/app/out/vs/workbench/workbench.desktop.main.js:2158:18758)
    at async y.acquire (vscode-file://vscode-app/home/drdbrioso/Desktop/code-stable-x64-1705560028/VSCode-linux-x64/resources/app/out/vs/workbench/workbench.desktop.main.js:37:3392)
    at async d.createModelReference (vscode-file://vscode-app/home/drdbrioso/Desktop/code-stable-x64-1705560028/VSCode-linux-x64/resources/app/out/vs/workbench/workbench.desktop.main.js:2158:20107)
    at async n.hb (vscode-file://vscode-app/home/drdbrioso/Desktop/code-stable-x64-1705560028/VSCode-linux-x64/resources/app/out/vs/workbench/workbench.desktop.main.js:1913:9343)
    at async M.setInput (vscode-file://vscode-app/home/drdbrioso/Desktop/code-stable-x64-1705560028/VSCode-linux-x64/resources/app/out/vs/workbench/workbench.desktop.main.js:2148:23768)
    at async b.S (vscode-file://vscode-app/home/drdbrioso/Desktop/code-stable-x64-1705560028/VSCode-linux-x64/resources/app/out/vs/workbench/workbench.desktop.main.js:2146:23046)
    at async b.L (vscode-file://vscode-app/home/drdbrioso/Desktop/code-stable-x64-1705560028/VSCode-linux-x64/resources/app/out/vs/workbench/workbench.desktop.main.js:2146:21637)
    at async b.openEditor (vscode-file://vscode-app/home/drdbrioso/Desktop/code-stable-x64-1705560028/VSCode-linux-x64/resources/app/out/vs/workbench/workbench.desktop.main.js:2146:20603)
    at async vscode-file://vscode-app/home/drdbrioso/Desktop/code-stable-x64-1705560028/VSCode-linux-x64/resources/app/out/vs/workbench/workbench.desktop.main.js:2275:23005
2025-10-13 17:48:45.188 [error] ENOPRO: No file system provider found for resource 'vscode-remote://ssh-remote%2Bsenc.icmc.usp.br/var/www/pom.xml': CodeExpectedError: ENOPRO: No file system provider found for resource 'vscode-remote://ssh-remote%2Bsenc.icmc.usp.br/var/www/pom.xml'
    at n.j (vscode-file://vscode-app/home/drdbrioso/Desktop/code-stable-x64-1705560028/VSCode-linux-x64/resources/app/out/vs/workbench/workbench.desktop.main.js:645:13659)
    at async n.exists (vscode-file://vscode-app/home/drdbrioso/Desktop/code-stable-x64-1705560028/VSCode-linux-x64/resources/app/out/vs/workbench/workbench.desktop.main.js:645:15866)
    at async Promise.all (index 0)
2025-10-13 17:48:45.199 [error] Connecting with SSH timed out: CodeExpectedError: Connecting with SSH timed out
    at ee.rb (vscode-file://vscode-app/home/drdbrioso/Desktop/code-stable-x64-1705560028/VSCode-linux-x64/resources/app/out/vs/workbench/workbench.desktop.main.js:2718:21055)
    at async ee.qb (vscode-file://vscode-app/home/drdbrioso/Desktop/code-stable-x64-1705560028/VSCode-linux-x64/resources/app/out/vs/workbench/workbench.desktop.main.js:2718:20332)
    at async ee.Ob (vscode-file://vscode-app/home/drdbrioso/Desktop/code-stable-x64-1705560028/VSCode-linux-x64/resources/app/out/vs/workbench/workbench.desktop.main.js:2719:11484)
    at async ee.jb (vscode-file://vscode-app/home/drdbrioso/Desktop/code-stable-x64-1705560028/VSCode-linux-x64/resources/app/out/vs/workbench/workbench.desktop.main.js:2718:17969)
2025-10-13 17:48:45.200 [error] ENOPRO: No file system provider found for resource 'vscode-remote://ssh-remote%2Bsenc.icmc.usp.br/var/www': CodeExpectedError: ENOPRO: No file system provider found for resource 'vscode-remote://ssh-remote%2Bsenc.icmc.usp.br/var/www'
    at n.j (vscode-file://vscode-app/home/drdbrioso/Desktop/code-stable-x64-1705560028/VSCode-linux-x64/resources/app/out/vs/workbench/workbench.desktop.main.js:645:13659)
    at async n.s (vscode-file://vscode-app/home/drdbrioso/Desktop/code-stable-x64-1705560028/VSCode-linux-x64/resources/app/out/vs/workbench/workbench.desktop.main.js:645:14449)
    at async n.resolve (vscode-file://vscode-app/home/drdbrioso/Desktop/code-stable-x64-1705560028/VSCode-linux-x64/resources/app/out/vs/workbench/workbench.desktop.main.js:645:14277)
    at async d.j (vscode-file://vscode-app/home/drdbrioso/Desktop/code-stable-x64-1705560028/VSCode-linux-x64/resources/app/out/vs/workbench/workbench.desktop.main.js:1986:5302)
2025-10-13 17:48:45.200 [error] ENOPRO: No file system provider found for resource 'vscode-remote://ssh-remote%2Bsenc.icmc.usp.br/var/www/.vscode': CodeExpectedError: ENOPRO: No file system provider found for resource 'vscode-remote://ssh-remote%2Bsenc.icmc.usp.br/var/www/.vscode'
    at n.j (vscode-file://vscode-app/home/drdbrioso/Desktop/code-stable-x64-1705560028/VSCode-linux-x64/resources/app/out/vs/workbench/workbench.desktop.main.js:645:13659)
    at async n.exists (vscode-file://vscode-app/home/drdbrioso/Desktop/code-stable-x64-1705560028/VSCode-linux-x64/resources/app/out/vs/workbench/workbench.desktop.main.js:645:15866)
    at async vscode-file://vscode-app/home/drdbrioso/Desktop/code-stable-x64-1705560028/VSCode-linux-x64/resources/app/out/vs/workbench/workbench.desktop.main.js:2048:6302
    at async Promise.all (index 0)
    at async T.v (vscode-file://vscode-app/home/drdbrioso/Desktop/code-stable-x64-1705560028/VSCode-linux-x64/resources/app/out/vs/workbench/workbench.desktop.main.js:2048:6409)
2025-10-13 17:48:45.357 [error] CodeExpectedError: Connecting with SSH timed out
    at ee.rb (vscode-file://vscode-app/home/drdbrioso/Desktop/code-stable-x64-1705560028/VSCode-linux-x64/resources/app/out/vs/workbench/workbench.desktop.main.js:2718:21055)
    at async ee.qb (vscode-file://vscode-app/home/drdbrioso/Desktop/code-stable-x64-1705560028/VSCode-linux-x64/resources/app/out/vs/workbench/workbench.desktop.main.js:2718:20332)
    at async ee.Ob (vscode-file://vscode-app/home/drdbrioso/Desktop/code-stable-x64-1705560028/VSCode-linux-x64/resources/app/out/vs/workbench/workbench.desktop.main.js:2719:11484)
    at async ee.jb (vscode-file://vscode-app/home/drdbrioso/Desktop/code-stable-x64-1705560028/VSCode-linux-x64/resources/app/out/vs/workbench/workbench.desktop.main.js:2718:17969)
2025-10-13 17:48:46.207 [error] command 'remote-internal.setActiveFolders' not found: Error: command 'remote-internal.setActiveFolders' not found
    at k.n (vscode-file://vscode-app/home/drdbrioso/Desktop/code-stable-x64-1705560028/VSCode-linux-x64/resources/app/out/vs/workbench/workbench.desktop.main.js:1538:12339)
    at k.executeCommand (vscode-file://vscode-app/home/drdbrioso/Desktop/code-stable-x64-1705560028/VSCode-linux-x64/resources/app/out/vs/workbench/workbench.desktop.main.js:1538:12268)
2025-10-13 17:48:47.495 [warning] Via 'product.json#extensionEnabledApiProposals' extension 'ms-python.python' wants API proposal 'registerIssueDataProvider' but that proposal DOES NOT EXIST. Likely, the proposal has been finalized (check 'vscode.d.ts') or was abandoned.
2025-10-13 17:48:47.644 [info] Started local extension host with pid 32721.
2025-10-13 17:48:47.839 [info] Invoking resolveAuthority(ssh-remote)...
2025-10-13 17:48:47.840 [info] [LocalProcess0][resolveAuthority(ssh-remote,1)][0ms] obtaining proxy...
2025-10-13 17:48:47.840 [info] [LocalProcess0][resolveAuthority(ssh-remote,1)][0ms] invoking...
2025-10-13 17:48:48.841 [info] [LocalProcess0][resolveAuthority(ssh-remote,1)][1001ms] waiting...
2025-10-13 17:48:49.846 [info] [LocalProcess0][resolveAuthority(ssh-remote,1)][2006ms] waiting...
2025-10-13 17:48:50.699 [error] [/home/drdbrioso/.vscode/extensions/ms-toolsai.vscode-jupyter-cell-tags-0.1.9]: Extension is not compatible with Code 1.85.2. Extension requires: ^1.88.0.
2025-10-13 17:48:50.700 [error] [/home/drdbrioso/.vscode/extensions/ms-toolsai.vscode-jupyter-slideshow-0.1.6]: Extension is not compatible with Code 1.85.2. Extension requires: ^1.88.0.
2025-10-13 17:48:50.700 [error] [/home/drdbrioso/.vscode/extensions/ms-toolsai.jupyter-renderers-1.3.0]: Extension is not compatible with Code 1.85.2. Extension requires: ^1.95.0.
2025-10-13 17:48:50.744 [error] [/home/drdbrioso/.vscode/extensions/ms-vscode.remote-server-1.5.3]: Extension is not compatible with Code 1.85.2. Extension requires: ^1.87.0.
2025-10-13 17:48:50.745 [error] [/home/drdbrioso/.vscode/extensions/ms-vscode-remote.remote-wsl-0.104.3]: Extension is not compatible with Code 1.85.2. Extension requires: ^1.104.0.
2025-10-13 17:48:50.746 [error] [/home/drdbrioso/.vscode/extensions/ms-python.vscode-python-envs-1.8.0-linux-x64]: Extension is not compatible with Code 1.85.2. Extension requires: ^1.104.0-20250815.
2025-10-13 17:48:50.746 [error] [/home/drdbrioso/.vscode/extensions/ms-vscode.remote-explorer-0.5.0]: Extension is not compatible with Code 1.85.2. Extension requires: ^1.87.0.
2025-10-13 17:48:50.747 [error] [/home/drdbrioso/.vscode/extensions/ms-python.debugpy-2025.10.0-linux-x64]: Extension is not compatible with Code 1.85.2. Extension requires: ^1.92.0.
2025-10-13 17:48:50.748 [error] [/home/drdbrioso/.vscode/extensions/ms-python.python-2025.14.0-linux-x64]: Extension is not compatible with Code 1.85.2. Extension requires: ^1.95.0.
2025-10-13 17:48:50.753 [error] [/home/drdbrioso/.vscode/extensions/ms-vscode-remote.remote-containers-0.427.0]: Extension is not compatible with Code 1.85.2. Extension requires: ^1.99.0.
2025-10-13 17:48:50.760 [error] [/home/drdbrioso/.vscode/extensions/ms-python.vscode-pylance-2025.8.3]: Extension is not compatible with Code 1.85.2. Extension requires: ^1.101.0.
2025-10-13 17:48:50.840 [info] [LocalProcess0][resolveAuthority(ssh-remote,1)][3001ms] waiting...
2025-10-13 17:48:51.841 [info] [LocalProcess0][resolveAuthority(ssh-remote,1)][4001ms] waiting...
2025-10-13 17:48:52.841 [info] [LocalProcess0][resolveAuthority(ssh-remote,1)][5001ms] waiting...
2025-10-13 17:48:53.841 [info] [LocalProcess0][resolveAuthority(ssh-remote,1)][6001ms] waiting...
2025-10-13 17:48:54.841 [info] [LocalProcess0][resolveAuthority(ssh-remote,1)][7001ms] waiting...
2025-10-13 17:48:55.841 [info] [LocalProcess0][resolveAuthority(ssh-remote,1)][8001ms] waiting...
2025-10-13 17:48:56.841 [info] [LocalProcess0][resolveAuthority(ssh-remote,1)][9001ms] waiting...
2025-10-13 17:48:57.841 [info] [LocalProcess0][resolveAuthority(ssh-remote,1)][10001ms] waiting...
2025-10-13 17:48:58.841 [info] [LocalProcess0][resolveAuthority(ssh-remote,1)][11001ms] waiting...
2025-10-13 17:48:59.841 [info] [LocalProcess0][resolveAuthority(ssh-remote,1)][12001ms] waiting...
2025-10-13 17:49:00.841 [info] [LocalProcess0][resolveAuthority(ssh-remote,1)][13001ms] waiting...
2025-10-13 17:49:01.841 [info] [LocalProcess0][resolveAuthority(ssh-remote,1)][14001ms] waiting...
2025-10-13 17:49:02.841 [info] [LocalProcess0][resolveAuthority(ssh-remote,1)][15001ms] waiting...
2025-10-13 17:49:03.841 [info] [LocalProcess0][resolveAuthority(ssh-remote,1)][16001ms] waiting...
2025-10-13 17:49:04.841 [info] [LocalProcess0][resolveAuthority(ssh-remote,1)][17001ms] waiting...
2025-10-13 17:49:04.897 [error] [LocalProcess0][resolveAuthority(ssh-remote,1)][17054ms] returned an error {"code":"NotAvailable","message":"Connecting with SSH timed out","detail":true}
2025-10-13 17:49:04.897 [error] resolveAuthority(ssh-remote) returned an error after 17055 ms Connecting with SSH timed out
2025-10-13 17:49:04.898 [error] Error received from starting extension host (kind: Remote)
2025-10-13 17:49:04.900 [error] CodeExpectedError: Connecting with SSH timed out
    at ee.rb (vscode-file://vscode-app/home/drdbrioso/Desktop/code-stable-x64-1705560028/VSCode-linux-x64/resources/app/out/vs/workbench/workbench.desktop.main.js:2718:21055)
    at async ee.qb (vscode-file://vscode-app/home/drdbrioso/Desktop/code-stable-x64-1705560028/VSCode-linux-x64/resources/app/out/vs/workbench/workbench.desktop.main.js:2718:20332)
    at async ee.Ob (vscode-file://vscode-app/home/drdbrioso/Desktop/code-stable-x64-1705560028/VSCode-linux-x64/resources/app/out/vs/workbench/workbench.desktop.main.js:2719:11484)
    at async ee.jb (vscode-file://vscode-app/home/drdbrioso/Desktop/code-stable-x64-1705560028/VSCode-linux-x64/resources/app/out/vs/workbench/workbench.desktop.main.js:2718:17969)
2025-10-13 17:49:04.900 [error] [remote-connection][attempt 1] An error occurred in initial connection! Will retry... Error:
2025-10-13 17:49:04.900 [error] CodeExpectedError: Connecting with SSH timed out
    at ee.rb (vscode-file://vscode-app/home/drdbrioso/Desktop/code-stable-x64-1705560028/VSCode-linux-x64/resources/app/out/vs/workbench/workbench.desktop.main.js:2718:21055)
    at async ee.qb (vscode-file://vscode-app/home/drdbrioso/Desktop/code-stable-x64-1705560028/VSCode-linux-x64/resources/app/out/vs/workbench/workbench.desktop.main.js:2718:20332)
    at async ee.Ob (vscode-file://vscode-app/home/drdbrioso/Desktop/code-stable-x64-1705560028/VSCode-linux-x64/resources/app/out/vs/workbench/workbench.desktop.main.js:2719:11484)
    at async ee.jb (vscode-file://vscode-app/home/drdbrioso/Desktop/code-stable-x64-1705560028/VSCode-linux-x64/resources/app/out/vs/workbench/workbench.desktop.main.js:2718:17969)
2025-10-13 17:49:04.900 [error] [remote-connection][attempt 2] An error occurred in initial connection! Will retry... Error:
2025-10-13 17:49:04.900 [error] CodeExpectedError: Connecting with SSH timed out
    at ee.rb (vscode-file://vscode-app/home/drdbrioso/Desktop/code-stable-x64-1705560028/VSCode-linux-x64/resources/app/out/vs/workbench/workbench.desktop.main.js:2718:21055)
    at async ee.qb (vscode-file://vscode-app/home/drdbrioso/Desktop/code-stable-x64-1705560028/VSCode-linux-x64/resources/app/out/vs/workbench/workbench.desktop.main.js:2718:20332)
    at async ee.Ob (vscode-file://vscode-app/home/drdbrioso/Desktop/code-stable-x64-1705560028/VSCode-linux-x64/resources/app/out/vs/workbench/workbench.desktop.main.js:2719:11484)
    at async ee.jb (vscode-file://vscode-app/home/drdbrioso/Desktop/code-stable-x64-1705560028/VSCode-linux-x64/resources/app/out/vs/workbench/workbench.desktop.main.js:2718:17969)
2025-10-13 17:49:04.934 [error] [remote-connection][attempt 3] An error occurred in initial connection! Will retry... Error:
2025-10-13 17:49:04.935 [error] CodeExpectedError: Connecting with SSH timed out
    at ee.rb (vscode-file://vscode-app/home/drdbrioso/Desktop/code-stable-x64-1705560028/VSCode-linux-x64/resources/app/out/vs/workbench/workbench.desktop.main.js:2718:21055)
    at async ee.qb (vscode-file://vscode-app/home/drdbrioso/Desktop/code-stable-x64-1705560028/VSCode-linux-x64/resources/app/out/vs/workbench/workbench.desktop.main.js:2718:20332)
    at async ee.Ob (vscode-file://vscode-app/home/drdbrioso/Desktop/code-stable-x64-1705560028/VSCode-linux-x64/resources/app/out/vs/workbench/workbench.desktop.main.js:2719:11484)
    at async ee.jb (vscode-file://vscode-app/home/drdbrioso/Desktop/code-stable-x64-1705560028/VSCode-linux-x64/resources/app/out/vs/workbench/workbench.desktop.main.js:2718:17969)
2025-10-13 17:49:04.966 [error] [remote-connection][attempt 4] An error occurred in initial connection! Will retry... Error:
2025-10-13 17:49:04.966 [error] CodeExpectedError: Connecting with SSH timed out
    at ee.rb (vscode-file://vscode-app/home/drdbrioso/Desktop/code-stable-x64-1705560028/VSCode-linux-x64/resources/app/out/vs/workbench/workbench.desktop.main.js:2718:21055)
    at async ee.qb (vscode-file://vscode-app/home/drdbrioso/Desktop/code-stable-x64-1705560028/VSCode-linux-x64/resources/app/out/vs/workbench/workbench.desktop.main.js:2718:20332)
    at async ee.Ob (vscode-file://vscode-app/home/drdbrioso/Desktop/code-stable-x64-1705560028/VSCode-linux-x64/resources/app/out/vs/workbench/workbench.desktop.main.js:2719:11484)
    at async ee.jb (vscode-file://vscode-app/home/drdbrioso/Desktop/code-stable-x64-1705560028/VSCode-linux-x64/resources/app/out/vs/workbench/workbench.desktop.main.js:2718:17969)
2025-10-13 17:49:04.968 [error] [remote-connection][attempt 5]  An error occurred in initial connection! It will be treated as a permanent error. Error:
2025-10-13 17:49:04.968 [error] CodeExpectedError: Connecting with SSH timed out
    at ee.rb (vscode-file://vscode-app/home/drdbrioso/Desktop/code-stable-x64-1705560028/VSCode-linux-x64/resources/app/out/vs/workbench/workbench.desktop.main.js:2718:21055)
    at async ee.qb (vscode-file://vscode-app/home/drdbrioso/Desktop/code-stable-x64-1705560028/VSCode-linux-x64/resources/app/out/vs/workbench/workbench.desktop.main.js:2718:20332)
    at async ee.Ob (vscode-file://vscode-app/home/drdbrioso/Desktop/code-stable-x64-1705560028/VSCode-linux-x64/resources/app/out/vs/workbench/workbench.desktop.main.js:2719:11484)
    at async ee.jb (vscode-file://vscode-app/home/drdbrioso/Desktop/code-stable-x64-1705560028/VSCode-linux-x64/resources/app/out/vs/workbench/workbench.desktop.main.js:2718:17969)
2025-10-13 17:49:04.969 [error] CodeExpectedError: Connecting with SSH timed out
    at ee.rb (vscode-file://vscode-app/home/drdbrioso/Desktop/code-stable-x64-1705560028/VSCode-linux-x64/resources/app/out/vs/workbench/workbench.desktop.main.js:2718:21055)
    at async ee.qb (vscode-file://vscode-app/home/drdbrioso/Desktop/code-stable-x64-1705560028/VSCode-linux-x64/resources/app/out/vs/workbench/workbench.desktop.main.js:2718:20332)
    at async ee.Ob (vscode-file://vscode-app/home/drdbrioso/Desktop/code-stable-x64-1705560028/VSCode-linux-x64/resources/app/out/vs/workbench/workbench.desktop.main.js:2719:11484)
    at async ee.jb (vscode-file://vscode-app/home/drdbrioso/Desktop/code-stable-x64-1705560028/VSCode-linux-x64/resources/app/out/vs/workbench/workbench.desktop.main.js:2718:17969)
2025-10-13 17:49:04.969 [error] Cannot register remote filesystem provider. Error while fetching remote environment. Connecting with SSH timed out
2025-10-13 17:49:04.969 [error] CodeExpectedError: Connecting with SSH timed out
    at ee.rb (vscode-file://vscode-app/home/drdbrioso/Desktop/code-stable-x64-1705560028/VSCode-linux-x64/resources/app/out/vs/workbench/workbench.desktop.main.js:2718:21055)
    at async ee.qb (vscode-file://vscode-app/home/drdbrioso/Desktop/code-stable-x64-1705560028/VSCode-linux-x64/resources/app/out/vs/workbench/workbench.desktop.main.js:2718:20332)
    at async ee.Ob (vscode-file://vscode-app/home/drdbrioso/Desktop/code-stable-x64-1705560028/VSCode-linux-x64/resources/app/out/vs/workbench/workbench.desktop.main.js:2719:11484)
    at async ee.jb (vscode-file://vscode-app/home/drdbrioso/Desktop/code-stable-x64-1705560028/VSCode-linux-x64/resources/app/out/vs/workbench/workbench.desktop.main.js:2718:17969)
2025-10-13 17:49:04.969 [error] CodeExpectedError: Connecting with SSH timed out
    at ee.rb (vscode-file://vscode-app/home/drdbrioso/Desktop/code-stable-x64-1705560028/VSCode-linux-x64/resources/app/out/vs/workbench/workbench.desktop.main.js:2718:21055)
    at async ee.qb (vscode-file://vscode-app/home/drdbrioso/Desktop/code-stable-x64-1705560028/VSCode-linux-x64/resources/app/out/vs/workbench/workbench.desktop.main.js:2718:20332)
    at async ee.Ob (vscode-file://vscode-app/home/drdbrioso/Desktop/code-stable-x64-1705560028/VSCode-linux-x64/resources/app/out/vs/workbench/workbench.desktop.main.js:2719:11484)
    at async ee.jb (vscode-file://vscode-app/home/drdbrioso/Desktop/code-stable-x64-1705560028/VSCode-linux-x64/resources/app/out/vs/workbench/workbench.desktop.main.js:2718:17969)
2025-10-13 17:49:04.969 [error] CodeExpectedError: Connecting with SSH timed out
    at ee.rb (vscode-file://vscode-app/home/drdbrioso/Desktop/code-stable-x64-1705560028/VSCode-linux-x64/resources/app/out/vs/workbench/workbench.desktop.main.js:2718:21055)
    at async ee.qb (vscode-file://vscode-app/home/drdbrioso/Desktop/code-stable-x64-1705560028/VSCode-linux-x64/resources/app/out/vs/workbench/workbench.desktop.main.js:2718:20332)
    at async ee.Ob (vscode-file://vscode-app/home/drdbrioso/Desktop/code-stable-x64-1705560028/VSCode-linux-x64/resources/app/out/vs/workbench/workbench.desktop.main.js:2719:11484)
    at async ee.jb (vscode-file://vscode-app/home/drdbrioso/Desktop/code-stable-x64-1705560028/VSCode-linux-x64/resources/app/out/vs/workbench/workbench.desktop.main.js:2718:17969)
2025-10-13 17:49:04.969 [error] CodeExpectedError: Connecting with SSH timed out
    at ee.rb (vscode-file://vscode-app/home/drdbrioso/Desktop/code-stable-x64-1705560028/VSCode-linux-x64/resources/app/out/vs/workbench/workbench.desktop.main.js:2718:21055)
    at async ee.qb (vscode-file://vscode-app/home/drdbrioso/Desktop/code-stable-x64-1705560028/VSCode-linux-x64/resources/app/out/vs/workbench/workbench.desktop.main.js:2718:20332)
    at async ee.Ob (vscode-file://vscode-app/home/drdbrioso/Desktop/code-stable-x64-1705560028/VSCode-linux-x64/resources/app/out/vs/workbench/workbench.desktop.main.js:2719:11484)
    at async ee.jb (vscode-file://vscode-app/home/drdbrioso/Desktop/code-stable-x64-1705560028/VSCode-linux-x64/resources/app/out/vs/workbench/workbench.desktop.main.js:2718:17969)
2025-10-13 17:49:04.970 [error] CodeExpectedError: Connecting with SSH timed out
    at ee.rb (vscode-file://vscode-app/home/drdbrioso/Desktop/code-stable-x64-1705560028/VSCode-linux-x64/resources/app/out/vs/workbench/workbench.desktop.main.js:2718:21055)
    at async ee.qb (vscode-file://vscode-app/home/drdbrioso/Desktop/code-stable-x64-1705560028/VSCode-linux-x64/resources/app/out/vs/workbench/workbench.desktop.main.js:2718:20332)
    at async ee.Ob (vscode-file://vscode-app/home/drdbrioso/Desktop/code-stable-x64-1705560028/VSCode-linux-x64/resources/app/out/vs/workbench/workbench.desktop.main.js:2719:11484)
    at async ee.jb (vscode-file://vscode-app/home/drdbrioso/Desktop/code-stable-x64-1705560028/VSCode-linux-x64/resources/app/out/vs/workbench/workbench.desktop.main.js:2718:17969)
2025-10-13 17:49:04.970 [warning] Ignoring the error while validating workspace folder vscode-remote://ssh-remote%2Bsenc.icmc.usp.br/var/www - ENOPRO: No file system provider found for resource 'vscode-remote://ssh-remote%2Bsenc.icmc.usp.br/var/www'
2025-10-13 17:49:04.970 [error] CodeExpectedError: ENOPRO: No file system provider found for resource 'vscode-remote://ssh-remote%2Bsenc.icmc.usp.br/var/www'
    at n.j (vscode-file://vscode-app/home/drdbrioso/Desktop/code-stable-x64-1705560028/VSCode-linux-x64/resources/app/out/vs/workbench/workbench.desktop.main.js:645:13659)
    at async n.bb (vscode-file://vscode-app/home/drdbrioso/Desktop/code-stable-x64-1705560028/VSCode-linux-x64/resources/app/out/vs/workbench/workbench.desktop.main.js:645:24851)
    at async vscode-file://vscode-app/home/drdbrioso/Desktop/code-stable-x64-1705560028/VSCode-linux-x64/resources/app/out/vs/workbench/workbench.desktop.main.js:645:24559
2025-10-13 17:49:04.970 [error] ENOPRO: No file system provider found for resource 'vscode-remote://ssh-remote%2Bsenc.icmc.usp.br/var/www/.git/config': CodeExpectedError: ENOPRO: No file system provider found for resource 'vscode-remote://ssh-remote%2Bsenc.icmc.usp.br/var/www/.git/config'
    at n.j (vscode-file://vscode-app/home/drdbrioso/Desktop/code-stable-x64-1705560028/VSCode-linux-x64/resources/app/out/vs/workbench/workbench.desktop.main.js:645:13659)
    at async n.exists (vscode-file://vscode-app/home/drdbrioso/Desktop/code-stable-x64-1705560028/VSCode-linux-x64/resources/app/out/vs/workbench/workbench.desktop.main.js:645:15866)
    at async Promise.all (index 0)
2025-10-13 17:49:04.971 [error] Error: Unable to resolve resource vscode-remote://ssh-remote%2Bsenc.icmc.usp.br/var/www/adm/presenca-qr/js/html5qrcode.js
    at f.r (vscode-file://vscode-app/home/drdbrioso/Desktop/code-stable-x64-1705560028/VSCode-linux-x64/resources/app/out/vs/workbench/workbench.desktop.main.js:2158:18772)
    at f.r (vscode-file://vscode-app/home/drdbrioso/Desktop/code-stable-x64-1705560028/VSCode-linux-x64/resources/app/out/vs/workbench/workbench.desktop.main.js:2158:18758)
    at async y.acquire (vscode-file://vscode-app/home/drdbrioso/Desktop/code-stable-x64-1705560028/VSCode-linux-x64/resources/app/out/vs/workbench/workbench.desktop.main.js:37:3392)
    at async d.createModelReference (vscode-file://vscode-app/home/drdbrioso/Desktop/code-stable-x64-1705560028/VSCode-linux-x64/resources/app/out/vs/workbench/workbench.desktop.main.js:2158:20107)
    at async n.hb (vscode-file://vscode-app/home/drdbrioso/Desktop/code-stable-x64-1705560028/VSCode-linux-x64/resources/app/out/vs/workbench/workbench.desktop.main.js:1913:9343)
    at async M.setInput (vscode-file://vscode-app/home/drdbrioso/Desktop/code-stable-x64-1705560028/VSCode-linux-x64/resources/app/out/vs/workbench/workbench.desktop.main.js:2148:23768)
    at async b.S (vscode-file://vscode-app/home/drdbrioso/Desktop/code-stable-x64-1705560028/VSCode-linux-x64/resources/app/out/vs/workbench/workbench.desktop.main.js:2146:23046)
    at async b.L (vscode-file://vscode-app/home/drdbrioso/Desktop/code-stable-x64-1705560028/VSCode-linux-x64/resources/app/out/vs/workbench/workbench.desktop.main.js:2146:21637)
    at async b.openEditor (vscode-file://vscode-app/home/drdbrioso/Desktop/code-stable-x64-1705560028/VSCode-linux-x64/resources/app/out/vs/workbench/workbench.desktop.main.js:2146:20603)
    at async vscode-file://vscode-app/home/drdbrioso/Desktop/code-stable-x64-1705560028/VSCode-linux-x64/resources/app/out/vs/workbench/workbench.desktop.main.js:2275:23005
2025-10-13 17:49:04.978 [error] ENOPRO: No file system provider found for resource 'vscode-remote://ssh-remote%2Bsenc.icmc.usp.br/var/www/pom.xml': CodeExpectedError: ENOPRO: No file system provider found for resource 'vscode-remote://ssh-remote%2Bsenc.icmc.usp.br/var/www/pom.xml'
    at n.j (vscode-file://vscode-app/home/drdbrioso/Desktop/code-stable-x64-1705560028/VSCode-linux-x64/resources/app/out/vs/workbench/workbench.desktop.main.js:645:13659)
    at async n.exists (vscode-file://vscode-app/home/drdbrioso/Desktop/code-stable-x64-1705560028/VSCode-linux-x64/resources/app/out/vs/workbench/workbench.desktop.main.js:645:15866)
    at async Promise.all (index 0)
2025-10-13 17:49:05.002 [error] Connecting with SSH timed out: CodeExpectedError: Connecting with SSH timed out
    at ee.rb (vscode-file://vscode-app/home/drdbrioso/Desktop/code-stable-x64-1705560028/VSCode-linux-x64/resources/app/out/vs/workbench/workbench.desktop.main.js:2718:21055)
    at async ee.qb (vscode-file://vscode-app/home/drdbrioso/Desktop/code-stable-x64-1705560028/VSCode-linux-x64/resources/app/out/vs/workbench/workbench.desktop.main.js:2718:20332)
    at async ee.Ob (vscode-file://vscode-app/home/drdbrioso/Desktop/code-stable-x64-1705560028/VSCode-linux-x64/resources/app/out/vs/workbench/workbench.desktop.main.js:2719:11484)
    at async ee.jb (vscode-file://vscode-app/home/drdbrioso/Desktop/code-stable-x64-1705560028/VSCode-linux-x64/resources/app/out/vs/workbench/workbench.desktop.main.js:2718:17969)
2025-10-13 17:49:05.004 [error] ENOPRO: No file system provider found for resource 'vscode-remote://ssh-remote%2Bsenc.icmc.usp.br/var/www': CodeExpectedError: ENOPRO: No file system provider found for resource 'vscode-remote://ssh-remote%2Bsenc.icmc.usp.br/var/www'
    at n.j (vscode-file://vscode-app/home/drdbrioso/Desktop/code-stable-x64-1705560028/VSCode-linux-x64/resources/app/out/vs/workbench/workbench.desktop.main.js:645:13659)
    at async n.s (vscode-file://vscode-app/home/drdbrioso/Desktop/code-stable-x64-1705560028/VSCode-linux-x64/resources/app/out/vs/workbench/workbench.desktop.main.js:645:14449)
    at async n.resolve (vscode-file://vscode-app/home/drdbrioso/Desktop/code-stable-x64-1705560028/VSCode-linux-x64/resources/app/out/vs/workbench/workbench.desktop.main.js:645:14277)
    at async d.j (vscode-file://vscode-app/home/drdbrioso/Desktop/code-stable-x64-1705560028/VSCode-linux-x64/resources/app/out/vs/workbench/workbench.desktop.main.js:1986:5302)
2025-10-13 17:49:05.004 [error] ENOPRO: No file system provider found for resource 'vscode-remote://ssh-remote%2Bsenc.icmc.usp.br/var/www/.vscode': CodeExpectedError: ENOPRO: No file system provider found for resource 'vscode-remote://ssh-remote%2Bsenc.icmc.usp.br/var/www/.vscode'
    at n.j (vscode-file://vscode-app/home/drdbrioso/Desktop/code-stable-x64-1705560028/VSCode-linux-x64/resources/app/out/vs/workbench/workbench.desktop.main.js:645:13659)
    at async n.exists (vscode-file://vscode-app/home/drdbrioso/Desktop/code-stable-x64-1705560028/VSCode-linux-x64/resources/app/out/vs/workbench/workbench.desktop.main.js:645:15866)
    at async vscode-file://vscode-app/home/drdbrioso/Desktop/code-stable-x64-1705560028/VSCode-linux-x64/resources/app/out/vs/workbench/workbench.desktop.main.js:2048:6302
    at async Promise.all (index 0)
    at async T.v (vscode-file://vscode-app/home/drdbrioso/Desktop/code-stable-x64-1705560028/VSCode-linux-x64/resources/app/out/vs/workbench/workbench.desktop.main.js:2048:6409)
2025-10-13 17:49:05.125 [error] CodeExpectedError: Connecting with SSH timed out
    at ee.rb (vscode-file://vscode-app/home/drdbrioso/Desktop/code-stable-x64-1705560028/VSCode-linux-x64/resources/app/out/vs/workbench/workbench.desktop.main.js:2718:21055)
    at async ee.qb (vscode-file://vscode-app/home/drdbrioso/Desktop/code-stable-x64-1705560028/VSCode-linux-x64/resources/app/out/vs/workbench/workbench.desktop.main.js:2718:20332)
    at async ee.Ob (vscode-file://vscode-app/home/drdbrioso/Desktop/code-stable-x64-1705560028/VSCode-linux-x64/resources/app/out/vs/workbench/workbench.desktop.main.js:2719:11484)
    at async ee.jb (vscode-file://vscode-app/home/drdbrioso/Desktop/code-stable-x64-1705560028/VSCode-linux-x64/resources/app/out/vs/workbench/workbench.desktop.main.js:2718:17969)
2025-10-13 17:49:06.015 [error] command 'remote-internal.setActiveFolders' not found: Error: command 'remote-internal.setActiveFolders' not found
    at k.n (vscode-file://vscode-app/home/drdbrioso/Desktop/code-stable-x64-1705560028/VSCode-linux-x64/resources/app/out/vs/workbench/workbench.desktop.main.js:1538:12339)
    at k.executeCommand (vscode-file://vscode-app/home/drdbrioso/Desktop/code-stable-x64-1705560028/VSCode-linux-x64/resources/app/out/vs/workbench/workbench.desktop.main.js:1538:12268)
2025-10-13 17:49:16.558 [warning] Via 'product.json#extensionEnabledApiProposals' extension 'ms-python.python' wants API proposal 'registerIssueDataProvider' but that proposal DOES NOT EXIST. Likely, the proposal has been finalized (check 'vscode.d.ts') or was abandoned.
2025-10-13 17:49:16.713 [info] Started local extension host with pid 32828.
2025-10-13 17:49:16.906 [info] Invoking resolveAuthority(ssh-remote)...
2025-10-13 17:49:16.907 [info] [LocalProcess0][resolveAuthority(ssh-remote,1)][0ms] obtaining proxy...
2025-10-13 17:49:16.907 [info] [LocalProcess0][resolveAuthority(ssh-remote,1)][0ms] invoking...
2025-10-13 17:49:17.909 [info] [LocalProcess0][resolveAuthority(ssh-remote,1)][1001ms] waiting...
2025-10-13 17:49:18.913 [info] [LocalProcess0][resolveAuthority(ssh-remote,1)][2007ms] waiting...
2025-10-13 17:49:19.799 [error] [/home/drdbrioso/.vscode/extensions/ms-toolsai.vscode-jupyter-cell-tags-0.1.9]: Extension is not compatible with Code 1.85.2. Extension requires: ^1.88.0.
2025-10-13 17:49:19.801 [error] [/home/drdbrioso/.vscode/extensions/ms-toolsai.vscode-jupyter-slideshow-0.1.6]: Extension is not compatible with Code 1.85.2. Extension requires: ^1.88.0.
2025-10-13 17:49:19.802 [error] [/home/drdbrioso/.vscode/extensions/ms-toolsai.jupyter-renderers-1.3.0]: Extension is not compatible with Code 1.85.2. Extension requires: ^1.95.0.
2025-10-13 17:49:19.843 [error] [/home/drdbrioso/.vscode/extensions/ms-vscode-remote.remote-wsl-0.104.3]: Extension is not compatible with Code 1.85.2. Extension requires: ^1.104.0.
2025-10-13 17:49:19.843 [error] [/home/drdbrioso/.vscode/extensions/ms-vscode.remote-explorer-0.5.0]: Extension is not compatible with Code 1.85.2. Extension requires: ^1.87.0.
2025-10-13 17:49:19.843 [error] [/home/drdbrioso/.vscode/extensions/ms-vscode-remote.remote-containers-0.427.0]: Extension is not compatible with Code 1.85.2. Extension requires: ^1.99.0.
2025-10-13 17:49:19.844 [error] [/home/drdbrioso/.vscode/extensions/ms-python.debugpy-2025.10.0-linux-x64]: Extension is not compatible with Code 1.85.2. Extension requires: ^1.92.0.
2025-10-13 17:49:19.844 [error] [/home/drdbrioso/.vscode/extensions/ms-vscode.remote-server-1.5.3]: Extension is not compatible with Code 1.85.2. Extension requires: ^1.87.0.
2025-10-13 17:49:19.844 [error] [/home/drdbrioso/.vscode/extensions/ms-python.vscode-python-envs-1.8.0-linux-x64]: Extension is not compatible with Code 1.85.2. Extension requires: ^1.104.0-20250815.
2025-10-13 17:49:19.857 [error] [/home/drdbrioso/.vscode/extensions/ms-python.python-2025.14.0-linux-x64]: Extension is not compatible with Code 1.85.2. Extension requires: ^1.95.0.
2025-10-13 17:49:19.857 [error] [/home/drdbrioso/.vscode/extensions/ms-python.vscode-pylance-2025.8.3]: Extension is not compatible with Code 1.85.2. Extension requires: ^1.101.0.
2025-10-13 17:49:19.937 [info] [LocalProcess0][resolveAuthority(ssh-remote,1)][3030ms] waiting...
2025-10-13 17:49:20.908 [info] [LocalProcess0][resolveAuthority(ssh-remote,1)][4001ms] waiting...
2025-10-13 17:49:21.908 [info] [LocalProcess0][resolveAuthority(ssh-remote,1)][5000ms] waiting...
2025-10-13 17:49:22.908 [info] [LocalProcess0][resolveAuthority(ssh-remote,1)][6001ms] waiting...
2025-10-13 17:49:23.908 [info] [LocalProcess0][resolveAuthority(ssh-remote,1)][7000ms] waiting...
2025-10-13 17:49:24.907 [info] [LocalProcess0][resolveAuthority(ssh-remote,1)][8000ms] waiting...
2025-10-13 17:49:25.908 [info] [LocalProcess0][resolveAuthority(ssh-remote,1)][9000ms] waiting...
2025-10-13 17:49:26.907 [info] [LocalProcess0][resolveAuthority(ssh-remote,1)][10000ms] waiting...
2025-10-13 17:49:27.907 [info] [LocalProcess0][resolveAuthority(ssh-remote,1)][11000ms] waiting...
2025-10-13 17:49:28.907 [info] [LocalProcess0][resolveAuthority(ssh-remote,1)][12000ms] waiting...
2025-10-13 17:49:29.574 [error] [Extension Host] (node:32828) [DEP0005] DeprecationWarning: Buffer() is deprecated due to security and usability issues. Please use the Buffer.alloc(), Buffer.allocUnsafe(), or Buffer.from() methods instead.
(Use `exe --trace-deprecation ...` to show where the warning was created)
2025-10-13 17:49:29.584 [info] [LocalProcess0][resolveAuthority(ssh-remote,1)][12677ms] returned WebSocket(127.0.0.1:46683)
2025-10-13 17:49:29.584 [info] resolveAuthority(ssh-remote) returned 'WebSocket(127.0.0.1:46683)' after 12677 ms
2025-10-13 17:49:29.584 [info] Creating a socket (renderer-Management-b68c1252-a44f-448c-aabd-42c7a183096a)...
2025-10-13 17:49:29.585 [info] Creating a socket (renderer-ExtensionHost-7b866182-1a93-4388-a647-1515ca3d5a7d)...
2025-10-13 17:49:29.993 [info] Creating a socket (renderer-Management-b68c1252-a44f-448c-aabd-42c7a183096a) was successful after 408 ms.
2025-10-13 17:49:30.622 [info] Creating a socket (renderer-ExtensionHost-7b866182-1a93-4388-a647-1515ca3d5a7d) was successful after 1036 ms.
2025-10-13 17:49:39.823 [info] [perf] Render performance baseline is 26ms
2025-10-13 17:49:59.867 [error] command 'remote-internal.setActiveFolders' not found: Error: command 'remote-internal.setActiveFolders' not found
    at k.n (vscode-file://vscode-app/home/drdbrioso/Desktop/code-stable-x64-1705560028/VSCode-linux-x64/resources/app/out/vs/workbench/workbench.desktop.main.js:1538:12339)
    at k.executeCommand (vscode-file://vscode-app/home/drdbrioso/Desktop/code-stable-x64-1705560028/VSCode-linux-x64/resources/app/out/vs/workbench/workbench.desktop.main.js:1538:12268)
2025-10-13 17:50:03.285 [info] Extension host (Remote) is unresponsive.
2025-10-13 17:50:05.066 [info] Extension host (Remote) is responsive.
2025-10-13 17:57:57.582 [info] Extension host (Remote) is unresponsive.
2025-10-13 17:57:58.964 [info] Extension host (Remote) is responsive.
