2025-10-07 19:18:57.101 [error] [/home/drdbrioso/.vscode/extensions/ms-toolsai.vscode-jupyter-cell-tags-0.1.9]: Extension is not compatible with Code 1.85.2. Extension requires: ^1.88.0.
2025-10-07 19:18:57.105 [error] [/home/drdbrioso/.vscode/extensions/ms-toolsai.vscode-jupyter-slideshow-0.1.6]: Extension is not compatible with Code 1.85.2. Extension requires: ^1.88.0.
2025-10-07 19:18:57.106 [error] [/home/drdbrioso/.vscode/extensions/ms-toolsai.jupyter-renderers-1.3.0]: Extension is not compatible with Code 1.85.2. Extension requires: ^1.95.0.
2025-10-07 19:18:57.145 [error] [/home/drdbrioso/.vscode/extensions/ms-vscode.remote-server-1.5.3]: Extension is not compatible with Code 1.85.2. Extension requires: ^1.87.0.
2025-10-07 19:18:57.145 [error] [/home/drdbrioso/.vscode/extensions/ms-vscode-remote.remote-ssh-0.120.0]: Extension is not compatible with Code 1.85.2. Extension requires: ^1.96.0.
2025-10-07 19:18:57.145 [error] [/home/drdbrioso/.vscode/extensions/ms-vscode-remote.remote-wsl-0.104.3]: Extension is not compatible with Code 1.85.2. Extension requires: ^1.104.0.
2025-10-07 19:18:57.146 [error] [/home/drdbrioso/.vscode/extensions/ms-vscode-remote.remote-containers-0.427.0]: Extension is not compatible with Code 1.85.2. Extension requires: ^1.99.0.
2025-10-07 19:18:57.146 [error] [/home/drdbrioso/.vscode/extensions/ms-vscode.remote-explorer-0.5.0]: Extension is not compatible with Code 1.85.2. Extension requires: ^1.87.0.
2025-10-07 19:18:57.146 [error] [/home/drdbrioso/.vscode/extensions/ms-python.debugpy-2025.10.0-linux-x64]: Extension is not compatible with Code 1.85.2. Extension requires: ^1.92.0.
2025-10-07 19:18:57.147 [error] [/home/drdbrioso/.vscode/extensions/ms-python.vscode-python-envs-1.8.0-linux-x64]: Extension is not compatible with Code 1.85.2. Extension requires: ^1.104.0-20250815.
2025-10-07 19:18:57.149 [error] [/home/drdbrioso/.vscode/extensions/ms-python.python-2025.14.0-linux-x64]: Extension is not compatible with Code 1.85.2. Extension requires: ^1.95.0.
2025-10-07 19:18:57.151 [error] [/home/drdbrioso/.vscode/extensions/ms-python.vscode-pylance-2025.8.3]: Extension is not compatible with Code 1.85.2. Extension requires: ^1.101.0.
2025-10-07 19:18:57.151 [error] [/home/drdbrioso/.vscode/extensions/ms-toolsai.vscode-jupyter-cell-tags-0.1.9]: Extension is not compatible with Code 1.85.2. Extension requires: ^1.88.0.
2025-10-07 19:18:57.152 [error] [/home/drdbrioso/.vscode/extensions/ms-toolsai.vscode-jupyter-slideshow-0.1.6]: Extension is not compatible with Code 1.85.2. Extension requires: ^1.88.0.
2025-10-07 19:18:57.152 [error] [/home/drdbrioso/.vscode/extensions/ms-toolsai.jupyter-renderers-1.3.0]: Extension is not compatible with Code 1.85.2. Extension requires: ^1.95.0.
2025-10-07 19:18:57.158 [error] [/home/drdbrioso/.vscode/extensions/ms-toolsai.jupyter-renderers-1.3.0]: Extension is not compatible with Code 1.85.2. Extension requires: ^1.95.0.
2025-10-07 19:18:57.158 [error] [/home/drdbrioso/.vscode/extensions/ms-toolsai.vscode-jupyter-cell-tags-0.1.9]: Extension is not compatible with Code 1.85.2. Extension requires: ^1.88.0.
2025-10-07 19:18:57.159 [error] [/home/drdbrioso/.vscode/extensions/ms-toolsai.vscode-jupyter-slideshow-0.1.6]: Extension is not compatible with Code 1.85.2. Extension requires: ^1.88.0.
2025-10-07 19:18:57.180 [error] [/home/drdbrioso/.vscode/extensions/ms-vscode.remote-server-1.5.3]: Extension is not compatible with Code 1.85.2. Extension requires: ^1.87.0.
2025-10-07 19:18:57.180 [error] [/home/drdbrioso/.vscode/extensions/ms-vscode-remote.remote-ssh-0.120.0]: Extension is not compatible with Code 1.85.2. Extension requires: ^1.96.0.
2025-10-07 19:18:57.180 [error] [/home/drdbrioso/.vscode/extensions/ms-vscode.remote-explorer-0.5.0]: Extension is not compatible with Code 1.85.2. Extension requires: ^1.87.0.
2025-10-07 19:18:57.181 [error] [/home/drdbrioso/.vscode/extensions/ms-vscode-remote.remote-wsl-0.104.3]: Extension is not compatible with Code 1.85.2. Extension requires: ^1.104.0.
2025-10-07 19:18:57.181 [error] [/home/drdbrioso/.vscode/extensions/ms-python.debugpy-2025.10.0-linux-x64]: Extension is not compatible with Code 1.85.2. Extension requires: ^1.92.0.
2025-10-07 19:18:57.181 [error] [/home/drdbrioso/.vscode/extensions/ms-python.vscode-python-envs-1.8.0-linux-x64]: Extension is not compatible with Code 1.85.2. Extension requires: ^1.104.0-20250815.
2025-10-07 19:18:57.181 [error] [/home/drdbrioso/.vscode/extensions/ms-vscode-remote.remote-containers-0.427.0]: Extension is not compatible with Code 1.85.2. Extension requires: ^1.99.0.
2025-10-07 19:18:57.186 [error] [/home/drdbrioso/.vscode/extensions/ms-python.python-2025.14.0-linux-x64]: Extension is not compatible with Code 1.85.2. Extension requires: ^1.95.0.
2025-10-07 19:18:57.194 [error] [/home/drdbrioso/.vscode/extensions/ms-python.vscode-pylance-2025.8.3]: Extension is not compatible with Code 1.85.2. Extension requires: ^1.101.0.
2025-10-07 19:18:57.198 [error] [/home/drdbrioso/.vscode/extensions/ms-python.debugpy-2025.10.0-linux-x64]: Extension is not compatible with Code 1.85.2. Extension requires: ^1.92.0.
2025-10-07 19:18:57.198 [error] [/home/drdbrioso/.vscode/extensions/ms-python.python-2025.14.0-linux-x64]: Extension is not compatible with Code 1.85.2. Extension requires: ^1.95.0.
2025-10-07 19:18:57.198 [error] [/home/drdbrioso/.vscode/extensions/ms-python.vscode-python-envs-1.8.0-linux-x64]: Extension is not compatible with Code 1.85.2. Extension requires: ^1.104.0-20250815.
2025-10-07 19:18:57.198 [error] [/home/drdbrioso/.vscode/extensions/ms-python.vscode-pylance-2025.8.3]: Extension is not compatible with Code 1.85.2. Extension requires: ^1.101.0.
2025-10-07 19:18:57.198 [error] [/home/drdbrioso/.vscode/extensions/ms-vscode-remote.remote-containers-0.427.0]: Extension is not compatible with Code 1.85.2. Extension requires: ^1.99.0.
2025-10-07 19:18:57.198 [error] [/home/drdbrioso/.vscode/extensions/ms-vscode-remote.remote-ssh-0.120.0]: Extension is not compatible with Code 1.85.2. Extension requires: ^1.96.0.
2025-10-07 19:18:57.198 [error] [/home/drdbrioso/.vscode/extensions/ms-vscode-remote.remote-wsl-0.104.3]: Extension is not compatible with Code 1.85.2. Extension requires: ^1.104.0.
2025-10-07 19:18:57.198 [error] [/home/drdbrioso/.vscode/extensions/ms-vscode.remote-explorer-0.5.0]: Extension is not compatible with Code 1.85.2. Extension requires: ^1.87.0.
2025-10-07 19:18:57.198 [error] [/home/drdbrioso/.vscode/extensions/ms-vscode.remote-server-1.5.3]: Extension is not compatible with Code 1.85.2. Extension requires: ^1.87.0.
2025-10-07 19:18:57.199 [error] [/home/drdbrioso/.vscode/extensions/ms-toolsai.jupyter-renderers-1.3.0]: Extension is not compatible with Code 1.85.2. Extension requires: ^1.95.0.
2025-10-07 19:18:57.199 [error] [/home/drdbrioso/.vscode/extensions/ms-toolsai.vscode-jupyter-cell-tags-0.1.9]: Extension is not compatible with Code 1.85.2. Extension requires: ^1.88.0.
2025-10-07 19:18:57.199 [error] [/home/drdbrioso/.vscode/extensions/ms-toolsai.vscode-jupyter-slideshow-0.1.6]: Extension is not compatible with Code 1.85.2. Extension requires: ^1.88.0.
2025-10-07 19:18:57.251 [error] [/home/drdbrioso/.vscode/extensions/ms-python.debugpy-2025.10.0-linux-x64]: Extension is not compatible with Code 1.85.2. Extension requires: ^1.92.0.
2025-10-07 19:18:57.251 [error] [/home/drdbrioso/.vscode/extensions/ms-python.python-2025.14.0-linux-x64]: Extension is not compatible with Code 1.85.2. Extension requires: ^1.95.0.
2025-10-07 19:18:57.252 [error] [/home/drdbrioso/.vscode/extensions/ms-python.vscode-pylance-2025.8.3]: Extension is not compatible with Code 1.85.2. Extension requires: ^1.101.0.
2025-10-07 19:18:57.253 [error] [/home/drdbrioso/.vscode/extensions/ms-python.vscode-python-envs-1.8.0-linux-x64]: Extension is not compatible with Code 1.85.2. Extension requires: ^1.104.0-20250815.
2025-10-07 19:18:57.253 [error] [/home/drdbrioso/.vscode/extensions/ms-vscode-remote.remote-ssh-0.120.0]: Extension is not compatible with Code 1.85.2. Extension requires: ^1.96.0.
2025-10-07 19:18:57.255 [error] [/home/drdbrioso/.vscode/extensions/ms-vscode-remote.remote-wsl-0.104.3]: Extension is not compatible with Code 1.85.2. Extension requires: ^1.104.0.
2025-10-07 19:18:57.257 [error] [/home/drdbrioso/.vscode/extensions/ms-vscode-remote.remote-containers-0.427.0]: Extension is not compatible with Code 1.85.2. Extension requires: ^1.99.0.
2025-10-07 19:18:57.257 [error] [/home/drdbrioso/.vscode/extensions/ms-vscode.remote-explorer-0.5.0]: Extension is not compatible with Code 1.85.2. Extension requires: ^1.87.0.
2025-10-07 19:18:57.257 [error] [/home/drdbrioso/.vscode/extensions/ms-vscode.remote-server-1.5.3]: Extension is not compatible with Code 1.85.2. Extension requires: ^1.87.0.
2025-10-07 19:18:57.260 [error] [/home/drdbrioso/.vscode/extensions/ms-toolsai.vscode-jupyter-cell-tags-0.1.9]: Extension is not compatible with Code 1.85.2. Extension requires: ^1.88.0.
2025-10-07 19:18:57.260 [error] [/home/drdbrioso/.vscode/extensions/ms-toolsai.vscode-jupyter-slideshow-0.1.6]: Extension is not compatible with Code 1.85.2. Extension requires: ^1.88.0.
2025-10-07 19:18:57.260 [error] [/home/drdbrioso/.vscode/extensions/ms-toolsai.jupyter-renderers-1.3.0]: Extension is not compatible with Code 1.85.2. Extension requires: ^1.95.0.
2025-10-07 19:18:57.276 [error] [/home/drdbrioso/.vscode/extensions/ms-vscode-remote.remote-ssh-0.120.0]: Extension is not compatible with Code 1.85.2. Extension requires: ^1.96.0.
2025-10-07 19:18:57.276 [error] [/home/drdbrioso/.vscode/extensions/ms-vscode.remote-server-1.5.3]: Extension is not compatible with Code 1.85.2. Extension requires: ^1.87.0.
2025-10-07 19:18:57.277 [error] [/home/drdbrioso/.vscode/extensions/ms-vscode-remote.remote-wsl-0.104.3]: Extension is not compatible with Code 1.85.2. Extension requires: ^1.104.0.
2025-10-07 19:18:57.277 [error] [/home/drdbrioso/.vscode/extensions/ms-python.vscode-python-envs-1.8.0-linux-x64]: Extension is not compatible with Code 1.85.2. Extension requires: ^1.104.0-20250815.
2025-10-07 19:18:57.277 [error] [/home/drdbrioso/.vscode/extensions/ms-vscode.remote-explorer-0.5.0]: Extension is not compatible with Code 1.85.2. Extension requires: ^1.87.0.
2025-10-07 19:18:57.278 [error] [/home/drdbrioso/.vscode/extensions/ms-python.debugpy-2025.10.0-linux-x64]: Extension is not compatible with Code 1.85.2. Extension requires: ^1.92.0.
2025-10-07 19:18:57.279 [error] [/home/drdbrioso/.vscode/extensions/ms-vscode-remote.remote-containers-0.427.0]: Extension is not compatible with Code 1.85.2. Extension requires: ^1.99.0.
2025-10-07 19:18:57.280 [error] [/home/drdbrioso/.vscode/extensions/ms-python.python-2025.14.0-linux-x64]: Extension is not compatible with Code 1.85.2. Extension requires: ^1.95.0.
2025-10-07 19:18:57.282 [error] [/home/drdbrioso/.vscode/extensions/ms-python.vscode-pylance-2025.8.3]: Extension is not compatible with Code 1.85.2. Extension requires: ^1.101.0.
2025-10-07 19:18:57.302 [info] Deleted uninstalled extension from disk ms-toolsai.vscode-jupyter-slideshow /home/drdbrioso/.vscode/extensions/ms-toolsai.vscode-jupyter-slideshow-0.1.5
2025-10-07 19:18:57.328 [info] Deleted uninstalled extension from disk ms-vscode.remote-explorer /home/drdbrioso/.vscode/extensions/ms-vscode.remote-explorer-0.4.1
2025-10-07 19:18:57.329 [info] Deleted uninstalled extension from disk ms-vscode-remote.remote-wsl /home/drdbrioso/.vscode/extensions/ms-vscode-remote.remote-wsl-0.81.9
2025-10-07 19:18:57.329 [info] Deleted uninstalled extension from disk ms-vscode.remote-server /home/drdbrioso/.vscode/extensions/ms-vscode.remote-server-1.5.0
2025-10-07 19:18:57.363 [info] Deleted uninstalled extension from disk ms-toolsai.vscode-jupyter-cell-tags /home/drdbrioso/.vscode/extensions/ms-toolsai.vscode-jupyter-cell-tags-0.1.8
2025-10-07 19:18:57.385 [info] Deleted uninstalled extension from disk ms-vscode-remote.remote-ssh /home/drdbrioso/.vscode/extensions/ms-vscode-remote.remote-ssh-0.107.1
2025-10-07 19:18:57.476 [info] Deleted uninstalled extension from disk ms-toolsai.jupyter-renderers /home/drdbrioso/.vscode/extensions/ms-toolsai.jupyter-renderers-1.0.19
2025-10-07 19:18:57.478 [info] Deleted uninstalled extension from disk ms-vscode-remote.remote-containers /home/drdbrioso/.vscode/extensions/ms-vscode-remote.remote-containers-0.327.0
2025-10-07 19:18:57.504 [error] [uncaught exception in sharedProcess]: Error: ENOENT: no such file or directory, stat '/home/drdbrioso/.vscode/extensions/ms-toolsai.jupyter-renderers-1.0.19.-26bc86da.vsctmp': EntryNotFound (FileSystemError): Error: ENOENT: no such file or directory, stat '/home/drdbrioso/.vscode/extensions/ms-toolsai.jupyter-renderers-1.0.19.-26bc86da.vsctmp'
    at r.create (/home/drdbrioso/Desktop/code-stable-x64-1705560028/VSCode-linux-x64/resources/app/out/vs/code/node/sharedProcess/sharedProcessMain.js:51:30056)
    at a (/home/drdbrioso/Desktop/code-stable-x64-1705560028/VSCode-linux-x64/resources/app/out/vs/code/node/sharedProcess/sharedProcessMain.js:51:30170)
    at s.fb (/home/drdbrioso/Desktop/code-stable-x64-1705560028/VSCode-linux-x64/resources/app/out/vs/code/node/sharedProcess/sharedProcessMain.js:56:36175)
    at s.stat (/home/drdbrioso/Desktop/code-stable-x64-1705560028/VSCode-linux-x64/resources/app/out/vs/code/node/sharedProcess/sharedProcessMain.js:56:28621)
    at async E.stat (/home/drdbrioso/Desktop/code-stable-x64-1705560028/VSCode-linux-x64/resources/app/out/vs/code/node/sharedProcess/sharedProcessMain.js:56:15732)
    at async Y.tb (/home/drdbrioso/Desktop/code-stable-x64-1705560028/VSCode-linux-x64/resources/app/out/vs/code/node/sharedProcess/sharedProcessMain.js:100:111319)
2025-10-07 19:18:57.509 [info] Deleted uninstalled extension from disk ms-python.vscode-pylance /home/drdbrioso/.vscode/extensions/ms-python.vscode-pylance-2024.3.2
2025-10-07 19:18:57.509 [info] Deleted uninstalled extension from disk ms-python.debugpy /home/drdbrioso/.vscode/extensions/ms-python.debugpy-2024.0.0-linux-x64
2025-10-07 19:18:57.510 [info] Deleted uninstalled extension from disk ms-python.python /home/drdbrioso/.vscode/extensions/ms-python.python-2024.2.1
2025-10-07 19:18:57.619 [error] [/home/drdbrioso/.vscode/extensions/ms-toolsai.vscode-jupyter-cell-tags-0.1.9]: Extension is not compatible with Code 1.85.2. Extension requires: ^1.88.0.
2025-10-07 19:18:57.619 [error] [/home/drdbrioso/.vscode/extensions/ms-toolsai.vscode-jupyter-slideshow-0.1.6]: Extension is not compatible with Code 1.85.2. Extension requires: ^1.88.0.
2025-10-07 19:18:57.619 [error] [/home/drdbrioso/.vscode/extensions/ms-toolsai.jupyter-renderers-1.3.0]: Extension is not compatible with Code 1.85.2. Extension requires: ^1.95.0.
2025-10-07 19:18:57.623 [error] [/home/drdbrioso/.vscode/extensions/ms-vscode.remote-server-1.5.3]: Extension is not compatible with Code 1.85.2. Extension requires: ^1.87.0.
2025-10-07 19:18:57.624 [error] [/home/drdbrioso/.vscode/extensions/ms-vscode-remote.remote-ssh-0.120.0]: Extension is not compatible with Code 1.85.2. Extension requires: ^1.96.0.
2025-10-07 19:18:57.625 [error] [/home/drdbrioso/.vscode/extensions/ms-vscode-remote.remote-containers-0.427.0]: Extension is not compatible with Code 1.85.2. Extension requires: ^1.99.0.
2025-10-07 19:18:57.625 [error] [/home/drdbrioso/.vscode/extensions/ms-vscode.remote-explorer-0.5.0]: Extension is not compatible with Code 1.85.2. Extension requires: ^1.87.0.
2025-10-07 19:18:57.625 [error] [/home/drdbrioso/.vscode/extensions/ms-vscode-remote.remote-wsl-0.104.3]: Extension is not compatible with Code 1.85.2. Extension requires: ^1.104.0.
2025-10-07 19:18:57.625 [error] [/home/drdbrioso/.vscode/extensions/ms-python.vscode-python-envs-1.8.0-linux-x64]: Extension is not compatible with Code 1.85.2. Extension requires: ^1.104.0-20250815.
2025-10-07 19:18:57.627 [error] [/home/drdbrioso/.vscode/extensions/ms-python.debugpy-2025.10.0-linux-x64]: Extension is not compatible with Code 1.85.2. Extension requires: ^1.92.0.
2025-10-07 19:18:57.627 [error] [/home/drdbrioso/.vscode/extensions/ms-python.python-2025.14.0-linux-x64]: Extension is not compatible with Code 1.85.2. Extension requires: ^1.95.0.
2025-10-07 19:18:57.627 [error] [/home/drdbrioso/.vscode/extensions/ms-python.vscode-pylance-2025.8.3]: Extension is not compatible with Code 1.85.2. Extension requires: ^1.101.0.
2025-10-07 19:18:57.685 [error] [/home/drdbrioso/.vscode/extensions/ms-toolsai.vscode-jupyter-cell-tags-0.1.9]: Extension is not compatible with Code 1.85.2. Extension requires: ^1.88.0.
2025-10-07 19:18:57.685 [error] [/home/drdbrioso/.vscode/extensions/ms-toolsai.vscode-jupyter-slideshow-0.1.6]: Extension is not compatible with Code 1.85.2. Extension requires: ^1.88.0.
2025-10-07 19:18:57.686 [error] [/home/drdbrioso/.vscode/extensions/ms-toolsai.jupyter-renderers-1.3.0]: Extension is not compatible with Code 1.85.2. Extension requires: ^1.95.0.
2025-10-07 19:18:57.690 [error] [/home/drdbrioso/.vscode/extensions/ms-vscode.remote-server-1.5.3]: Extension is not compatible with Code 1.85.2. Extension requires: ^1.87.0.
2025-10-07 19:18:57.690 [error] [/home/drdbrioso/.vscode/extensions/ms-vscode-remote.remote-wsl-0.104.3]: Extension is not compatible with Code 1.85.2. Extension requires: ^1.104.0.
2025-10-07 19:18:57.691 [error] [/home/drdbrioso/.vscode/extensions/ms-vscode-remote.remote-ssh-0.120.0]: Extension is not compatible with Code 1.85.2. Extension requires: ^1.96.0.
2025-10-07 19:18:57.691 [error] [/home/drdbrioso/.vscode/extensions/ms-vscode-remote.remote-containers-0.427.0]: Extension is not compatible with Code 1.85.2. Extension requires: ^1.99.0.
2025-10-07 19:18:57.691 [error] [/home/drdbrioso/.vscode/extensions/ms-vscode.remote-explorer-0.5.0]: Extension is not compatible with Code 1.85.2. Extension requires: ^1.87.0.
2025-10-07 19:18:57.692 [error] [/home/drdbrioso/.vscode/extensions/ms-python.debugpy-2025.10.0-linux-x64]: Extension is not compatible with Code 1.85.2. Extension requires: ^1.92.0.
2025-10-07 19:18:57.692 [error] [/home/drdbrioso/.vscode/extensions/ms-python.vscode-python-envs-1.8.0-linux-x64]: Extension is not compatible with Code 1.85.2. Extension requires: ^1.104.0-20250815.
2025-10-07 19:18:57.692 [error] [/home/drdbrioso/.vscode/extensions/ms-python.python-2025.14.0-linux-x64]: Extension is not compatible with Code 1.85.2. Extension requires: ^1.95.0.
2025-10-07 19:18:57.693 [error] [/home/drdbrioso/.vscode/extensions/ms-python.vscode-pylance-2025.8.3]: Extension is not compatible with Code 1.85.2. Extension requires: ^1.101.0.
2025-10-07 19:18:57.763 [error] [/home/drdbrioso/.vscode/extensions/ms-toolsai.vscode-jupyter-cell-tags-0.1.9]: Extension is not compatible with Code 1.85.2. Extension requires: ^1.88.0.
2025-10-07 19:18:57.763 [error] [/home/drdbrioso/.vscode/extensions/ms-toolsai.vscode-jupyter-slideshow-0.1.6]: Extension is not compatible with Code 1.85.2. Extension requires: ^1.88.0.
2025-10-07 19:18:57.764 [error] [/home/drdbrioso/.vscode/extensions/ms-toolsai.jupyter-renderers-1.3.0]: Extension is not compatible with Code 1.85.2. Extension requires: ^1.95.0.
2025-10-07 19:18:57.768 [error] [/home/drdbrioso/.vscode/extensions/ms-vscode-remote.remote-ssh-0.120.0]: Extension is not compatible with Code 1.85.2. Extension requires: ^1.96.0.
2025-10-07 19:18:57.768 [error] [/home/drdbrioso/.vscode/extensions/ms-vscode.remote-server-1.5.3]: Extension is not compatible with Code 1.85.2. Extension requires: ^1.87.0.
2025-10-07 19:18:57.768 [error] [/home/drdbrioso/.vscode/extensions/ms-vscode-remote.remote-wsl-0.104.3]: Extension is not compatible with Code 1.85.2. Extension requires: ^1.104.0.
2025-10-07 19:18:57.768 [error] [/home/drdbrioso/.vscode/extensions/ms-vscode.remote-explorer-0.5.0]: Extension is not compatible with Code 1.85.2. Extension requires: ^1.87.0.
2025-10-07 19:18:57.769 [error] [/home/drdbrioso/.vscode/extensions/ms-vscode-remote.remote-containers-0.427.0]: Extension is not compatible with Code 1.85.2. Extension requires: ^1.99.0.
2025-10-07 19:18:57.769 [error] [/home/drdbrioso/.vscode/extensions/ms-python.vscode-python-envs-1.8.0-linux-x64]: Extension is not compatible with Code 1.85.2. Extension requires: ^1.104.0-20250815.
2025-10-07 19:18:57.769 [error] [/home/drdbrioso/.vscode/extensions/ms-python.debugpy-2025.10.0-linux-x64]: Extension is not compatible with Code 1.85.2. Extension requires: ^1.92.0.
2025-10-07 19:18:57.769 [error] [/home/drdbrioso/.vscode/extensions/ms-python.python-2025.14.0-linux-x64]: Extension is not compatible with Code 1.85.2. Extension requires: ^1.95.0.
2025-10-07 19:18:57.770 [error] [/home/drdbrioso/.vscode/extensions/ms-python.vscode-pylance-2025.8.3]: Extension is not compatible with Code 1.85.2. Extension requires: ^1.101.0.
2025-10-07 19:18:57.828 [error] [/home/drdbrioso/.vscode/extensions/ms-toolsai.vscode-jupyter-cell-tags-0.1.9]: Extension is not compatible with Code 1.85.2. Extension requires: ^1.88.0.
2025-10-07 19:18:57.828 [error] [/home/drdbrioso/.vscode/extensions/ms-toolsai.vscode-jupyter-slideshow-0.1.6]: Extension is not compatible with Code 1.85.2. Extension requires: ^1.88.0.
2025-10-07 19:18:57.828 [error] [/home/drdbrioso/.vscode/extensions/ms-toolsai.jupyter-renderers-1.3.0]: Extension is not compatible with Code 1.85.2. Extension requires: ^1.95.0.
2025-10-07 19:18:57.832 [error] [/home/drdbrioso/.vscode/extensions/ms-vscode-remote.remote-ssh-0.120.0]: Extension is not compatible with Code 1.85.2. Extension requires: ^1.96.0.
2025-10-07 19:18:57.833 [error] [/home/drdbrioso/.vscode/extensions/ms-vscode-remote.remote-wsl-0.104.3]: Extension is not compatible with Code 1.85.2. Extension requires: ^1.104.0.
2025-10-07 19:18:57.833 [error] [/home/drdbrioso/.vscode/extensions/ms-vscode-remote.remote-containers-0.427.0]: Extension is not compatible with Code 1.85.2. Extension requires: ^1.99.0.
2025-10-07 19:18:57.833 [error] [/home/drdbrioso/.vscode/extensions/ms-vscode.remote-explorer-0.5.0]: Extension is not compatible with Code 1.85.2. Extension requires: ^1.87.0.
2025-10-07 19:18:57.834 [error] [/home/drdbrioso/.vscode/extensions/ms-python.vscode-python-envs-1.8.0-linux-x64]: Extension is not compatible with Code 1.85.2. Extension requires: ^1.104.0-20250815.
2025-10-07 19:18:57.834 [error] [/home/drdbrioso/.vscode/extensions/ms-python.debugpy-2025.10.0-linux-x64]: Extension is not compatible with Code 1.85.2. Extension requires: ^1.92.0.
2025-10-07 19:18:57.834 [error] [/home/drdbrioso/.vscode/extensions/ms-python.python-2025.14.0-linux-x64]: Extension is not compatible with Code 1.85.2. Extension requires: ^1.95.0.
2025-10-07 19:18:57.834 [error] [/home/drdbrioso/.vscode/extensions/ms-vscode.remote-server-1.5.3]: Extension is not compatible with Code 1.85.2. Extension requires: ^1.87.0.
2025-10-07 19:18:57.835 [error] [/home/drdbrioso/.vscode/extensions/ms-python.vscode-pylance-2025.8.3]: Extension is not compatible with Code 1.85.2. Extension requires: ^1.101.0.
2025-10-07 19:18:57.898 [error] [/home/drdbrioso/.vscode/extensions/ms-toolsai.vscode-jupyter-cell-tags-0.1.9]: Extension is not compatible with Code 1.85.2. Extension requires: ^1.88.0.
2025-10-07 19:18:57.898 [error] [/home/drdbrioso/.vscode/extensions/ms-toolsai.vscode-jupyter-slideshow-0.1.6]: Extension is not compatible with Code 1.85.2. Extension requires: ^1.88.0.
2025-10-07 19:18:57.898 [error] [/home/drdbrioso/.vscode/extensions/ms-toolsai.jupyter-renderers-1.3.0]: Extension is not compatible with Code 1.85.2. Extension requires: ^1.95.0.
2025-10-07 19:18:57.902 [error] [/home/drdbrioso/.vscode/extensions/ms-vscode.remote-server-1.5.3]: Extension is not compatible with Code 1.85.2. Extension requires: ^1.87.0.
2025-10-07 19:18:57.903 [error] [/home/drdbrioso/.vscode/extensions/ms-vscode-remote.remote-wsl-0.104.3]: Extension is not compatible with Code 1.85.2. Extension requires: ^1.104.0.
2025-10-07 19:18:57.903 [error] [/home/drdbrioso/.vscode/extensions/ms-vscode-remote.remote-containers-0.427.0]: Extension is not compatible with Code 1.85.2. Extension requires: ^1.99.0.
2025-10-07 19:18:57.903 [error] [/home/drdbrioso/.vscode/extensions/ms-python.vscode-python-envs-1.8.0-linux-x64]: Extension is not compatible with Code 1.85.2. Extension requires: ^1.104.0-20250815.
2025-10-07 19:18:57.903 [error] [/home/drdbrioso/.vscode/extensions/ms-python.debugpy-2025.10.0-linux-x64]: Extension is not compatible with Code 1.85.2. Extension requires: ^1.92.0.
2025-10-07 19:18:57.903 [error] [/home/drdbrioso/.vscode/extensions/ms-vscode.remote-explorer-0.5.0]: Extension is not compatible with Code 1.85.2. Extension requires: ^1.87.0.
2025-10-07 19:18:57.904 [error] [/home/drdbrioso/.vscode/extensions/ms-vscode-remote.remote-ssh-0.120.0]: Extension is not compatible with Code 1.85.2. Extension requires: ^1.96.0.
2025-10-07 19:18:57.904 [error] [/home/drdbrioso/.vscode/extensions/ms-python.python-2025.14.0-linux-x64]: Extension is not compatible with Code 1.85.2. Extension requires: ^1.95.0.
2025-10-07 19:18:57.905 [error] [/home/drdbrioso/.vscode/extensions/ms-python.vscode-pylance-2025.8.3]: Extension is not compatible with Code 1.85.2. Extension requires: ^1.101.0.
2025-10-07 19:18:57.957 [error] [/home/drdbrioso/.vscode/extensions/ms-toolsai.vscode-jupyter-cell-tags-0.1.9]: Extension is not compatible with Code 1.85.2. Extension requires: ^1.88.0.
2025-10-07 19:18:57.957 [error] [/home/drdbrioso/.vscode/extensions/ms-toolsai.vscode-jupyter-slideshow-0.1.6]: Extension is not compatible with Code 1.85.2. Extension requires: ^1.88.0.
2025-10-07 19:18:57.958 [error] [/home/drdbrioso/.vscode/extensions/ms-toolsai.jupyter-renderers-1.3.0]: Extension is not compatible with Code 1.85.2. Extension requires: ^1.95.0.
2025-10-07 19:18:57.961 [error] [/home/drdbrioso/.vscode/extensions/ms-vscode.remote-server-1.5.3]: Extension is not compatible with Code 1.85.2. Extension requires: ^1.87.0.
2025-10-07 19:18:57.961 [error] [/home/drdbrioso/.vscode/extensions/ms-vscode-remote.remote-containers-0.427.0]: Extension is not compatible with Code 1.85.2. Extension requires: ^1.99.0.
2025-10-07 19:18:57.961 [error] [/home/drdbrioso/.vscode/extensions/ms-vscode-remote.remote-ssh-0.120.0]: Extension is not compatible with Code 1.85.2. Extension requires: ^1.96.0.
2025-10-07 19:18:57.962 [error] [/home/drdbrioso/.vscode/extensions/ms-vscode-remote.remote-wsl-0.104.3]: Extension is not compatible with Code 1.85.2. Extension requires: ^1.104.0.
2025-10-07 19:18:57.962 [error] [/home/drdbrioso/.vscode/extensions/ms-vscode.remote-explorer-0.5.0]: Extension is not compatible with Code 1.85.2. Extension requires: ^1.87.0.
2025-10-07 19:18:57.962 [error] [/home/drdbrioso/.vscode/extensions/ms-python.debugpy-2025.10.0-linux-x64]: Extension is not compatible with Code 1.85.2. Extension requires: ^1.92.0.
2025-10-07 19:18:57.962 [error] [/home/drdbrioso/.vscode/extensions/ms-python.vscode-python-envs-1.8.0-linux-x64]: Extension is not compatible with Code 1.85.2. Extension requires: ^1.104.0-20250815.
2025-10-07 19:18:57.963 [error] [/home/drdbrioso/.vscode/extensions/ms-python.python-2025.14.0-linux-x64]: Extension is not compatible with Code 1.85.2. Extension requires: ^1.95.0.
2025-10-07 19:18:57.964 [error] [/home/drdbrioso/.vscode/extensions/ms-python.vscode-pylance-2025.8.3]: Extension is not compatible with Code 1.85.2. Extension requires: ^1.101.0.
2025-10-07 19:18:58.487 [error] [/home/drdbrioso/.vscode/extensions/ms-toolsai.vscode-jupyter-cell-tags-0.1.9]: Extension is not compatible with Code 1.85.2. Extension requires: ^1.88.0.
2025-10-07 19:18:58.487 [error] [/home/drdbrioso/.vscode/extensions/ms-toolsai.vscode-jupyter-slideshow-0.1.6]: Extension is not compatible with Code 1.85.2. Extension requires: ^1.88.0.
2025-10-07 19:18:58.487 [error] [/home/drdbrioso/.vscode/extensions/ms-toolsai.jupyter-renderers-1.3.0]: Extension is not compatible with Code 1.85.2. Extension requires: ^1.95.0.
2025-10-07 19:18:58.500 [error] [/home/drdbrioso/.vscode/extensions/ms-toolsai.vscode-jupyter-cell-tags-0.1.9]: Extension is not compatible with Code 1.85.2. Extension requires: ^1.88.0.
2025-10-07 19:18:58.500 [error] [/home/drdbrioso/.vscode/extensions/ms-toolsai.vscode-jupyter-slideshow-0.1.6]: Extension is not compatible with Code 1.85.2. Extension requires: ^1.88.0.
2025-10-07 19:18:58.500 [error] [/home/drdbrioso/.vscode/extensions/ms-toolsai.jupyter-renderers-1.3.0]: Extension is not compatible with Code 1.85.2. Extension requires: ^1.95.0.
2025-10-07 19:18:58.506 [error] [/home/drdbrioso/.vscode/extensions/ms-vscode.remote-server-1.5.3]: Extension is not compatible with Code 1.85.2. Extension requires: ^1.87.0.
2025-10-07 19:18:58.506 [error] [/home/drdbrioso/.vscode/extensions/ms-vscode-remote.remote-ssh-0.120.0]: Extension is not compatible with Code 1.85.2. Extension requires: ^1.96.0.
2025-10-07 19:18:58.507 [error] [/home/drdbrioso/.vscode/extensions/ms-vscode.remote-explorer-0.5.0]: Extension is not compatible with Code 1.85.2. Extension requires: ^1.87.0.
2025-10-07 19:18:58.507 [error] [/home/drdbrioso/.vscode/extensions/ms-vscode-remote.remote-containers-0.427.0]: Extension is not compatible with Code 1.85.2. Extension requires: ^1.99.0.
2025-10-07 19:18:58.507 [error] [/home/drdbrioso/.vscode/extensions/ms-vscode-remote.remote-wsl-0.104.3]: Extension is not compatible with Code 1.85.2. Extension requires: ^1.104.0.
2025-10-07 19:18:58.507 [error] [/home/drdbrioso/.vscode/extensions/ms-python.vscode-python-envs-1.8.0-linux-x64]: Extension is not compatible with Code 1.85.2. Extension requires: ^1.104.0-20250815.
2025-10-07 19:18:58.508 [error] [/home/drdbrioso/.vscode/extensions/ms-python.debugpy-2025.10.0-linux-x64]: Extension is not compatible with Code 1.85.2. Extension requires: ^1.92.0.
2025-10-07 19:18:58.508 [error] [/home/drdbrioso/.vscode/extensions/ms-python.python-2025.14.0-linux-x64]: Extension is not compatible with Code 1.85.2. Extension requires: ^1.95.0.
2025-10-07 19:18:58.508 [error] [/home/drdbrioso/.vscode/extensions/ms-python.vscode-pylance-2025.8.3]: Extension is not compatible with Code 1.85.2. Extension requires: ^1.101.0.
2025-10-07 19:18:58.513 [error] [/home/drdbrioso/.vscode/extensions/ms-toolsai.vscode-jupyter-slideshow-0.1.6]: Extension is not compatible with Code 1.85.2. Extension requires: ^1.88.0.
2025-10-07 19:18:58.513 [error] [/home/drdbrioso/.vscode/extensions/ms-toolsai.vscode-jupyter-cell-tags-0.1.9]: Extension is not compatible with Code 1.85.2. Extension requires: ^1.88.0.
2025-10-07 19:18:58.513 [error] [/home/drdbrioso/.vscode/extensions/ms-toolsai.jupyter-renderers-1.3.0]: Extension is not compatible with Code 1.85.2. Extension requires: ^1.95.0.
2025-10-07 19:18:58.516 [error] [/home/drdbrioso/.vscode/extensions/ms-vscode.remote-server-1.5.3]: Extension is not compatible with Code 1.85.2. Extension requires: ^1.87.0.
2025-10-07 19:18:58.516 [error] [/home/drdbrioso/.vscode/extensions/ms-vscode-remote.remote-wsl-0.104.3]: Extension is not compatible with Code 1.85.2. Extension requires: ^1.104.0.
2025-10-07 19:18:58.516 [error] [/home/drdbrioso/.vscode/extensions/ms-vscode-remote.remote-containers-0.427.0]: Extension is not compatible with Code 1.85.2. Extension requires: ^1.99.0.
2025-10-07 19:18:58.516 [error] [/home/drdbrioso/.vscode/extensions/ms-vscode-remote.remote-ssh-0.120.0]: Extension is not compatible with Code 1.85.2. Extension requires: ^1.96.0.
2025-10-07 19:18:58.516 [error] [/home/drdbrioso/.vscode/extensions/ms-vscode.remote-explorer-0.5.0]: Extension is not compatible with Code 1.85.2. Extension requires: ^1.87.0.
2025-10-07 19:18:58.517 [error] [/home/drdbrioso/.vscode/extensions/ms-python.debugpy-2025.10.0-linux-x64]: Extension is not compatible with Code 1.85.2. Extension requires: ^1.92.0.
2025-10-07 19:18:58.517 [error] [/home/drdbrioso/.vscode/extensions/ms-python.vscode-python-envs-1.8.0-linux-x64]: Extension is not compatible with Code 1.85.2. Extension requires: ^1.104.0-20250815.
2025-10-07 19:18:58.517 [error] [/home/drdbrioso/.vscode/extensions/ms-python.python-2025.14.0-linux-x64]: Extension is not compatible with Code 1.85.2. Extension requires: ^1.95.0.
2025-10-07 19:18:58.519 [error] [/home/drdbrioso/.vscode/extensions/ms-python.vscode-pylance-2025.8.3]: Extension is not compatible with Code 1.85.2. Extension requires: ^1.101.0.
2025-10-07 19:18:58.521 [error] [/home/drdbrioso/.vscode/extensions/ms-toolsai.vscode-jupyter-cell-tags-0.1.9]: Extension is not compatible with Code 1.85.2. Extension requires: ^1.88.0.
2025-10-07 19:18:58.522 [error] [/home/drdbrioso/.vscode/extensions/ms-toolsai.vscode-jupyter-slideshow-0.1.6]: Extension is not compatible with Code 1.85.2. Extension requires: ^1.88.0.
2025-10-07 19:18:58.522 [error] [/home/drdbrioso/.vscode/extensions/ms-toolsai.jupyter-renderers-1.3.0]: Extension is not compatible with Code 1.85.2. Extension requires: ^1.95.0.
2025-10-07 19:18:58.525 [error] [/home/drdbrioso/.vscode/extensions/ms-vscode.remote-server-1.5.3]: Extension is not compatible with Code 1.85.2. Extension requires: ^1.87.0.
2025-10-07 19:18:58.525 [error] [/home/drdbrioso/.vscode/extensions/ms-vscode-remote.remote-ssh-0.120.0]: Extension is not compatible with Code 1.85.2. Extension requires: ^1.96.0.
2025-10-07 19:18:58.525 [error] [/home/drdbrioso/.vscode/extensions/ms-vscode.remote-explorer-0.5.0]: Extension is not compatible with Code 1.85.2. Extension requires: ^1.87.0.
2025-10-07 19:18:58.525 [error] [/home/drdbrioso/.vscode/extensions/ms-python.vscode-python-envs-1.8.0-linux-x64]: Extension is not compatible with Code 1.85.2. Extension requires: ^1.104.0-20250815.
2025-10-07 19:18:58.525 [error] [/home/drdbrioso/.vscode/extensions/ms-vscode-remote.remote-wsl-0.104.3]: Extension is not compatible with Code 1.85.2. Extension requires: ^1.104.0.
2025-10-07 19:18:58.525 [error] [/home/drdbrioso/.vscode/extensions/ms-python.debugpy-2025.10.0-linux-x64]: Extension is not compatible with Code 1.85.2. Extension requires: ^1.92.0.
2025-10-07 19:18:58.526 [error] [/home/drdbrioso/.vscode/extensions/ms-vscode-remote.remote-containers-0.427.0]: Extension is not compatible with Code 1.85.2. Extension requires: ^1.99.0.
2025-10-07 19:18:58.526 [error] [/home/drdbrioso/.vscode/extensions/ms-python.python-2025.14.0-linux-x64]: Extension is not compatible with Code 1.85.2. Extension requires: ^1.95.0.
2025-10-07 19:18:58.527 [error] [/home/drdbrioso/.vscode/extensions/ms-python.vscode-pylance-2025.8.3]: Extension is not compatible with Code 1.85.2. Extension requires: ^1.101.0.
2025-10-07 19:18:58.542 [error] [/home/drdbrioso/.vscode/extensions/ms-vscode.remote-server-1.5.3]: Extension is not compatible with Code 1.85.2. Extension requires: ^1.87.0.
2025-10-07 19:18:58.542 [error] [/home/drdbrioso/.vscode/extensions/ms-vscode-remote.remote-wsl-0.104.3]: Extension is not compatible with Code 1.85.2. Extension requires: ^1.104.0.
2025-10-07 19:18:58.542 [error] [/home/drdbrioso/.vscode/extensions/ms-vscode-remote.remote-ssh-0.120.0]: Extension is not compatible with Code 1.85.2. Extension requires: ^1.96.0.
2025-10-07 19:18:58.543 [error] [/home/drdbrioso/.vscode/extensions/ms-vscode.remote-explorer-0.5.0]: Extension is not compatible with Code 1.85.2. Extension requires: ^1.87.0.
2025-10-07 19:18:58.543 [error] [/home/drdbrioso/.vscode/extensions/ms-python.debugpy-2025.10.0-linux-x64]: Extension is not compatible with Code 1.85.2. Extension requires: ^1.92.0.
2025-10-07 19:18:58.543 [error] [/home/drdbrioso/.vscode/extensions/ms-vscode-remote.remote-containers-0.427.0]: Extension is not compatible with Code 1.85.2. Extension requires: ^1.99.0.
2025-10-07 19:18:58.543 [error] [/home/drdbrioso/.vscode/extensions/ms-python.vscode-python-envs-1.8.0-linux-x64]: Extension is not compatible with Code 1.85.2. Extension requires: ^1.104.0-20250815.
2025-10-07 19:18:58.543 [error] [/home/drdbrioso/.vscode/extensions/ms-python.python-2025.14.0-linux-x64]: Extension is not compatible with Code 1.85.2. Extension requires: ^1.95.0.
2025-10-07 19:18:58.544 [error] [/home/drdbrioso/.vscode/extensions/ms-python.vscode-pylance-2025.8.3]: Extension is not compatible with Code 1.85.2. Extension requires: ^1.101.0.
2025-10-07 19:18:59.640 [error] [/home/drdbrioso/.vscode/extensions/ms-toolsai.vscode-jupyter-cell-tags-0.1.9]: Extension is not compatible with Code 1.85.2. Extension requires: ^1.88.0.
2025-10-07 19:18:59.641 [error] [/home/drdbrioso/.vscode/extensions/ms-toolsai.vscode-jupyter-slideshow-0.1.6]: Extension is not compatible with Code 1.85.2. Extension requires: ^1.88.0.
2025-10-07 19:18:59.641 [error] [/home/drdbrioso/.vscode/extensions/ms-toolsai.jupyter-renderers-1.3.0]: Extension is not compatible with Code 1.85.2. Extension requires: ^1.95.0.
2025-10-07 19:18:59.649 [error] [/home/drdbrioso/.vscode/extensions/ms-vscode.remote-server-1.5.3]: Extension is not compatible with Code 1.85.2. Extension requires: ^1.87.0.
2025-10-07 19:18:59.649 [error] [/home/drdbrioso/.vscode/extensions/ms-vscode-remote.remote-wsl-0.104.3]: Extension is not compatible with Code 1.85.2. Extension requires: ^1.104.0.
2025-10-07 19:18:59.649 [error] [/home/drdbrioso/.vscode/extensions/ms-vscode-remote.remote-ssh-0.120.0]: Extension is not compatible with Code 1.85.2. Extension requires: ^1.96.0.
2025-10-07 19:18:59.650 [error] [/home/drdbrioso/.vscode/extensions/ms-vscode.remote-explorer-0.5.0]: Extension is not compatible with Code 1.85.2. Extension requires: ^1.87.0.
2025-10-07 19:18:59.651 [error] [/home/drdbrioso/.vscode/extensions/ms-python.vscode-python-envs-1.8.0-linux-x64]: Extension is not compatible with Code 1.85.2. Extension requires: ^1.104.0-20250815.
2025-10-07 19:18:59.651 [error] [/home/drdbrioso/.vscode/extensions/ms-vscode-remote.remote-containers-0.427.0]: Extension is not compatible with Code 1.85.2. Extension requires: ^1.99.0.
2025-10-07 19:18:59.651 [error] [/home/drdbrioso/.vscode/extensions/ms-python.debugpy-2025.10.0-linux-x64]: Extension is not compatible with Code 1.85.2. Extension requires: ^1.92.0.
2025-10-07 19:18:59.652 [error] [/home/drdbrioso/.vscode/extensions/ms-python.python-2025.14.0-linux-x64]: Extension is not compatible with Code 1.85.2. Extension requires: ^1.95.0.
2025-10-07 19:18:59.653 [error] [/home/drdbrioso/.vscode/extensions/ms-python.vscode-pylance-2025.8.3]: Extension is not compatible with Code 1.85.2. Extension requires: ^1.101.0.
2025-10-07 19:18:59.689 [error] [/home/drdbrioso/.vscode/extensions/ms-toolsai.vscode-jupyter-cell-tags-0.1.9]: Extension is not compatible with Code 1.85.2. Extension requires: ^1.88.0.
2025-10-07 19:18:59.690 [error] [/home/drdbrioso/.vscode/extensions/ms-toolsai.vscode-jupyter-slideshow-0.1.6]: Extension is not compatible with Code 1.85.2. Extension requires: ^1.88.0.
2025-10-07 19:18:59.690 [error] [/home/drdbrioso/.vscode/extensions/ms-toolsai.jupyter-renderers-1.3.0]: Extension is not compatible with Code 1.85.2. Extension requires: ^1.95.0.
2025-10-07 19:18:59.694 [error] [/home/drdbrioso/.vscode/extensions/ms-toolsai.vscode-jupyter-slideshow-0.1.6]: Extension is not compatible with Code 1.85.2. Extension requires: ^1.88.0.
2025-10-07 19:18:59.694 [error] [/home/drdbrioso/.vscode/extensions/ms-toolsai.vscode-jupyter-cell-tags-0.1.9]: Extension is not compatible with Code 1.85.2. Extension requires: ^1.88.0.
2025-10-07 19:18:59.694 [error] [/home/drdbrioso/.vscode/extensions/ms-toolsai.jupyter-renderers-1.3.0]: Extension is not compatible with Code 1.85.2. Extension requires: ^1.95.0.
2025-10-07 19:18:59.698 [error] [/home/drdbrioso/.vscode/extensions/ms-vscode.remote-server-1.5.3]: Extension is not compatible with Code 1.85.2. Extension requires: ^1.87.0.
2025-10-07 19:18:59.698 [error] [/home/drdbrioso/.vscode/extensions/ms-vscode-remote.remote-ssh-0.120.0]: Extension is not compatible with Code 1.85.2. Extension requires: ^1.96.0.
2025-10-07 19:18:59.698 [error] [/home/drdbrioso/.vscode/extensions/ms-vscode-remote.remote-wsl-0.104.3]: Extension is not compatible with Code 1.85.2. Extension requires: ^1.104.0.
2025-10-07 19:18:59.699 [error] [/home/drdbrioso/.vscode/extensions/ms-vscode.remote-explorer-0.5.0]: Extension is not compatible with Code 1.85.2. Extension requires: ^1.87.0.
2025-10-07 19:18:59.699 [error] [/home/drdbrioso/.vscode/extensions/ms-python.debugpy-2025.10.0-linux-x64]: Extension is not compatible with Code 1.85.2. Extension requires: ^1.92.0.
2025-10-07 19:18:59.699 [error] [/home/drdbrioso/.vscode/extensions/ms-python.vscode-python-envs-1.8.0-linux-x64]: Extension is not compatible with Code 1.85.2. Extension requires: ^1.104.0-20250815.
2025-10-07 19:18:59.699 [error] [/home/drdbrioso/.vscode/extensions/ms-vscode-remote.remote-containers-0.427.0]: Extension is not compatible with Code 1.85.2. Extension requires: ^1.99.0.
2025-10-07 19:18:59.700 [error] [/home/drdbrioso/.vscode/extensions/ms-python.python-2025.14.0-linux-x64]: Extension is not compatible with Code 1.85.2. Extension requires: ^1.95.0.
2025-10-07 19:18:59.700 [error] [/home/drdbrioso/.vscode/extensions/ms-python.vscode-pylance-2025.8.3]: Extension is not compatible with Code 1.85.2. Extension requires: ^1.101.0.
2025-10-07 19:18:59.703 [error] [/home/drdbrioso/.vscode/extensions/ms-vscode-remote.remote-ssh-0.120.0]: Extension is not compatible with Code 1.85.2. Extension requires: ^1.96.0.
2025-10-07 19:18:59.704 [error] [/home/drdbrioso/.vscode/extensions/ms-vscode.remote-server-1.5.3]: Extension is not compatible with Code 1.85.2. Extension requires: ^1.87.0.
2025-10-07 19:18:59.704 [error] [/home/drdbrioso/.vscode/extensions/ms-vscode-remote.remote-containers-0.427.0]: Extension is not compatible with Code 1.85.2. Extension requires: ^1.99.0.
2025-10-07 19:18:59.704 [error] [/home/drdbrioso/.vscode/extensions/ms-vscode.remote-explorer-0.5.0]: Extension is not compatible with Code 1.85.2. Extension requires: ^1.87.0.
2025-10-07 19:18:59.704 [error] [/home/drdbrioso/.vscode/extensions/ms-vscode-remote.remote-wsl-0.104.3]: Extension is not compatible with Code 1.85.2. Extension requires: ^1.104.0.
2025-10-07 19:18:59.705 [error] [/home/drdbrioso/.vscode/extensions/ms-python.vscode-python-envs-1.8.0-linux-x64]: Extension is not compatible with Code 1.85.2. Extension requires: ^1.104.0-20250815.
2025-10-07 19:18:59.705 [error] [/home/drdbrioso/.vscode/extensions/ms-python.debugpy-2025.10.0-linux-x64]: Extension is not compatible with Code 1.85.2. Extension requires: ^1.92.0.
2025-10-07 19:18:59.706 [error] [/home/drdbrioso/.vscode/extensions/ms-python.python-2025.14.0-linux-x64]: Extension is not compatible with Code 1.85.2. Extension requires: ^1.95.0.
2025-10-07 19:18:59.707 [error] [/home/drdbrioso/.vscode/extensions/ms-python.vscode-pylance-2025.8.3]: Extension is not compatible with Code 1.85.2. Extension requires: ^1.101.0.
2025-10-07 19:18:59.990 [error] [/home/drdbrioso/.vscode/extensions/ms-toolsai.vscode-jupyter-cell-tags-0.1.9]: Extension is not compatible with Code 1.85.2. Extension requires: ^1.88.0.
2025-10-07 19:18:59.990 [error] [/home/drdbrioso/.vscode/extensions/ms-toolsai.vscode-jupyter-slideshow-0.1.6]: Extension is not compatible with Code 1.85.2. Extension requires: ^1.88.0.
2025-10-07 19:18:59.991 [error] [/home/drdbrioso/.vscode/extensions/ms-toolsai.jupyter-renderers-1.3.0]: Extension is not compatible with Code 1.85.2. Extension requires: ^1.95.0.
2025-10-07 19:18:59.995 [error] [/home/drdbrioso/.vscode/extensions/ms-vscode-remote.remote-ssh-0.120.0]: Extension is not compatible with Code 1.85.2. Extension requires: ^1.96.0.
2025-10-07 19:18:59.995 [error] [/home/drdbrioso/.vscode/extensions/ms-vscode.remote-server-1.5.3]: Extension is not compatible with Code 1.85.2. Extension requires: ^1.87.0.
2025-10-07 19:18:59.995 [error] [/home/drdbrioso/.vscode/extensions/ms-python.debugpy-2025.10.0-linux-x64]: Extension is not compatible with Code 1.85.2. Extension requires: ^1.92.0.
2025-10-07 19:18:59.995 [error] [/home/drdbrioso/.vscode/extensions/ms-vscode.remote-explorer-0.5.0]: Extension is not compatible with Code 1.85.2. Extension requires: ^1.87.0.
2025-10-07 19:18:59.995 [error] [/home/drdbrioso/.vscode/extensions/ms-vscode-remote.remote-wsl-0.104.3]: Extension is not compatible with Code 1.85.2. Extension requires: ^1.104.0.
2025-10-07 19:18:59.996 [error] [/home/drdbrioso/.vscode/extensions/ms-vscode-remote.remote-containers-0.427.0]: Extension is not compatible with Code 1.85.2. Extension requires: ^1.99.0.
2025-10-07 19:18:59.996 [error] [/home/drdbrioso/.vscode/extensions/ms-python.vscode-python-envs-1.8.0-linux-x64]: Extension is not compatible with Code 1.85.2. Extension requires: ^1.104.0-20250815.
2025-10-07 19:18:59.996 [error] [/home/drdbrioso/.vscode/extensions/ms-python.python-2025.14.0-linux-x64]: Extension is not compatible with Code 1.85.2. Extension requires: ^1.95.0.
2025-10-07 19:18:59.997 [error] [/home/drdbrioso/.vscode/extensions/ms-python.vscode-pylance-2025.8.3]: Extension is not compatible with Code 1.85.2. Extension requires: ^1.101.0.
2025-10-07 19:19:16.840 [error] [/home/drdbrioso/.vscode/extensions/ms-toolsai.vscode-jupyter-cell-tags-0.1.9]: Extension is not compatible with Code 1.85.2. Extension requires: ^1.88.0.
2025-10-07 19:19:16.841 [error] [/home/drdbrioso/.vscode/extensions/ms-toolsai.vscode-jupyter-slideshow-0.1.6]: Extension is not compatible with Code 1.85.2. Extension requires: ^1.88.0.
2025-10-07 19:19:16.846 [error] [/home/drdbrioso/.vscode/extensions/ms-toolsai.jupyter-renderers-1.3.0]: Extension is not compatible with Code 1.85.2. Extension requires: ^1.95.0.
2025-10-07 19:19:16.864 [error] [/home/drdbrioso/.vscode/extensions/ms-vscode.remote-server-1.5.3]: Extension is not compatible with Code 1.85.2. Extension requires: ^1.87.0.
2025-10-07 19:19:16.864 [error] [/home/drdbrioso/.vscode/extensions/ms-python.vscode-python-envs-1.8.0-linux-x64]: Extension is not compatible with Code 1.85.2. Extension requires: ^1.104.0-20250815.
2025-10-07 19:19:16.865 [error] [/home/drdbrioso/.vscode/extensions/ms-vscode-remote.remote-ssh-0.120.0]: Extension is not compatible with Code 1.85.2. Extension requires: ^1.96.0.
2025-10-07 19:19:16.865 [error] [/home/drdbrioso/.vscode/extensions/ms-vscode-remote.remote-containers-0.427.0]: Extension is not compatible with Code 1.85.2. Extension requires: ^1.99.0.
2025-10-07 19:19:16.865 [error] [/home/drdbrioso/.vscode/extensions/ms-vscode.remote-explorer-0.5.0]: Extension is not compatible with Code 1.85.2. Extension requires: ^1.87.0.
2025-10-07 19:19:16.865 [error] [/home/drdbrioso/.vscode/extensions/ms-python.debugpy-2025.10.0-linux-x64]: Extension is not compatible with Code 1.85.2. Extension requires: ^1.92.0.
2025-10-07 19:19:16.865 [error] [/home/drdbrioso/.vscode/extensions/ms-vscode-remote.remote-wsl-0.104.3]: Extension is not compatible with Code 1.85.2. Extension requires: ^1.104.0.
2025-10-07 19:19:16.866 [error] [/home/drdbrioso/.vscode/extensions/ms-python.python-2025.14.0-linux-x64]: Extension is not compatible with Code 1.85.2. Extension requires: ^1.95.0.
2025-10-07 19:19:16.866 [error] [/home/drdbrioso/.vscode/extensions/ms-python.vscode-pylance-2025.8.3]: Extension is not compatible with Code 1.85.2. Extension requires: ^1.101.0.
2025-10-07 19:19:16.866 [error] [/home/drdbrioso/.vscode/extensions/ms-toolsai.vscode-jupyter-cell-tags-0.1.9]: Extension is not compatible with Code 1.85.2. Extension requires: ^1.88.0.
2025-10-07 19:19:16.866 [error] [/home/drdbrioso/.vscode/extensions/ms-toolsai.vscode-jupyter-slideshow-0.1.6]: Extension is not compatible with Code 1.85.2. Extension requires: ^1.88.0.
2025-10-07 19:19:16.867 [error] [/home/drdbrioso/.vscode/extensions/ms-toolsai.jupyter-renderers-1.3.0]: Extension is not compatible with Code 1.85.2. Extension requires: ^1.95.0.
2025-10-07 19:19:16.885 [error] [/home/drdbrioso/.vscode/extensions/ms-toolsai.vscode-jupyter-cell-tags-0.1.9]: Extension is not compatible with Code 1.85.2. Extension requires: ^1.88.0.
2025-10-07 19:19:16.885 [error] [/home/drdbrioso/.vscode/extensions/ms-toolsai.vscode-jupyter-slideshow-0.1.6]: Extension is not compatible with Code 1.85.2. Extension requires: ^1.88.0.
2025-10-07 19:19:16.885 [error] [/home/drdbrioso/.vscode/extensions/ms-toolsai.jupyter-renderers-1.3.0]: Extension is not compatible with Code 1.85.2. Extension requires: ^1.95.0.
2025-10-07 19:19:16.890 [error] [/home/drdbrioso/.vscode/extensions/ms-vscode.remote-server-1.5.3]: Extension is not compatible with Code 1.85.2. Extension requires: ^1.87.0.
2025-10-07 19:19:16.891 [error] [/home/drdbrioso/.vscode/extensions/ms-vscode-remote.remote-wsl-0.104.3]: Extension is not compatible with Code 1.85.2. Extension requires: ^1.104.0.
2025-10-07 19:19:16.891 [error] [/home/drdbrioso/.vscode/extensions/ms-vscode.remote-explorer-0.5.0]: Extension is not compatible with Code 1.85.2. Extension requires: ^1.87.0.
2025-10-07 19:19:16.891 [error] [/home/drdbrioso/.vscode/extensions/ms-vscode-remote.remote-ssh-0.120.0]: Extension is not compatible with Code 1.85.2. Extension requires: ^1.96.0.
2025-10-07 19:19:16.892 [error] [/home/drdbrioso/.vscode/extensions/ms-python.debugpy-2025.10.0-linux-x64]: Extension is not compatible with Code 1.85.2. Extension requires: ^1.92.0.
2025-10-07 19:19:16.892 [error] [/home/drdbrioso/.vscode/extensions/ms-python.vscode-python-envs-1.8.0-linux-x64]: Extension is not compatible with Code 1.85.2. Extension requires: ^1.104.0-20250815.
2025-10-07 19:19:16.892 [error] [/home/drdbrioso/.vscode/extensions/ms-vscode-remote.remote-containers-0.427.0]: Extension is not compatible with Code 1.85.2. Extension requires: ^1.99.0.
2025-10-07 19:19:16.892 [error] [/home/drdbrioso/.vscode/extensions/ms-python.python-2025.14.0-linux-x64]: Extension is not compatible with Code 1.85.2. Extension requires: ^1.95.0.
2025-10-07 19:19:16.893 [error] [/home/drdbrioso/.vscode/extensions/ms-python.vscode-pylance-2025.8.3]: Extension is not compatible with Code 1.85.2. Extension requires: ^1.101.0.
2025-10-07 19:19:16.907 [error] [/home/drdbrioso/.vscode/extensions/ms-vscode.remote-server-1.5.3]: Extension is not compatible with Code 1.85.2. Extension requires: ^1.87.0.
2025-10-07 19:19:16.907 [error] [/home/drdbrioso/.vscode/extensions/ms-vscode-remote.remote-ssh-0.120.0]: Extension is not compatible with Code 1.85.2. Extension requires: ^1.96.0.
2025-10-07 19:19:16.908 [error] [/home/drdbrioso/.vscode/extensions/ms-vscode.remote-explorer-0.5.0]: Extension is not compatible with Code 1.85.2. Extension requires: ^1.87.0.
2025-10-07 19:19:16.908 [error] [/home/drdbrioso/.vscode/extensions/ms-python.vscode-python-envs-1.8.0-linux-x64]: Extension is not compatible with Code 1.85.2. Extension requires: ^1.104.0-20250815.
2025-10-07 19:19:16.908 [error] [/home/drdbrioso/.vscode/extensions/ms-vscode-remote.remote-containers-0.427.0]: Extension is not compatible with Code 1.85.2. Extension requires: ^1.99.0.
2025-10-07 19:19:16.908 [error] [/home/drdbrioso/.vscode/extensions/ms-vscode-remote.remote-wsl-0.104.3]: Extension is not compatible with Code 1.85.2. Extension requires: ^1.104.0.
2025-10-07 19:19:16.908 [error] [/home/drdbrioso/.vscode/extensions/ms-python.debugpy-2025.10.0-linux-x64]: Extension is not compatible with Code 1.85.2. Extension requires: ^1.92.0.
2025-10-07 19:19:16.909 [error] [/home/drdbrioso/.vscode/extensions/ms-python.python-2025.14.0-linux-x64]: Extension is not compatible with Code 1.85.2. Extension requires: ^1.95.0.
2025-10-07 19:19:16.909 [error] [/home/drdbrioso/.vscode/extensions/ms-python.vscode-pylance-2025.8.3]: Extension is not compatible with Code 1.85.2. Extension requires: ^1.101.0.
2025-10-07 19:20:23.644 [info] Getting Manifest... ms-vscode-remote.remote-ssh
2025-10-07 19:20:24.451 [info] Installing extension: ms-vscode-remote.remote-ssh
2025-10-07 19:20:24.532 [error] [/home/drdbrioso/.vscode/extensions/ms-toolsai.vscode-jupyter-cell-tags-0.1.9]: Extension is not compatible with Code 1.85.2. Extension requires: ^1.88.0.
2025-10-07 19:20:24.533 [error] [/home/drdbrioso/.vscode/extensions/ms-toolsai.vscode-jupyter-slideshow-0.1.6]: Extension is not compatible with Code 1.85.2. Extension requires: ^1.88.0.
2025-10-07 19:20:24.533 [error] [/home/drdbrioso/.vscode/extensions/ms-toolsai.jupyter-renderers-1.3.0]: Extension is not compatible with Code 1.85.2. Extension requires: ^1.95.0.
2025-10-07 19:20:24.550 [error] [/home/drdbrioso/.vscode/extensions/ms-vscode.remote-server-1.5.3]: Extension is not compatible with Code 1.85.2. Extension requires: ^1.87.0.
2025-10-07 19:20:24.553 [error] [/home/drdbrioso/.vscode/extensions/ms-vscode-remote.remote-containers-0.427.0]: Extension is not compatible with Code 1.85.2. Extension requires: ^1.99.0.
2025-10-07 19:20:24.554 [error] [/home/drdbrioso/.vscode/extensions/ms-vscode-remote.remote-ssh-0.120.0]: Extension is not compatible with Code 1.85.2. Extension requires: ^1.96.0.
2025-10-07 19:20:24.555 [error] [/home/drdbrioso/.vscode/extensions/ms-vscode-remote.remote-wsl-0.104.3]: Extension is not compatible with Code 1.85.2. Extension requires: ^1.104.0.
2025-10-07 19:20:24.555 [error] [/home/drdbrioso/.vscode/extensions/ms-vscode.remote-explorer-0.5.0]: Extension is not compatible with Code 1.85.2. Extension requires: ^1.87.0.
2025-10-07 19:20:24.556 [error] [/home/drdbrioso/.vscode/extensions/ms-python.vscode-python-envs-1.8.0-linux-x64]: Extension is not compatible with Code 1.85.2. Extension requires: ^1.104.0-20250815.
2025-10-07 19:20:24.556 [error] [/home/drdbrioso/.vscode/extensions/ms-python.debugpy-2025.10.0-linux-x64]: Extension is not compatible with Code 1.85.2. Extension requires: ^1.92.0.
2025-10-07 19:20:24.557 [error] [/home/drdbrioso/.vscode/extensions/ms-python.python-2025.14.0-linux-x64]: Extension is not compatible with Code 1.85.2. Extension requires: ^1.95.0.
2025-10-07 19:20:24.559 [error] [/home/drdbrioso/.vscode/extensions/ms-python.vscode-pylance-2025.8.3]: Extension is not compatible with Code 1.85.2. Extension requires: ^1.101.0.
2025-10-07 19:20:24.599 [error] [/home/drdbrioso/.vscode/extensions/ms-toolsai.vscode-jupyter-cell-tags-0.1.9]: Extension is not compatible with Code 1.85.2. Extension requires: ^1.88.0.
2025-10-07 19:20:24.600 [error] [/home/drdbrioso/.vscode/extensions/ms-toolsai.vscode-jupyter-slideshow-0.1.6]: Extension is not compatible with Code 1.85.2. Extension requires: ^1.88.0.
2025-10-07 19:20:24.600 [error] [/home/drdbrioso/.vscode/extensions/ms-toolsai.jupyter-renderers-1.3.0]: Extension is not compatible with Code 1.85.2. Extension requires: ^1.95.0.
2025-10-07 19:20:24.609 [error] [/home/drdbrioso/.vscode/extensions/ms-vscode-remote.remote-wsl-0.104.3]: Extension is not compatible with Code 1.85.2. Extension requires: ^1.104.0.
2025-10-07 19:20:24.609 [error] [/home/drdbrioso/.vscode/extensions/ms-vscode.remote-server-1.5.3]: Extension is not compatible with Code 1.85.2. Extension requires: ^1.87.0.
2025-10-07 19:20:24.609 [error] [/home/drdbrioso/.vscode/extensions/ms-vscode-remote.remote-ssh-0.120.0]: Extension is not compatible with Code 1.85.2. Extension requires: ^1.96.0.
2025-10-07 19:20:24.610 [error] [/home/drdbrioso/.vscode/extensions/ms-vscode.remote-explorer-0.5.0]: Extension is not compatible with Code 1.85.2. Extension requires: ^1.87.0.
2025-10-07 19:20:24.610 [error] [/home/drdbrioso/.vscode/extensions/ms-python.debugpy-2025.10.0-linux-x64]: Extension is not compatible with Code 1.85.2. Extension requires: ^1.92.0.
2025-10-07 19:20:24.610 [error] [/home/drdbrioso/.vscode/extensions/ms-python.vscode-python-envs-1.8.0-linux-x64]: Extension is not compatible with Code 1.85.2. Extension requires: ^1.104.0-20250815.
2025-10-07 19:20:24.610 [error] [/home/drdbrioso/.vscode/extensions/ms-vscode-remote.remote-containers-0.427.0]: Extension is not compatible with Code 1.85.2. Extension requires: ^1.99.0.
2025-10-07 19:20:24.610 [error] [/home/drdbrioso/.vscode/extensions/ms-python.python-2025.14.0-linux-x64]: Extension is not compatible with Code 1.85.2. Extension requires: ^1.95.0.
2025-10-07 19:20:24.610 [error] [/home/drdbrioso/.vscode/extensions/ms-python.vscode-pylance-2025.8.3]: Extension is not compatible with Code 1.85.2. Extension requires: ^1.101.0.
2025-10-07 19:20:24.646 [error] [/home/drdbrioso/.vscode/extensions/ms-toolsai.vscode-jupyter-cell-tags-0.1.9]: Extension is not compatible with Code 1.85.2. Extension requires: ^1.88.0.
2025-10-07 19:20:24.646 [error] [/home/drdbrioso/.vscode/extensions/ms-toolsai.vscode-jupyter-slideshow-0.1.6]: Extension is not compatible with Code 1.85.2. Extension requires: ^1.88.0.
2025-10-07 19:20:24.647 [error] [/home/drdbrioso/.vscode/extensions/ms-toolsai.jupyter-renderers-1.3.0]: Extension is not compatible with Code 1.85.2. Extension requires: ^1.95.0.
2025-10-07 19:20:24.656 [error] [/home/drdbrioso/.vscode/extensions/ms-vscode-remote.remote-wsl-0.104.3]: Extension is not compatible with Code 1.85.2. Extension requires: ^1.104.0.
2025-10-07 19:20:24.657 [error] [/home/drdbrioso/.vscode/extensions/ms-vscode.remote-server-1.5.3]: Extension is not compatible with Code 1.85.2. Extension requires: ^1.87.0.
2025-10-07 19:20:24.657 [error] [/home/drdbrioso/.vscode/extensions/ms-vscode-remote.remote-ssh-0.120.0]: Extension is not compatible with Code 1.85.2. Extension requires: ^1.96.0.
2025-10-07 19:20:24.657 [error] [/home/drdbrioso/.vscode/extensions/ms-vscode.remote-explorer-0.5.0]: Extension is not compatible with Code 1.85.2. Extension requires: ^1.87.0.
2025-10-07 19:20:24.658 [error] [/home/drdbrioso/.vscode/extensions/ms-python.vscode-python-envs-1.8.0-linux-x64]: Extension is not compatible with Code 1.85.2. Extension requires: ^1.104.0-20250815.
2025-10-07 19:20:24.658 [error] [/home/drdbrioso/.vscode/extensions/ms-python.debugpy-2025.10.0-linux-x64]: Extension is not compatible with Code 1.85.2. Extension requires: ^1.92.0.
2025-10-07 19:20:24.658 [error] [/home/drdbrioso/.vscode/extensions/ms-vscode-remote.remote-containers-0.427.0]: Extension is not compatible with Code 1.85.2. Extension requires: ^1.99.0.
2025-10-07 19:20:24.660 [error] [/home/drdbrioso/.vscode/extensions/ms-python.python-2025.14.0-linux-x64]: Extension is not compatible with Code 1.85.2. Extension requires: ^1.95.0.
2025-10-07 19:20:24.661 [error] [/home/drdbrioso/.vscode/extensions/ms-python.vscode-pylance-2025.8.3]: Extension is not compatible with Code 1.85.2. Extension requires: ^1.101.0.
2025-10-07 19:20:30.270 [info] Extension signature is verified: ms-vscode-remote.remote-ssh
2025-10-07 19:20:30.319 [info] Extracted extension to file:///home/drdbrioso/.vscode/extensions/ms-vscode-remote.remote-ssh-0.108.2023112915: ms-vscode-remote.remote-ssh
2025-10-07 19:20:30.323 [info] Renamed to /home/drdbrioso/.vscode/extensions/ms-vscode-remote.remote-ssh-0.108.2023112915
2025-10-07 19:20:30.324 [info] Extracting extension completed. ms-vscode-remote.remote-ssh
2025-10-07 19:20:30.333 [info] Extension installed successfully: ms-vscode-remote.remote-ssh
2025-10-07 19:20:30.339 [error] [/home/drdbrioso/.vscode/extensions/ms-vscode-remote.remote-ssh-0.120.0]: Extension is not compatible with Code 1.85.2. Extension requires: ^1.96.0.
2025-10-07 19:20:30.341 [info] Marked extension as uninstalled ms-vscode-remote.remote-ssh-0.120.0
2025-10-07 19:20:30.415 [error] [uncaught exception in sharedProcess]: Error: ENOENT: no such file or directory, stat '/home/drdbrioso/.vscode/extensions/extensions.json.vsctmp': EntryNotFound (FileSystemError): Error: ENOENT: no such file or directory, stat '/home/drdbrioso/.vscode/extensions/extensions.json.vsctmp'
    at r.create (/home/drdbrioso/Desktop/code-stable-x64-1705560028/VSCode-linux-x64/resources/app/out/vs/code/node/sharedProcess/sharedProcessMain.js:51:30056)
    at a (/home/drdbrioso/Desktop/code-stable-x64-1705560028/VSCode-linux-x64/resources/app/out/vs/code/node/sharedProcess/sharedProcessMain.js:51:30170)
    at s.fb (/home/drdbrioso/Desktop/code-stable-x64-1705560028/VSCode-linux-x64/resources/app/out/vs/code/node/sharedProcess/sharedProcessMain.js:56:36175)
    at s.stat (/home/drdbrioso/Desktop/code-stable-x64-1705560028/VSCode-linux-x64/resources/app/out/vs/code/node/sharedProcess/sharedProcessMain.js:56:28621)
    at async E.stat (/home/drdbrioso/Desktop/code-stable-x64-1705560028/VSCode-linux-x64/resources/app/out/vs/code/node/sharedProcess/sharedProcessMain.js:56:15732)
    at async Y.tb (/home/drdbrioso/Desktop/code-stable-x64-1705560028/VSCode-linux-x64/resources/app/out/vs/code/node/sharedProcess/sharedProcessMain.js:100:111319)
2025-10-07 19:20:40.861 [error] [/home/drdbrioso/.vscode/extensions/ms-toolsai.vscode-jupyter-cell-tags-0.1.9]: Extension is not compatible with Code 1.85.2. Extension requires: ^1.88.0.
2025-10-07 19:20:40.863 [error] [/home/drdbrioso/.vscode/extensions/ms-toolsai.vscode-jupyter-slideshow-0.1.6]: Extension is not compatible with Code 1.85.2. Extension requires: ^1.88.0.
2025-10-07 19:20:40.863 [error] [/home/drdbrioso/.vscode/extensions/ms-toolsai.jupyter-renderers-1.3.0]: Extension is not compatible with Code 1.85.2. Extension requires: ^1.95.0.
2025-10-07 19:20:40.879 [error] [/home/drdbrioso/.vscode/extensions/ms-vscode.remote-server-1.5.3]: Extension is not compatible with Code 1.85.2. Extension requires: ^1.87.0.
2025-10-07 19:20:40.881 [error] [/home/drdbrioso/.vscode/extensions/ms-vscode-remote.remote-containers-0.427.0]: Extension is not compatible with Code 1.85.2. Extension requires: ^1.99.0.
2025-10-07 19:20:40.881 [error] [/home/drdbrioso/.vscode/extensions/ms-vscode-remote.remote-wsl-0.104.3]: Extension is not compatible with Code 1.85.2. Extension requires: ^1.104.0.
2025-10-07 19:20:40.881 [error] [/home/drdbrioso/.vscode/extensions/ms-vscode.remote-explorer-0.5.0]: Extension is not compatible with Code 1.85.2. Extension requires: ^1.87.0.
2025-10-07 19:20:40.881 [error] [/home/drdbrioso/.vscode/extensions/ms-python.vscode-python-envs-1.8.0-linux-x64]: Extension is not compatible with Code 1.85.2. Extension requires: ^1.104.0-20250815.
2025-10-07 19:20:40.882 [error] [/home/drdbrioso/.vscode/extensions/ms-python.debugpy-2025.10.0-linux-x64]: Extension is not compatible with Code 1.85.2. Extension requires: ^1.92.0.
2025-10-07 19:20:40.882 [error] [/home/drdbrioso/.vscode/extensions/ms-python.python-2025.14.0-linux-x64]: Extension is not compatible with Code 1.85.2. Extension requires: ^1.95.0.
2025-10-07 19:20:40.884 [error] [/home/drdbrioso/.vscode/extensions/ms-python.vscode-pylance-2025.8.3]: Extension is not compatible with Code 1.85.2. Extension requires: ^1.101.0.
2025-10-07 19:20:41.059 [error] [/home/drdbrioso/.vscode/extensions/ms-toolsai.vscode-jupyter-cell-tags-0.1.9]: Extension is not compatible with Code 1.85.2. Extension requires: ^1.88.0.
2025-10-07 19:20:41.059 [error] [/home/drdbrioso/.vscode/extensions/ms-toolsai.vscode-jupyter-slideshow-0.1.6]: Extension is not compatible with Code 1.85.2. Extension requires: ^1.88.0.
2025-10-07 19:20:41.060 [error] [/home/drdbrioso/.vscode/extensions/ms-toolsai.jupyter-renderers-1.3.0]: Extension is not compatible with Code 1.85.2. Extension requires: ^1.95.0.
2025-10-07 19:20:41.071 [error] [/home/drdbrioso/.vscode/extensions/ms-toolsai.vscode-jupyter-slideshow-0.1.6]: Extension is not compatible with Code 1.85.2. Extension requires: ^1.88.0.
2025-10-07 19:20:41.071 [error] [/home/drdbrioso/.vscode/extensions/ms-toolsai.vscode-jupyter-cell-tags-0.1.9]: Extension is not compatible with Code 1.85.2. Extension requires: ^1.88.0.
2025-10-07 19:20:41.071 [error] [/home/drdbrioso/.vscode/extensions/ms-toolsai.jupyter-renderers-1.3.0]: Extension is not compatible with Code 1.85.2. Extension requires: ^1.95.0.
2025-10-07 19:20:41.080 [error] [/home/drdbrioso/.vscode/extensions/ms-vscode.remote-server-1.5.3]: Extension is not compatible with Code 1.85.2. Extension requires: ^1.87.0.
2025-10-07 19:20:41.081 [error] [/home/drdbrioso/.vscode/extensions/ms-vscode-remote.remote-containers-0.427.0]: Extension is not compatible with Code 1.85.2. Extension requires: ^1.99.0.
2025-10-07 19:20:41.082 [error] [/home/drdbrioso/.vscode/extensions/ms-vscode.remote-explorer-0.5.0]: Extension is not compatible with Code 1.85.2. Extension requires: ^1.87.0.
2025-10-07 19:20:41.083 [error] [/home/drdbrioso/.vscode/extensions/ms-python.vscode-python-envs-1.8.0-linux-x64]: Extension is not compatible with Code 1.85.2. Extension requires: ^1.104.0-20250815.
2025-10-07 19:20:41.084 [error] [/home/drdbrioso/.vscode/extensions/ms-vscode-remote.remote-wsl-0.104.3]: Extension is not compatible with Code 1.85.2. Extension requires: ^1.104.0.
2025-10-07 19:20:41.084 [error] [/home/drdbrioso/.vscode/extensions/ms-python.debugpy-2025.10.0-linux-x64]: Extension is not compatible with Code 1.85.2. Extension requires: ^1.92.0.
2025-10-07 19:20:41.085 [error] [/home/drdbrioso/.vscode/extensions/ms-python.python-2025.14.0-linux-x64]: Extension is not compatible with Code 1.85.2. Extension requires: ^1.95.0.
2025-10-07 19:20:41.086 [error] [/home/drdbrioso/.vscode/extensions/ms-python.vscode-pylance-2025.8.3]: Extension is not compatible with Code 1.85.2. Extension requires: ^1.101.0.
2025-10-07 19:20:41.120 [error] [/home/drdbrioso/.vscode/extensions/ms-vscode.remote-server-1.5.3]: Extension is not compatible with Code 1.85.2. Extension requires: ^1.87.0.
2025-10-07 19:20:41.122 [error] [/home/drdbrioso/.vscode/extensions/ms-vscode-remote.remote-wsl-0.104.3]: Extension is not compatible with Code 1.85.2. Extension requires: ^1.104.0.
2025-10-07 19:20:41.122 [error] [/home/drdbrioso/.vscode/extensions/ms-vscode.remote-explorer-0.5.0]: Extension is not compatible with Code 1.85.2. Extension requires: ^1.87.0.
2025-10-07 19:20:41.124 [error] [/home/drdbrioso/.vscode/extensions/ms-vscode-remote.remote-containers-0.427.0]: Extension is not compatible with Code 1.85.2. Extension requires: ^1.99.0.
2025-10-07 19:20:41.125 [error] [/home/drdbrioso/.vscode/extensions/ms-python.vscode-python-envs-1.8.0-linux-x64]: Extension is not compatible with Code 1.85.2. Extension requires: ^1.104.0-20250815.
2025-10-07 19:20:41.125 [error] [/home/drdbrioso/.vscode/extensions/ms-python.debugpy-2025.10.0-linux-x64]: Extension is not compatible with Code 1.85.2. Extension requires: ^1.92.0.
2025-10-07 19:20:41.130 [error] [/home/drdbrioso/.vscode/extensions/ms-python.python-2025.14.0-linux-x64]: Extension is not compatible with Code 1.85.2. Extension requires: ^1.95.0.
2025-10-07 19:20:41.131 [error] [/home/drdbrioso/.vscode/extensions/ms-python.vscode-pylance-2025.8.3]: Extension is not compatible with Code 1.85.2. Extension requires: ^1.101.0.
2025-10-07 19:20:41.133 [error] [/home/drdbrioso/.vscode/extensions/ms-toolsai.vscode-jupyter-slideshow-0.1.6]: Extension is not compatible with Code 1.85.2. Extension requires: ^1.88.0.
2025-10-07 19:20:41.133 [error] [/home/drdbrioso/.vscode/extensions/ms-toolsai.vscode-jupyter-cell-tags-0.1.9]: Extension is not compatible with Code 1.85.2. Extension requires: ^1.88.0.
2025-10-07 19:20:41.134 [error] [/home/drdbrioso/.vscode/extensions/ms-toolsai.jupyter-renderers-1.3.0]: Extension is not compatible with Code 1.85.2. Extension requires: ^1.95.0.
2025-10-07 19:20:41.145 [error] [/home/drdbrioso/.vscode/extensions/ms-vscode.remote-server-1.5.3]: Extension is not compatible with Code 1.85.2. Extension requires: ^1.87.0.
2025-10-07 19:20:41.146 [error] [/home/drdbrioso/.vscode/extensions/ms-vscode-remote.remote-wsl-0.104.3]: Extension is not compatible with Code 1.85.2. Extension requires: ^1.104.0.
2025-10-07 19:20:41.146 [error] [/home/drdbrioso/.vscode/extensions/ms-vscode.remote-explorer-0.5.0]: Extension is not compatible with Code 1.85.2. Extension requires: ^1.87.0.
2025-10-07 19:20:41.146 [error] [/home/drdbrioso/.vscode/extensions/ms-vscode-remote.remote-containers-0.427.0]: Extension is not compatible with Code 1.85.2. Extension requires: ^1.99.0.
2025-10-07 19:20:41.146 [error] [/home/drdbrioso/.vscode/extensions/ms-python.vscode-python-envs-1.8.0-linux-x64]: Extension is not compatible with Code 1.85.2. Extension requires: ^1.104.0-20250815.
2025-10-07 19:20:41.147 [error] [/home/drdbrioso/.vscode/extensions/ms-python.debugpy-2025.10.0-linux-x64]: Extension is not compatible with Code 1.85.2. Extension requires: ^1.92.0.
2025-10-07 19:20:41.147 [error] [/home/drdbrioso/.vscode/extensions/ms-python.python-2025.14.0-linux-x64]: Extension is not compatible with Code 1.85.2. Extension requires: ^1.95.0.
2025-10-07 19:20:41.148 [error] [/home/drdbrioso/.vscode/extensions/ms-python.vscode-pylance-2025.8.3]: Extension is not compatible with Code 1.85.2. Extension requires: ^1.101.0.
2025-10-07 19:20:43.330 [error] [/home/drdbrioso/.vscode/extensions/ms-toolsai.vscode-jupyter-cell-tags-0.1.9]: Extension is not compatible with Code 1.85.2. Extension requires: ^1.88.0.
2025-10-07 19:20:43.330 [error] [/home/drdbrioso/.vscode/extensions/ms-toolsai.vscode-jupyter-slideshow-0.1.6]: Extension is not compatible with Code 1.85.2. Extension requires: ^1.88.0.
2025-10-07 19:20:43.330 [error] [/home/drdbrioso/.vscode/extensions/ms-toolsai.jupyter-renderers-1.3.0]: Extension is not compatible with Code 1.85.2. Extension requires: ^1.95.0.
2025-10-07 19:20:43.342 [error] [/home/drdbrioso/.vscode/extensions/ms-toolsai.vscode-jupyter-cell-tags-0.1.9]: Extension is not compatible with Code 1.85.2. Extension requires: ^1.88.0.
2025-10-07 19:20:43.342 [error] [/home/drdbrioso/.vscode/extensions/ms-toolsai.vscode-jupyter-slideshow-0.1.6]: Extension is not compatible with Code 1.85.2. Extension requires: ^1.88.0.
2025-10-07 19:20:43.342 [error] [/home/drdbrioso/.vscode/extensions/ms-toolsai.jupyter-renderers-1.3.0]: Extension is not compatible with Code 1.85.2. Extension requires: ^1.95.0.
2025-10-07 19:20:43.351 [error] [/home/drdbrioso/.vscode/extensions/ms-vscode.remote-server-1.5.3]: Extension is not compatible with Code 1.85.2. Extension requires: ^1.87.0.
2025-10-07 19:20:43.352 [error] [/home/drdbrioso/.vscode/extensions/ms-vscode-remote.remote-wsl-0.104.3]: Extension is not compatible with Code 1.85.2. Extension requires: ^1.104.0.
2025-10-07 19:20:43.352 [error] [/home/drdbrioso/.vscode/extensions/ms-vscode.remote-explorer-0.5.0]: Extension is not compatible with Code 1.85.2. Extension requires: ^1.87.0.
2025-10-07 19:20:43.353 [error] [/home/drdbrioso/.vscode/extensions/ms-vscode-remote.remote-containers-0.427.0]: Extension is not compatible with Code 1.85.2. Extension requires: ^1.99.0.
2025-10-07 19:20:43.354 [error] [/home/drdbrioso/.vscode/extensions/ms-python.vscode-python-envs-1.8.0-linux-x64]: Extension is not compatible with Code 1.85.2. Extension requires: ^1.104.0-20250815.
2025-10-07 19:20:43.354 [error] [/home/drdbrioso/.vscode/extensions/ms-python.debugpy-2025.10.0-linux-x64]: Extension is not compatible with Code 1.85.2. Extension requires: ^1.92.0.
2025-10-07 19:20:43.355 [error] [/home/drdbrioso/.vscode/extensions/ms-python.python-2025.14.0-linux-x64]: Extension is not compatible with Code 1.85.2. Extension requires: ^1.95.0.
2025-10-07 19:20:43.357 [error] [/home/drdbrioso/.vscode/extensions/ms-python.vscode-pylance-2025.8.3]: Extension is not compatible with Code 1.85.2. Extension requires: ^1.101.0.
2025-10-07 19:20:43.371 [error] [/home/drdbrioso/.vscode/extensions/ms-vscode.remote-server-1.5.3]: Extension is not compatible with Code 1.85.2. Extension requires: ^1.87.0.
2025-10-07 19:20:43.371 [error] [/home/drdbrioso/.vscode/extensions/ms-vscode-remote.remote-wsl-0.104.3]: Extension is not compatible with Code 1.85.2. Extension requires: ^1.104.0.
2025-10-07 19:20:43.372 [error] [/home/drdbrioso/.vscode/extensions/ms-vscode.remote-explorer-0.5.0]: Extension is not compatible with Code 1.85.2. Extension requires: ^1.87.0.
2025-10-07 19:20:43.373 [error] [/home/drdbrioso/.vscode/extensions/ms-python.vscode-python-envs-1.8.0-linux-x64]: Extension is not compatible with Code 1.85.2. Extension requires: ^1.104.0-20250815.
2025-10-07 19:20:43.373 [error] [/home/drdbrioso/.vscode/extensions/ms-python.debugpy-2025.10.0-linux-x64]: Extension is not compatible with Code 1.85.2. Extension requires: ^1.92.0.
2025-10-07 19:20:43.374 [error] [/home/drdbrioso/.vscode/extensions/ms-vscode-remote.remote-containers-0.427.0]: Extension is not compatible with Code 1.85.2. Extension requires: ^1.99.0.
2025-10-07 19:20:43.375 [error] [/home/drdbrioso/.vscode/extensions/ms-python.python-2025.14.0-linux-x64]: Extension is not compatible with Code 1.85.2. Extension requires: ^1.95.0.
2025-10-07 19:20:43.376 [error] [/home/drdbrioso/.vscode/extensions/ms-python.vscode-pylance-2025.8.3]: Extension is not compatible with Code 1.85.2. Extension requires: ^1.101.0.
2025-10-07 19:21:02.312 [error] [/home/drdbrioso/.vscode/extensions/ms-toolsai.vscode-jupyter-cell-tags-0.1.9]: Extension is not compatible with Code 1.85.2. Extension requires: ^1.88.0.
2025-10-07 19:21:02.312 [error] [/home/drdbrioso/.vscode/extensions/ms-toolsai.vscode-jupyter-slideshow-0.1.6]: Extension is not compatible with Code 1.85.2. Extension requires: ^1.88.0.
2025-10-07 19:21:02.312 [error] [/home/drdbrioso/.vscode/extensions/ms-toolsai.jupyter-renderers-1.3.0]: Extension is not compatible with Code 1.85.2. Extension requires: ^1.95.0.
2025-10-07 19:21:02.322 [error] [/home/drdbrioso/.vscode/extensions/ms-vscode.remote-server-1.5.3]: Extension is not compatible with Code 1.85.2. Extension requires: ^1.87.0.
2025-10-07 19:21:02.322 [error] [/home/drdbrioso/.vscode/extensions/ms-vscode-remote.remote-containers-0.427.0]: Extension is not compatible with Code 1.85.2. Extension requires: ^1.99.0.
2025-10-07 19:21:02.323 [error] [/home/drdbrioso/.vscode/extensions/ms-python.vscode-python-envs-1.8.0-linux-x64]: Extension is not compatible with Code 1.85.2. Extension requires: ^1.104.0-20250815.
2025-10-07 19:21:02.324 [error] [/home/drdbrioso/.vscode/extensions/ms-vscode.remote-explorer-0.5.0]: Extension is not compatible with Code 1.85.2. Extension requires: ^1.87.0.
2025-10-07 19:21:02.324 [error] [/home/drdbrioso/.vscode/extensions/ms-python.debugpy-2025.10.0-linux-x64]: Extension is not compatible with Code 1.85.2. Extension requires: ^1.92.0.
2025-10-07 19:21:02.325 [error] [/home/drdbrioso/.vscode/extensions/ms-python.vscode-pylance-2025.8.3]: Extension is not compatible with Code 1.85.2. Extension requires: ^1.101.0.
2025-10-07 19:21:02.326 [error] [/home/drdbrioso/.vscode/extensions/ms-vscode-remote.remote-wsl-0.104.3]: Extension is not compatible with Code 1.85.2. Extension requires: ^1.104.0.
2025-10-07 19:21:02.327 [error] [/home/drdbrioso/.vscode/extensions/ms-python.python-2025.14.0-linux-x64]: Extension is not compatible with Code 1.85.2. Extension requires: ^1.95.0.
2025-10-07 19:21:02.380 [error] [/home/drdbrioso/.vscode/extensions/ms-toolsai.vscode-jupyter-cell-tags-0.1.9]: Extension is not compatible with Code 1.85.2. Extension requires: ^1.88.0.
2025-10-07 19:21:02.381 [error] [/home/drdbrioso/.vscode/extensions/ms-toolsai.vscode-jupyter-slideshow-0.1.6]: Extension is not compatible with Code 1.85.2. Extension requires: ^1.88.0.
2025-10-07 19:21:02.381 [error] [/home/drdbrioso/.vscode/extensions/ms-toolsai.jupyter-renderers-1.3.0]: Extension is not compatible with Code 1.85.2. Extension requires: ^1.95.0.
2025-10-07 19:21:02.382 [error] [/home/drdbrioso/.vscode/extensions/ms-vscode-remote.remote-wsl-0.104.3]: Extension is not compatible with Code 1.85.2. Extension requires: ^1.104.0.
2025-10-07 19:21:02.382 [error] [/home/drdbrioso/.vscode/extensions/ms-vscode.remote-server-1.5.3]: Extension is not compatible with Code 1.85.2. Extension requires: ^1.87.0.
2025-10-07 19:21:02.382 [error] [/home/drdbrioso/.vscode/extensions/ms-vscode.remote-explorer-0.5.0]: Extension is not compatible with Code 1.85.2. Extension requires: ^1.87.0.
2025-10-07 19:21:02.382 [error] [/home/drdbrioso/.vscode/extensions/ms-python.debugpy-2025.10.0-linux-x64]: Extension is not compatible with Code 1.85.2. Extension requires: ^1.92.0.
2025-10-07 19:21:02.383 [error] [/home/drdbrioso/.vscode/extensions/ms-vscode-remote.remote-containers-0.427.0]: Extension is not compatible with Code 1.85.2. Extension requires: ^1.99.0.
2025-10-07 19:21:02.383 [error] [/home/drdbrioso/.vscode/extensions/ms-python.vscode-python-envs-1.8.0-linux-x64]: Extension is not compatible with Code 1.85.2. Extension requires: ^1.104.0-20250815.
2025-10-07 19:21:02.384 [error] [/home/drdbrioso/.vscode/extensions/ms-python.python-2025.14.0-linux-x64]: Extension is not compatible with Code 1.85.2. Extension requires: ^1.95.0.
2025-10-07 19:21:02.385 [error] [/home/drdbrioso/.vscode/extensions/ms-python.vscode-pylance-2025.8.3]: Extension is not compatible with Code 1.85.2. Extension requires: ^1.101.0.
2025-10-07 19:21:07.603 [error] [/home/drdbrioso/.vscode/extensions/ms-toolsai.vscode-jupyter-cell-tags-0.1.9]: Extension is not compatible with Code 1.85.2. Extension requires: ^1.88.0.
2025-10-07 19:21:07.604 [error] [/home/drdbrioso/.vscode/extensions/ms-toolsai.vscode-jupyter-slideshow-0.1.6]: Extension is not compatible with Code 1.85.2. Extension requires: ^1.88.0.
2025-10-07 19:21:07.604 [error] [/home/drdbrioso/.vscode/extensions/ms-toolsai.jupyter-renderers-1.3.0]: Extension is not compatible with Code 1.85.2. Extension requires: ^1.95.0.
2025-10-07 19:21:07.605 [error] [/home/drdbrioso/.vscode/extensions/ms-vscode-remote.remote-wsl-0.104.3]: Extension is not compatible with Code 1.85.2. Extension requires: ^1.104.0.
2025-10-07 19:21:07.605 [error] [/home/drdbrioso/.vscode/extensions/ms-vscode.remote-server-1.5.3]: Extension is not compatible with Code 1.85.2. Extension requires: ^1.87.0.
2025-10-07 19:21:07.605 [error] [/home/drdbrioso/.vscode/extensions/ms-vscode.remote-explorer-0.5.0]: Extension is not compatible with Code 1.85.2. Extension requires: ^1.87.0.
2025-10-07 19:21:07.606 [error] [/home/drdbrioso/.vscode/extensions/ms-python.vscode-python-envs-1.8.0-linux-x64]: Extension is not compatible with Code 1.85.2. Extension requires: ^1.104.0-20250815.
2025-10-07 19:21:07.606 [error] [/home/drdbrioso/.vscode/extensions/ms-python.debugpy-2025.10.0-linux-x64]: Extension is not compatible with Code 1.85.2. Extension requires: ^1.92.0.
2025-10-07 19:21:07.606 [error] [/home/drdbrioso/.vscode/extensions/ms-vscode-remote.remote-containers-0.427.0]: Extension is not compatible with Code 1.85.2. Extension requires: ^1.99.0.
2025-10-07 19:21:07.606 [error] [/home/drdbrioso/.vscode/extensions/ms-python.python-2025.14.0-linux-x64]: Extension is not compatible with Code 1.85.2. Extension requires: ^1.95.0.
2025-10-07 19:21:07.607 [error] [/home/drdbrioso/.vscode/extensions/ms-python.vscode-pylance-2025.8.3]: Extension is not compatible with Code 1.85.2. Extension requires: ^1.101.0.
2025-10-07 19:21:07.670 [error] [/home/drdbrioso/.vscode/extensions/ms-toolsai.vscode-jupyter-slideshow-0.1.6]: Extension is not compatible with Code 1.85.2. Extension requires: ^1.88.0.
2025-10-07 19:21:07.670 [error] [/home/drdbrioso/.vscode/extensions/ms-toolsai.vscode-jupyter-cell-tags-0.1.9]: Extension is not compatible with Code 1.85.2. Extension requires: ^1.88.0.
2025-10-07 19:21:07.671 [error] [/home/drdbrioso/.vscode/extensions/ms-toolsai.jupyter-renderers-1.3.0]: Extension is not compatible with Code 1.85.2. Extension requires: ^1.95.0.
2025-10-07 19:21:07.708 [error] [/home/drdbrioso/.vscode/extensions/ms-vscode.remote-server-1.5.3]: Extension is not compatible with Code 1.85.2. Extension requires: ^1.87.0.
2025-10-07 19:21:07.708 [error] [/home/drdbrioso/.vscode/extensions/ms-vscode-remote.remote-wsl-0.104.3]: Extension is not compatible with Code 1.85.2. Extension requires: ^1.104.0.
2025-10-07 19:21:07.708 [error] [/home/drdbrioso/.vscode/extensions/ms-vscode.remote-explorer-0.5.0]: Extension is not compatible with Code 1.85.2. Extension requires: ^1.87.0.
2025-10-07 19:21:07.708 [error] [/home/drdbrioso/.vscode/extensions/ms-vscode-remote.remote-containers-0.427.0]: Extension is not compatible with Code 1.85.2. Extension requires: ^1.99.0.
2025-10-07 19:21:07.709 [error] [/home/drdbrioso/.vscode/extensions/ms-python.vscode-python-envs-1.8.0-linux-x64]: Extension is not compatible with Code 1.85.2. Extension requires: ^1.104.0-20250815.
2025-10-07 19:21:07.709 [error] [/home/drdbrioso/.vscode/extensions/ms-python.debugpy-2025.10.0-linux-x64]: Extension is not compatible with Code 1.85.2. Extension requires: ^1.92.0.
2025-10-07 19:21:07.709 [error] [/home/drdbrioso/.vscode/extensions/ms-python.vscode-pylance-2025.8.3]: Extension is not compatible with Code 1.85.2. Extension requires: ^1.101.0.
2025-10-07 19:21:07.710 [error] [/home/drdbrioso/.vscode/extensions/ms-python.python-2025.14.0-linux-x64]: Extension is not compatible with Code 1.85.2. Extension requires: ^1.95.0.
2025-10-07 19:21:07.739 [error] [/home/drdbrioso/.vscode/extensions/ms-toolsai.vscode-jupyter-cell-tags-0.1.9]: Extension is not compatible with Code 1.85.2. Extension requires: ^1.88.0.
2025-10-07 19:21:07.739 [error] [/home/drdbrioso/.vscode/extensions/ms-toolsai.vscode-jupyter-slideshow-0.1.6]: Extension is not compatible with Code 1.85.2. Extension requires: ^1.88.0.
2025-10-07 19:21:07.739 [error] [/home/drdbrioso/.vscode/extensions/ms-toolsai.jupyter-renderers-1.3.0]: Extension is not compatible with Code 1.85.2. Extension requires: ^1.95.0.
2025-10-07 19:21:07.750 [error] [/home/drdbrioso/.vscode/extensions/ms-toolsai.vscode-jupyter-slideshow-0.1.6]: Extension is not compatible with Code 1.85.2. Extension requires: ^1.88.0.
2025-10-07 19:21:07.750 [error] [/home/drdbrioso/.vscode/extensions/ms-toolsai.vscode-jupyter-cell-tags-0.1.9]: Extension is not compatible with Code 1.85.2. Extension requires: ^1.88.0.
2025-10-07 19:21:07.750 [error] [/home/drdbrioso/.vscode/extensions/ms-toolsai.jupyter-renderers-1.3.0]: Extension is not compatible with Code 1.85.2. Extension requires: ^1.95.0.
2025-10-07 19:21:07.771 [error] [/home/drdbrioso/.vscode/extensions/ms-vscode.remote-server-1.5.3]: Extension is not compatible with Code 1.85.2. Extension requires: ^1.87.0.
2025-10-07 19:21:07.772 [error] [/home/drdbrioso/.vscode/extensions/ms-vscode-remote.remote-wsl-0.104.3]: Extension is not compatible with Code 1.85.2. Extension requires: ^1.104.0.
2025-10-07 19:21:07.773 [error] [/home/drdbrioso/.vscode/extensions/ms-vscode-remote.remote-containers-0.427.0]: Extension is not compatible with Code 1.85.2. Extension requires: ^1.99.0.
2025-10-07 19:21:07.773 [error] [/home/drdbrioso/.vscode/extensions/ms-vscode.remote-explorer-0.5.0]: Extension is not compatible with Code 1.85.2. Extension requires: ^1.87.0.
2025-10-07 19:21:07.774 [error] [/home/drdbrioso/.vscode/extensions/ms-python.vscode-python-envs-1.8.0-linux-x64]: Extension is not compatible with Code 1.85.2. Extension requires: ^1.104.0-20250815.
2025-10-07 19:21:07.774 [error] [/home/drdbrioso/.vscode/extensions/ms-python.debugpy-2025.10.0-linux-x64]: Extension is not compatible with Code 1.85.2. Extension requires: ^1.92.0.
2025-10-07 19:21:07.774 [error] [/home/drdbrioso/.vscode/extensions/ms-python.python-2025.14.0-linux-x64]: Extension is not compatible with Code 1.85.2. Extension requires: ^1.95.0.
2025-10-07 19:21:07.775 [error] [/home/drdbrioso/.vscode/extensions/ms-python.vscode-pylance-2025.8.3]: Extension is not compatible with Code 1.85.2. Extension requires: ^1.101.0.
2025-10-07 19:21:07.780 [error] [/home/drdbrioso/.vscode/extensions/ms-vscode-remote.remote-wsl-0.104.3]: Extension is not compatible with Code 1.85.2. Extension requires: ^1.104.0.
2025-10-07 19:21:07.780 [error] [/home/drdbrioso/.vscode/extensions/ms-python.debugpy-2025.10.0-linux-x64]: Extension is not compatible with Code 1.85.2. Extension requires: ^1.92.0.
2025-10-07 19:21:07.780 [error] [/home/drdbrioso/.vscode/extensions/ms-vscode.remote-explorer-0.5.0]: Extension is not compatible with Code 1.85.2. Extension requires: ^1.87.0.
2025-10-07 19:21:07.781 [error] [/home/drdbrioso/.vscode/extensions/ms-vscode.remote-server-1.5.3]: Extension is not compatible with Code 1.85.2. Extension requires: ^1.87.0.
2025-10-07 19:21:07.781 [error] [/home/drdbrioso/.vscode/extensions/ms-vscode-remote.remote-containers-0.427.0]: Extension is not compatible with Code 1.85.2. Extension requires: ^1.99.0.
2025-10-07 19:21:07.781 [error] [/home/drdbrioso/.vscode/extensions/ms-python.vscode-python-envs-1.8.0-linux-x64]: Extension is not compatible with Code 1.85.2. Extension requires: ^1.104.0-20250815.
2025-10-07 19:21:07.782 [error] [/home/drdbrioso/.vscode/extensions/ms-python.python-2025.14.0-linux-x64]: Extension is not compatible with Code 1.85.2. Extension requires: ^1.95.0.
2025-10-07 19:21:07.783 [error] [/home/drdbrioso/.vscode/extensions/ms-python.vscode-pylance-2025.8.3]: Extension is not compatible with Code 1.85.2. Extension requires: ^1.101.0.
2025-10-07 19:21:10.105 [error] [/home/drdbrioso/.vscode/extensions/ms-toolsai.vscode-jupyter-cell-tags-0.1.9]: Extension is not compatible with Code 1.85.2. Extension requires: ^1.88.0.
2025-10-07 19:21:10.106 [error] [/home/drdbrioso/.vscode/extensions/ms-toolsai.vscode-jupyter-slideshow-0.1.6]: Extension is not compatible with Code 1.85.2. Extension requires: ^1.88.0.
2025-10-07 19:21:10.106 [error] [/home/drdbrioso/.vscode/extensions/ms-toolsai.jupyter-renderers-1.3.0]: Extension is not compatible with Code 1.85.2. Extension requires: ^1.95.0.
2025-10-07 19:21:10.114 [error] [/home/drdbrioso/.vscode/extensions/ms-toolsai.vscode-jupyter-cell-tags-0.1.9]: Extension is not compatible with Code 1.85.2. Extension requires: ^1.88.0.
2025-10-07 19:21:10.115 [error] [/home/drdbrioso/.vscode/extensions/ms-toolsai.vscode-jupyter-slideshow-0.1.6]: Extension is not compatible with Code 1.85.2. Extension requires: ^1.88.0.
2025-10-07 19:21:10.115 [error] [/home/drdbrioso/.vscode/extensions/ms-toolsai.jupyter-renderers-1.3.0]: Extension is not compatible with Code 1.85.2. Extension requires: ^1.95.0.
2025-10-07 19:21:10.118 [error] [/home/drdbrioso/.vscode/extensions/ms-vscode-remote.remote-wsl-0.104.3]: Extension is not compatible with Code 1.85.2. Extension requires: ^1.104.0.
2025-10-07 19:21:10.118 [error] [/home/drdbrioso/.vscode/extensions/ms-vscode.remote-server-1.5.3]: Extension is not compatible with Code 1.85.2. Extension requires: ^1.87.0.
2025-10-07 19:21:10.119 [error] [/home/drdbrioso/.vscode/extensions/ms-vscode-remote.remote-containers-0.427.0]: Extension is not compatible with Code 1.85.2. Extension requires: ^1.99.0.
2025-10-07 19:21:10.119 [error] [/home/drdbrioso/.vscode/extensions/ms-vscode.remote-explorer-0.5.0]: Extension is not compatible with Code 1.85.2. Extension requires: ^1.87.0.
2025-10-07 19:21:10.119 [error] [/home/drdbrioso/.vscode/extensions/ms-python.vscode-python-envs-1.8.0-linux-x64]: Extension is not compatible with Code 1.85.2. Extension requires: ^1.104.0-20250815.
2025-10-07 19:21:10.120 [error] [/home/drdbrioso/.vscode/extensions/ms-python.debugpy-2025.10.0-linux-x64]: Extension is not compatible with Code 1.85.2. Extension requires: ^1.92.0.
2025-10-07 19:21:10.122 [error] [/home/drdbrioso/.vscode/extensions/ms-python.python-2025.14.0-linux-x64]: Extension is not compatible with Code 1.85.2. Extension requires: ^1.95.0.
2025-10-07 19:21:10.123 [error] [/home/drdbrioso/.vscode/extensions/ms-python.vscode-pylance-2025.8.3]: Extension is not compatible with Code 1.85.2. Extension requires: ^1.101.0.
2025-10-07 19:21:10.130 [error] [/home/drdbrioso/.vscode/extensions/ms-vscode.remote-server-1.5.3]: Extension is not compatible with Code 1.85.2. Extension requires: ^1.87.0.
2025-10-07 19:21:10.130 [error] [/home/drdbrioso/.vscode/extensions/ms-vscode-remote.remote-wsl-0.104.3]: Extension is not compatible with Code 1.85.2. Extension requires: ^1.104.0.
2025-10-07 19:21:10.130 [error] [/home/drdbrioso/.vscode/extensions/ms-python.vscode-python-envs-1.8.0-linux-x64]: Extension is not compatible with Code 1.85.2. Extension requires: ^1.104.0-20250815.
2025-10-07 19:21:10.130 [error] [/home/drdbrioso/.vscode/extensions/ms-vscode-remote.remote-containers-0.427.0]: Extension is not compatible with Code 1.85.2. Extension requires: ^1.99.0.
2025-10-07 19:21:10.131 [error] [/home/drdbrioso/.vscode/extensions/ms-python.debugpy-2025.10.0-linux-x64]: Extension is not compatible with Code 1.85.2. Extension requires: ^1.92.0.
2025-10-07 19:21:10.131 [error] [/home/drdbrioso/.vscode/extensions/ms-vscode.remote-explorer-0.5.0]: Extension is not compatible with Code 1.85.2. Extension requires: ^1.87.0.
2025-10-07 19:21:10.131 [error] [/home/drdbrioso/.vscode/extensions/ms-python.python-2025.14.0-linux-x64]: Extension is not compatible with Code 1.85.2. Extension requires: ^1.95.0.
2025-10-07 19:21:10.132 [error] [/home/drdbrioso/.vscode/extensions/ms-python.vscode-pylance-2025.8.3]: Extension is not compatible with Code 1.85.2. Extension requires: ^1.101.0.
2025-10-07 19:21:30.025 [error] [/home/drdbrioso/.vscode/extensions/ms-toolsai.vscode-jupyter-cell-tags-0.1.9]: Extension is not compatible with Code 1.85.2. Extension requires: ^1.88.0.
2025-10-07 19:21:30.025 [error] [/home/drdbrioso/.vscode/extensions/ms-toolsai.vscode-jupyter-slideshow-0.1.6]: Extension is not compatible with Code 1.85.2. Extension requires: ^1.88.0.
2025-10-07 19:21:30.025 [error] [/home/drdbrioso/.vscode/extensions/ms-toolsai.jupyter-renderers-1.3.0]: Extension is not compatible with Code 1.85.2. Extension requires: ^1.95.0.
2025-10-07 19:21:30.034 [error] [/home/drdbrioso/.vscode/extensions/ms-vscode.remote-server-1.5.3]: Extension is not compatible with Code 1.85.2. Extension requires: ^1.87.0.
2025-10-07 19:21:30.034 [error] [/home/drdbrioso/.vscode/extensions/ms-vscode-remote.remote-wsl-0.104.3]: Extension is not compatible with Code 1.85.2. Extension requires: ^1.104.0.
2025-10-07 19:21:30.034 [error] [/home/drdbrioso/.vscode/extensions/ms-vscode.remote-explorer-0.5.0]: Extension is not compatible with Code 1.85.2. Extension requires: ^1.87.0.
2025-10-07 19:21:30.036 [error] [/home/drdbrioso/.vscode/extensions/ms-vscode-remote.remote-containers-0.427.0]: Extension is not compatible with Code 1.85.2. Extension requires: ^1.99.0.
2025-10-07 19:21:30.036 [error] [/home/drdbrioso/.vscode/extensions/ms-python.vscode-python-envs-1.8.0-linux-x64]: Extension is not compatible with Code 1.85.2. Extension requires: ^1.104.0-20250815.
2025-10-07 19:21:30.036 [error] [/home/drdbrioso/.vscode/extensions/ms-python.debugpy-2025.10.0-linux-x64]: Extension is not compatible with Code 1.85.2. Extension requires: ^1.92.0.
2025-10-07 19:21:30.037 [error] [/home/drdbrioso/.vscode/extensions/ms-python.python-2025.14.0-linux-x64]: Extension is not compatible with Code 1.85.2. Extension requires: ^1.95.0.
2025-10-07 19:21:30.039 [error] [/home/drdbrioso/.vscode/extensions/ms-python.vscode-pylance-2025.8.3]: Extension is not compatible with Code 1.85.2. Extension requires: ^1.101.0.
2025-10-07 19:21:30.190 [error] [/home/drdbrioso/.vscode/extensions/ms-toolsai.vscode-jupyter-cell-tags-0.1.9]: Extension is not compatible with Code 1.85.2. Extension requires: ^1.88.0.
2025-10-07 19:21:30.191 [error] [/home/drdbrioso/.vscode/extensions/ms-toolsai.vscode-jupyter-slideshow-0.1.6]: Extension is not compatible with Code 1.85.2. Extension requires: ^1.88.0.
2025-10-07 19:21:30.191 [error] [/home/drdbrioso/.vscode/extensions/ms-toolsai.jupyter-renderers-1.3.0]: Extension is not compatible with Code 1.85.2. Extension requires: ^1.95.0.
2025-10-07 19:21:30.194 [error] [/home/drdbrioso/.vscode/extensions/ms-vscode.remote-explorer-0.5.0]: Extension is not compatible with Code 1.85.2. Extension requires: ^1.87.0.
2025-10-07 19:21:30.194 [error] [/home/drdbrioso/.vscode/extensions/ms-vscode.remote-server-1.5.3]: Extension is not compatible with Code 1.85.2. Extension requires: ^1.87.0.
2025-10-07 19:21:30.195 [error] [/home/drdbrioso/.vscode/extensions/ms-python.vscode-python-envs-1.8.0-linux-x64]: Extension is not compatible with Code 1.85.2. Extension requires: ^1.104.0-20250815.
2025-10-07 19:21:30.195 [error] [/home/drdbrioso/.vscode/extensions/ms-python.debugpy-2025.10.0-linux-x64]: Extension is not compatible with Code 1.85.2. Extension requires: ^1.92.0.
2025-10-07 19:21:30.195 [error] [/home/drdbrioso/.vscode/extensions/ms-vscode-remote.remote-wsl-0.104.3]: Extension is not compatible with Code 1.85.2. Extension requires: ^1.104.0.
2025-10-07 19:21:30.195 [error] [/home/drdbrioso/.vscode/extensions/ms-vscode-remote.remote-containers-0.427.0]: Extension is not compatible with Code 1.85.2. Extension requires: ^1.99.0.
2025-10-07 19:21:30.196 [error] [/home/drdbrioso/.vscode/extensions/ms-python.python-2025.14.0-linux-x64]: Extension is not compatible with Code 1.85.2. Extension requires: ^1.95.0.
2025-10-07 19:21:30.205 [error] [/home/drdbrioso/.vscode/extensions/ms-python.vscode-pylance-2025.8.3]: Extension is not compatible with Code 1.85.2. Extension requires: ^1.101.0.
2025-10-07 19:21:30.400 [error] [/home/drdbrioso/.vscode/extensions/ms-toolsai.vscode-jupyter-cell-tags-0.1.9]: Extension is not compatible with Code 1.85.2. Extension requires: ^1.88.0.
2025-10-07 19:21:30.401 [error] [/home/drdbrioso/.vscode/extensions/ms-toolsai.vscode-jupyter-slideshow-0.1.6]: Extension is not compatible with Code 1.85.2. Extension requires: ^1.88.0.
2025-10-07 19:21:30.401 [error] [/home/drdbrioso/.vscode/extensions/ms-toolsai.jupyter-renderers-1.3.0]: Extension is not compatible with Code 1.85.2. Extension requires: ^1.95.0.
2025-10-07 19:21:30.416 [error] [/home/drdbrioso/.vscode/extensions/ms-vscode.remote-server-1.5.3]: Extension is not compatible with Code 1.85.2. Extension requires: ^1.87.0.
2025-10-07 19:21:30.417 [error] [/home/drdbrioso/.vscode/extensions/ms-vscode-remote.remote-containers-0.427.0]: Extension is not compatible with Code 1.85.2. Extension requires: ^1.99.0.
2025-10-07 19:21:30.418 [error] [/home/drdbrioso/.vscode/extensions/ms-vscode-remote.remote-wsl-0.104.3]: Extension is not compatible with Code 1.85.2. Extension requires: ^1.104.0.
2025-10-07 19:21:30.420 [error] [/home/drdbrioso/.vscode/extensions/ms-vscode.remote-explorer-0.5.0]: Extension is not compatible with Code 1.85.2. Extension requires: ^1.87.0.
2025-10-07 19:21:30.420 [error] [/home/drdbrioso/.vscode/extensions/ms-python.vscode-python-envs-1.8.0-linux-x64]: Extension is not compatible with Code 1.85.2. Extension requires: ^1.104.0-20250815.
2025-10-07 19:21:30.421 [error] [/home/drdbrioso/.vscode/extensions/ms-python.debugpy-2025.10.0-linux-x64]: Extension is not compatible with Code 1.85.2. Extension requires: ^1.92.0.
2025-10-07 19:21:30.422 [error] [/home/drdbrioso/.vscode/extensions/ms-python.python-2025.14.0-linux-x64]: Extension is not compatible with Code 1.85.2. Extension requires: ^1.95.0.
2025-10-07 19:21:30.425 [error] [/home/drdbrioso/.vscode/extensions/ms-python.vscode-pylance-2025.8.3]: Extension is not compatible with Code 1.85.2. Extension requires: ^1.101.0.
2025-10-07 19:21:31.324 [error] [/home/drdbrioso/.vscode/extensions/ms-toolsai.vscode-jupyter-slideshow-0.1.6]: Extension is not compatible with Code 1.85.2. Extension requires: ^1.88.0.
2025-10-07 19:21:31.325 [error] [/home/drdbrioso/.vscode/extensions/ms-toolsai.vscode-jupyter-cell-tags-0.1.9]: Extension is not compatible with Code 1.85.2. Extension requires: ^1.88.0.
2025-10-07 19:21:31.325 [error] [/home/drdbrioso/.vscode/extensions/ms-toolsai.jupyter-renderers-1.3.0]: Extension is not compatible with Code 1.85.2. Extension requires: ^1.95.0.
2025-10-07 19:21:31.325 [error] [/home/drdbrioso/.vscode/extensions/ms-vscode.remote-server-1.5.3]: Extension is not compatible with Code 1.85.2. Extension requires: ^1.87.0.
2025-10-07 19:21:31.325 [error] [/home/drdbrioso/.vscode/extensions/ms-vscode.remote-explorer-0.5.0]: Extension is not compatible with Code 1.85.2. Extension requires: ^1.87.0.
2025-10-07 19:21:31.326 [error] [/home/drdbrioso/.vscode/extensions/ms-python.vscode-python-envs-1.8.0-linux-x64]: Extension is not compatible with Code 1.85.2. Extension requires: ^1.104.0-20250815.
2025-10-07 19:21:31.326 [error] [/home/drdbrioso/.vscode/extensions/ms-python.debugpy-2025.10.0-linux-x64]: Extension is not compatible with Code 1.85.2. Extension requires: ^1.92.0.
2025-10-07 19:21:31.326 [error] [/home/drdbrioso/.vscode/extensions/ms-vscode-remote.remote-wsl-0.104.3]: Extension is not compatible with Code 1.85.2. Extension requires: ^1.104.0.
2025-10-07 19:21:31.327 [error] [/home/drdbrioso/.vscode/extensions/ms-vscode-remote.remote-containers-0.427.0]: Extension is not compatible with Code 1.85.2. Extension requires: ^1.99.0.
2025-10-07 19:21:31.327 [error] [/home/drdbrioso/.vscode/extensions/ms-python.vscode-pylance-2025.8.3]: Extension is not compatible with Code 1.85.2. Extension requires: ^1.101.0.
2025-10-07 19:21:31.328 [error] [/home/drdbrioso/.vscode/extensions/ms-python.python-2025.14.0-linux-x64]: Extension is not compatible with Code 1.85.2. Extension requires: ^1.95.0.
2025-10-07 19:21:31.728 [error] [/home/drdbrioso/.vscode/extensions/ms-toolsai.vscode-jupyter-cell-tags-0.1.9]: Extension is not compatible with Code 1.85.2. Extension requires: ^1.88.0.
2025-10-07 19:21:31.728 [error] [/home/drdbrioso/.vscode/extensions/ms-toolsai.vscode-jupyter-slideshow-0.1.6]: Extension is not compatible with Code 1.85.2. Extension requires: ^1.88.0.
2025-10-07 19:21:31.728 [error] [/home/drdbrioso/.vscode/extensions/ms-toolsai.jupyter-renderers-1.3.0]: Extension is not compatible with Code 1.85.2. Extension requires: ^1.95.0.
2025-10-07 19:21:31.736 [error] [/home/drdbrioso/.vscode/extensions/ms-vscode-remote.remote-wsl-0.104.3]: Extension is not compatible with Code 1.85.2. Extension requires: ^1.104.0.
2025-10-07 19:21:31.737 [error] [/home/drdbrioso/.vscode/extensions/ms-vscode.remote-explorer-0.5.0]: Extension is not compatible with Code 1.85.2. Extension requires: ^1.87.0.
2025-10-07 19:21:31.737 [error] [/home/drdbrioso/.vscode/extensions/ms-vscode.remote-server-1.5.3]: Extension is not compatible with Code 1.85.2. Extension requires: ^1.87.0.
2025-10-07 19:21:31.738 [error] [/home/drdbrioso/.vscode/extensions/ms-python.vscode-python-envs-1.8.0-linux-x64]: Extension is not compatible with Code 1.85.2. Extension requires: ^1.104.0-20250815.
2025-10-07 19:21:31.738 [error] [/home/drdbrioso/.vscode/extensions/ms-python.debugpy-2025.10.0-linux-x64]: Extension is not compatible with Code 1.85.2. Extension requires: ^1.92.0.
2025-10-07 19:21:31.739 [error] [/home/drdbrioso/.vscode/extensions/ms-vscode-remote.remote-containers-0.427.0]: Extension is not compatible with Code 1.85.2. Extension requires: ^1.99.0.
2025-10-07 19:21:31.740 [error] [/home/drdbrioso/.vscode/extensions/ms-python.vscode-pylance-2025.8.3]: Extension is not compatible with Code 1.85.2. Extension requires: ^1.101.0.
2025-10-07 19:21:31.741 [error] [/home/drdbrioso/.vscode/extensions/ms-python.python-2025.14.0-linux-x64]: Extension is not compatible with Code 1.85.2. Extension requires: ^1.95.0.
2025-10-07 19:21:31.939 [error] [/home/drdbrioso/.vscode/extensions/ms-toolsai.vscode-jupyter-cell-tags-0.1.9]: Extension is not compatible with Code 1.85.2. Extension requires: ^1.88.0.
2025-10-07 19:21:31.940 [error] [/home/drdbrioso/.vscode/extensions/ms-toolsai.vscode-jupyter-slideshow-0.1.6]: Extension is not compatible with Code 1.85.2. Extension requires: ^1.88.0.
2025-10-07 19:21:31.940 [error] [/home/drdbrioso/.vscode/extensions/ms-toolsai.jupyter-renderers-1.3.0]: Extension is not compatible with Code 1.85.2. Extension requires: ^1.95.0.
2025-10-07 19:21:31.944 [error] [/home/drdbrioso/.vscode/extensions/ms-vscode.remote-server-1.5.3]: Extension is not compatible with Code 1.85.2. Extension requires: ^1.87.0.
2025-10-07 19:21:31.944 [error] [/home/drdbrioso/.vscode/extensions/ms-vscode-remote.remote-wsl-0.104.3]: Extension is not compatible with Code 1.85.2. Extension requires: ^1.104.0.
2025-10-07 19:21:31.945 [error] [/home/drdbrioso/.vscode/extensions/ms-python.vscode-python-envs-1.8.0-linux-x64]: Extension is not compatible with Code 1.85.2. Extension requires: ^1.104.0-20250815.
2025-10-07 19:21:31.945 [error] [/home/drdbrioso/.vscode/extensions/ms-python.debugpy-2025.10.0-linux-x64]: Extension is not compatible with Code 1.85.2. Extension requires: ^1.92.0.
2025-10-07 19:21:31.945 [error] [/home/drdbrioso/.vscode/extensions/ms-vscode-remote.remote-containers-0.427.0]: Extension is not compatible with Code 1.85.2. Extension requires: ^1.99.0.
2025-10-07 19:21:31.945 [error] [/home/drdbrioso/.vscode/extensions/ms-vscode.remote-explorer-0.5.0]: Extension is not compatible with Code 1.85.2. Extension requires: ^1.87.0.
2025-10-07 19:21:31.946 [error] [/home/drdbrioso/.vscode/extensions/ms-python.python-2025.14.0-linux-x64]: Extension is not compatible with Code 1.85.2. Extension requires: ^1.95.0.
2025-10-07 19:21:31.946 [error] [/home/drdbrioso/.vscode/extensions/ms-python.vscode-pylance-2025.8.3]: Extension is not compatible with Code 1.85.2. Extension requires: ^1.101.0.
2025-10-07 19:21:32.131 [error] [/home/drdbrioso/.vscode/extensions/ms-toolsai.vscode-jupyter-cell-tags-0.1.9]: Extension is not compatible with Code 1.85.2. Extension requires: ^1.88.0.
2025-10-07 19:21:32.131 [error] [/home/drdbrioso/.vscode/extensions/ms-toolsai.vscode-jupyter-slideshow-0.1.6]: Extension is not compatible with Code 1.85.2. Extension requires: ^1.88.0.
2025-10-07 19:21:32.131 [error] [/home/drdbrioso/.vscode/extensions/ms-toolsai.jupyter-renderers-1.3.0]: Extension is not compatible with Code 1.85.2. Extension requires: ^1.95.0.
2025-10-07 19:21:32.135 [error] [/home/drdbrioso/.vscode/extensions/ms-vscode.remote-explorer-0.5.0]: Extension is not compatible with Code 1.85.2. Extension requires: ^1.87.0.
2025-10-07 19:21:32.135 [error] [/home/drdbrioso/.vscode/extensions/ms-vscode.remote-server-1.5.3]: Extension is not compatible with Code 1.85.2. Extension requires: ^1.87.0.
2025-10-07 19:21:32.135 [error] [/home/drdbrioso/.vscode/extensions/ms-vscode-remote.remote-wsl-0.104.3]: Extension is not compatible with Code 1.85.2. Extension requires: ^1.104.0.
2025-10-07 19:21:32.135 [error] [/home/drdbrioso/.vscode/extensions/ms-python.vscode-python-envs-1.8.0-linux-x64]: Extension is not compatible with Code 1.85.2. Extension requires: ^1.104.0-20250815.
2025-10-07 19:21:32.135 [error] [/home/drdbrioso/.vscode/extensions/ms-python.debugpy-2025.10.0-linux-x64]: Extension is not compatible with Code 1.85.2. Extension requires: ^1.92.0.
2025-10-07 19:21:32.135 [error] [/home/drdbrioso/.vscode/extensions/ms-vscode-remote.remote-containers-0.427.0]: Extension is not compatible with Code 1.85.2. Extension requires: ^1.99.0.
2025-10-07 19:21:32.136 [error] [/home/drdbrioso/.vscode/extensions/ms-python.python-2025.14.0-linux-x64]: Extension is not compatible with Code 1.85.2. Extension requires: ^1.95.0.
2025-10-07 19:21:32.136 [error] [/home/drdbrioso/.vscode/extensions/ms-python.vscode-pylance-2025.8.3]: Extension is not compatible with Code 1.85.2. Extension requires: ^1.101.0.
2025-10-07 19:22:14.731 [error] [/home/drdbrioso/.vscode/extensions/ms-toolsai.vscode-jupyter-cell-tags-0.1.9]: Extension is not compatible with Code 1.85.2. Extension requires: ^1.88.0.
2025-10-07 19:22:14.731 [error] [/home/drdbrioso/.vscode/extensions/ms-toolsai.vscode-jupyter-slideshow-0.1.6]: Extension is not compatible with Code 1.85.2. Extension requires: ^1.88.0.
2025-10-07 19:22:14.731 [error] [/home/drdbrioso/.vscode/extensions/ms-toolsai.jupyter-renderers-1.3.0]: Extension is not compatible with Code 1.85.2. Extension requires: ^1.95.0.
2025-10-07 19:22:14.742 [error] [/home/drdbrioso/.vscode/extensions/ms-toolsai.vscode-jupyter-slideshow-0.1.6]: Extension is not compatible with Code 1.85.2. Extension requires: ^1.88.0.
2025-10-07 19:22:14.742 [error] [/home/drdbrioso/.vscode/extensions/ms-toolsai.vscode-jupyter-cell-tags-0.1.9]: Extension is not compatible with Code 1.85.2. Extension requires: ^1.88.0.
2025-10-07 19:22:14.742 [error] [/home/drdbrioso/.vscode/extensions/ms-toolsai.jupyter-renderers-1.3.0]: Extension is not compatible with Code 1.85.2. Extension requires: ^1.95.0.
2025-10-07 19:22:14.743 [error] [/home/drdbrioso/.vscode/extensions/ms-vscode.remote-server-1.5.3]: Extension is not compatible with Code 1.85.2. Extension requires: ^1.87.0.
2025-10-07 19:22:14.743 [error] [/home/drdbrioso/.vscode/extensions/ms-vscode.remote-explorer-0.5.0]: Extension is not compatible with Code 1.85.2. Extension requires: ^1.87.0.
2025-10-07 19:22:14.743 [error] [/home/drdbrioso/.vscode/extensions/ms-vscode-remote.remote-wsl-0.104.3]: Extension is not compatible with Code 1.85.2. Extension requires: ^1.104.0.
2025-10-07 19:22:14.744 [error] [/home/drdbrioso/.vscode/extensions/ms-vscode-remote.remote-containers-0.427.0]: Extension is not compatible with Code 1.85.2. Extension requires: ^1.99.0.
2025-10-07 19:22:14.744 [error] [/home/drdbrioso/.vscode/extensions/ms-python.vscode-python-envs-1.8.0-linux-x64]: Extension is not compatible with Code 1.85.2. Extension requires: ^1.104.0-20250815.
2025-10-07 19:22:14.745 [error] [/home/drdbrioso/.vscode/extensions/ms-python.debugpy-2025.10.0-linux-x64]: Extension is not compatible with Code 1.85.2. Extension requires: ^1.92.0.
2025-10-07 19:22:14.745 [error] [/home/drdbrioso/.vscode/extensions/ms-python.python-2025.14.0-linux-x64]: Extension is not compatible with Code 1.85.2. Extension requires: ^1.95.0.
2025-10-07 19:22:14.746 [error] [/home/drdbrioso/.vscode/extensions/ms-python.vscode-pylance-2025.8.3]: Extension is not compatible with Code 1.85.2. Extension requires: ^1.101.0.
2025-10-07 19:22:14.751 [error] [/home/drdbrioso/.vscode/extensions/ms-vscode.remote-server-1.5.3]: Extension is not compatible with Code 1.85.2. Extension requires: ^1.87.0.
2025-10-07 19:22:14.752 [error] [/home/drdbrioso/.vscode/extensions/ms-vscode-remote.remote-wsl-0.104.3]: Extension is not compatible with Code 1.85.2. Extension requires: ^1.104.0.
2025-10-07 19:22:14.753 [error] [/home/drdbrioso/.vscode/extensions/ms-vscode-remote.remote-containers-0.427.0]: Extension is not compatible with Code 1.85.2. Extension requires: ^1.99.0.
2025-10-07 19:22:14.753 [error] [/home/drdbrioso/.vscode/extensions/ms-vscode.remote-explorer-0.5.0]: Extension is not compatible with Code 1.85.2. Extension requires: ^1.87.0.
2025-10-07 19:22:14.754 [error] [/home/drdbrioso/.vscode/extensions/ms-python.vscode-python-envs-1.8.0-linux-x64]: Extension is not compatible with Code 1.85.2. Extension requires: ^1.104.0-20250815.
2025-10-07 19:22:14.754 [error] [/home/drdbrioso/.vscode/extensions/ms-python.debugpy-2025.10.0-linux-x64]: Extension is not compatible with Code 1.85.2. Extension requires: ^1.92.0.
2025-10-07 19:22:14.754 [error] [/home/drdbrioso/.vscode/extensions/ms-python.python-2025.14.0-linux-x64]: Extension is not compatible with Code 1.85.2. Extension requires: ^1.95.0.
2025-10-07 19:22:14.756 [error] [/home/drdbrioso/.vscode/extensions/ms-python.vscode-pylance-2025.8.3]: Extension is not compatible with Code 1.85.2. Extension requires: ^1.101.0.
2025-10-07 19:22:14.851 [error] [/home/drdbrioso/.vscode/extensions/ms-toolsai.vscode-jupyter-cell-tags-0.1.9]: Extension is not compatible with Code 1.85.2. Extension requires: ^1.88.0.
2025-10-07 19:22:14.852 [error] [/home/drdbrioso/.vscode/extensions/ms-toolsai.vscode-jupyter-slideshow-0.1.6]: Extension is not compatible with Code 1.85.2. Extension requires: ^1.88.0.
2025-10-07 19:22:14.852 [error] [/home/drdbrioso/.vscode/extensions/ms-toolsai.jupyter-renderers-1.3.0]: Extension is not compatible with Code 1.85.2. Extension requires: ^1.95.0.
2025-10-07 19:22:14.865 [error] [/home/drdbrioso/.vscode/extensions/ms-vscode.remote-server-1.5.3]: Extension is not compatible with Code 1.85.2. Extension requires: ^1.87.0.
2025-10-07 19:22:14.866 [error] [/home/drdbrioso/.vscode/extensions/ms-vscode.remote-explorer-0.5.0]: Extension is not compatible with Code 1.85.2. Extension requires: ^1.87.0.
2025-10-07 19:22:14.866 [error] [/home/drdbrioso/.vscode/extensions/ms-python.vscode-python-envs-1.8.0-linux-x64]: Extension is not compatible with Code 1.85.2. Extension requires: ^1.104.0-20250815.
2025-10-07 19:22:14.866 [error] [/home/drdbrioso/.vscode/extensions/ms-vscode-remote.remote-containers-0.427.0]: Extension is not compatible with Code 1.85.2. Extension requires: ^1.99.0.
2025-10-07 19:22:14.866 [error] [/home/drdbrioso/.vscode/extensions/ms-python.debugpy-2025.10.0-linux-x64]: Extension is not compatible with Code 1.85.2. Extension requires: ^1.92.0.
2025-10-07 19:22:14.866 [error] [/home/drdbrioso/.vscode/extensions/ms-vscode-remote.remote-wsl-0.104.3]: Extension is not compatible with Code 1.85.2. Extension requires: ^1.104.0.
2025-10-07 19:22:14.867 [error] [/home/drdbrioso/.vscode/extensions/ms-python.vscode-pylance-2025.8.3]: Extension is not compatible with Code 1.85.2. Extension requires: ^1.101.0.
2025-10-07 19:22:14.867 [error] [/home/drdbrioso/.vscode/extensions/ms-python.python-2025.14.0-linux-x64]: Extension is not compatible with Code 1.85.2. Extension requires: ^1.95.0.
2025-10-07 19:22:14.868 [error] [/home/drdbrioso/.vscode/extensions/ms-toolsai.vscode-jupyter-cell-tags-0.1.9]: Extension is not compatible with Code 1.85.2. Extension requires: ^1.88.0.
2025-10-07 19:22:14.868 [error] [/home/drdbrioso/.vscode/extensions/ms-toolsai.vscode-jupyter-slideshow-0.1.6]: Extension is not compatible with Code 1.85.2. Extension requires: ^1.88.0.
2025-10-07 19:22:14.868 [error] [/home/drdbrioso/.vscode/extensions/ms-toolsai.jupyter-renderers-1.3.0]: Extension is not compatible with Code 1.85.2. Extension requires: ^1.95.0.
2025-10-07 19:22:14.869 [error] [/home/drdbrioso/.vscode/extensions/ms-vscode.remote-server-1.5.3]: Extension is not compatible with Code 1.85.2. Extension requires: ^1.87.0.
2025-10-07 19:22:14.869 [error] [/home/drdbrioso/.vscode/extensions/ms-vscode.remote-explorer-0.5.0]: Extension is not compatible with Code 1.85.2. Extension requires: ^1.87.0.
2025-10-07 19:22:14.869 [error] [/home/drdbrioso/.vscode/extensions/ms-vscode-remote.remote-wsl-0.104.3]: Extension is not compatible with Code 1.85.2. Extension requires: ^1.104.0.
2025-10-07 19:22:14.869 [error] [/home/drdbrioso/.vscode/extensions/ms-python.vscode-python-envs-1.8.0-linux-x64]: Extension is not compatible with Code 1.85.2. Extension requires: ^1.104.0-20250815.
2025-10-07 19:22:14.870 [error] [/home/drdbrioso/.vscode/extensions/ms-python.debugpy-2025.10.0-linux-x64]: Extension is not compatible with Code 1.85.2. Extension requires: ^1.92.0.
2025-10-07 19:22:14.870 [error] [/home/drdbrioso/.vscode/extensions/ms-vscode-remote.remote-containers-0.427.0]: Extension is not compatible with Code 1.85.2. Extension requires: ^1.99.0.
2025-10-07 19:22:14.870 [error] [/home/drdbrioso/.vscode/extensions/ms-python.python-2025.14.0-linux-x64]: Extension is not compatible with Code 1.85.2. Extension requires: ^1.95.0.
2025-10-07 19:22:14.871 [error] [/home/drdbrioso/.vscode/extensions/ms-python.vscode-pylance-2025.8.3]: Extension is not compatible with Code 1.85.2. Extension requires: ^1.101.0.
2025-10-07 19:22:17.319 [error] [/home/drdbrioso/.vscode/extensions/ms-toolsai.vscode-jupyter-cell-tags-0.1.9]: Extension is not compatible with Code 1.85.2. Extension requires: ^1.88.0.
2025-10-07 19:22:17.319 [error] [/home/drdbrioso/.vscode/extensions/ms-toolsai.vscode-jupyter-slideshow-0.1.6]: Extension is not compatible with Code 1.85.2. Extension requires: ^1.88.0.
2025-10-07 19:22:17.319 [error] [/home/drdbrioso/.vscode/extensions/ms-toolsai.jupyter-renderers-1.3.0]: Extension is not compatible with Code 1.85.2. Extension requires: ^1.95.0.
2025-10-07 19:22:17.332 [error] [/home/drdbrioso/.vscode/extensions/ms-toolsai.vscode-jupyter-cell-tags-0.1.9]: Extension is not compatible with Code 1.85.2. Extension requires: ^1.88.0.
2025-10-07 19:22:17.332 [error] [/home/drdbrioso/.vscode/extensions/ms-toolsai.vscode-jupyter-slideshow-0.1.6]: Extension is not compatible with Code 1.85.2. Extension requires: ^1.88.0.
2025-10-07 19:22:17.332 [error] [/home/drdbrioso/.vscode/extensions/ms-toolsai.jupyter-renderers-1.3.0]: Extension is not compatible with Code 1.85.2. Extension requires: ^1.95.0.
2025-10-07 19:22:17.332 [error] [/home/drdbrioso/.vscode/extensions/ms-vscode.remote-server-1.5.3]: Extension is not compatible with Code 1.85.2. Extension requires: ^1.87.0.
2025-10-07 19:22:17.332 [error] [/home/drdbrioso/.vscode/extensions/ms-vscode.remote-explorer-0.5.0]: Extension is not compatible with Code 1.85.2. Extension requires: ^1.87.0.
2025-10-07 19:22:17.333 [error] [/home/drdbrioso/.vscode/extensions/ms-vscode-remote.remote-wsl-0.104.3]: Extension is not compatible with Code 1.85.2. Extension requires: ^1.104.0.
2025-10-07 19:22:17.333 [error] [/home/drdbrioso/.vscode/extensions/ms-python.vscode-python-envs-1.8.0-linux-x64]: Extension is not compatible with Code 1.85.2. Extension requires: ^1.104.0-20250815.
2025-10-07 19:22:17.333 [error] [/home/drdbrioso/.vscode/extensions/ms-python.debugpy-2025.10.0-linux-x64]: Extension is not compatible with Code 1.85.2. Extension requires: ^1.92.0.
2025-10-07 19:22:17.334 [error] [/home/drdbrioso/.vscode/extensions/ms-python.python-2025.14.0-linux-x64]: Extension is not compatible with Code 1.85.2. Extension requires: ^1.95.0.
2025-10-07 19:22:17.334 [error] [/home/drdbrioso/.vscode/extensions/ms-vscode-remote.remote-containers-0.427.0]: Extension is not compatible with Code 1.85.2. Extension requires: ^1.99.0.
2025-10-07 19:22:17.335 [error] [/home/drdbrioso/.vscode/extensions/ms-python.vscode-pylance-2025.8.3]: Extension is not compatible with Code 1.85.2. Extension requires: ^1.101.0.
2025-10-07 19:22:17.337 [error] [/home/drdbrioso/.vscode/extensions/ms-vscode.remote-server-1.5.3]: Extension is not compatible with Code 1.85.2. Extension requires: ^1.87.0.
2025-10-07 19:22:17.337 [error] [/home/drdbrioso/.vscode/extensions/ms-vscode.remote-explorer-0.5.0]: Extension is not compatible with Code 1.85.2. Extension requires: ^1.87.0.
2025-10-07 19:22:17.338 [error] [/home/drdbrioso/.vscode/extensions/ms-python.vscode-python-envs-1.8.0-linux-x64]: Extension is not compatible with Code 1.85.2. Extension requires: ^1.104.0-20250815.
2025-10-07 19:22:17.338 [error] [/home/drdbrioso/.vscode/extensions/ms-vscode-remote.remote-wsl-0.104.3]: Extension is not compatible with Code 1.85.2. Extension requires: ^1.104.0.
2025-10-07 19:22:17.339 [error] [/home/drdbrioso/.vscode/extensions/ms-python.debugpy-2025.10.0-linux-x64]: Extension is not compatible with Code 1.85.2. Extension requires: ^1.92.0.
2025-10-07 19:22:17.339 [error] [/home/drdbrioso/.vscode/extensions/ms-vscode-remote.remote-containers-0.427.0]: Extension is not compatible with Code 1.85.2. Extension requires: ^1.99.0.
2025-10-07 19:22:17.339 [error] [/home/drdbrioso/.vscode/extensions/ms-python.python-2025.14.0-linux-x64]: Extension is not compatible with Code 1.85.2. Extension requires: ^1.95.0.
2025-10-07 19:22:17.340 [error] [/home/drdbrioso/.vscode/extensions/ms-python.vscode-pylance-2025.8.3]: Extension is not compatible with Code 1.85.2. Extension requires: ^1.101.0.
2025-10-07 19:22:25.856 [error] [/home/drdbrioso/.vscode/extensions/ms-toolsai.vscode-jupyter-cell-tags-0.1.9]: Extension is not compatible with Code 1.85.2. Extension requires: ^1.88.0.
2025-10-07 19:22:25.856 [error] [/home/drdbrioso/.vscode/extensions/ms-toolsai.vscode-jupyter-slideshow-0.1.6]: Extension is not compatible with Code 1.85.2. Extension requires: ^1.88.0.
2025-10-07 19:22:25.856 [error] [/home/drdbrioso/.vscode/extensions/ms-toolsai.jupyter-renderers-1.3.0]: Extension is not compatible with Code 1.85.2. Extension requires: ^1.95.0.
2025-10-07 19:22:25.867 [error] [/home/drdbrioso/.vscode/extensions/ms-vscode.remote-server-1.5.3]: Extension is not compatible with Code 1.85.2. Extension requires: ^1.87.0.
2025-10-07 19:22:25.867 [error] [/home/drdbrioso/.vscode/extensions/ms-vscode-remote.remote-wsl-0.104.3]: Extension is not compatible with Code 1.85.2. Extension requires: ^1.104.0.
2025-10-07 19:22:25.868 [error] [/home/drdbrioso/.vscode/extensions/ms-vscode-remote.remote-containers-0.427.0]: Extension is not compatible with Code 1.85.2. Extension requires: ^1.99.0.
2025-10-07 19:22:25.868 [error] [/home/drdbrioso/.vscode/extensions/ms-vscode.remote-explorer-0.5.0]: Extension is not compatible with Code 1.85.2. Extension requires: ^1.87.0.
2025-10-07 19:22:25.869 [error] [/home/drdbrioso/.vscode/extensions/ms-python.vscode-python-envs-1.8.0-linux-x64]: Extension is not compatible with Code 1.85.2. Extension requires: ^1.104.0-20250815.
2025-10-07 19:22:25.870 [error] [/home/drdbrioso/.vscode/extensions/ms-python.debugpy-2025.10.0-linux-x64]: Extension is not compatible with Code 1.85.2. Extension requires: ^1.92.0.
2025-10-07 19:22:25.871 [error] [/home/drdbrioso/.vscode/extensions/ms-python.vscode-pylance-2025.8.3]: Extension is not compatible with Code 1.85.2. Extension requires: ^1.101.0.
2025-10-07 19:22:25.872 [error] [/home/drdbrioso/.vscode/extensions/ms-python.python-2025.14.0-linux-x64]: Extension is not compatible with Code 1.85.2. Extension requires: ^1.95.0.
2025-10-07 19:22:26.764 [error] [/home/drdbrioso/.vscode/extensions/ms-toolsai.vscode-jupyter-cell-tags-0.1.9]: Extension is not compatible with Code 1.85.2. Extension requires: ^1.88.0.
2025-10-07 19:22:26.764 [error] [/home/drdbrioso/.vscode/extensions/ms-toolsai.vscode-jupyter-slideshow-0.1.6]: Extension is not compatible with Code 1.85.2. Extension requires: ^1.88.0.
2025-10-07 19:22:26.765 [error] [/home/drdbrioso/.vscode/extensions/ms-toolsai.jupyter-renderers-1.3.0]: Extension is not compatible with Code 1.85.2. Extension requires: ^1.95.0.
2025-10-07 19:22:26.785 [error] [/home/drdbrioso/.vscode/extensions/ms-vscode.remote-server-1.5.3]: Extension is not compatible with Code 1.85.2. Extension requires: ^1.87.0.
2025-10-07 19:22:26.786 [error] [/home/drdbrioso/.vscode/extensions/ms-vscode-remote.remote-wsl-0.104.3]: Extension is not compatible with Code 1.85.2. Extension requires: ^1.104.0.
2025-10-07 19:22:26.789 [error] [/home/drdbrioso/.vscode/extensions/ms-vscode.remote-explorer-0.5.0]: Extension is not compatible with Code 1.85.2. Extension requires: ^1.87.0.
2025-10-07 19:22:26.790 [error] [/home/drdbrioso/.vscode/extensions/ms-vscode-remote.remote-containers-0.427.0]: Extension is not compatible with Code 1.85.2. Extension requires: ^1.99.0.
2025-10-07 19:22:26.791 [error] [/home/drdbrioso/.vscode/extensions/ms-python.vscode-python-envs-1.8.0-linux-x64]: Extension is not compatible with Code 1.85.2. Extension requires: ^1.104.0-20250815.
2025-10-07 19:22:26.791 [error] [/home/drdbrioso/.vscode/extensions/ms-python.debugpy-2025.10.0-linux-x64]: Extension is not compatible with Code 1.85.2. Extension requires: ^1.92.0.
2025-10-07 19:22:26.793 [error] [/home/drdbrioso/.vscode/extensions/ms-python.python-2025.14.0-linux-x64]: Extension is not compatible with Code 1.85.2. Extension requires: ^1.95.0.
2025-10-07 19:22:26.796 [error] [/home/drdbrioso/.vscode/extensions/ms-python.vscode-pylance-2025.8.3]: Extension is not compatible with Code 1.85.2. Extension requires: ^1.101.0.
2025-10-07 19:22:27.098 [error] [/home/drdbrioso/.vscode/extensions/ms-toolsai.vscode-jupyter-cell-tags-0.1.9]: Extension is not compatible with Code 1.85.2. Extension requires: ^1.88.0.
2025-10-07 19:22:27.098 [error] [/home/drdbrioso/.vscode/extensions/ms-toolsai.vscode-jupyter-slideshow-0.1.6]: Extension is not compatible with Code 1.85.2. Extension requires: ^1.88.0.
2025-10-07 19:22:27.098 [error] [/home/drdbrioso/.vscode/extensions/ms-toolsai.jupyter-renderers-1.3.0]: Extension is not compatible with Code 1.85.2. Extension requires: ^1.95.0.
2025-10-07 19:22:27.109 [error] [/home/drdbrioso/.vscode/extensions/ms-vscode.remote-server-1.5.3]: Extension is not compatible with Code 1.85.2. Extension requires: ^1.87.0.
2025-10-07 19:22:27.109 [error] [/home/drdbrioso/.vscode/extensions/ms-vscode-remote.remote-wsl-0.104.3]: Extension is not compatible with Code 1.85.2. Extension requires: ^1.104.0.
2025-10-07 19:22:27.109 [error] [/home/drdbrioso/.vscode/extensions/ms-vscode.remote-explorer-0.5.0]: Extension is not compatible with Code 1.85.2. Extension requires: ^1.87.0.
2025-10-07 19:22:27.110 [error] [/home/drdbrioso/.vscode/extensions/ms-python.debugpy-2025.10.0-linux-x64]: Extension is not compatible with Code 1.85.2. Extension requires: ^1.92.0.
2025-10-07 19:22:27.110 [error] [/home/drdbrioso/.vscode/extensions/ms-python.vscode-python-envs-1.8.0-linux-x64]: Extension is not compatible with Code 1.85.2. Extension requires: ^1.104.0-20250815.
2025-10-07 19:22:27.111 [error] [/home/drdbrioso/.vscode/extensions/ms-vscode-remote.remote-containers-0.427.0]: Extension is not compatible with Code 1.85.2. Extension requires: ^1.99.0.
2025-10-07 19:22:27.112 [error] [/home/drdbrioso/.vscode/extensions/ms-python.python-2025.14.0-linux-x64]: Extension is not compatible with Code 1.85.2. Extension requires: ^1.95.0.
2025-10-07 19:22:27.113 [error] [/home/drdbrioso/.vscode/extensions/ms-python.vscode-pylance-2025.8.3]: Extension is not compatible with Code 1.85.2. Extension requires: ^1.101.0.
2025-10-07 19:22:27.423 [error] [/home/drdbrioso/.vscode/extensions/ms-toolsai.vscode-jupyter-cell-tags-0.1.9]: Extension is not compatible with Code 1.85.2. Extension requires: ^1.88.0.
2025-10-07 19:22:27.424 [error] [/home/drdbrioso/.vscode/extensions/ms-toolsai.vscode-jupyter-slideshow-0.1.6]: Extension is not compatible with Code 1.85.2. Extension requires: ^1.88.0.
2025-10-07 19:22:27.424 [error] [/home/drdbrioso/.vscode/extensions/ms-toolsai.jupyter-renderers-1.3.0]: Extension is not compatible with Code 1.85.2. Extension requires: ^1.95.0.
2025-10-07 19:22:27.435 [error] [/home/drdbrioso/.vscode/extensions/ms-vscode.remote-server-1.5.3]: Extension is not compatible with Code 1.85.2. Extension requires: ^1.87.0.
2025-10-07 19:22:27.437 [error] [/home/drdbrioso/.vscode/extensions/ms-vscode-remote.remote-wsl-0.104.3]: Extension is not compatible with Code 1.85.2. Extension requires: ^1.104.0.
2025-10-07 19:22:27.438 [error] [/home/drdbrioso/.vscode/extensions/ms-vscode-remote.remote-containers-0.427.0]: Extension is not compatible with Code 1.85.2. Extension requires: ^1.99.0.
2025-10-07 19:22:27.438 [error] [/home/drdbrioso/.vscode/extensions/ms-vscode.remote-explorer-0.5.0]: Extension is not compatible with Code 1.85.2. Extension requires: ^1.87.0.
2025-10-07 19:22:27.438 [error] [/home/drdbrioso/.vscode/extensions/ms-python.debugpy-2025.10.0-linux-x64]: Extension is not compatible with Code 1.85.2. Extension requires: ^1.92.0.
2025-10-07 19:22:27.439 [error] [/home/drdbrioso/.vscode/extensions/ms-python.vscode-python-envs-1.8.0-linux-x64]: Extension is not compatible with Code 1.85.2. Extension requires: ^1.104.0-20250815.
2025-10-07 19:22:27.440 [error] [/home/drdbrioso/.vscode/extensions/ms-python.python-2025.14.0-linux-x64]: Extension is not compatible with Code 1.85.2. Extension requires: ^1.95.0.
2025-10-07 19:22:27.441 [error] [/home/drdbrioso/.vscode/extensions/ms-python.vscode-pylance-2025.8.3]: Extension is not compatible with Code 1.85.2. Extension requires: ^1.101.0.
2025-10-07 19:22:27.648 [error] [/home/drdbrioso/.vscode/extensions/ms-toolsai.vscode-jupyter-slideshow-0.1.6]: Extension is not compatible with Code 1.85.2. Extension requires: ^1.88.0.
2025-10-07 19:22:27.648 [error] [/home/drdbrioso/.vscode/extensions/ms-toolsai.vscode-jupyter-cell-tags-0.1.9]: Extension is not compatible with Code 1.85.2. Extension requires: ^1.88.0.
2025-10-07 19:22:27.649 [error] [/home/drdbrioso/.vscode/extensions/ms-toolsai.jupyter-renderers-1.3.0]: Extension is not compatible with Code 1.85.2. Extension requires: ^1.95.0.
2025-10-07 19:22:27.653 [error] [/home/drdbrioso/.vscode/extensions/ms-vscode.remote-server-1.5.3]: Extension is not compatible with Code 1.85.2. Extension requires: ^1.87.0.
2025-10-07 19:22:27.653 [error] [/home/drdbrioso/.vscode/extensions/ms-vscode-remote.remote-wsl-0.104.3]: Extension is not compatible with Code 1.85.2. Extension requires: ^1.104.0.
2025-10-07 19:22:27.653 [error] [/home/drdbrioso/.vscode/extensions/ms-vscode.remote-explorer-0.5.0]: Extension is not compatible with Code 1.85.2. Extension requires: ^1.87.0.
2025-10-07 19:22:27.653 [error] [/home/drdbrioso/.vscode/extensions/ms-python.vscode-python-envs-1.8.0-linux-x64]: Extension is not compatible with Code 1.85.2. Extension requires: ^1.104.0-20250815.
2025-10-07 19:22:27.654 [error] [/home/drdbrioso/.vscode/extensions/ms-python.debugpy-2025.10.0-linux-x64]: Extension is not compatible with Code 1.85.2. Extension requires: ^1.92.0.
2025-10-07 19:22:27.654 [error] [/home/drdbrioso/.vscode/extensions/ms-python.python-2025.14.0-linux-x64]: Extension is not compatible with Code 1.85.2. Extension requires: ^1.95.0.
2025-10-07 19:22:27.655 [error] [/home/drdbrioso/.vscode/extensions/ms-vscode-remote.remote-containers-0.427.0]: Extension is not compatible with Code 1.85.2. Extension requires: ^1.99.0.
2025-10-07 19:22:27.655 [error] [/home/drdbrioso/.vscode/extensions/ms-python.vscode-pylance-2025.8.3]: Extension is not compatible with Code 1.85.2. Extension requires: ^1.101.0.
2025-10-07 19:22:28.028 [error] [/home/drdbrioso/.vscode/extensions/ms-toolsai.vscode-jupyter-cell-tags-0.1.9]: Extension is not compatible with Code 1.85.2. Extension requires: ^1.88.0.
2025-10-07 19:22:28.028 [error] [/home/drdbrioso/.vscode/extensions/ms-toolsai.vscode-jupyter-slideshow-0.1.6]: Extension is not compatible with Code 1.85.2. Extension requires: ^1.88.0.
2025-10-07 19:22:28.029 [error] [/home/drdbrioso/.vscode/extensions/ms-toolsai.jupyter-renderers-1.3.0]: Extension is not compatible with Code 1.85.2. Extension requires: ^1.95.0.
2025-10-07 19:22:28.047 [error] [/home/drdbrioso/.vscode/extensions/ms-vscode-remote.remote-wsl-0.104.3]: Extension is not compatible with Code 1.85.2. Extension requires: ^1.104.0.
2025-10-07 19:22:28.047 [error] [/home/drdbrioso/.vscode/extensions/ms-vscode.remote-server-1.5.3]: Extension is not compatible with Code 1.85.2. Extension requires: ^1.87.0.
2025-10-07 19:22:28.048 [error] [/home/drdbrioso/.vscode/extensions/ms-vscode.remote-explorer-0.5.0]: Extension is not compatible with Code 1.85.2. Extension requires: ^1.87.0.
2025-10-07 19:22:28.048 [error] [/home/drdbrioso/.vscode/extensions/ms-python.debugpy-2025.10.0-linux-x64]: Extension is not compatible with Code 1.85.2. Extension requires: ^1.92.0.
2025-10-07 19:22:28.049 [error] [/home/drdbrioso/.vscode/extensions/ms-python.vscode-python-envs-1.8.0-linux-x64]: Extension is not compatible with Code 1.85.2. Extension requires: ^1.104.0-20250815.
2025-10-07 19:22:28.049 [error] [/home/drdbrioso/.vscode/extensions/ms-vscode-remote.remote-containers-0.427.0]: Extension is not compatible with Code 1.85.2. Extension requires: ^1.99.0.
2025-10-07 19:22:28.049 [error] [/home/drdbrioso/.vscode/extensions/ms-python.python-2025.14.0-linux-x64]: Extension is not compatible with Code 1.85.2. Extension requires: ^1.95.0.
2025-10-07 19:22:28.051 [error] [/home/drdbrioso/.vscode/extensions/ms-python.vscode-pylance-2025.8.3]: Extension is not compatible with Code 1.85.2. Extension requires: ^1.101.0.
2025-10-07 19:22:28.547 [error] [/home/drdbrioso/.vscode/extensions/ms-toolsai.vscode-jupyter-cell-tags-0.1.9]: Extension is not compatible with Code 1.85.2. Extension requires: ^1.88.0.
2025-10-07 19:22:28.548 [error] [/home/drdbrioso/.vscode/extensions/ms-toolsai.vscode-jupyter-slideshow-0.1.6]: Extension is not compatible with Code 1.85.2. Extension requires: ^1.88.0.
2025-10-07 19:22:28.548 [error] [/home/drdbrioso/.vscode/extensions/ms-toolsai.jupyter-renderers-1.3.0]: Extension is not compatible with Code 1.85.2. Extension requires: ^1.95.0.
2025-10-07 19:22:28.552 [error] [/home/drdbrioso/.vscode/extensions/ms-vscode.remote-server-1.5.3]: Extension is not compatible with Code 1.85.2. Extension requires: ^1.87.0.
2025-10-07 19:22:28.552 [error] [/home/drdbrioso/.vscode/extensions/ms-vscode-remote.remote-wsl-0.104.3]: Extension is not compatible with Code 1.85.2. Extension requires: ^1.104.0.
2025-10-07 19:22:28.552 [error] [/home/drdbrioso/.vscode/extensions/ms-vscode-remote.remote-containers-0.427.0]: Extension is not compatible with Code 1.85.2. Extension requires: ^1.99.0.
2025-10-07 19:22:28.552 [error] [/home/drdbrioso/.vscode/extensions/ms-python.vscode-python-envs-1.8.0-linux-x64]: Extension is not compatible with Code 1.85.2. Extension requires: ^1.104.0-20250815.
2025-10-07 19:22:28.553 [error] [/home/drdbrioso/.vscode/extensions/ms-python.debugpy-2025.10.0-linux-x64]: Extension is not compatible with Code 1.85.2. Extension requires: ^1.92.0.
2025-10-07 19:22:28.553 [error] [/home/drdbrioso/.vscode/extensions/ms-vscode.remote-explorer-0.5.0]: Extension is not compatible with Code 1.85.2. Extension requires: ^1.87.0.
2025-10-07 19:22:28.554 [error] [/home/drdbrioso/.vscode/extensions/ms-python.vscode-pylance-2025.8.3]: Extension is not compatible with Code 1.85.2. Extension requires: ^1.101.0.
2025-10-07 19:22:28.555 [error] [/home/drdbrioso/.vscode/extensions/ms-python.python-2025.14.0-linux-x64]: Extension is not compatible with Code 1.85.2. Extension requires: ^1.95.0.
2025-10-07 19:24:01.182 [error] [/home/drdbrioso/.vscode/extensions/ms-toolsai.vscode-jupyter-cell-tags-0.1.9]: Extension is not compatible with Code 1.85.2. Extension requires: ^1.88.0.
2025-10-07 19:24:01.182 [error] [/home/drdbrioso/.vscode/extensions/ms-toolsai.vscode-jupyter-slideshow-0.1.6]: Extension is not compatible with Code 1.85.2. Extension requires: ^1.88.0.
2025-10-07 19:24:01.182 [error] [/home/drdbrioso/.vscode/extensions/ms-toolsai.jupyter-renderers-1.3.0]: Extension is not compatible with Code 1.85.2. Extension requires: ^1.95.0.
2025-10-07 19:24:01.182 [error] [/home/drdbrioso/.vscode/extensions/ms-vscode.remote-server-1.5.3]: Extension is not compatible with Code 1.85.2. Extension requires: ^1.87.0.
2025-10-07 19:24:01.183 [error] [/home/drdbrioso/.vscode/extensions/ms-vscode-remote.remote-wsl-0.104.3]: Extension is not compatible with Code 1.85.2. Extension requires: ^1.104.0.
2025-10-07 19:24:01.183 [error] [/home/drdbrioso/.vscode/extensions/ms-python.vscode-python-envs-1.8.0-linux-x64]: Extension is not compatible with Code 1.85.2. Extension requires: ^1.104.0-20250815.
2025-10-07 19:24:01.183 [error] [/home/drdbrioso/.vscode/extensions/ms-vscode.remote-explorer-0.5.0]: Extension is not compatible with Code 1.85.2. Extension requires: ^1.87.0.
2025-10-07 19:24:01.183 [error] [/home/drdbrioso/.vscode/extensions/ms-python.debugpy-2025.10.0-linux-x64]: Extension is not compatible with Code 1.85.2. Extension requires: ^1.92.0.
2025-10-07 19:24:01.184 [error] [/home/drdbrioso/.vscode/extensions/ms-vscode-remote.remote-containers-0.427.0]: Extension is not compatible with Code 1.85.2. Extension requires: ^1.99.0.
2025-10-07 19:24:01.184 [error] [/home/drdbrioso/.vscode/extensions/ms-python.python-2025.14.0-linux-x64]: Extension is not compatible with Code 1.85.2. Extension requires: ^1.95.0.
2025-10-07 19:24:01.186 [error] [/home/drdbrioso/.vscode/extensions/ms-python.vscode-pylance-2025.8.3]: Extension is not compatible with Code 1.85.2. Extension requires: ^1.101.0.
2025-10-07 19:27:26.053 [error] [/home/drdbrioso/.vscode/extensions/ms-toolsai.vscode-jupyter-cell-tags-0.1.9]: Extension is not compatible with Code 1.85.2. Extension requires: ^1.88.0.
2025-10-07 19:27:26.053 [error] [/home/drdbrioso/.vscode/extensions/ms-toolsai.vscode-jupyter-slideshow-0.1.6]: Extension is not compatible with Code 1.85.2. Extension requires: ^1.88.0.
2025-10-07 19:27:26.054 [error] [/home/drdbrioso/.vscode/extensions/ms-toolsai.jupyter-renderers-1.3.0]: Extension is not compatible with Code 1.85.2. Extension requires: ^1.95.0.
2025-10-07 19:27:26.054 [error] [/home/drdbrioso/.vscode/extensions/ms-vscode.remote-server-1.5.3]: Extension is not compatible with Code 1.85.2. Extension requires: ^1.87.0.
2025-10-07 19:27:26.054 [error] [/home/drdbrioso/.vscode/extensions/ms-vscode.remote-explorer-0.5.0]: Extension is not compatible with Code 1.85.2. Extension requires: ^1.87.0.
2025-10-07 19:27:26.054 [error] [/home/drdbrioso/.vscode/extensions/ms-vscode-remote.remote-wsl-0.104.3]: Extension is not compatible with Code 1.85.2. Extension requires: ^1.104.0.
2025-10-07 19:27:26.055 [error] [/home/drdbrioso/.vscode/extensions/ms-python.vscode-python-envs-1.8.0-linux-x64]: Extension is not compatible with Code 1.85.2. Extension requires: ^1.104.0-20250815.
2025-10-07 19:27:26.055 [error] [/home/drdbrioso/.vscode/extensions/ms-vscode-remote.remote-containers-0.427.0]: Extension is not compatible with Code 1.85.2. Extension requires: ^1.99.0.
2025-10-07 19:27:26.056 [error] [/home/drdbrioso/.vscode/extensions/ms-python.debugpy-2025.10.0-linux-x64]: Extension is not compatible with Code 1.85.2. Extension requires: ^1.92.0.
2025-10-07 19:27:26.057 [error] [/home/drdbrioso/.vscode/extensions/ms-python.python-2025.14.0-linux-x64]: Extension is not compatible with Code 1.85.2. Extension requires: ^1.95.0.
2025-10-07 19:27:26.058 [error] [/home/drdbrioso/.vscode/extensions/ms-python.vscode-pylance-2025.8.3]: Extension is not compatible with Code 1.85.2. Extension requires: ^1.101.0.
2025-10-07 19:29:02.796 [error] [/home/drdbrioso/.vscode/extensions/ms-toolsai.vscode-jupyter-cell-tags-0.1.9]: Extension is not compatible with Code 1.85.2. Extension requires: ^1.88.0.
2025-10-07 19:29:02.796 [error] [/home/drdbrioso/.vscode/extensions/ms-toolsai.vscode-jupyter-slideshow-0.1.6]: Extension is not compatible with Code 1.85.2. Extension requires: ^1.88.0.
2025-10-07 19:29:02.796 [error] [/home/drdbrioso/.vscode/extensions/ms-toolsai.jupyter-renderers-1.3.0]: Extension is not compatible with Code 1.85.2. Extension requires: ^1.95.0.
2025-10-07 19:29:02.798 [error] [/home/drdbrioso/.vscode/extensions/ms-vscode.remote-server-1.5.3]: Extension is not compatible with Code 1.85.2. Extension requires: ^1.87.0.
2025-10-07 19:29:02.799 [error] [/home/drdbrioso/.vscode/extensions/ms-vscode-remote.remote-wsl-0.104.3]: Extension is not compatible with Code 1.85.2. Extension requires: ^1.104.0.
2025-10-07 19:29:02.800 [error] [/home/drdbrioso/.vscode/extensions/ms-vscode.remote-explorer-0.5.0]: Extension is not compatible with Code 1.85.2. Extension requires: ^1.87.0.
2025-10-07 19:29:02.800 [error] [/home/drdbrioso/.vscode/extensions/ms-python.vscode-python-envs-1.8.0-linux-x64]: Extension is not compatible with Code 1.85.2. Extension requires: ^1.104.0-20250815.
2025-10-07 19:29:02.801 [error] [/home/drdbrioso/.vscode/extensions/ms-python.debugpy-2025.10.0-linux-x64]: Extension is not compatible with Code 1.85.2. Extension requires: ^1.92.0.
2025-10-07 19:29:02.802 [error] [/home/drdbrioso/.vscode/extensions/ms-vscode-remote.remote-containers-0.427.0]: Extension is not compatible with Code 1.85.2. Extension requires: ^1.99.0.
2025-10-07 19:29:02.803 [error] [/home/drdbrioso/.vscode/extensions/ms-python.python-2025.14.0-linux-x64]: Extension is not compatible with Code 1.85.2. Extension requires: ^1.95.0.
2025-10-07 19:29:02.804 [error] [/home/drdbrioso/.vscode/extensions/ms-python.vscode-pylance-2025.8.3]: Extension is not compatible with Code 1.85.2. Extension requires: ^1.101.0.
2025-10-07 19:32:26.453 [error] [/home/drdbrioso/.vscode/extensions/ms-toolsai.vscode-jupyter-slideshow-0.1.6]: Extension is not compatible with Code 1.85.2. Extension requires: ^1.88.0.
2025-10-07 19:32:26.454 [error] [/home/drdbrioso/.vscode/extensions/ms-toolsai.vscode-jupyter-cell-tags-0.1.9]: Extension is not compatible with Code 1.85.2. Extension requires: ^1.88.0.
2025-10-07 19:32:26.454 [error] [/home/drdbrioso/.vscode/extensions/ms-toolsai.jupyter-renderers-1.3.0]: Extension is not compatible with Code 1.85.2. Extension requires: ^1.95.0.
2025-10-07 19:32:26.454 [error] [/home/drdbrioso/.vscode/extensions/ms-vscode.remote-server-1.5.3]: Extension is not compatible with Code 1.85.2. Extension requires: ^1.87.0.
2025-10-07 19:32:26.454 [error] [/home/drdbrioso/.vscode/extensions/ms-vscode.remote-explorer-0.5.0]: Extension is not compatible with Code 1.85.2. Extension requires: ^1.87.0.
2025-10-07 19:32:26.454 [error] [/home/drdbrioso/.vscode/extensions/ms-vscode-remote.remote-wsl-0.104.3]: Extension is not compatible with Code 1.85.2. Extension requires: ^1.104.0.
2025-10-07 19:32:26.454 [error] [/home/drdbrioso/.vscode/extensions/ms-python.vscode-python-envs-1.8.0-linux-x64]: Extension is not compatible with Code 1.85.2. Extension requires: ^1.104.0-20250815.
2025-10-07 19:32:26.455 [error] [/home/drdbrioso/.vscode/extensions/ms-python.debugpy-2025.10.0-linux-x64]: Extension is not compatible with Code 1.85.2. Extension requires: ^1.92.0.
2025-10-07 19:32:26.455 [error] [/home/drdbrioso/.vscode/extensions/ms-vscode-remote.remote-containers-0.427.0]: Extension is not compatible with Code 1.85.2. Extension requires: ^1.99.0.
2025-10-07 19:32:26.455 [error] [/home/drdbrioso/.vscode/extensions/ms-python.python-2025.14.0-linux-x64]: Extension is not compatible with Code 1.85.2. Extension requires: ^1.95.0.
2025-10-07 19:32:26.457 [error] [/home/drdbrioso/.vscode/extensions/ms-python.vscode-pylance-2025.8.3]: Extension is not compatible with Code 1.85.2. Extension requires: ^1.101.0.
2025-10-07 19:34:08.712 [error] [/home/drdbrioso/.vscode/extensions/ms-toolsai.vscode-jupyter-cell-tags-0.1.9]: Extension is not compatible with Code 1.85.2. Extension requires: ^1.88.0.
2025-10-07 19:34:08.712 [error] [/home/drdbrioso/.vscode/extensions/ms-toolsai.vscode-jupyter-slideshow-0.1.6]: Extension is not compatible with Code 1.85.2. Extension requires: ^1.88.0.
2025-10-07 19:34:08.713 [error] [/home/drdbrioso/.vscode/extensions/ms-toolsai.jupyter-renderers-1.3.0]: Extension is not compatible with Code 1.85.2. Extension requires: ^1.95.0.
2025-10-07 19:34:08.713 [error] [/home/drdbrioso/.vscode/extensions/ms-vscode.remote-server-1.5.3]: Extension is not compatible with Code 1.85.2. Extension requires: ^1.87.0.
2025-10-07 19:34:08.714 [error] [/home/drdbrioso/.vscode/extensions/ms-vscode.remote-explorer-0.5.0]: Extension is not compatible with Code 1.85.2. Extension requires: ^1.87.0.
2025-10-07 19:34:08.714 [error] [/home/drdbrioso/.vscode/extensions/ms-vscode-remote.remote-wsl-0.104.3]: Extension is not compatible with Code 1.85.2. Extension requires: ^1.104.0.
2025-10-07 19:34:08.714 [error] [/home/drdbrioso/.vscode/extensions/ms-python.vscode-python-envs-1.8.0-linux-x64]: Extension is not compatible with Code 1.85.2. Extension requires: ^1.104.0-20250815.
2025-10-07 19:34:08.714 [error] [/home/drdbrioso/.vscode/extensions/ms-vscode-remote.remote-containers-0.427.0]: Extension is not compatible with Code 1.85.2. Extension requires: ^1.99.0.
2025-10-07 19:34:08.715 [error] [/home/drdbrioso/.vscode/extensions/ms-python.debugpy-2025.10.0-linux-x64]: Extension is not compatible with Code 1.85.2. Extension requires: ^1.92.0.
2025-10-07 19:34:08.716 [error] [/home/drdbrioso/.vscode/extensions/ms-python.python-2025.14.0-linux-x64]: Extension is not compatible with Code 1.85.2. Extension requires: ^1.95.0.
2025-10-07 19:34:08.716 [error] [/home/drdbrioso/.vscode/extensions/ms-python.vscode-pylance-2025.8.3]: Extension is not compatible with Code 1.85.2. Extension requires: ^1.101.0.
2025-10-07 19:37:26.629 [error] [/home/drdbrioso/.vscode/extensions/ms-toolsai.vscode-jupyter-cell-tags-0.1.9]: Extension is not compatible with Code 1.85.2. Extension requires: ^1.88.0.
2025-10-07 19:37:26.631 [error] [/home/drdbrioso/.vscode/extensions/ms-toolsai.vscode-jupyter-slideshow-0.1.6]: Extension is not compatible with Code 1.85.2. Extension requires: ^1.88.0.
2025-10-07 19:37:26.631 [error] [/home/drdbrioso/.vscode/extensions/ms-toolsai.jupyter-renderers-1.3.0]: Extension is not compatible with Code 1.85.2. Extension requires: ^1.95.0.
2025-10-07 19:37:26.632 [error] [/home/drdbrioso/.vscode/extensions/ms-vscode-remote.remote-wsl-0.104.3]: Extension is not compatible with Code 1.85.2. Extension requires: ^1.104.0.
2025-10-07 19:37:26.633 [error] [/home/drdbrioso/.vscode/extensions/ms-vscode.remote-server-1.5.3]: Extension is not compatible with Code 1.85.2. Extension requires: ^1.87.0.
2025-10-07 19:37:26.636 [error] [/home/drdbrioso/.vscode/extensions/ms-vscode.remote-explorer-0.5.0]: Extension is not compatible with Code 1.85.2. Extension requires: ^1.87.0.
2025-10-07 19:37:26.636 [error] [/home/drdbrioso/.vscode/extensions/ms-python.debugpy-2025.10.0-linux-x64]: Extension is not compatible with Code 1.85.2. Extension requires: ^1.92.0.
2025-10-07 19:37:26.637 [error] [/home/drdbrioso/.vscode/extensions/ms-python.vscode-python-envs-1.8.0-linux-x64]: Extension is not compatible with Code 1.85.2. Extension requires: ^1.104.0-20250815.
2025-10-07 19:37:26.637 [error] [/home/drdbrioso/.vscode/extensions/ms-vscode-remote.remote-containers-0.427.0]: Extension is not compatible with Code 1.85.2. Extension requires: ^1.99.0.
2025-10-07 19:37:26.639 [error] [/home/drdbrioso/.vscode/extensions/ms-python.python-2025.14.0-linux-x64]: Extension is not compatible with Code 1.85.2. Extension requires: ^1.95.0.
2025-10-07 19:37:26.640 [error] [/home/drdbrioso/.vscode/extensions/ms-python.vscode-pylance-2025.8.3]: Extension is not compatible with Code 1.85.2. Extension requires: ^1.101.0.
2025-10-07 19:39:09.646 [error] [/home/drdbrioso/.vscode/extensions/ms-toolsai.vscode-jupyter-cell-tags-0.1.9]: Extension is not compatible with Code 1.85.2. Extension requires: ^1.88.0.
2025-10-07 19:39:09.646 [error] [/home/drdbrioso/.vscode/extensions/ms-toolsai.vscode-jupyter-slideshow-0.1.6]: Extension is not compatible with Code 1.85.2. Extension requires: ^1.88.0.
2025-10-07 19:39:09.646 [error] [/home/drdbrioso/.vscode/extensions/ms-toolsai.jupyter-renderers-1.3.0]: Extension is not compatible with Code 1.85.2. Extension requires: ^1.95.0.
2025-10-07 19:39:09.647 [error] [/home/drdbrioso/.vscode/extensions/ms-vscode.remote-server-1.5.3]: Extension is not compatible with Code 1.85.2. Extension requires: ^1.87.0.
2025-10-07 19:39:09.647 [error] [/home/drdbrioso/.vscode/extensions/ms-vscode-remote.remote-wsl-0.104.3]: Extension is not compatible with Code 1.85.2. Extension requires: ^1.104.0.
2025-10-07 19:39:09.647 [error] [/home/drdbrioso/.vscode/extensions/ms-python.vscode-python-envs-1.8.0-linux-x64]: Extension is not compatible with Code 1.85.2. Extension requires: ^1.104.0-20250815.
2025-10-07 19:39:09.648 [error] [/home/drdbrioso/.vscode/extensions/ms-python.debugpy-2025.10.0-linux-x64]: Extension is not compatible with Code 1.85.2. Extension requires: ^1.92.0.
2025-10-07 19:39:09.648 [error] [/home/drdbrioso/.vscode/extensions/ms-vscode.remote-explorer-0.5.0]: Extension is not compatible with Code 1.85.2. Extension requires: ^1.87.0.
2025-10-07 19:39:09.650 [error] [/home/drdbrioso/.vscode/extensions/ms-vscode-remote.remote-containers-0.427.0]: Extension is not compatible with Code 1.85.2. Extension requires: ^1.99.0.
2025-10-07 19:39:09.650 [error] [/home/drdbrioso/.vscode/extensions/ms-python.python-2025.14.0-linux-x64]: Extension is not compatible with Code 1.85.2. Extension requires: ^1.95.0.
2025-10-07 19:39:09.652 [error] [/home/drdbrioso/.vscode/extensions/ms-python.vscode-pylance-2025.8.3]: Extension is not compatible with Code 1.85.2. Extension requires: ^1.101.0.
2025-10-07 19:42:26.731 [error] [/home/drdbrioso/.vscode/extensions/ms-toolsai.vscode-jupyter-cell-tags-0.1.9]: Extension is not compatible with Code 1.85.2. Extension requires: ^1.88.0.
2025-10-07 19:42:26.732 [error] [/home/drdbrioso/.vscode/extensions/ms-toolsai.vscode-jupyter-slideshow-0.1.6]: Extension is not compatible with Code 1.85.2. Extension requires: ^1.88.0.
2025-10-07 19:42:26.732 [error] [/home/drdbrioso/.vscode/extensions/ms-toolsai.jupyter-renderers-1.3.0]: Extension is not compatible with Code 1.85.2. Extension requires: ^1.95.0.
2025-10-07 19:42:26.734 [error] [/home/drdbrioso/.vscode/extensions/ms-vscode.remote-server-1.5.3]: Extension is not compatible with Code 1.85.2. Extension requires: ^1.87.0.
2025-10-07 19:42:26.734 [error] [/home/drdbrioso/.vscode/extensions/ms-vscode-remote.remote-wsl-0.104.3]: Extension is not compatible with Code 1.85.2. Extension requires: ^1.104.0.
2025-10-07 19:42:26.734 [error] [/home/drdbrioso/.vscode/extensions/ms-vscode.remote-explorer-0.5.0]: Extension is not compatible with Code 1.85.2. Extension requires: ^1.87.0.
2025-10-07 19:42:26.734 [error] [/home/drdbrioso/.vscode/extensions/ms-python.vscode-python-envs-1.8.0-linux-x64]: Extension is not compatible with Code 1.85.2. Extension requires: ^1.104.0-20250815.
2025-10-07 19:42:26.735 [error] [/home/drdbrioso/.vscode/extensions/ms-vscode-remote.remote-containers-0.427.0]: Extension is not compatible with Code 1.85.2. Extension requires: ^1.99.0.
2025-10-07 19:42:26.735 [error] [/home/drdbrioso/.vscode/extensions/ms-python.debugpy-2025.10.0-linux-x64]: Extension is not compatible with Code 1.85.2. Extension requires: ^1.92.0.
2025-10-07 19:42:26.737 [error] [/home/drdbrioso/.vscode/extensions/ms-python.python-2025.14.0-linux-x64]: Extension is not compatible with Code 1.85.2. Extension requires: ^1.95.0.
2025-10-07 19:42:26.738 [error] [/home/drdbrioso/.vscode/extensions/ms-python.vscode-pylance-2025.8.3]: Extension is not compatible with Code 1.85.2. Extension requires: ^1.101.0.
2025-10-07 19:44:10.591 [error] [/home/drdbrioso/.vscode/extensions/ms-toolsai.vscode-jupyter-cell-tags-0.1.9]: Extension is not compatible with Code 1.85.2. Extension requires: ^1.88.0.
2025-10-07 19:44:10.592 [error] [/home/drdbrioso/.vscode/extensions/ms-toolsai.vscode-jupyter-slideshow-0.1.6]: Extension is not compatible with Code 1.85.2. Extension requires: ^1.88.0.
2025-10-07 19:44:10.592 [error] [/home/drdbrioso/.vscode/extensions/ms-toolsai.jupyter-renderers-1.3.0]: Extension is not compatible with Code 1.85.2. Extension requires: ^1.95.0.
2025-10-07 19:44:10.594 [error] [/home/drdbrioso/.vscode/extensions/ms-vscode.remote-server-1.5.3]: Extension is not compatible with Code 1.85.2. Extension requires: ^1.87.0.
2025-10-07 19:44:10.594 [error] [/home/drdbrioso/.vscode/extensions/ms-vscode.remote-explorer-0.5.0]: Extension is not compatible with Code 1.85.2. Extension requires: ^1.87.0.
2025-10-07 19:44:10.594 [error] [/home/drdbrioso/.vscode/extensions/ms-vscode-remote.remote-wsl-0.104.3]: Extension is not compatible with Code 1.85.2. Extension requires: ^1.104.0.
2025-10-07 19:44:10.595 [error] [/home/drdbrioso/.vscode/extensions/ms-python.vscode-python-envs-1.8.0-linux-x64]: Extension is not compatible with Code 1.85.2. Extension requires: ^1.104.0-20250815.
2025-10-07 19:44:10.595 [error] [/home/drdbrioso/.vscode/extensions/ms-python.debugpy-2025.10.0-linux-x64]: Extension is not compatible with Code 1.85.2. Extension requires: ^1.92.0.
2025-10-07 19:44:10.596 [error] [/home/drdbrioso/.vscode/extensions/ms-vscode-remote.remote-containers-0.427.0]: Extension is not compatible with Code 1.85.2. Extension requires: ^1.99.0.
2025-10-07 19:44:10.598 [error] [/home/drdbrioso/.vscode/extensions/ms-python.vscode-pylance-2025.8.3]: Extension is not compatible with Code 1.85.2. Extension requires: ^1.101.0.
2025-10-07 19:44:10.599 [error] [/home/drdbrioso/.vscode/extensions/ms-python.python-2025.14.0-linux-x64]: Extension is not compatible with Code 1.85.2. Extension requires: ^1.95.0.
2025-10-07 19:47:26.779 [error] [/home/drdbrioso/.vscode/extensions/ms-toolsai.vscode-jupyter-slideshow-0.1.6]: Extension is not compatible with Code 1.85.2. Extension requires: ^1.88.0.
2025-10-07 19:47:26.782 [error] [/home/drdbrioso/.vscode/extensions/ms-toolsai.vscode-jupyter-cell-tags-0.1.9]: Extension is not compatible with Code 1.85.2. Extension requires: ^1.88.0.
2025-10-07 19:47:26.782 [error] [/home/drdbrioso/.vscode/extensions/ms-toolsai.jupyter-renderers-1.3.0]: Extension is not compatible with Code 1.85.2. Extension requires: ^1.95.0.
2025-10-07 19:47:26.783 [error] [/home/drdbrioso/.vscode/extensions/ms-vscode.remote-server-1.5.3]: Extension is not compatible with Code 1.85.2. Extension requires: ^1.87.0.
2025-10-07 19:47:26.783 [error] [/home/drdbrioso/.vscode/extensions/ms-vscode.remote-explorer-0.5.0]: Extension is not compatible with Code 1.85.2. Extension requires: ^1.87.0.
2025-10-07 19:47:26.784 [error] [/home/drdbrioso/.vscode/extensions/ms-vscode-remote.remote-wsl-0.104.3]: Extension is not compatible with Code 1.85.2. Extension requires: ^1.104.0.
2025-10-07 19:47:26.784 [error] [/home/drdbrioso/.vscode/extensions/ms-python.vscode-python-envs-1.8.0-linux-x64]: Extension is not compatible with Code 1.85.2. Extension requires: ^1.104.0-20250815.
2025-10-07 19:47:26.784 [error] [/home/drdbrioso/.vscode/extensions/ms-python.debugpy-2025.10.0-linux-x64]: Extension is not compatible with Code 1.85.2. Extension requires: ^1.92.0.
2025-10-07 19:47:26.786 [error] [/home/drdbrioso/.vscode/extensions/ms-vscode-remote.remote-containers-0.427.0]: Extension is not compatible with Code 1.85.2. Extension requires: ^1.99.0.
2025-10-07 19:47:26.787 [error] [/home/drdbrioso/.vscode/extensions/ms-python.python-2025.14.0-linux-x64]: Extension is not compatible with Code 1.85.2. Extension requires: ^1.95.0.
2025-10-07 19:47:26.788 [error] [/home/drdbrioso/.vscode/extensions/ms-python.vscode-pylance-2025.8.3]: Extension is not compatible with Code 1.85.2. Extension requires: ^1.101.0.
2025-10-07 19:49:26.195 [error] [/home/drdbrioso/.vscode/extensions/ms-toolsai.vscode-jupyter-slideshow-0.1.6]: Extension is not compatible with Code 1.85.2. Extension requires: ^1.88.0.
2025-10-07 19:49:26.196 [error] [/home/drdbrioso/.vscode/extensions/ms-toolsai.vscode-jupyter-cell-tags-0.1.9]: Extension is not compatible with Code 1.85.2. Extension requires: ^1.88.0.
2025-10-07 19:49:26.196 [error] [/home/drdbrioso/.vscode/extensions/ms-toolsai.jupyter-renderers-1.3.0]: Extension is not compatible with Code 1.85.2. Extension requires: ^1.95.0.
2025-10-07 19:49:26.197 [error] [/home/drdbrioso/.vscode/extensions/ms-vscode.remote-server-1.5.3]: Extension is not compatible with Code 1.85.2. Extension requires: ^1.87.0.
2025-10-07 19:49:26.197 [error] [/home/drdbrioso/.vscode/extensions/ms-vscode.remote-explorer-0.5.0]: Extension is not compatible with Code 1.85.2. Extension requires: ^1.87.0.
2025-10-07 19:49:26.197 [error] [/home/drdbrioso/.vscode/extensions/ms-python.vscode-python-envs-1.8.0-linux-x64]: Extension is not compatible with Code 1.85.2. Extension requires: ^1.104.0-20250815.
2025-10-07 19:49:26.198 [error] [/home/drdbrioso/.vscode/extensions/ms-vscode-remote.remote-wsl-0.104.3]: Extension is not compatible with Code 1.85.2. Extension requires: ^1.104.0.
2025-10-07 19:49:26.198 [error] [/home/drdbrioso/.vscode/extensions/ms-python.debugpy-2025.10.0-linux-x64]: Extension is not compatible with Code 1.85.2. Extension requires: ^1.92.0.
2025-10-07 19:49:26.198 [error] [/home/drdbrioso/.vscode/extensions/ms-vscode-remote.remote-containers-0.427.0]: Extension is not compatible with Code 1.85.2. Extension requires: ^1.99.0.
2025-10-07 19:49:26.201 [error] [/home/drdbrioso/.vscode/extensions/ms-python.python-2025.14.0-linux-x64]: Extension is not compatible with Code 1.85.2. Extension requires: ^1.95.0.
2025-10-07 19:49:26.201 [error] [/home/drdbrioso/.vscode/extensions/ms-python.vscode-pylance-2025.8.3]: Extension is not compatible with Code 1.85.2. Extension requires: ^1.101.0.
2025-10-07 19:52:27.005 [error] [/home/drdbrioso/.vscode/extensions/ms-toolsai.vscode-jupyter-cell-tags-0.1.9]: Extension is not compatible with Code 1.85.2. Extension requires: ^1.88.0.
2025-10-07 19:52:27.006 [error] [/home/drdbrioso/.vscode/extensions/ms-toolsai.vscode-jupyter-slideshow-0.1.6]: Extension is not compatible with Code 1.85.2. Extension requires: ^1.88.0.
2025-10-07 19:52:27.006 [error] [/home/drdbrioso/.vscode/extensions/ms-toolsai.jupyter-renderers-1.3.0]: Extension is not compatible with Code 1.85.2. Extension requires: ^1.95.0.
2025-10-07 19:52:27.007 [error] [/home/drdbrioso/.vscode/extensions/ms-vscode.remote-server-1.5.3]: Extension is not compatible with Code 1.85.2. Extension requires: ^1.87.0.
2025-10-07 19:52:27.008 [error] [/home/drdbrioso/.vscode/extensions/ms-vscode-remote.remote-containers-0.427.0]: Extension is not compatible with Code 1.85.2. Extension requires: ^1.99.0.
2025-10-07 19:52:27.008 [error] [/home/drdbrioso/.vscode/extensions/ms-vscode-remote.remote-wsl-0.104.3]: Extension is not compatible with Code 1.85.2. Extension requires: ^1.104.0.
2025-10-07 19:52:27.008 [error] [/home/drdbrioso/.vscode/extensions/ms-python.vscode-python-envs-1.8.0-linux-x64]: Extension is not compatible with Code 1.85.2. Extension requires: ^1.104.0-20250815.
2025-10-07 19:52:27.010 [error] [/home/drdbrioso/.vscode/extensions/ms-vscode.remote-explorer-0.5.0]: Extension is not compatible with Code 1.85.2. Extension requires: ^1.87.0.
2025-10-07 19:52:27.011 [error] [/home/drdbrioso/.vscode/extensions/ms-python.debugpy-2025.10.0-linux-x64]: Extension is not compatible with Code 1.85.2. Extension requires: ^1.92.0.
2025-10-07 19:52:27.012 [error] [/home/drdbrioso/.vscode/extensions/ms-python.vscode-pylance-2025.8.3]: Extension is not compatible with Code 1.85.2. Extension requires: ^1.101.0.
2025-10-07 19:52:27.012 [error] [/home/drdbrioso/.vscode/extensions/ms-python.python-2025.14.0-linux-x64]: Extension is not compatible with Code 1.85.2. Extension requires: ^1.95.0.
2025-10-07 19:54:28.118 [error] [/home/drdbrioso/.vscode/extensions/ms-toolsai.vscode-jupyter-cell-tags-0.1.9]: Extension is not compatible with Code 1.85.2. Extension requires: ^1.88.0.
2025-10-07 19:54:28.118 [error] [/home/drdbrioso/.vscode/extensions/ms-toolsai.vscode-jupyter-slideshow-0.1.6]: Extension is not compatible with Code 1.85.2. Extension requires: ^1.88.0.
2025-10-07 19:54:28.119 [error] [/home/drdbrioso/.vscode/extensions/ms-toolsai.jupyter-renderers-1.3.0]: Extension is not compatible with Code 1.85.2. Extension requires: ^1.95.0.
2025-10-07 19:54:28.120 [error] [/home/drdbrioso/.vscode/extensions/ms-vscode.remote-server-1.5.3]: Extension is not compatible with Code 1.85.2. Extension requires: ^1.87.0.
2025-10-07 19:54:28.120 [error] [/home/drdbrioso/.vscode/extensions/ms-vscode-remote.remote-wsl-0.104.3]: Extension is not compatible with Code 1.85.2. Extension requires: ^1.104.0.
2025-10-07 19:54:28.121 [error] [/home/drdbrioso/.vscode/extensions/ms-vscode.remote-explorer-0.5.0]: Extension is not compatible with Code 1.85.2. Extension requires: ^1.87.0.
2025-10-07 19:54:28.122 [error] [/home/drdbrioso/.vscode/extensions/ms-vscode-remote.remote-containers-0.427.0]: Extension is not compatible with Code 1.85.2. Extension requires: ^1.99.0.
2025-10-07 19:54:28.123 [error] [/home/drdbrioso/.vscode/extensions/ms-python.vscode-python-envs-1.8.0-linux-x64]: Extension is not compatible with Code 1.85.2. Extension requires: ^1.104.0-20250815.
2025-10-07 19:54:28.123 [error] [/home/drdbrioso/.vscode/extensions/ms-python.debugpy-2025.10.0-linux-x64]: Extension is not compatible with Code 1.85.2. Extension requires: ^1.92.0.
2025-10-07 19:54:28.124 [error] [/home/drdbrioso/.vscode/extensions/ms-python.python-2025.14.0-linux-x64]: Extension is not compatible with Code 1.85.2. Extension requires: ^1.95.0.
2025-10-07 19:54:28.126 [error] [/home/drdbrioso/.vscode/extensions/ms-python.vscode-pylance-2025.8.3]: Extension is not compatible with Code 1.85.2. Extension requires: ^1.101.0.
2025-10-07 19:57:27.088 [error] [/home/drdbrioso/.vscode/extensions/ms-toolsai.vscode-jupyter-slideshow-0.1.6]: Extension is not compatible with Code 1.85.2. Extension requires: ^1.88.0.
2025-10-07 19:57:27.089 [error] [/home/drdbrioso/.vscode/extensions/ms-toolsai.vscode-jupyter-cell-tags-0.1.9]: Extension is not compatible with Code 1.85.2. Extension requires: ^1.88.0.
2025-10-07 19:57:27.089 [error] [/home/drdbrioso/.vscode/extensions/ms-toolsai.jupyter-renderers-1.3.0]: Extension is not compatible with Code 1.85.2. Extension requires: ^1.95.0.
2025-10-07 19:57:27.090 [error] [/home/drdbrioso/.vscode/extensions/ms-vscode.remote-server-1.5.3]: Extension is not compatible with Code 1.85.2. Extension requires: ^1.87.0.
2025-10-07 19:57:27.091 [error] [/home/drdbrioso/.vscode/extensions/ms-vscode.remote-explorer-0.5.0]: Extension is not compatible with Code 1.85.2. Extension requires: ^1.87.0.
2025-10-07 19:57:27.091 [error] [/home/drdbrioso/.vscode/extensions/ms-vscode-remote.remote-containers-0.427.0]: Extension is not compatible with Code 1.85.2. Extension requires: ^1.99.0.
2025-10-07 19:57:27.092 [error] [/home/drdbrioso/.vscode/extensions/ms-vscode-remote.remote-wsl-0.104.3]: Extension is not compatible with Code 1.85.2. Extension requires: ^1.104.0.
2025-10-07 19:57:27.095 [error] [/home/drdbrioso/.vscode/extensions/ms-python.vscode-python-envs-1.8.0-linux-x64]: Extension is not compatible with Code 1.85.2. Extension requires: ^1.104.0-20250815.
2025-10-07 19:57:27.096 [error] [/home/drdbrioso/.vscode/extensions/ms-python.debugpy-2025.10.0-linux-x64]: Extension is not compatible with Code 1.85.2. Extension requires: ^1.92.0.
2025-10-07 19:57:27.097 [error] [/home/drdbrioso/.vscode/extensions/ms-python.python-2025.14.0-linux-x64]: Extension is not compatible with Code 1.85.2. Extension requires: ^1.95.0.
2025-10-07 19:57:27.098 [error] [/home/drdbrioso/.vscode/extensions/ms-python.vscode-pylance-2025.8.3]: Extension is not compatible with Code 1.85.2. Extension requires: ^1.101.0.
2025-10-07 19:59:29.536 [error] [/home/drdbrioso/.vscode/extensions/ms-toolsai.vscode-jupyter-cell-tags-0.1.9]: Extension is not compatible with Code 1.85.2. Extension requires: ^1.88.0.
2025-10-07 19:59:29.537 [error] [/home/drdbrioso/.vscode/extensions/ms-toolsai.vscode-jupyter-slideshow-0.1.6]: Extension is not compatible with Code 1.85.2. Extension requires: ^1.88.0.
2025-10-07 19:59:29.537 [error] [/home/drdbrioso/.vscode/extensions/ms-toolsai.jupyter-renderers-1.3.0]: Extension is not compatible with Code 1.85.2. Extension requires: ^1.95.0.
2025-10-07 19:59:29.538 [error] [/home/drdbrioso/.vscode/extensions/ms-vscode-remote.remote-wsl-0.104.3]: Extension is not compatible with Code 1.85.2. Extension requires: ^1.104.0.
2025-10-07 19:59:29.539 [error] [/home/drdbrioso/.vscode/extensions/ms-vscode-remote.remote-containers-0.427.0]: Extension is not compatible with Code 1.85.2. Extension requires: ^1.99.0.
2025-10-07 19:59:29.539 [error] [/home/drdbrioso/.vscode/extensions/ms-vscode.remote-server-1.5.3]: Extension is not compatible with Code 1.85.2. Extension requires: ^1.87.0.
2025-10-07 19:59:29.539 [error] [/home/drdbrioso/.vscode/extensions/ms-vscode.remote-explorer-0.5.0]: Extension is not compatible with Code 1.85.2. Extension requires: ^1.87.0.
2025-10-07 19:59:29.540 [error] [/home/drdbrioso/.vscode/extensions/ms-python.vscode-python-envs-1.8.0-linux-x64]: Extension is not compatible with Code 1.85.2. Extension requires: ^1.104.0-20250815.
2025-10-07 19:59:29.540 [error] [/home/drdbrioso/.vscode/extensions/ms-python.debugpy-2025.10.0-linux-x64]: Extension is not compatible with Code 1.85.2. Extension requires: ^1.92.0.
2025-10-07 19:59:29.544 [error] [/home/drdbrioso/.vscode/extensions/ms-python.python-2025.14.0-linux-x64]: Extension is not compatible with Code 1.85.2. Extension requires: ^1.95.0.
2025-10-07 19:59:29.546 [error] [/home/drdbrioso/.vscode/extensions/ms-python.vscode-pylance-2025.8.3]: Extension is not compatible with Code 1.85.2. Extension requires: ^1.101.0.
2025-10-07 20:02:27.634 [error] [/home/drdbrioso/.vscode/extensions/ms-toolsai.vscode-jupyter-cell-tags-0.1.9]: Extension is not compatible with Code 1.85.2. Extension requires: ^1.88.0.
2025-10-07 20:02:27.634 [error] [/home/drdbrioso/.vscode/extensions/ms-toolsai.vscode-jupyter-slideshow-0.1.6]: Extension is not compatible with Code 1.85.2. Extension requires: ^1.88.0.
2025-10-07 20:02:27.634 [error] [/home/drdbrioso/.vscode/extensions/ms-toolsai.jupyter-renderers-1.3.0]: Extension is not compatible with Code 1.85.2. Extension requires: ^1.95.0.
2025-10-07 20:02:27.635 [error] [/home/drdbrioso/.vscode/extensions/ms-vscode.remote-server-1.5.3]: Extension is not compatible with Code 1.85.2. Extension requires: ^1.87.0.
2025-10-07 20:02:27.636 [error] [/home/drdbrioso/.vscode/extensions/ms-vscode.remote-explorer-0.5.0]: Extension is not compatible with Code 1.85.2. Extension requires: ^1.87.0.
2025-10-07 20:02:27.636 [error] [/home/drdbrioso/.vscode/extensions/ms-python.vscode-python-envs-1.8.0-linux-x64]: Extension is not compatible with Code 1.85.2. Extension requires: ^1.104.0-20250815.
2025-10-07 20:02:27.636 [error] [/home/drdbrioso/.vscode/extensions/ms-python.debugpy-2025.10.0-linux-x64]: Extension is not compatible with Code 1.85.2. Extension requires: ^1.92.0.
2025-10-07 20:02:27.637 [error] [/home/drdbrioso/.vscode/extensions/ms-vscode-remote.remote-wsl-0.104.3]: Extension is not compatible with Code 1.85.2. Extension requires: ^1.104.0.
2025-10-07 20:02:27.637 [error] [/home/drdbrioso/.vscode/extensions/ms-python.python-2025.14.0-linux-x64]: Extension is not compatible with Code 1.85.2. Extension requires: ^1.95.0.
2025-10-07 20:02:27.638 [error] [/home/drdbrioso/.vscode/extensions/ms-vscode-remote.remote-containers-0.427.0]: Extension is not compatible with Code 1.85.2. Extension requires: ^1.99.0.
2025-10-07 20:02:27.640 [error] [/home/drdbrioso/.vscode/extensions/ms-python.vscode-pylance-2025.8.3]: Extension is not compatible with Code 1.85.2. Extension requires: ^1.101.0.
2025-10-07 20:04:30.527 [error] [/home/drdbrioso/.vscode/extensions/ms-toolsai.vscode-jupyter-cell-tags-0.1.9]: Extension is not compatible with Code 1.85.2. Extension requires: ^1.88.0.
2025-10-07 20:04:30.528 [error] [/home/drdbrioso/.vscode/extensions/ms-toolsai.vscode-jupyter-slideshow-0.1.6]: Extension is not compatible with Code 1.85.2. Extension requires: ^1.88.0.
2025-10-07 20:04:30.529 [error] [/home/drdbrioso/.vscode/extensions/ms-toolsai.jupyter-renderers-1.3.0]: Extension is not compatible with Code 1.85.2. Extension requires: ^1.95.0.
2025-10-07 20:04:30.533 [error] [/home/drdbrioso/.vscode/extensions/ms-vscode-remote.remote-containers-0.427.0]: Extension is not compatible with Code 1.85.2. Extension requires: ^1.99.0.
2025-10-07 20:04:30.533 [error] [/home/drdbrioso/.vscode/extensions/ms-vscode.remote-server-1.5.3]: Extension is not compatible with Code 1.85.2. Extension requires: ^1.87.0.
2025-10-07 20:04:30.534 [error] [/home/drdbrioso/.vscode/extensions/ms-vscode-remote.remote-wsl-0.104.3]: Extension is not compatible with Code 1.85.2. Extension requires: ^1.104.0.
2025-10-07 20:04:30.534 [error] [/home/drdbrioso/.vscode/extensions/ms-vscode.remote-explorer-0.5.0]: Extension is not compatible with Code 1.85.2. Extension requires: ^1.87.0.
2025-10-07 20:04:30.535 [error] [/home/drdbrioso/.vscode/extensions/ms-python.vscode-python-envs-1.8.0-linux-x64]: Extension is not compatible with Code 1.85.2. Extension requires: ^1.104.0-20250815.
2025-10-07 20:04:30.535 [error] [/home/drdbrioso/.vscode/extensions/ms-python.debugpy-2025.10.0-linux-x64]: Extension is not compatible with Code 1.85.2. Extension requires: ^1.92.0.
2025-10-07 20:04:30.536 [error] [/home/drdbrioso/.vscode/extensions/ms-python.python-2025.14.0-linux-x64]: Extension is not compatible with Code 1.85.2. Extension requires: ^1.95.0.
2025-10-07 20:04:30.539 [error] [/home/drdbrioso/.vscode/extensions/ms-python.vscode-pylance-2025.8.3]: Extension is not compatible with Code 1.85.2. Extension requires: ^1.101.0.
2025-10-07 20:07:27.922 [error] [/home/drdbrioso/.vscode/extensions/ms-toolsai.vscode-jupyter-cell-tags-0.1.9]: Extension is not compatible with Code 1.85.2. Extension requires: ^1.88.0.
2025-10-07 20:07:27.923 [error] [/home/drdbrioso/.vscode/extensions/ms-toolsai.vscode-jupyter-slideshow-0.1.6]: Extension is not compatible with Code 1.85.2. Extension requires: ^1.88.0.
2025-10-07 20:07:27.923 [error] [/home/drdbrioso/.vscode/extensions/ms-toolsai.jupyter-renderers-1.3.0]: Extension is not compatible with Code 1.85.2. Extension requires: ^1.95.0.
2025-10-07 20:07:27.923 [error] [/home/drdbrioso/.vscode/extensions/ms-vscode.remote-server-1.5.3]: Extension is not compatible with Code 1.85.2. Extension requires: ^1.87.0.
2025-10-07 20:07:27.923 [error] [/home/drdbrioso/.vscode/extensions/ms-vscode-remote.remote-wsl-0.104.3]: Extension is not compatible with Code 1.85.2. Extension requires: ^1.104.0.
2025-10-07 20:07:27.923 [error] [/home/drdbrioso/.vscode/extensions/ms-vscode.remote-explorer-0.5.0]: Extension is not compatible with Code 1.85.2. Extension requires: ^1.87.0.
2025-10-07 20:07:27.923 [error] [/home/drdbrioso/.vscode/extensions/ms-vscode-remote.remote-containers-0.427.0]: Extension is not compatible with Code 1.85.2. Extension requires: ^1.99.0.
2025-10-07 20:07:27.924 [error] [/home/drdbrioso/.vscode/extensions/ms-python.vscode-python-envs-1.8.0-linux-x64]: Extension is not compatible with Code 1.85.2. Extension requires: ^1.104.0-20250815.
2025-10-07 20:07:27.924 [error] [/home/drdbrioso/.vscode/extensions/ms-python.debugpy-2025.10.0-linux-x64]: Extension is not compatible with Code 1.85.2. Extension requires: ^1.92.0.
2025-10-07 20:07:27.925 [error] [/home/drdbrioso/.vscode/extensions/ms-python.python-2025.14.0-linux-x64]: Extension is not compatible with Code 1.85.2. Extension requires: ^1.95.0.
2025-10-07 20:07:27.926 [error] [/home/drdbrioso/.vscode/extensions/ms-python.vscode-pylance-2025.8.3]: Extension is not compatible with Code 1.85.2. Extension requires: ^1.101.0.
2025-10-07 20:09:30.631 [error] [/home/drdbrioso/.vscode/extensions/ms-toolsai.vscode-jupyter-cell-tags-0.1.9]: Extension is not compatible with Code 1.85.2. Extension requires: ^1.88.0.
2025-10-07 20:09:30.632 [error] [/home/drdbrioso/.vscode/extensions/ms-toolsai.jupyter-renderers-1.3.0]: Extension is not compatible with Code 1.85.2. Extension requires: ^1.95.0.
2025-10-07 20:09:30.632 [error] [/home/drdbrioso/.vscode/extensions/ms-toolsai.vscode-jupyter-slideshow-0.1.6]: Extension is not compatible with Code 1.85.2. Extension requires: ^1.88.0.
2025-10-07 20:09:30.635 [error] [/home/drdbrioso/.vscode/extensions/ms-vscode-remote.remote-wsl-0.104.3]: Extension is not compatible with Code 1.85.2. Extension requires: ^1.104.0.
2025-10-07 20:09:30.636 [error] [/home/drdbrioso/.vscode/extensions/ms-vscode.remote-explorer-0.5.0]: Extension is not compatible with Code 1.85.2. Extension requires: ^1.87.0.
2025-10-07 20:09:30.637 [error] [/home/drdbrioso/.vscode/extensions/ms-vscode.remote-server-1.5.3]: Extension is not compatible with Code 1.85.2. Extension requires: ^1.87.0.
2025-10-07 20:09:30.638 [error] [/home/drdbrioso/.vscode/extensions/ms-python.vscode-python-envs-1.8.0-linux-x64]: Extension is not compatible with Code 1.85.2. Extension requires: ^1.104.0-20250815.
2025-10-07 20:09:30.638 [error] [/home/drdbrioso/.vscode/extensions/ms-python.debugpy-2025.10.0-linux-x64]: Extension is not compatible with Code 1.85.2. Extension requires: ^1.92.0.
2025-10-07 20:09:30.644 [error] [/home/drdbrioso/.vscode/extensions/ms-vscode-remote.remote-containers-0.427.0]: Extension is not compatible with Code 1.85.2. Extension requires: ^1.99.0.
2025-10-07 20:09:30.646 [error] [/home/drdbrioso/.vscode/extensions/ms-python.vscode-pylance-2025.8.3]: Extension is not compatible with Code 1.85.2. Extension requires: ^1.101.0.
2025-10-07 20:09:30.648 [error] [/home/drdbrioso/.vscode/extensions/ms-python.python-2025.14.0-linux-x64]: Extension is not compatible with Code 1.85.2. Extension requires: ^1.95.0.
2025-10-07 20:14:30.807 [error] [/home/drdbrioso/.vscode/extensions/ms-toolsai.vscode-jupyter-cell-tags-0.1.9]: Extension is not compatible with Code 1.85.2. Extension requires: ^1.88.0.
2025-10-07 20:14:30.808 [error] [/home/drdbrioso/.vscode/extensions/ms-toolsai.vscode-jupyter-slideshow-0.1.6]: Extension is not compatible with Code 1.85.2. Extension requires: ^1.88.0.
2025-10-07 20:14:30.808 [error] [/home/drdbrioso/.vscode/extensions/ms-toolsai.jupyter-renderers-1.3.0]: Extension is not compatible with Code 1.85.2. Extension requires: ^1.95.0.
2025-10-07 20:14:30.814 [error] [/home/drdbrioso/.vscode/extensions/ms-vscode.remote-server-1.5.3]: Extension is not compatible with Code 1.85.2. Extension requires: ^1.87.0.
2025-10-07 20:14:30.815 [error] [/home/drdbrioso/.vscode/extensions/ms-vscode-remote.remote-wsl-0.104.3]: Extension is not compatible with Code 1.85.2. Extension requires: ^1.104.0.
2025-10-07 20:14:30.816 [error] [/home/drdbrioso/.vscode/extensions/ms-vscode-remote.remote-containers-0.427.0]: Extension is not compatible with Code 1.85.2. Extension requires: ^1.99.0.
2025-10-07 20:14:30.816 [error] [/home/drdbrioso/.vscode/extensions/ms-vscode.remote-explorer-0.5.0]: Extension is not compatible with Code 1.85.2. Extension requires: ^1.87.0.
2025-10-07 20:14:30.817 [error] [/home/drdbrioso/.vscode/extensions/ms-python.debugpy-2025.10.0-linux-x64]: Extension is not compatible with Code 1.85.2. Extension requires: ^1.92.0.
2025-10-07 20:14:30.817 [error] [/home/drdbrioso/.vscode/extensions/ms-python.vscode-python-envs-1.8.0-linux-x64]: Extension is not compatible with Code 1.85.2. Extension requires: ^1.104.0-20250815.
2025-10-07 20:14:30.817 [error] [/home/drdbrioso/.vscode/extensions/ms-python.python-2025.14.0-linux-x64]: Extension is not compatible with Code 1.85.2. Extension requires: ^1.95.0.
2025-10-07 20:14:30.818 [error] [/home/drdbrioso/.vscode/extensions/ms-python.vscode-pylance-2025.8.3]: Extension is not compatible with Code 1.85.2. Extension requires: ^1.101.0.
2025-10-07 20:19:31.099 [error] [/home/drdbrioso/.vscode/extensions/ms-toolsai.vscode-jupyter-cell-tags-0.1.9]: Extension is not compatible with Code 1.85.2. Extension requires: ^1.88.0.
2025-10-07 20:19:31.101 [error] [/home/drdbrioso/.vscode/extensions/ms-toolsai.vscode-jupyter-slideshow-0.1.6]: Extension is not compatible with Code 1.85.2. Extension requires: ^1.88.0.
2025-10-07 20:19:31.103 [error] [/home/drdbrioso/.vscode/extensions/ms-toolsai.jupyter-renderers-1.3.0]: Extension is not compatible with Code 1.85.2. Extension requires: ^1.95.0.
2025-10-07 20:19:31.106 [error] [/home/drdbrioso/.vscode/extensions/ms-vscode.remote-server-1.5.3]: Extension is not compatible with Code 1.85.2. Extension requires: ^1.87.0.
2025-10-07 20:19:31.108 [error] [/home/drdbrioso/.vscode/extensions/ms-vscode-remote.remote-wsl-0.104.3]: Extension is not compatible with Code 1.85.2. Extension requires: ^1.104.0.
2025-10-07 20:19:31.109 [error] [/home/drdbrioso/.vscode/extensions/ms-vscode.remote-explorer-0.5.0]: Extension is not compatible with Code 1.85.2. Extension requires: ^1.87.0.
2025-10-07 20:19:31.114 [error] [/home/drdbrioso/.vscode/extensions/ms-vscode-remote.remote-containers-0.427.0]: Extension is not compatible with Code 1.85.2. Extension requires: ^1.99.0.
2025-10-07 20:19:31.116 [error] [/home/drdbrioso/.vscode/extensions/ms-python.debugpy-2025.10.0-linux-x64]: Extension is not compatible with Code 1.85.2. Extension requires: ^1.92.0.
2025-10-07 20:19:31.117 [error] [/home/drdbrioso/.vscode/extensions/ms-python.vscode-python-envs-1.8.0-linux-x64]: Extension is not compatible with Code 1.85.2. Extension requires: ^1.104.0-20250815.
2025-10-07 20:19:31.120 [error] [/home/drdbrioso/.vscode/extensions/ms-python.python-2025.14.0-linux-x64]: Extension is not compatible with Code 1.85.2. Extension requires: ^1.95.0.
2025-10-07 20:19:31.125 [error] [/home/drdbrioso/.vscode/extensions/ms-python.vscode-pylance-2025.8.3]: Extension is not compatible with Code 1.85.2. Extension requires: ^1.101.0.
2025-10-07 20:24:31.843 [error] [/home/drdbrioso/.vscode/extensions/ms-toolsai.vscode-jupyter-cell-tags-0.1.9]: Extension is not compatible with Code 1.85.2. Extension requires: ^1.88.0.
2025-10-07 20:24:31.845 [error] [/home/drdbrioso/.vscode/extensions/ms-toolsai.vscode-jupyter-slideshow-0.1.6]: Extension is not compatible with Code 1.85.2. Extension requires: ^1.88.0.
2025-10-07 20:24:31.845 [error] [/home/drdbrioso/.vscode/extensions/ms-toolsai.jupyter-renderers-1.3.0]: Extension is not compatible with Code 1.85.2. Extension requires: ^1.95.0.
2025-10-07 20:24:31.845 [error] [/home/drdbrioso/.vscode/extensions/ms-vscode.remote-server-1.5.3]: Extension is not compatible with Code 1.85.2. Extension requires: ^1.87.0.
2025-10-07 20:24:31.846 [error] [/home/drdbrioso/.vscode/extensions/ms-vscode-remote.remote-wsl-0.104.3]: Extension is not compatible with Code 1.85.2. Extension requires: ^1.104.0.
2025-10-07 20:24:31.847 [error] [/home/drdbrioso/.vscode/extensions/ms-vscode.remote-explorer-0.5.0]: Extension is not compatible with Code 1.85.2. Extension requires: ^1.87.0.
2025-10-07 20:24:31.847 [error] [/home/drdbrioso/.vscode/extensions/ms-python.vscode-python-envs-1.8.0-linux-x64]: Extension is not compatible with Code 1.85.2. Extension requires: ^1.104.0-20250815.
2025-10-07 20:24:31.849 [error] [/home/drdbrioso/.vscode/extensions/ms-vscode-remote.remote-containers-0.427.0]: Extension is not compatible with Code 1.85.2. Extension requires: ^1.99.0.
2025-10-07 20:24:31.849 [error] [/home/drdbrioso/.vscode/extensions/ms-python.debugpy-2025.10.0-linux-x64]: Extension is not compatible with Code 1.85.2. Extension requires: ^1.92.0.
2025-10-07 20:24:31.852 [error] [/home/drdbrioso/.vscode/extensions/ms-python.python-2025.14.0-linux-x64]: Extension is not compatible with Code 1.85.2. Extension requires: ^1.95.0.
2025-10-07 20:24:31.857 [error] [/home/drdbrioso/.vscode/extensions/ms-python.vscode-pylance-2025.8.3]: Extension is not compatible with Code 1.85.2. Extension requires: ^1.101.0.
2025-10-07 20:29:32.466 [error] [/home/drdbrioso/.vscode/extensions/ms-toolsai.vscode-jupyter-slideshow-0.1.6]: Extension is not compatible with Code 1.85.2. Extension requires: ^1.88.0.
2025-10-07 20:29:32.467 [error] [/home/drdbrioso/.vscode/extensions/ms-toolsai.vscode-jupyter-cell-tags-0.1.9]: Extension is not compatible with Code 1.85.2. Extension requires: ^1.88.0.
2025-10-07 20:29:32.468 [error] [/home/drdbrioso/.vscode/extensions/ms-toolsai.jupyter-renderers-1.3.0]: Extension is not compatible with Code 1.85.2. Extension requires: ^1.95.0.
2025-10-07 20:29:32.468 [error] [/home/drdbrioso/.vscode/extensions/ms-vscode.remote-server-1.5.3]: Extension is not compatible with Code 1.85.2. Extension requires: ^1.87.0.
2025-10-07 20:29:32.468 [error] [/home/drdbrioso/.vscode/extensions/ms-vscode-remote.remote-wsl-0.104.3]: Extension is not compatible with Code 1.85.2. Extension requires: ^1.104.0.
2025-10-07 20:29:32.468 [error] [/home/drdbrioso/.vscode/extensions/ms-vscode.remote-explorer-0.5.0]: Extension is not compatible with Code 1.85.2. Extension requires: ^1.87.0.
2025-10-07 20:29:32.468 [error] [/home/drdbrioso/.vscode/extensions/ms-python.debugpy-2025.10.0-linux-x64]: Extension is not compatible with Code 1.85.2. Extension requires: ^1.92.0.
2025-10-07 20:29:32.469 [error] [/home/drdbrioso/.vscode/extensions/ms-vscode-remote.remote-containers-0.427.0]: Extension is not compatible with Code 1.85.2. Extension requires: ^1.99.0.
2025-10-07 20:29:32.470 [error] [/home/drdbrioso/.vscode/extensions/ms-python.python-2025.14.0-linux-x64]: Extension is not compatible with Code 1.85.2. Extension requires: ^1.95.0.
2025-10-07 20:29:32.470 [error] [/home/drdbrioso/.vscode/extensions/ms-python.vscode-python-envs-1.8.0-linux-x64]: Extension is not compatible with Code 1.85.2. Extension requires: ^1.104.0-20250815.
2025-10-07 20:29:32.471 [error] [/home/drdbrioso/.vscode/extensions/ms-python.vscode-pylance-2025.8.3]: Extension is not compatible with Code 1.85.2. Extension requires: ^1.101.0.
2025-10-07 20:34:33.621 [error] [/home/drdbrioso/.vscode/extensions/ms-toolsai.vscode-jupyter-cell-tags-0.1.9]: Extension is not compatible with Code 1.85.2. Extension requires: ^1.88.0.
2025-10-07 20:34:33.621 [error] [/home/drdbrioso/.vscode/extensions/ms-toolsai.vscode-jupyter-slideshow-0.1.6]: Extension is not compatible with Code 1.85.2. Extension requires: ^1.88.0.
2025-10-07 20:34:33.622 [error] [/home/drdbrioso/.vscode/extensions/ms-toolsai.jupyter-renderers-1.3.0]: Extension is not compatible with Code 1.85.2. Extension requires: ^1.95.0.
2025-10-07 20:34:33.622 [error] [/home/drdbrioso/.vscode/extensions/ms-vscode-remote.remote-wsl-0.104.3]: Extension is not compatible with Code 1.85.2. Extension requires: ^1.104.0.
2025-10-07 20:34:33.623 [error] [/home/drdbrioso/.vscode/extensions/ms-vscode-remote.remote-containers-0.427.0]: Extension is not compatible with Code 1.85.2. Extension requires: ^1.99.0.
2025-10-07 20:34:33.623 [error] [/home/drdbrioso/.vscode/extensions/ms-vscode.remote-server-1.5.3]: Extension is not compatible with Code 1.85.2. Extension requires: ^1.87.0.
2025-10-07 20:34:33.623 [error] [/home/drdbrioso/.vscode/extensions/ms-python.vscode-python-envs-1.8.0-linux-x64]: Extension is not compatible with Code 1.85.2. Extension requires: ^1.104.0-20250815.
2025-10-07 20:34:33.623 [error] [/home/drdbrioso/.vscode/extensions/ms-vscode.remote-explorer-0.5.0]: Extension is not compatible with Code 1.85.2. Extension requires: ^1.87.0.
2025-10-07 20:34:33.624 [error] [/home/drdbrioso/.vscode/extensions/ms-python.debugpy-2025.10.0-linux-x64]: Extension is not compatible with Code 1.85.2. Extension requires: ^1.92.0.
2025-10-07 20:34:33.625 [error] [/home/drdbrioso/.vscode/extensions/ms-python.python-2025.14.0-linux-x64]: Extension is not compatible with Code 1.85.2. Extension requires: ^1.95.0.
2025-10-07 20:34:33.626 [error] [/home/drdbrioso/.vscode/extensions/ms-python.vscode-pylance-2025.8.3]: Extension is not compatible with Code 1.85.2. Extension requires: ^1.101.0.
