2025-10-13 15:57:17.112 [info] Extension host with pid 20581 started
2025-10-13 15:57:17.121 [info] [resolveAuthority(ssh-remote,1)][1ms] activating remote resolvers ssh-remote+senc.icmc.usp.br
2025-10-13 15:57:17.121 [info] [resolveAuthority(ssh-remote,1)][1ms] activating resolver for ssh-remote+senc.icmc.usp.br...
2025-10-13 15:57:17.124 [info] ExtensionService#_doActivateExtension ms-vscode-remote.remote-ssh, startup: false, activationEvent: 'onResolveRemoteAuthority:ssh-remote'
2025-10-13 15:57:17.147 [info] [resolveAuthority(ssh-remote,1)][27ms] invoking final resolve()...
2025-10-13 15:57:18.147 [info] [resolveAuthority(ssh-remote,1)][1027ms] waiting...
2025-10-13 15:57:19.149 [info] [resolveAuthority(ssh-remote,1)][2029ms] waiting...
2025-10-13 15:57:20.150 [info] [resolveAuthority(ssh-remote,1)][3030ms] waiting...
2025-10-13 15:57:21.151 [info] [resolveAuthority(ssh-remote,1)][4031ms] waiting...
2025-10-13 15:57:22.152 [info] [resolveAuthority(ssh-remote,1)][5032ms] waiting...
2025-10-13 15:57:23.153 [info] [resolveAuthority(ssh-remote,1)][6033ms] waiting...
2025-10-13 15:57:24.154 [info] [resolveAuthority(ssh-remote,1)][7034ms] waiting...
2025-10-13 15:57:25.155 [info] [resolveAuthority(ssh-remote,1)][8035ms] waiting...
2025-10-13 15:57:26.155 [info] [resolveAuthority(ssh-remote,1)][9035ms] waiting...
2025-10-13 15:57:27.155 [info] [resolveAuthority(ssh-remote,1)][10035ms] waiting...
2025-10-13 15:57:28.157 [info] [resolveAuthority(ssh-remote,1)][11036ms] waiting...
2025-10-13 15:57:29.157 [info] [resolveAuthority(ssh-remote,1)][12037ms] waiting...
2025-10-13 15:57:30.158 [info] [resolveAuthority(ssh-remote,1)][13038ms] waiting...
2025-10-13 15:57:31.159 [info] [resolveAuthority(ssh-remote,1)][14039ms] waiting...
2025-10-13 15:57:32.159 [info] [resolveAuthority(ssh-remote,1)][15039ms] waiting...
2025-10-13 15:57:33.161 [info] [resolveAuthority(ssh-remote,1)][16041ms] waiting...
2025-10-13 15:57:34.162 [info] [resolveAuthority(ssh-remote,1)][17042ms] waiting...
2025-10-13 15:57:34.201 [error] [resolveAuthority(ssh-remote,1)][17078ms] returned an error Connecting with SSH timed out
2025-10-13 15:57:34.279 [info] Eager extensions activated
2025-10-13 15:57:36.348 [info] Extension host terminating: renderer closed the MessagePort
2025-10-13 15:57:36.350 [error] Canceled: Canceled
	at new g (/home/drdbrioso/Desktop/code-stable-x64-1705560028/VSCode-linux-x64/resources/app/out/vs/workbench/api/node/extensionHostProcess.js:141:110274)
	at l.U (/home/drdbrioso/Desktop/code-stable-x64-1705560028/VSCode-linux-x64/resources/app/out/vs/workbench/api/node/extensionHostProcess.js:150:10866)
	at P.<computed>.j.charCodeAt.P.<computed> (/home/drdbrioso/Desktop/code-stable-x64-1705560028/VSCode-linux-x64/resources/app/out/vs/workbench/api/node/extensionHostProcess.js:150:8317)
	at d.g (/home/drdbrioso/Desktop/code-stable-x64-1705560028/VSCode-linux-x64/resources/app/out/vs/workbench/api/node/extensionHostProcess.js:141:139555)
	at d.executeCommand (/home/drdbrioso/Desktop/code-stable-x64-1705560028/VSCode-linux-x64/resources/app/out/vs/workbench/api/node/extensionHostProcess.js:141:138993)
	at p.registerCommand.description (/home/drdbrioso/Desktop/code-stable-x64-1705560028/VSCode-linux-x64/resources/app/out/vs/workbench/api/node/extensionHostProcess.js:141:138317)
	at d.h (/home/drdbrioso/Desktop/code-stable-x64-1705560028/VSCode-linux-x64/resources/app/out/vs/workbench/api/node/extensionHostProcess.js:141:140094)
	at d.g (/home/drdbrioso/Desktop/code-stable-x64-1705560028/VSCode-linux-x64/resources/app/out/vs/workbench/api/node/extensionHostProcess.js:141:139086)
	at d.executeCommand (/home/drdbrioso/Desktop/code-stable-x64-1705560028/VSCode-linux-x64/resources/app/out/vs/workbench/api/node/extensionHostProcess.js:141:138993)
	at Object.executeCommand (/home/drdbrioso/Desktop/code-stable-x64-1705560028/VSCode-linux-x64/resources/app/out/vs/workbench/api/node/extensionHostProcess.js:158:21333)
	at t.shutdown (/home/drdbrioso/.vscode/extensions/ms-vscode-remote.remote-ssh-0.108.2023112915/out/extension.js:2:725329)
	at e.deactivate (/home/drdbrioso/.vscode/extensions/ms-vscode-remote.remote-ssh-0.108.2023112915/out/extension.js:2:910169)
	at f.cb (/home/drdbrioso/Desktop/code-stable-x64-1705560028/VSCode-linux-x64/resources/app/out/vs/workbench/api/node/extensionHostProcess.js:154:9678)
	at /home/drdbrioso/Desktop/code-stable-x64-1705560028/VSCode-linux-x64/resources/app/out/vs/workbench/api/node/extensionHostProcess.js:154:7808
	at Array.map (<anonymous>)
	at f.Y (/home/drdbrioso/Desktop/code-stable-x64-1705560028/VSCode-linux-x64/resources/app/out/vs/workbench/api/node/extensionHostProcess.js:154:7795)
	at f.terminate (/home/drdbrioso/Desktop/code-stable-x64-1705560028/VSCode-linux-x64/resources/app/out/vs/workbench/api/node/extensionHostProcess.js:154:8068)
	at s.terminate (/home/drdbrioso/Desktop/code-stable-x64-1705560028/VSCode-linux-x64/resources/app/out/vs/workbench/api/node/extensionHostProcess.js:158:1513)
	at a (/home/drdbrioso/Desktop/code-stable-x64-1705560028/VSCode-linux-x64/resources/app/out/vs/workbench/api/node/extensionHostProcess.js:171:9802)
	at MessagePortMain.<anonymous> (/home/drdbrioso/Desktop/code-stable-x64-1705560028/VSCode-linux-x64/resources/app/out/vs/workbench/api/node/extensionHostProcess.js:171:6227)
	at MessagePortMain.emit (node:events:513:28)
	at MessagePortMain._internalPort.emit (node:electron/js2c/utility_init:2:367) setContext undefined
2025-10-13 15:57:36.350 [info] Extension host with pid 20581 exiting with code 0
2025-10-13 15:57:36.980 [info] Extension host with pid 20665 started
2025-10-13 15:57:36.982 [info] [resolveAuthority(ssh-remote,1)][0ms] activating remote resolvers ssh-remote+senc.icmc.usp.br
2025-10-13 15:57:36.983 [info] [resolveAuthority(ssh-remote,1)][1ms] activating resolver for ssh-remote+senc.icmc.usp.br...
2025-10-13 15:57:36.996 [info] ExtensionService#_doActivateExtension ms-vscode-remote.remote-ssh, startup: false, activationEvent: 'onResolveRemoteAuthority:ssh-remote'
2025-10-13 15:57:37.014 [info] [resolveAuthority(ssh-remote,1)][32ms] invoking final resolve()...
2025-10-13 15:57:38.015 [info] [resolveAuthority(ssh-remote,1)][1033ms] waiting...
2025-10-13 15:57:39.015 [info] [resolveAuthority(ssh-remote,1)][2033ms] waiting...
2025-10-13 15:57:40.016 [info] [resolveAuthority(ssh-remote,1)][3034ms] waiting...
2025-10-13 15:57:41.017 [info] [resolveAuthority(ssh-remote,1)][4035ms] waiting...
2025-10-13 15:57:42.018 [info] [resolveAuthority(ssh-remote,1)][5036ms] waiting...
2025-10-13 15:57:43.019 [info] [resolveAuthority(ssh-remote,1)][6037ms] waiting...
2025-10-13 15:57:44.019 [info] [resolveAuthority(ssh-remote,1)][7037ms] waiting...
2025-10-13 15:57:45.020 [info] [resolveAuthority(ssh-remote,1)][8038ms] waiting...
2025-10-13 15:57:46.020 [info] [resolveAuthority(ssh-remote,1)][9038ms] waiting...
2025-10-13 15:57:47.021 [info] [resolveAuthority(ssh-remote,1)][10039ms] waiting...
2025-10-13 15:57:48.020 [info] [resolveAuthority(ssh-remote,1)][11038ms] waiting...
2025-10-13 15:57:49.021 [info] [resolveAuthority(ssh-remote,1)][12039ms] waiting...
2025-10-13 15:57:50.023 [info] [resolveAuthority(ssh-remote,1)][13041ms] waiting...
2025-10-13 15:57:51.024 [info] [resolveAuthority(ssh-remote,1)][14042ms] waiting...
2025-10-13 15:57:52.026 [info] [resolveAuthority(ssh-remote,1)][15044ms] waiting...
2025-10-13 15:57:53.028 [info] [resolveAuthority(ssh-remote,1)][16046ms] waiting...
2025-10-13 15:57:54.029 [info] [resolveAuthority(ssh-remote,1)][17047ms] waiting...
2025-10-13 15:57:54.072 [error] [resolveAuthority(ssh-remote,1)][17085ms] returned an error Connecting with SSH timed out
2025-10-13 15:57:54.117 [info] Eager extensions activated
2025-10-13 15:58:14.278 [info] Extension host terminating: renderer closed the MessagePort
2025-10-13 15:58:14.280 [error] Canceled: Canceled
	at new g (/home/drdbrioso/Desktop/code-stable-x64-1705560028/VSCode-linux-x64/resources/app/out/vs/workbench/api/node/extensionHostProcess.js:141:110274)
	at l.U (/home/drdbrioso/Desktop/code-stable-x64-1705560028/VSCode-linux-x64/resources/app/out/vs/workbench/api/node/extensionHostProcess.js:150:10866)
	at P.<computed>.j.charCodeAt.P.<computed> (/home/drdbrioso/Desktop/code-stable-x64-1705560028/VSCode-linux-x64/resources/app/out/vs/workbench/api/node/extensionHostProcess.js:150:8317)
	at d.g (/home/drdbrioso/Desktop/code-stable-x64-1705560028/VSCode-linux-x64/resources/app/out/vs/workbench/api/node/extensionHostProcess.js:141:139555)
	at d.executeCommand (/home/drdbrioso/Desktop/code-stable-x64-1705560028/VSCode-linux-x64/resources/app/out/vs/workbench/api/node/extensionHostProcess.js:141:138993)
	at p.registerCommand.description (/home/drdbrioso/Desktop/code-stable-x64-1705560028/VSCode-linux-x64/resources/app/out/vs/workbench/api/node/extensionHostProcess.js:141:138317)
	at d.h (/home/drdbrioso/Desktop/code-stable-x64-1705560028/VSCode-linux-x64/resources/app/out/vs/workbench/api/node/extensionHostProcess.js:141:140094)
	at d.g (/home/drdbrioso/Desktop/code-stable-x64-1705560028/VSCode-linux-x64/resources/app/out/vs/workbench/api/node/extensionHostProcess.js:141:139086)
	at d.executeCommand (/home/drdbrioso/Desktop/code-stable-x64-1705560028/VSCode-linux-x64/resources/app/out/vs/workbench/api/node/extensionHostProcess.js:141:138993)
	at Object.executeCommand (/home/drdbrioso/Desktop/code-stable-x64-1705560028/VSCode-linux-x64/resources/app/out/vs/workbench/api/node/extensionHostProcess.js:158:21333)
	at t.shutdown (/home/drdbrioso/.vscode/extensions/ms-vscode-remote.remote-ssh-0.108.2023112915/out/extension.js:2:725329)
	at e.deactivate (/home/drdbrioso/.vscode/extensions/ms-vscode-remote.remote-ssh-0.108.2023112915/out/extension.js:2:910169)
	at f.cb (/home/drdbrioso/Desktop/code-stable-x64-1705560028/VSCode-linux-x64/resources/app/out/vs/workbench/api/node/extensionHostProcess.js:154:9678)
	at /home/drdbrioso/Desktop/code-stable-x64-1705560028/VSCode-linux-x64/resources/app/out/vs/workbench/api/node/extensionHostProcess.js:154:7808
	at Array.map (<anonymous>)
	at f.Y (/home/drdbrioso/Desktop/code-stable-x64-1705560028/VSCode-linux-x64/resources/app/out/vs/workbench/api/node/extensionHostProcess.js:154:7795)
	at f.terminate (/home/drdbrioso/Desktop/code-stable-x64-1705560028/VSCode-linux-x64/resources/app/out/vs/workbench/api/node/extensionHostProcess.js:154:8068)
	at s.terminate (/home/drdbrioso/Desktop/code-stable-x64-1705560028/VSCode-linux-x64/resources/app/out/vs/workbench/api/node/extensionHostProcess.js:158:1513)
	at a (/home/drdbrioso/Desktop/code-stable-x64-1705560028/VSCode-linux-x64/resources/app/out/vs/workbench/api/node/extensionHostProcess.js:171:9802)
	at MessagePortMain.<anonymous> (/home/drdbrioso/Desktop/code-stable-x64-1705560028/VSCode-linux-x64/resources/app/out/vs/workbench/api/node/extensionHostProcess.js:171:6227)
	at MessagePortMain.emit (node:events:513:28)
	at MessagePortMain._internalPort.emit (node:electron/js2c/utility_init:2:367) setContext undefined
2025-10-13 15:58:14.280 [info] Extension host with pid 20665 exiting with code 0
2025-10-13 15:58:14.927 [info] Extension host with pid 21209 started
2025-10-13 15:58:14.927 [info] [resolveAuthority(ssh-remote,1)][0ms] activating remote resolvers ssh-remote+senc.icmc.usp.br
2025-10-13 15:58:14.927 [info] [resolveAuthority(ssh-remote,1)][0ms] activating resolver for ssh-remote+senc.icmc.usp.br...
2025-10-13 15:58:14.954 [info] ExtensionService#_doActivateExtension ms-vscode-remote.remote-ssh, startup: false, activationEvent: 'onResolveRemoteAuthority:ssh-remote'
2025-10-13 15:58:14.992 [info] [resolveAuthority(ssh-remote,1)][66ms] invoking final resolve()...
2025-10-13 15:58:15.993 [info] [resolveAuthority(ssh-remote,1)][1067ms] waiting...
2025-10-13 15:58:16.994 [info] [resolveAuthority(ssh-remote,1)][2068ms] waiting...
2025-10-13 15:58:17.996 [info] [resolveAuthority(ssh-remote,1)][3070ms] waiting...
2025-10-13 15:58:18.997 [info] [resolveAuthority(ssh-remote,1)][4071ms] waiting...
2025-10-13 15:58:19.998 [info] [resolveAuthority(ssh-remote,1)][5072ms] waiting...
2025-10-13 15:58:20.999 [info] [resolveAuthority(ssh-remote,1)][6073ms] waiting...
2025-10-13 15:58:22.001 [info] [resolveAuthority(ssh-remote,1)][7075ms] waiting...
2025-10-13 15:58:23.001 [info] [resolveAuthority(ssh-remote,1)][8075ms] waiting...
2025-10-13 15:58:24.001 [info] [resolveAuthority(ssh-remote,1)][9075ms] waiting...
2025-10-13 15:58:25.002 [info] [resolveAuthority(ssh-remote,1)][10076ms] waiting...
2025-10-13 15:58:26.003 [info] [resolveAuthority(ssh-remote,1)][11077ms] waiting...
2025-10-13 15:58:27.004 [info] [resolveAuthority(ssh-remote,1)][12078ms] waiting...
2025-10-13 15:58:28.005 [info] [resolveAuthority(ssh-remote,1)][13079ms] waiting...
2025-10-13 15:58:29.006 [info] [resolveAuthority(ssh-remote,1)][14080ms] waiting...
2025-10-13 15:58:30.007 [info] [resolveAuthority(ssh-remote,1)][15081ms] waiting...
2025-10-13 15:58:31.007 [info] [resolveAuthority(ssh-remote,1)][16081ms] waiting...
2025-10-13 15:58:32.008 [info] [resolveAuthority(ssh-remote,1)][17082ms] waiting...
2025-10-13 15:58:33.009 [info] [resolveAuthority(ssh-remote,1)][18083ms] waiting...
2025-10-13 15:58:34.010 [info] [resolveAuthority(ssh-remote,1)][19084ms] waiting...
2025-10-13 15:58:35.010 [info] [resolveAuthority(ssh-remote,1)][20084ms] waiting...
2025-10-13 15:58:36.011 [info] [resolveAuthority(ssh-remote,1)][21085ms] waiting...
2025-10-13 15:58:37.012 [info] [resolveAuthority(ssh-remote,1)][22086ms] waiting...
2025-10-13 15:58:38.013 [info] [resolveAuthority(ssh-remote,1)][23087ms] waiting...
2025-10-13 15:58:39.014 [info] [resolveAuthority(ssh-remote,1)][24088ms] waiting...
2025-10-13 15:58:40.015 [info] [resolveAuthority(ssh-remote,1)][25089ms] waiting...
2025-10-13 15:58:41.017 [info] [resolveAuthority(ssh-remote,1)][26091ms] waiting...
2025-10-13 15:58:42.018 [info] [resolveAuthority(ssh-remote,1)][27092ms] waiting...
2025-10-13 15:58:42.792 [info] [resolveAuthority(ssh-remote,1)][27866ms] setting tunnel factory...
2025-10-13 15:58:42.793 [info] [resolveAuthority(ssh-remote,1)][27867ms] returned 127.0.0.1:41483
2025-10-13 15:58:45.618 [info] Eager extensions activated
2025-10-13 15:58:59.775 [info] Extension host terminating: renderer closed the MessagePort
2025-10-13 15:58:59.783 [error] Canceled: Canceled
	at new g (/home/drdbrioso/Desktop/code-stable-x64-1705560028/VSCode-linux-x64/resources/app/out/vs/workbench/api/node/extensionHostProcess.js:141:110274)
	at l.U (/home/drdbrioso/Desktop/code-stable-x64-1705560028/VSCode-linux-x64/resources/app/out/vs/workbench/api/node/extensionHostProcess.js:150:10866)
	at P.<computed>.j.charCodeAt.P.<computed> (/home/drdbrioso/Desktop/code-stable-x64-1705560028/VSCode-linux-x64/resources/app/out/vs/workbench/api/node/extensionHostProcess.js:150:8317)
	at d.g (/home/drdbrioso/Desktop/code-stable-x64-1705560028/VSCode-linux-x64/resources/app/out/vs/workbench/api/node/extensionHostProcess.js:141:139555)
	at d.executeCommand (/home/drdbrioso/Desktop/code-stable-x64-1705560028/VSCode-linux-x64/resources/app/out/vs/workbench/api/node/extensionHostProcess.js:141:138993)
	at p.registerCommand.description (/home/drdbrioso/Desktop/code-stable-x64-1705560028/VSCode-linux-x64/resources/app/out/vs/workbench/api/node/extensionHostProcess.js:141:138317)
	at d.h (/home/drdbrioso/Desktop/code-stable-x64-1705560028/VSCode-linux-x64/resources/app/out/vs/workbench/api/node/extensionHostProcess.js:141:140094)
	at d.g (/home/drdbrioso/Desktop/code-stable-x64-1705560028/VSCode-linux-x64/resources/app/out/vs/workbench/api/node/extensionHostProcess.js:141:139086)
	at d.executeCommand (/home/drdbrioso/Desktop/code-stable-x64-1705560028/VSCode-linux-x64/resources/app/out/vs/workbench/api/node/extensionHostProcess.js:141:138993)
	at Object.executeCommand (/home/drdbrioso/Desktop/code-stable-x64-1705560028/VSCode-linux-x64/resources/app/out/vs/workbench/api/node/extensionHostProcess.js:158:21333)
	at t.shutdown (/home/drdbrioso/.vscode/extensions/ms-vscode-remote.remote-ssh-0.108.2023112915/out/extension.js:2:725329)
	at e.deactivate (/home/drdbrioso/.vscode/extensions/ms-vscode-remote.remote-ssh-0.108.2023112915/out/extension.js:2:910169)
	at f.cb (/home/drdbrioso/Desktop/code-stable-x64-1705560028/VSCode-linux-x64/resources/app/out/vs/workbench/api/node/extensionHostProcess.js:154:9678)
	at /home/drdbrioso/Desktop/code-stable-x64-1705560028/VSCode-linux-x64/resources/app/out/vs/workbench/api/node/extensionHostProcess.js:154:7808
	at Array.map (<anonymous>)
	at f.Y (/home/drdbrioso/Desktop/code-stable-x64-1705560028/VSCode-linux-x64/resources/app/out/vs/workbench/api/node/extensionHostProcess.js:154:7795)
	at f.terminate (/home/drdbrioso/Desktop/code-stable-x64-1705560028/VSCode-linux-x64/resources/app/out/vs/workbench/api/node/extensionHostProcess.js:154:8068)
	at s.terminate (/home/drdbrioso/Desktop/code-stable-x64-1705560028/VSCode-linux-x64/resources/app/out/vs/workbench/api/node/extensionHostProcess.js:158:1513)
	at a (/home/drdbrioso/Desktop/code-stable-x64-1705560028/VSCode-linux-x64/resources/app/out/vs/workbench/api/node/extensionHostProcess.js:171:9802)
	at MessagePortMain.<anonymous> (/home/drdbrioso/Desktop/code-stable-x64-1705560028/VSCode-linux-x64/resources/app/out/vs/workbench/api/node/extensionHostProcess.js:171:6227)
	at MessagePortMain.emit (node:events:513:28)
	at MessagePortMain._internalPort.emit (node:electron/js2c/utility_init:2:367) setContext undefined
2025-10-13 15:58:59.783 [info] Extension host with pid 21209 exiting with code 0
2025-10-13 15:59:00.326 [info] Extension host with pid 21385 started
2025-10-13 15:59:00.326 [info] Skipping acquiring lock for /home/drdbrioso/.config/Code/User/workspaceStorage/67ef078c24af5dd44cd99d03f833dfe3.
2025-10-13 15:59:00.326 [info] $getCanonicalURI invoked for authority (ssh-remote)
2025-10-13 15:59:00.330 [info] ExtensionService#_doActivateExtension ms-vscode-remote.remote-ssh, startup: false, activationEvent: 'onResolveRemoteAuthority:ssh-remote'
2025-10-13 15:59:00.346 [info] [resolveAuthority(ssh-remote,1)][0ms] activating remote resolvers ssh-remote+senc.icmc.usp.br
2025-10-13 15:59:00.346 [info] [resolveAuthority(ssh-remote,1)][0ms] activating resolver for ssh-remote+senc.icmc.usp.br...
2025-10-13 15:59:00.347 [info] [resolveAuthority(ssh-remote,1)][1ms] invoking final resolve()...
2025-10-13 15:59:01.347 [info] [resolveAuthority(ssh-remote,1)][1001ms] waiting...
2025-10-13 15:59:02.349 [info] [resolveAuthority(ssh-remote,1)][2003ms] waiting...
2025-10-13 15:59:03.350 [info] [resolveAuthority(ssh-remote,1)][3004ms] waiting...
2025-10-13 15:59:04.352 [info] [resolveAuthority(ssh-remote,1)][4006ms] waiting...
2025-10-13 15:59:05.352 [info] [resolveAuthority(ssh-remote,1)][5006ms] waiting...
2025-10-13 15:59:06.352 [info] [resolveAuthority(ssh-remote,1)][6006ms] waiting...
2025-10-13 15:59:07.353 [info] [resolveAuthority(ssh-remote,1)][7007ms] waiting...
2025-10-13 15:59:08.354 [info] [resolveAuthority(ssh-remote,1)][8008ms] waiting...
2025-10-13 15:59:09.354 [info] [resolveAuthority(ssh-remote,1)][9008ms] waiting...
2025-10-13 15:59:10.353 [info] [resolveAuthority(ssh-remote,1)][10007ms] waiting...
2025-10-13 15:59:11.354 [info] [resolveAuthority(ssh-remote,1)][11008ms] waiting...
2025-10-13 15:59:12.355 [info] [resolveAuthority(ssh-remote,1)][12009ms] waiting...
2025-10-13 15:59:13.356 [info] [resolveAuthority(ssh-remote,1)][13010ms] waiting...
2025-10-13 15:59:14.357 [info] [resolveAuthority(ssh-remote,1)][14011ms] waiting...
2025-10-13 15:59:15.358 [info] [resolveAuthority(ssh-remote,1)][15012ms] waiting...
2025-10-13 15:59:16.359 [info] [resolveAuthority(ssh-remote,1)][16013ms] waiting...
2025-10-13 15:59:17.361 [info] [resolveAuthority(ssh-remote,1)][17015ms] waiting...
2025-10-13 15:59:17.401 [error] [resolveAuthority(ssh-remote,1)][17052ms] returned an error Connecting with SSH timed out
2025-10-13 15:59:17.435 [info] Eager extensions activated
2025-10-13 15:59:18.484 [error] Error: command 'remote-internal.setActiveFolders' not found
    at k.n (vscode-file://vscode-app/home/drdbrioso/Desktop/code-stable-x64-1705560028/VSCode-linux-x64/resources/app/out/vs/workbench/workbench.desktop.main.js:1538:12339)
    at k.executeCommand (vscode-file://vscode-app/home/drdbrioso/Desktop/code-stable-x64-1705560028/VSCode-linux-x64/resources/app/out/vs/workbench/workbench.desktop.main.js:1538:12268)
2025-10-13 15:59:29.412 [info] Extension host terminating: renderer closed the MessagePort
2025-10-13 15:59:29.416 [error] Canceled: Canceled
	at new g (/home/drdbrioso/Desktop/code-stable-x64-1705560028/VSCode-linux-x64/resources/app/out/vs/workbench/api/node/extensionHostProcess.js:141:110274)
	at l.U (/home/drdbrioso/Desktop/code-stable-x64-1705560028/VSCode-linux-x64/resources/app/out/vs/workbench/api/node/extensionHostProcess.js:150:10866)
	at P.<computed>.j.charCodeAt.P.<computed> (/home/drdbrioso/Desktop/code-stable-x64-1705560028/VSCode-linux-x64/resources/app/out/vs/workbench/api/node/extensionHostProcess.js:150:8317)
	at d.g (/home/drdbrioso/Desktop/code-stable-x64-1705560028/VSCode-linux-x64/resources/app/out/vs/workbench/api/node/extensionHostProcess.js:141:139555)
	at d.executeCommand (/home/drdbrioso/Desktop/code-stable-x64-1705560028/VSCode-linux-x64/resources/app/out/vs/workbench/api/node/extensionHostProcess.js:141:138993)
	at p.registerCommand.description (/home/drdbrioso/Desktop/code-stable-x64-1705560028/VSCode-linux-x64/resources/app/out/vs/workbench/api/node/extensionHostProcess.js:141:138317)
	at d.h (/home/drdbrioso/Desktop/code-stable-x64-1705560028/VSCode-linux-x64/resources/app/out/vs/workbench/api/node/extensionHostProcess.js:141:140094)
	at d.g (/home/drdbrioso/Desktop/code-stable-x64-1705560028/VSCode-linux-x64/resources/app/out/vs/workbench/api/node/extensionHostProcess.js:141:139086)
	at d.executeCommand (/home/drdbrioso/Desktop/code-stable-x64-1705560028/VSCode-linux-x64/resources/app/out/vs/workbench/api/node/extensionHostProcess.js:141:138993)
	at Object.executeCommand (/home/drdbrioso/Desktop/code-stable-x64-1705560028/VSCode-linux-x64/resources/app/out/vs/workbench/api/node/extensionHostProcess.js:158:21333)
	at t.shutdown (/home/drdbrioso/.vscode/extensions/ms-vscode-remote.remote-ssh-0.108.2023112915/out/extension.js:2:725329)
	at e.deactivate (/home/drdbrioso/.vscode/extensions/ms-vscode-remote.remote-ssh-0.108.2023112915/out/extension.js:2:910169)
	at f.cb (/home/drdbrioso/Desktop/code-stable-x64-1705560028/VSCode-linux-x64/resources/app/out/vs/workbench/api/node/extensionHostProcess.js:154:9678)
	at /home/drdbrioso/Desktop/code-stable-x64-1705560028/VSCode-linux-x64/resources/app/out/vs/workbench/api/node/extensionHostProcess.js:154:7808
	at Array.map (<anonymous>)
	at f.Y (/home/drdbrioso/Desktop/code-stable-x64-1705560028/VSCode-linux-x64/resources/app/out/vs/workbench/api/node/extensionHostProcess.js:154:7795)
	at f.terminate (/home/drdbrioso/Desktop/code-stable-x64-1705560028/VSCode-linux-x64/resources/app/out/vs/workbench/api/node/extensionHostProcess.js:154:8068)
	at s.terminate (/home/drdbrioso/Desktop/code-stable-x64-1705560028/VSCode-linux-x64/resources/app/out/vs/workbench/api/node/extensionHostProcess.js:158:1513)
	at a (/home/drdbrioso/Desktop/code-stable-x64-1705560028/VSCode-linux-x64/resources/app/out/vs/workbench/api/node/extensionHostProcess.js:171:9802)
	at MessagePortMain.<anonymous> (/home/drdbrioso/Desktop/code-stable-x64-1705560028/VSCode-linux-x64/resources/app/out/vs/workbench/api/node/extensionHostProcess.js:171:6227)
	at MessagePortMain.emit (node:events:513:28)
	at MessagePortMain._internalPort.emit (node:electron/js2c/utility_init:2:367) setContext undefined
2025-10-13 15:59:29.416 [info] Extension host with pid 21385 exiting with code 0
2025-10-13 15:59:29.970 [info] Extension host with pid 21471 started
2025-10-13 15:59:29.970 [info] Skipping acquiring lock for /home/drdbrioso/.config/Code/User/workspaceStorage/67ef078c24af5dd44cd99d03f833dfe3.
2025-10-13 15:59:29.973 [info] $getCanonicalURI invoked for authority (ssh-remote)
2025-10-13 15:59:29.976 [info] ExtensionService#_doActivateExtension ms-vscode-remote.remote-ssh, startup: false, activationEvent: 'onResolveRemoteAuthority:ssh-remote'
2025-10-13 15:59:30.007 [info] [resolveAuthority(ssh-remote,1)][0ms] activating remote resolvers ssh-remote+senc.icmc.usp.br
2025-10-13 15:59:30.007 [info] [resolveAuthority(ssh-remote,1)][0ms] activating resolver for ssh-remote+senc.icmc.usp.br...
2025-10-13 15:59:30.008 [info] [resolveAuthority(ssh-remote,1)][0ms] invoking final resolve()...
2025-10-13 15:59:31.009 [info] [resolveAuthority(ssh-remote,1)][1002ms] waiting...
2025-10-13 15:59:32.009 [info] [resolveAuthority(ssh-remote,1)][2002ms] waiting...
2025-10-13 15:59:33.010 [info] [resolveAuthority(ssh-remote,1)][3003ms] waiting...
2025-10-13 15:59:34.011 [info] [resolveAuthority(ssh-remote,1)][4004ms] waiting...
2025-10-13 15:59:35.011 [info] [resolveAuthority(ssh-remote,1)][5004ms] waiting...
2025-10-13 15:59:36.012 [info] [resolveAuthority(ssh-remote,1)][6005ms] waiting...
2025-10-13 15:59:37.013 [info] [resolveAuthority(ssh-remote,1)][7006ms] waiting...
2025-10-13 15:59:38.014 [info] [resolveAuthority(ssh-remote,1)][8007ms] waiting...
2025-10-13 15:59:39.014 [info] [resolveAuthority(ssh-remote,1)][9007ms] waiting...
2025-10-13 15:59:40.015 [info] [resolveAuthority(ssh-remote,1)][10008ms] waiting...
2025-10-13 15:59:41.017 [info] [resolveAuthority(ssh-remote,1)][11010ms] waiting...
2025-10-13 15:59:42.018 [info] [resolveAuthority(ssh-remote,1)][12011ms] waiting...
2025-10-13 15:59:43.019 [info] [resolveAuthority(ssh-remote,1)][13012ms] waiting...
2025-10-13 15:59:44.020 [info] [resolveAuthority(ssh-remote,1)][14013ms] waiting...
2025-10-13 15:59:45.021 [info] [resolveAuthority(ssh-remote,1)][15014ms] waiting...
2025-10-13 15:59:46.022 [info] [resolveAuthority(ssh-remote,1)][16015ms] waiting...
2025-10-13 15:59:47.023 [info] [resolveAuthority(ssh-remote,1)][17016ms] waiting...
2025-10-13 15:59:47.076 [error] [resolveAuthority(ssh-remote,1)][17064ms] returned an error Connecting with SSH timed out
2025-10-13 15:59:47.116 [info] Eager extensions activated
2025-10-13 15:59:48.186 [error] Error: command 'remote-internal.setActiveFolders' not found
    at k.n (vscode-file://vscode-app/home/drdbrioso/Desktop/code-stable-x64-1705560028/VSCode-linux-x64/resources/app/out/vs/workbench/workbench.desktop.main.js:1538:12339)
    at k.executeCommand (vscode-file://vscode-app/home/drdbrioso/Desktop/code-stable-x64-1705560028/VSCode-linux-x64/resources/app/out/vs/workbench/workbench.desktop.main.js:1538:12268)
2025-10-13 16:00:00.770 [info] Extension host terminating: renderer closed the MessagePort
2025-10-13 16:00:00.773 [error] Canceled: Canceled
	at new g (/home/drdbrioso/Desktop/code-stable-x64-1705560028/VSCode-linux-x64/resources/app/out/vs/workbench/api/node/extensionHostProcess.js:141:110274)
	at l.U (/home/drdbrioso/Desktop/code-stable-x64-1705560028/VSCode-linux-x64/resources/app/out/vs/workbench/api/node/extensionHostProcess.js:150:10866)
	at P.<computed>.j.charCodeAt.P.<computed> (/home/drdbrioso/Desktop/code-stable-x64-1705560028/VSCode-linux-x64/resources/app/out/vs/workbench/api/node/extensionHostProcess.js:150:8317)
	at d.g (/home/drdbrioso/Desktop/code-stable-x64-1705560028/VSCode-linux-x64/resources/app/out/vs/workbench/api/node/extensionHostProcess.js:141:139555)
	at d.executeCommand (/home/drdbrioso/Desktop/code-stable-x64-1705560028/VSCode-linux-x64/resources/app/out/vs/workbench/api/node/extensionHostProcess.js:141:138993)
	at p.registerCommand.description (/home/drdbrioso/Desktop/code-stable-x64-1705560028/VSCode-linux-x64/resources/app/out/vs/workbench/api/node/extensionHostProcess.js:141:138317)
	at d.h (/home/drdbrioso/Desktop/code-stable-x64-1705560028/VSCode-linux-x64/resources/app/out/vs/workbench/api/node/extensionHostProcess.js:141:140094)
	at d.g (/home/drdbrioso/Desktop/code-stable-x64-1705560028/VSCode-linux-x64/resources/app/out/vs/workbench/api/node/extensionHostProcess.js:141:139086)
	at d.executeCommand (/home/drdbrioso/Desktop/code-stable-x64-1705560028/VSCode-linux-x64/resources/app/out/vs/workbench/api/node/extensionHostProcess.js:141:138993)
	at Object.executeCommand (/home/drdbrioso/Desktop/code-stable-x64-1705560028/VSCode-linux-x64/resources/app/out/vs/workbench/api/node/extensionHostProcess.js:158:21333)
	at t.shutdown (/home/drdbrioso/.vscode/extensions/ms-vscode-remote.remote-ssh-0.108.2023112915/out/extension.js:2:725329)
	at e.deactivate (/home/drdbrioso/.vscode/extensions/ms-vscode-remote.remote-ssh-0.108.2023112915/out/extension.js:2:910169)
	at f.cb (/home/drdbrioso/Desktop/code-stable-x64-1705560028/VSCode-linux-x64/resources/app/out/vs/workbench/api/node/extensionHostProcess.js:154:9678)
	at /home/drdbrioso/Desktop/code-stable-x64-1705560028/VSCode-linux-x64/resources/app/out/vs/workbench/api/node/extensionHostProcess.js:154:7808
	at Array.map (<anonymous>)
	at f.Y (/home/drdbrioso/Desktop/code-stable-x64-1705560028/VSCode-linux-x64/resources/app/out/vs/workbench/api/node/extensionHostProcess.js:154:7795)
	at f.terminate (/home/drdbrioso/Desktop/code-stable-x64-1705560028/VSCode-linux-x64/resources/app/out/vs/workbench/api/node/extensionHostProcess.js:154:8068)
	at s.terminate (/home/drdbrioso/Desktop/code-stable-x64-1705560028/VSCode-linux-x64/resources/app/out/vs/workbench/api/node/extensionHostProcess.js:158:1513)
	at a (/home/drdbrioso/Desktop/code-stable-x64-1705560028/VSCode-linux-x64/resources/app/out/vs/workbench/api/node/extensionHostProcess.js:171:9802)
	at MessagePortMain.<anonymous> (/home/drdbrioso/Desktop/code-stable-x64-1705560028/VSCode-linux-x64/resources/app/out/vs/workbench/api/node/extensionHostProcess.js:171:6227)
	at MessagePortMain.emit (node:events:513:28)
	at MessagePortMain._internalPort.emit (node:electron/js2c/utility_init:2:367) setContext undefined
2025-10-13 16:00:00.773 [info] Extension host with pid 21471 exiting with code 0
2025-10-13 16:00:01.320 [info] Extension host with pid 21613 started
2025-10-13 16:00:01.320 [info] Skipping acquiring lock for /home/drdbrioso/.config/Code/User/workspaceStorage/67ef078c24af5dd44cd99d03f833dfe3.
2025-10-13 16:00:01.320 [info] $getCanonicalURI invoked for authority (ssh-remote)
2025-10-13 16:00:01.322 [info] ExtensionService#_doActivateExtension ms-vscode-remote.remote-ssh, startup: false, activationEvent: 'onResolveRemoteAuthority:ssh-remote'
2025-10-13 16:00:01.339 [info] [resolveAuthority(ssh-remote,1)][0ms] activating remote resolvers ssh-remote+senc.icmc.usp.br
2025-10-13 16:00:01.339 [info] [resolveAuthority(ssh-remote,1)][0ms] activating resolver for ssh-remote+senc.icmc.usp.br...
2025-10-13 16:00:01.340 [info] [resolveAuthority(ssh-remote,1)][0ms] invoking final resolve()...
2025-10-13 16:00:02.339 [info] [resolveAuthority(ssh-remote,1)][1000ms] waiting...
2025-10-13 16:00:03.340 [info] [resolveAuthority(ssh-remote,1)][2001ms] waiting...
2025-10-13 16:00:04.341 [info] [resolveAuthority(ssh-remote,1)][3002ms] waiting...
2025-10-13 16:00:05.342 [info] [resolveAuthority(ssh-remote,1)][4003ms] waiting...
2025-10-13 16:00:06.344 [info] [resolveAuthority(ssh-remote,1)][5005ms] waiting...
2025-10-13 16:00:07.344 [info] [resolveAuthority(ssh-remote,1)][6005ms] waiting...
2025-10-13 16:00:08.343 [info] [resolveAuthority(ssh-remote,1)][7004ms] waiting...
2025-10-13 16:00:08.396 [info] [resolveAuthority(ssh-remote,1)][7057ms] setting tunnel factory...
2025-10-13 16:00:08.397 [info] [resolveAuthority(ssh-remote,1)][7058ms] returned 127.0.0.1:37035
2025-10-13 16:00:09.199 [info] Eager extensions activated
2025-10-13 16:00:12.898 [error] Error: command 'remote-internal.setActiveFolders' not found
    at k.n (vscode-file://vscode-app/home/drdbrioso/Desktop/code-stable-x64-1705560028/VSCode-linux-x64/resources/app/out/vs/workbench/workbench.desktop.main.js:1538:12339)
    at k.executeCommand (vscode-file://vscode-app/home/drdbrioso/Desktop/code-stable-x64-1705560028/VSCode-linux-x64/resources/app/out/vs/workbench/workbench.desktop.main.js:1538:12268)
2025-10-13 16:39:34.176 [info] ExtensionService#_doActivateExtension vscode.media-preview, startup: false, activationEvent: 'onCustomEditor:imagePreview.previewEditor'
2025-10-13 16:43:50.201 [info] [resolveAuthority(ssh-remote,2)][0ms] activating remote resolvers ssh-remote+senc.icmc.usp.br
2025-10-13 16:43:50.201 [info] [resolveAuthority(ssh-remote,2)][0ms] activating resolver for ssh-remote+senc.icmc.usp.br...
2025-10-13 16:43:50.201 [info] [resolveAuthority(ssh-remote,2)][0ms] invoking final resolve()...
2025-10-13 16:43:51.201 [info] [resolveAuthority(ssh-remote,2)][1000ms] waiting...
2025-10-13 16:43:52.202 [info] [resolveAuthority(ssh-remote,2)][2001ms] waiting...
2025-10-13 16:43:53.203 [info] [resolveAuthority(ssh-remote,2)][3002ms] waiting...
2025-10-13 16:43:54.203 [info] [resolveAuthority(ssh-remote,2)][4002ms] waiting...
2025-10-13 16:43:55.204 [info] [resolveAuthority(ssh-remote,2)][5003ms] waiting...
2025-10-13 16:43:56.205 [info] [resolveAuthority(ssh-remote,2)][6004ms] waiting...
2025-10-13 16:43:57.206 [info] [resolveAuthority(ssh-remote,2)][7005ms] waiting...
2025-10-13 16:43:58.207 [info] [resolveAuthority(ssh-remote,2)][8006ms] waiting...
2025-10-13 16:43:59.208 [info] [resolveAuthority(ssh-remote,2)][9007ms] waiting...
2025-10-13 16:44:00.209 [info] [resolveAuthority(ssh-remote,2)][10008ms] waiting...
2025-10-13 16:44:01.210 [info] [resolveAuthority(ssh-remote,2)][11009ms] waiting...
2025-10-13 16:44:02.211 [info] [resolveAuthority(ssh-remote,2)][12010ms] waiting...
2025-10-13 16:44:03.213 [info] [resolveAuthority(ssh-remote,2)][13012ms] waiting...
2025-10-13 16:44:04.215 [info] [resolveAuthority(ssh-remote,2)][14014ms] waiting...
2025-10-13 16:44:05.215 [info] [resolveAuthority(ssh-remote,2)][15014ms] waiting...
2025-10-13 16:44:05.391 [error] [resolveAuthority(ssh-remote,2)][15186ms] returned an error The connection timed out
2025-10-13 16:44:06.531 [info] [resolveAuthority(ssh-remote,3)][0ms] activating remote resolvers ssh-remote+senc.icmc.usp.br
2025-10-13 16:44:06.531 [info] [resolveAuthority(ssh-remote,3)][0ms] activating resolver for ssh-remote+senc.icmc.usp.br...
2025-10-13 16:44:06.531 [info] [resolveAuthority(ssh-remote,3)][0ms] invoking final resolve()...
2025-10-13 16:44:07.533 [info] [resolveAuthority(ssh-remote,3)][1002ms] waiting...
2025-10-13 16:44:08.532 [info] [resolveAuthority(ssh-remote,3)][2001ms] waiting...
2025-10-13 16:44:09.533 [info] [resolveAuthority(ssh-remote,3)][3001ms] waiting...
2025-10-13 16:44:10.533 [info] [resolveAuthority(ssh-remote,3)][4002ms] waiting...
2025-10-13 16:44:11.533 [info] [resolveAuthority(ssh-remote,3)][5002ms] waiting...
2025-10-13 16:44:12.533 [info] [resolveAuthority(ssh-remote,3)][6002ms] waiting...
2025-10-13 16:44:13.533 [info] [resolveAuthority(ssh-remote,3)][7002ms] waiting...
2025-10-13 16:44:14.534 [info] [resolveAuthority(ssh-remote,3)][8003ms] waiting...
2025-10-13 16:44:15.535 [info] [resolveAuthority(ssh-remote,3)][9004ms] waiting...
2025-10-13 16:44:16.535 [info] [resolveAuthority(ssh-remote,3)][10004ms] waiting...
2025-10-13 16:44:17.535 [info] [resolveAuthority(ssh-remote,3)][11004ms] waiting...
2025-10-13 16:44:18.536 [info] [resolveAuthority(ssh-remote,3)][12005ms] waiting...
2025-10-13 16:44:19.537 [info] [resolveAuthority(ssh-remote,3)][13006ms] waiting...
2025-10-13 16:44:20.537 [info] [resolveAuthority(ssh-remote,3)][14006ms] waiting...
2025-10-13 16:44:21.538 [info] [resolveAuthority(ssh-remote,3)][15007ms] waiting...
2025-10-13 16:44:22.538 [info] [resolveAuthority(ssh-remote,3)][16006ms] waiting...
2025-10-13 16:44:23.538 [info] [resolveAuthority(ssh-remote,3)][17007ms] waiting...
2025-10-13 16:44:24.538 [info] [resolveAuthority(ssh-remote,3)][18007ms] waiting...
2025-10-13 16:44:25.538 [info] [resolveAuthority(ssh-remote,3)][19007ms] waiting...
2025-10-13 16:44:26.539 [info] [resolveAuthority(ssh-remote,3)][20007ms] waiting...
2025-10-13 16:44:27.539 [info] [resolveAuthority(ssh-remote,3)][21008ms] waiting...
2025-10-13 16:44:28.538 [info] [resolveAuthority(ssh-remote,3)][22007ms] waiting...
2025-10-13 16:44:29.539 [info] [resolveAuthority(ssh-remote,3)][23008ms] waiting...
2025-10-13 16:44:30.539 [info] [resolveAuthority(ssh-remote,3)][24008ms] waiting...
2025-10-13 16:44:31.539 [info] [resolveAuthority(ssh-remote,3)][25008ms] waiting...
2025-10-13 16:44:32.540 [info] [resolveAuthority(ssh-remote,3)][26009ms] waiting...
2025-10-13 16:44:33.540 [info] [resolveAuthority(ssh-remote,3)][27009ms] waiting...
2025-10-13 16:44:34.540 [info] [resolveAuthority(ssh-remote,3)][28009ms] waiting...
2025-10-13 16:44:35.541 [info] [resolveAuthority(ssh-remote,3)][29010ms] waiting...
2025-10-13 16:44:36.541 [info] [resolveAuthority(ssh-remote,3)][30010ms] waiting...
2025-10-13 16:44:37.542 [info] [resolveAuthority(ssh-remote,3)][31011ms] waiting...
2025-10-13 16:44:38.542 [info] [resolveAuthority(ssh-remote,3)][32011ms] waiting...
2025-10-13 16:44:39.542 [info] [resolveAuthority(ssh-remote,3)][33011ms] waiting...
2025-10-13 16:44:40.542 [info] [resolveAuthority(ssh-remote,3)][34011ms] waiting...
2025-10-13 16:44:41.543 [info] [resolveAuthority(ssh-remote,3)][35012ms] waiting...
2025-10-13 16:44:42.544 [info] [resolveAuthority(ssh-remote,3)][36013ms] waiting...
2025-10-13 16:44:43.544 [info] [resolveAuthority(ssh-remote,3)][37013ms] waiting...
2025-10-13 16:44:44.544 [info] [resolveAuthority(ssh-remote,3)][38012ms] waiting...
2025-10-13 16:44:45.543 [info] [resolveAuthority(ssh-remote,3)][39012ms] waiting...
2025-10-13 16:44:46.544 [info] [resolveAuthority(ssh-remote,3)][40013ms] waiting...
2025-10-13 16:44:47.544 [info] [resolveAuthority(ssh-remote,3)][41013ms] waiting...
2025-10-13 16:44:48.545 [info] [resolveAuthority(ssh-remote,3)][42014ms] waiting...
2025-10-13 16:44:49.546 [info] [resolveAuthority(ssh-remote,3)][43015ms] waiting...
2025-10-13 16:44:49.986 [error] [resolveAuthority(ssh-remote,3)][43455ms] returned an error Connecting with SSH timed out
2025-10-13 16:44:53.954 [info] [resolveAuthority(ssh-remote,4)][0ms] activating remote resolvers ssh-remote+senc.icmc.usp.br
2025-10-13 16:44:53.954 [info] [resolveAuthority(ssh-remote,4)][0ms] activating resolver for ssh-remote+senc.icmc.usp.br...
2025-10-13 16:44:53.955 [info] [resolveAuthority(ssh-remote,4)][1ms] invoking final resolve()...
2025-10-13 16:44:54.955 [info] [resolveAuthority(ssh-remote,4)][1001ms] waiting...
2025-10-13 16:44:55.956 [info] [resolveAuthority(ssh-remote,4)][2002ms] waiting...
2025-10-13 16:44:56.957 [info] [resolveAuthority(ssh-remote,4)][3003ms] waiting...
2025-10-13 16:44:57.958 [info] [resolveAuthority(ssh-remote,4)][4004ms] waiting...
2025-10-13 16:44:58.959 [info] [resolveAuthority(ssh-remote,4)][5005ms] waiting...
2025-10-13 16:44:59.959 [info] [resolveAuthority(ssh-remote,4)][6005ms] waiting...
2025-10-13 16:45:00.960 [info] [resolveAuthority(ssh-remote,4)][7006ms] waiting...
2025-10-13 16:45:01.961 [info] [resolveAuthority(ssh-remote,4)][8007ms] waiting...
2025-10-13 16:45:02.962 [info] [resolveAuthority(ssh-remote,4)][9008ms] waiting...
2025-10-13 16:45:03.963 [info] [resolveAuthority(ssh-remote,4)][10009ms] waiting...
2025-10-13 16:45:04.964 [info] [resolveAuthority(ssh-remote,4)][11010ms] waiting...
2025-10-13 16:45:05.436 [info] Extension host terminating: renderer closed the MessagePort
2025-10-13 16:45:05.440 [error] Canceled: Canceled
	at new g (/home/drdbrioso/Desktop/code-stable-x64-1705560028/VSCode-linux-x64/resources/app/out/vs/workbench/api/node/extensionHostProcess.js:141:110274)
	at l.U (/home/drdbrioso/Desktop/code-stable-x64-1705560028/VSCode-linux-x64/resources/app/out/vs/workbench/api/node/extensionHostProcess.js:150:10866)
	at P.<computed>.j.charCodeAt.P.<computed> (/home/drdbrioso/Desktop/code-stable-x64-1705560028/VSCode-linux-x64/resources/app/out/vs/workbench/api/node/extensionHostProcess.js:150:8317)
	at d.g (/home/drdbrioso/Desktop/code-stable-x64-1705560028/VSCode-linux-x64/resources/app/out/vs/workbench/api/node/extensionHostProcess.js:141:139555)
	at d.executeCommand (/home/drdbrioso/Desktop/code-stable-x64-1705560028/VSCode-linux-x64/resources/app/out/vs/workbench/api/node/extensionHostProcess.js:141:138993)
	at p.registerCommand.description (/home/drdbrioso/Desktop/code-stable-x64-1705560028/VSCode-linux-x64/resources/app/out/vs/workbench/api/node/extensionHostProcess.js:141:138317)
	at d.h (/home/drdbrioso/Desktop/code-stable-x64-1705560028/VSCode-linux-x64/resources/app/out/vs/workbench/api/node/extensionHostProcess.js:141:140094)
	at d.g (/home/drdbrioso/Desktop/code-stable-x64-1705560028/VSCode-linux-x64/resources/app/out/vs/workbench/api/node/extensionHostProcess.js:141:139086)
	at d.executeCommand (/home/drdbrioso/Desktop/code-stable-x64-1705560028/VSCode-linux-x64/resources/app/out/vs/workbench/api/node/extensionHostProcess.js:141:138993)
	at Object.executeCommand (/home/drdbrioso/Desktop/code-stable-x64-1705560028/VSCode-linux-x64/resources/app/out/vs/workbench/api/node/extensionHostProcess.js:158:21333)
	at t.shutdown (/home/drdbrioso/.vscode/extensions/ms-vscode-remote.remote-ssh-0.108.2023112915/out/extension.js:2:725329)
	at e.deactivate (/home/drdbrioso/.vscode/extensions/ms-vscode-remote.remote-ssh-0.108.2023112915/out/extension.js:2:910169)
	at f.cb (/home/drdbrioso/Desktop/code-stable-x64-1705560028/VSCode-linux-x64/resources/app/out/vs/workbench/api/node/extensionHostProcess.js:154:9678)
	at /home/drdbrioso/Desktop/code-stable-x64-1705560028/VSCode-linux-x64/resources/app/out/vs/workbench/api/node/extensionHostProcess.js:154:7808
	at Array.map (<anonymous>)
	at f.Y (/home/drdbrioso/Desktop/code-stable-x64-1705560028/VSCode-linux-x64/resources/app/out/vs/workbench/api/node/extensionHostProcess.js:154:7795)
	at f.terminate (/home/drdbrioso/Desktop/code-stable-x64-1705560028/VSCode-linux-x64/resources/app/out/vs/workbench/api/node/extensionHostProcess.js:154:8068)
	at s.terminate (/home/drdbrioso/Desktop/code-stable-x64-1705560028/VSCode-linux-x64/resources/app/out/vs/workbench/api/node/extensionHostProcess.js:158:1513)
	at a (/home/drdbrioso/Desktop/code-stable-x64-1705560028/VSCode-linux-x64/resources/app/out/vs/workbench/api/node/extensionHostProcess.js:171:9802)
	at MessagePortMain.<anonymous> (/home/drdbrioso/Desktop/code-stable-x64-1705560028/VSCode-linux-x64/resources/app/out/vs/workbench/api/node/extensionHostProcess.js:171:6227)
	at MessagePortMain.emit (node:events:513:28)
	at MessagePortMain._internalPort.emit (node:electron/js2c/utility_init:2:367) setContext undefined
2025-10-13 16:45:05.440 [info] Extension host with pid 21613 exiting with code 0
2025-10-13 16:45:05.980 [info] Extension host with pid 27112 started
2025-10-13 16:45:05.980 [info] Skipping acquiring lock for /home/drdbrioso/.config/Code/User/workspaceStorage/67ef078c24af5dd44cd99d03f833dfe3.
2025-10-13 16:45:05.980 [info] $getCanonicalURI invoked for authority (ssh-remote)
2025-10-13 16:45:05.983 [info] ExtensionService#_doActivateExtension ms-vscode-remote.remote-ssh, startup: false, activationEvent: 'onResolveRemoteAuthority:ssh-remote'
2025-10-13 16:45:06.000 [info] [resolveAuthority(ssh-remote,1)][0ms] activating remote resolvers ssh-remote+senc.icmc.usp.br
2025-10-13 16:45:06.000 [info] [resolveAuthority(ssh-remote,1)][0ms] activating resolver for ssh-remote+senc.icmc.usp.br...
2025-10-13 16:45:06.001 [info] [resolveAuthority(ssh-remote,1)][1ms] invoking final resolve()...
2025-10-13 16:45:07.001 [info] [resolveAuthority(ssh-remote,1)][1001ms] waiting...
2025-10-13 16:45:08.001 [info] [resolveAuthority(ssh-remote,1)][2001ms] waiting...
2025-10-13 16:45:09.002 [info] [resolveAuthority(ssh-remote,1)][3002ms] waiting...
2025-10-13 16:45:10.003 [info] [resolveAuthority(ssh-remote,1)][4003ms] waiting...
2025-10-13 16:45:11.003 [info] [resolveAuthority(ssh-remote,1)][5003ms] waiting...
2025-10-13 16:45:12.004 [info] [resolveAuthority(ssh-remote,1)][6004ms] waiting...
2025-10-13 16:45:13.005 [info] [resolveAuthority(ssh-remote,1)][7005ms] waiting...
2025-10-13 16:45:14.005 [info] [resolveAuthority(ssh-remote,1)][8005ms] waiting...
2025-10-13 16:45:15.005 [info] [resolveAuthority(ssh-remote,1)][9005ms] waiting...
2025-10-13 16:45:16.005 [info] [resolveAuthority(ssh-remote,1)][10005ms] waiting...
2025-10-13 16:45:17.006 [info] [resolveAuthority(ssh-remote,1)][11006ms] waiting...
2025-10-13 16:45:18.007 [info] [resolveAuthority(ssh-remote,1)][12007ms] waiting...
2025-10-13 16:45:19.008 [info] [resolveAuthority(ssh-remote,1)][13008ms] waiting...
2025-10-13 16:45:20.010 [info] [resolveAuthority(ssh-remote,1)][14010ms] waiting...
2025-10-13 16:45:21.010 [info] [resolveAuthority(ssh-remote,1)][15010ms] waiting...
2025-10-13 16:45:21.260 [error] [resolveAuthority(ssh-remote,1)][15255ms] returned an error The connection timed out
2025-10-13 16:45:21.317 [info] Eager extensions activated
2025-10-13 16:45:21.377 [info] ExtensionService#_doActivateExtension vscode.media-preview, startup: false, activationEvent: 'onCustomEditor:imagePreview.previewEditor'
2025-10-13 16:45:22.385 [error] Error: command 'remote-internal.setActiveFolders' not found
    at k.n (vscode-file://vscode-app/home/drdbrioso/Desktop/code-stable-x64-1705560028/VSCode-linux-x64/resources/app/out/vs/workbench/workbench.desktop.main.js:1538:12339)
    at k.executeCommand (vscode-file://vscode-app/home/drdbrioso/Desktop/code-stable-x64-1705560028/VSCode-linux-x64/resources/app/out/vs/workbench/workbench.desktop.main.js:1538:12268)
2025-10-13 16:45:22.452 [error] Unavailable (FileSystemError): ENOPRO: No file system provider found for resource 'vscode-remote://ssh-remote%2Bsenc.icmc.usp.br/var/www/img/patrocinio/2025/Logo_QI_TECH_2024%20%281%29_1.png'
	at v.e (/home/drdbrioso/Desktop/code-stable-x64-1705560028/VSCode-linux-x64/resources/app/out/vs/workbench/api/node/extensionHostProcess.js:143:27326)
	at Object.stat (/home/drdbrioso/Desktop/code-stable-x64-1705560028/VSCode-linux-x64/resources/app/out/vs/workbench/api/node/extensionHostProcess.js:143:24606)
2025-10-13 16:45:23.880 [info] Extension host terminating: renderer closed the MessagePort
2025-10-13 16:45:23.884 [error] Canceled: Canceled
	at new g (/home/drdbrioso/Desktop/code-stable-x64-1705560028/VSCode-linux-x64/resources/app/out/vs/workbench/api/node/extensionHostProcess.js:141:110274)
	at l.U (/home/drdbrioso/Desktop/code-stable-x64-1705560028/VSCode-linux-x64/resources/app/out/vs/workbench/api/node/extensionHostProcess.js:150:10866)
	at P.<computed>.j.charCodeAt.P.<computed> (/home/drdbrioso/Desktop/code-stable-x64-1705560028/VSCode-linux-x64/resources/app/out/vs/workbench/api/node/extensionHostProcess.js:150:8317)
	at d.g (/home/drdbrioso/Desktop/code-stable-x64-1705560028/VSCode-linux-x64/resources/app/out/vs/workbench/api/node/extensionHostProcess.js:141:139555)
	at d.executeCommand (/home/drdbrioso/Desktop/code-stable-x64-1705560028/VSCode-linux-x64/resources/app/out/vs/workbench/api/node/extensionHostProcess.js:141:138993)
	at p.registerCommand.description (/home/drdbrioso/Desktop/code-stable-x64-1705560028/VSCode-linux-x64/resources/app/out/vs/workbench/api/node/extensionHostProcess.js:141:138317)
	at d.h (/home/drdbrioso/Desktop/code-stable-x64-1705560028/VSCode-linux-x64/resources/app/out/vs/workbench/api/node/extensionHostProcess.js:141:140094)
	at d.g (/home/drdbrioso/Desktop/code-stable-x64-1705560028/VSCode-linux-x64/resources/app/out/vs/workbench/api/node/extensionHostProcess.js:141:139086)
	at d.executeCommand (/home/drdbrioso/Desktop/code-stable-x64-1705560028/VSCode-linux-x64/resources/app/out/vs/workbench/api/node/extensionHostProcess.js:141:138993)
	at Object.executeCommand (/home/drdbrioso/Desktop/code-stable-x64-1705560028/VSCode-linux-x64/resources/app/out/vs/workbench/api/node/extensionHostProcess.js:158:21333)
	at t.shutdown (/home/drdbrioso/.vscode/extensions/ms-vscode-remote.remote-ssh-0.108.2023112915/out/extension.js:2:725329)
	at e.deactivate (/home/drdbrioso/.vscode/extensions/ms-vscode-remote.remote-ssh-0.108.2023112915/out/extension.js:2:910169)
	at f.cb (/home/drdbrioso/Desktop/code-stable-x64-1705560028/VSCode-linux-x64/resources/app/out/vs/workbench/api/node/extensionHostProcess.js:154:9678)
	at /home/drdbrioso/Desktop/code-stable-x64-1705560028/VSCode-linux-x64/resources/app/out/vs/workbench/api/node/extensionHostProcess.js:154:7808
	at Array.map (<anonymous>)
	at f.Y (/home/drdbrioso/Desktop/code-stable-x64-1705560028/VSCode-linux-x64/resources/app/out/vs/workbench/api/node/extensionHostProcess.js:154:7795)
	at f.terminate (/home/drdbrioso/Desktop/code-stable-x64-1705560028/VSCode-linux-x64/resources/app/out/vs/workbench/api/node/extensionHostProcess.js:154:8068)
	at s.terminate (/home/drdbrioso/Desktop/code-stable-x64-1705560028/VSCode-linux-x64/resources/app/out/vs/workbench/api/node/extensionHostProcess.js:158:1513)
	at a (/home/drdbrioso/Desktop/code-stable-x64-1705560028/VSCode-linux-x64/resources/app/out/vs/workbench/api/node/extensionHostProcess.js:171:9802)
	at MessagePortMain.<anonymous> (/home/drdbrioso/Desktop/code-stable-x64-1705560028/VSCode-linux-x64/resources/app/out/vs/workbench/api/node/extensionHostProcess.js:171:6227)
	at MessagePortMain.emit (node:events:513:28)
	at MessagePortMain._internalPort.emit (node:electron/js2c/utility_init:2:367) setContext undefined
2025-10-13 16:45:23.884 [info] Extension host with pid 27112 exiting with code 0
2025-10-13 16:45:24.417 [info] Extension host with pid 27181 started
2025-10-13 16:45:24.417 [info] Skipping acquiring lock for /home/drdbrioso/.config/Code/User/workspaceStorage/67ef078c24af5dd44cd99d03f833dfe3.
2025-10-13 16:45:24.417 [info] $getCanonicalURI invoked for authority (ssh-remote)
2025-10-13 16:45:24.419 [info] ExtensionService#_doActivateExtension ms-vscode-remote.remote-ssh, startup: false, activationEvent: 'onResolveRemoteAuthority:ssh-remote'
2025-10-13 16:45:24.437 [info] [resolveAuthority(ssh-remote,1)][0ms] activating remote resolvers ssh-remote+senc.icmc.usp.br
2025-10-13 16:45:24.437 [info] [resolveAuthority(ssh-remote,1)][0ms] activating resolver for ssh-remote+senc.icmc.usp.br...
2025-10-13 16:45:24.437 [info] [resolveAuthority(ssh-remote,1)][0ms] invoking final resolve()...
2025-10-13 16:45:25.438 [info] [resolveAuthority(ssh-remote,1)][1001ms] waiting...
2025-10-13 16:45:26.438 [info] [resolveAuthority(ssh-remote,1)][2001ms] waiting...
2025-10-13 16:45:27.439 [info] [resolveAuthority(ssh-remote,1)][3002ms] waiting...
2025-10-13 16:45:28.440 [info] [resolveAuthority(ssh-remote,1)][4003ms] waiting...
2025-10-13 16:45:29.441 [info] [resolveAuthority(ssh-remote,1)][5004ms] waiting...
2025-10-13 16:45:30.441 [info] [resolveAuthority(ssh-remote,1)][6004ms] waiting...
2025-10-13 16:45:31.442 [info] [resolveAuthority(ssh-remote,1)][7005ms] waiting...
2025-10-13 16:45:32.442 [info] [resolveAuthority(ssh-remote,1)][8005ms] waiting...
2025-10-13 16:45:33.443 [info] [resolveAuthority(ssh-remote,1)][9006ms] waiting...
2025-10-13 16:45:34.442 [info] [resolveAuthority(ssh-remote,1)][10005ms] waiting...
2025-10-13 16:45:35.443 [info] [resolveAuthority(ssh-remote,1)][11006ms] waiting...
2025-10-13 16:45:36.444 [info] [resolveAuthority(ssh-remote,1)][12007ms] waiting...
2025-10-13 16:45:37.445 [info] [resolveAuthority(ssh-remote,1)][13008ms] waiting...
2025-10-13 16:45:38.446 [info] [resolveAuthority(ssh-remote,1)][14009ms] waiting...
2025-10-13 16:45:39.448 [info] [resolveAuthority(ssh-remote,1)][15011ms] waiting...
2025-10-13 16:45:40.448 [info] [resolveAuthority(ssh-remote,1)][16011ms] waiting...
2025-10-13 16:45:41.449 [info] [resolveAuthority(ssh-remote,1)][17012ms] waiting...
2025-10-13 16:45:41.505 [error] [resolveAuthority(ssh-remote,1)][17060ms] returned an error Connecting with SSH timed out
2025-10-13 16:45:41.551 [info] Eager extensions activated
2025-10-13 16:45:41.586 [info] ExtensionService#_doActivateExtension vscode.media-preview, startup: false, activationEvent: 'onCustomEditor:imagePreview.previewEditor'
2025-10-13 16:45:42.590 [error] Error: command 'remote-internal.setActiveFolders' not found
    at k.n (vscode-file://vscode-app/home/drdbrioso/Desktop/code-stable-x64-1705560028/VSCode-linux-x64/resources/app/out/vs/workbench/workbench.desktop.main.js:1538:12339)
    at k.executeCommand (vscode-file://vscode-app/home/drdbrioso/Desktop/code-stable-x64-1705560028/VSCode-linux-x64/resources/app/out/vs/workbench/workbench.desktop.main.js:1538:12268)
2025-10-13 16:45:42.633 [error] Unavailable (FileSystemError): ENOPRO: No file system provider found for resource 'vscode-remote://ssh-remote%2Bsenc.icmc.usp.br/var/www/img/patrocinio/2025/Logo_QI_TECH_2024%20%281%29_1.png'
	at v.e (/home/drdbrioso/Desktop/code-stable-x64-1705560028/VSCode-linux-x64/resources/app/out/vs/workbench/api/node/extensionHostProcess.js:143:27326)
	at Object.stat (/home/drdbrioso/Desktop/code-stable-x64-1705560028/VSCode-linux-x64/resources/app/out/vs/workbench/api/node/extensionHostProcess.js:143:24606)
2025-10-13 16:45:43.423 [info] Extension host terminating: renderer closed the MessagePort
2025-10-13 16:45:43.429 [error] Canceled: Canceled
	at new g (/home/drdbrioso/Desktop/code-stable-x64-1705560028/VSCode-linux-x64/resources/app/out/vs/workbench/api/node/extensionHostProcess.js:141:110274)
	at l.U (/home/drdbrioso/Desktop/code-stable-x64-1705560028/VSCode-linux-x64/resources/app/out/vs/workbench/api/node/extensionHostProcess.js:150:10866)
	at P.<computed>.j.charCodeAt.P.<computed> (/home/drdbrioso/Desktop/code-stable-x64-1705560028/VSCode-linux-x64/resources/app/out/vs/workbench/api/node/extensionHostProcess.js:150:8317)
	at d.g (/home/drdbrioso/Desktop/code-stable-x64-1705560028/VSCode-linux-x64/resources/app/out/vs/workbench/api/node/extensionHostProcess.js:141:139555)
	at d.executeCommand (/home/drdbrioso/Desktop/code-stable-x64-1705560028/VSCode-linux-x64/resources/app/out/vs/workbench/api/node/extensionHostProcess.js:141:138993)
	at p.registerCommand.description (/home/drdbrioso/Desktop/code-stable-x64-1705560028/VSCode-linux-x64/resources/app/out/vs/workbench/api/node/extensionHostProcess.js:141:138317)
	at d.h (/home/drdbrioso/Desktop/code-stable-x64-1705560028/VSCode-linux-x64/resources/app/out/vs/workbench/api/node/extensionHostProcess.js:141:140094)
	at d.g (/home/drdbrioso/Desktop/code-stable-x64-1705560028/VSCode-linux-x64/resources/app/out/vs/workbench/api/node/extensionHostProcess.js:141:139086)
	at d.executeCommand (/home/drdbrioso/Desktop/code-stable-x64-1705560028/VSCode-linux-x64/resources/app/out/vs/workbench/api/node/extensionHostProcess.js:141:138993)
	at Object.executeCommand (/home/drdbrioso/Desktop/code-stable-x64-1705560028/VSCode-linux-x64/resources/app/out/vs/workbench/api/node/extensionHostProcess.js:158:21333)
	at t.shutdown (/home/drdbrioso/.vscode/extensions/ms-vscode-remote.remote-ssh-0.108.2023112915/out/extension.js:2:725329)
	at e.deactivate (/home/drdbrioso/.vscode/extensions/ms-vscode-remote.remote-ssh-0.108.2023112915/out/extension.js:2:910169)
	at f.cb (/home/drdbrioso/Desktop/code-stable-x64-1705560028/VSCode-linux-x64/resources/app/out/vs/workbench/api/node/extensionHostProcess.js:154:9678)
	at /home/drdbrioso/Desktop/code-stable-x64-1705560028/VSCode-linux-x64/resources/app/out/vs/workbench/api/node/extensionHostProcess.js:154:7808
	at Array.map (<anonymous>)
	at f.Y (/home/drdbrioso/Desktop/code-stable-x64-1705560028/VSCode-linux-x64/resources/app/out/vs/workbench/api/node/extensionHostProcess.js:154:7795)
	at f.terminate (/home/drdbrioso/Desktop/code-stable-x64-1705560028/VSCode-linux-x64/resources/app/out/vs/workbench/api/node/extensionHostProcess.js:154:8068)
	at s.terminate (/home/drdbrioso/Desktop/code-stable-x64-1705560028/VSCode-linux-x64/resources/app/out/vs/workbench/api/node/extensionHostProcess.js:158:1513)
	at a (/home/drdbrioso/Desktop/code-stable-x64-1705560028/VSCode-linux-x64/resources/app/out/vs/workbench/api/node/extensionHostProcess.js:171:9802)
	at MessagePortMain.<anonymous> (/home/drdbrioso/Desktop/code-stable-x64-1705560028/VSCode-linux-x64/resources/app/out/vs/workbench/api/node/extensionHostProcess.js:171:6227)
	at MessagePortMain.emit (node:events:513:28)
	at MessagePortMain._internalPort.emit (node:electron/js2c/utility_init:2:367) setContext undefined
2025-10-13 16:45:43.429 [info] Extension host with pid 27181 exiting with code 0
2025-10-13 16:45:43.974 [info] Extension host with pid 27306 started
2025-10-13 16:45:43.974 [info] Skipping acquiring lock for /home/drdbrioso/.config/Code/User/workspaceStorage/67ef078c24af5dd44cd99d03f833dfe3.
2025-10-13 16:45:43.975 [info] $getCanonicalURI invoked for authority (ssh-remote)
2025-10-13 16:45:43.978 [info] ExtensionService#_doActivateExtension ms-vscode-remote.remote-ssh, startup: false, activationEvent: 'onResolveRemoteAuthority:ssh-remote'
2025-10-13 16:45:43.998 [info] [resolveAuthority(ssh-remote,1)][0ms] activating remote resolvers ssh-remote+senc.icmc.usp.br
2025-10-13 16:45:43.998 [info] [resolveAuthority(ssh-remote,1)][0ms] activating resolver for ssh-remote+senc.icmc.usp.br...
2025-10-13 16:45:43.998 [info] [resolveAuthority(ssh-remote,1)][0ms] invoking final resolve()...
2025-10-13 16:45:44.999 [info] [resolveAuthority(ssh-remote,1)][1001ms] waiting...
2025-10-13 16:45:45.999 [info] [resolveAuthority(ssh-remote,1)][2001ms] waiting...
2025-10-13 16:45:47.000 [info] [resolveAuthority(ssh-remote,1)][3002ms] waiting...
2025-10-13 16:45:48.000 [info] [resolveAuthority(ssh-remote,1)][4002ms] waiting...
2025-10-13 16:45:49.000 [info] [resolveAuthority(ssh-remote,1)][5002ms] waiting...
2025-10-13 16:45:50.000 [info] [resolveAuthority(ssh-remote,1)][6002ms] waiting...
2025-10-13 16:45:51.001 [info] [resolveAuthority(ssh-remote,1)][7003ms] waiting...
2025-10-13 16:45:52.001 [info] [resolveAuthority(ssh-remote,1)][8003ms] waiting...
2025-10-13 16:45:52.724 [info] [resolveAuthority(ssh-remote,1)][8726ms] setting tunnel factory...
2025-10-13 16:45:52.724 [info] [resolveAuthority(ssh-remote,1)][8726ms] returned 127.0.0.1:38881
2025-10-13 16:45:56.401 [info] Eager extensions activated
2025-10-13 16:45:56.429 [info] ExtensionService#_doActivateExtension vscode.media-preview, startup: false, activationEvent: 'onCustomEditor:imagePreview.previewEditor'
2025-10-13 16:46:01.764 [error] Error: command 'remote-internal.setActiveFolders' not found
    at k.n (vscode-file://vscode-app/home/drdbrioso/Desktop/code-stable-x64-1705560028/VSCode-linux-x64/resources/app/out/vs/workbench/workbench.desktop.main.js:1538:12339)
    at k.executeCommand (vscode-file://vscode-app/home/drdbrioso/Desktop/code-stable-x64-1705560028/VSCode-linux-x64/resources/app/out/vs/workbench/workbench.desktop.main.js:1538:12268)
2025-10-13 17:02:55.833 [info] [resolveAuthority(ssh-remote,2)][0ms] activating remote resolvers ssh-remote+senc.icmc.usp.br
2025-10-13 17:02:55.833 [info] [resolveAuthority(ssh-remote,2)][0ms] activating resolver for ssh-remote+senc.icmc.usp.br...
2025-10-13 17:02:55.833 [info] [resolveAuthority(ssh-remote,2)][0ms] invoking final resolve()...
2025-10-13 17:02:56.833 [info] [resolveAuthority(ssh-remote,2)][1000ms] waiting...
2025-10-13 17:02:57.834 [info] [resolveAuthority(ssh-remote,2)][2001ms] waiting...
2025-10-13 17:02:58.835 [info] [resolveAuthority(ssh-remote,2)][3002ms] waiting...
2025-10-13 17:02:59.835 [info] [resolveAuthority(ssh-remote,2)][4002ms] waiting...
2025-10-13 17:03:00.836 [info] [resolveAuthority(ssh-remote,2)][5003ms] waiting...
2025-10-13 17:03:01.837 [info] [resolveAuthority(ssh-remote,2)][6004ms] waiting...
2025-10-13 17:03:02.838 [info] [resolveAuthority(ssh-remote,2)][7005ms] waiting...
2025-10-13 17:03:03.839 [info] [resolveAuthority(ssh-remote,2)][8006ms] waiting...
2025-10-13 17:03:04.840 [info] [resolveAuthority(ssh-remote,2)][9007ms] waiting...
2025-10-13 17:03:05.841 [info] [resolveAuthority(ssh-remote,2)][10008ms] waiting...
2025-10-13 17:03:06.842 [info] [resolveAuthority(ssh-remote,2)][11009ms] waiting...
2025-10-13 17:03:07.843 [info] [resolveAuthority(ssh-remote,2)][12010ms] waiting...
2025-10-13 17:03:08.845 [info] [resolveAuthority(ssh-remote,2)][13012ms] waiting...
2025-10-13 17:03:09.845 [info] [resolveAuthority(ssh-remote,2)][14012ms] waiting...
2025-10-13 17:03:10.847 [info] [resolveAuthority(ssh-remote,2)][15014ms] waiting...
2025-10-13 17:03:11.023 [error] [resolveAuthority(ssh-remote,2)][15184ms] returned an error The connection timed out
2025-10-13 17:03:16.029 [info] [resolveAuthority(ssh-remote,3)][0ms] activating remote resolvers ssh-remote+senc.icmc.usp.br
2025-10-13 17:03:16.029 [info] [resolveAuthority(ssh-remote,3)][0ms] activating resolver for ssh-remote+senc.icmc.usp.br...
2025-10-13 17:03:16.030 [info] [resolveAuthority(ssh-remote,3)][1ms] invoking final resolve()...
2025-10-13 17:03:17.030 [info] [resolveAuthority(ssh-remote,3)][1001ms] waiting...
2025-10-13 17:03:18.030 [info] [resolveAuthority(ssh-remote,3)][2001ms] waiting...
2025-10-13 17:03:19.031 [info] [resolveAuthority(ssh-remote,3)][3002ms] waiting...
2025-10-13 17:03:20.032 [info] [resolveAuthority(ssh-remote,3)][4003ms] waiting...
2025-10-13 17:03:21.033 [info] [resolveAuthority(ssh-remote,3)][5004ms] waiting...
2025-10-13 17:03:22.035 [info] [resolveAuthority(ssh-remote,3)][6006ms] waiting...
2025-10-13 17:03:23.036 [info] [resolveAuthority(ssh-remote,3)][7007ms] waiting...
2025-10-13 17:03:24.037 [info] [resolveAuthority(ssh-remote,3)][8008ms] waiting...
2025-10-13 17:03:25.038 [info] [resolveAuthority(ssh-remote,3)][9009ms] waiting...
2025-10-13 17:03:26.038 [info] [resolveAuthority(ssh-remote,3)][10009ms] waiting...
2025-10-13 17:03:27.039 [info] [resolveAuthority(ssh-remote,3)][11010ms] waiting...
2025-10-13 17:03:28.039 [info] [resolveAuthority(ssh-remote,3)][12010ms] waiting...
2025-10-13 17:03:29.040 [info] [resolveAuthority(ssh-remote,3)][13011ms] waiting...
2025-10-13 17:03:30.041 [info] [resolveAuthority(ssh-remote,3)][14012ms] waiting...
2025-10-13 17:03:31.042 [info] [resolveAuthority(ssh-remote,3)][15013ms] waiting...
2025-10-13 17:03:31.183 [error] [resolveAuthority(ssh-remote,3)][15154ms] returned an error The connection timed out
2025-10-13 17:03:36.205 [info] [resolveAuthority(ssh-remote,4)][0ms] activating remote resolvers ssh-remote+senc.icmc.usp.br
2025-10-13 17:03:36.205 [info] [resolveAuthority(ssh-remote,4)][0ms] activating resolver for ssh-remote+senc.icmc.usp.br...
2025-10-13 17:03:36.206 [info] [resolveAuthority(ssh-remote,4)][1ms] invoking final resolve()...
2025-10-13 17:03:37.207 [info] [resolveAuthority(ssh-remote,4)][1002ms] waiting...
2025-10-13 17:03:38.208 [info] [resolveAuthority(ssh-remote,4)][2003ms] waiting...
2025-10-13 17:03:39.209 [info] [resolveAuthority(ssh-remote,4)][3004ms] waiting...
2025-10-13 17:03:40.209 [info] [resolveAuthority(ssh-remote,4)][4004ms] waiting...
2025-10-13 17:03:41.210 [info] [resolveAuthority(ssh-remote,4)][5005ms] waiting...
2025-10-13 17:03:42.211 [info] [resolveAuthority(ssh-remote,4)][6006ms] waiting...
2025-10-13 17:03:43.212 [info] [resolveAuthority(ssh-remote,4)][7007ms] waiting...
2025-10-13 17:03:44.213 [info] [resolveAuthority(ssh-remote,4)][8008ms] waiting...
2025-10-13 17:03:45.214 [info] [resolveAuthority(ssh-remote,4)][9009ms] waiting...
2025-10-13 17:03:46.215 [info] [resolveAuthority(ssh-remote,4)][10010ms] waiting...
2025-10-13 17:03:47.215 [info] [resolveAuthority(ssh-remote,4)][11010ms] waiting...
2025-10-13 17:03:48.216 [info] [resolveAuthority(ssh-remote,4)][12011ms] waiting...
2025-10-13 17:03:49.217 [info] [resolveAuthority(ssh-remote,4)][13012ms] waiting...
2025-10-13 17:03:50.218 [info] [resolveAuthority(ssh-remote,4)][14013ms] waiting...
2025-10-13 17:03:51.219 [info] [resolveAuthority(ssh-remote,4)][15014ms] waiting...
2025-10-13 17:03:51.456 [error] [resolveAuthority(ssh-remote,4)][15251ms] returned an error The connection timed out
2025-10-13 17:04:01.474 [info] [resolveAuthority(ssh-remote,5)][0ms] activating remote resolvers ssh-remote+senc.icmc.usp.br
2025-10-13 17:04:01.474 [info] [resolveAuthority(ssh-remote,5)][0ms] activating resolver for ssh-remote+senc.icmc.usp.br...
2025-10-13 17:04:01.474 [info] [resolveAuthority(ssh-remote,5)][0ms] invoking final resolve()...
2025-10-13 17:04:02.474 [info] [resolveAuthority(ssh-remote,5)][1000ms] waiting...
2025-10-13 17:04:03.475 [info] [resolveAuthority(ssh-remote,5)][2001ms] waiting...
2025-10-13 17:04:04.476 [info] [resolveAuthority(ssh-remote,5)][3002ms] waiting...
2025-10-13 17:04:05.477 [info] [resolveAuthority(ssh-remote,5)][4003ms] waiting...
2025-10-13 17:04:06.478 [info] [resolveAuthority(ssh-remote,5)][5003ms] waiting...
2025-10-13 17:04:07.478 [info] [resolveAuthority(ssh-remote,5)][6004ms] waiting...
2025-10-13 17:04:08.479 [info] [resolveAuthority(ssh-remote,5)][7005ms] waiting...
2025-10-13 17:04:09.480 [info] [resolveAuthority(ssh-remote,5)][8006ms] waiting...
2025-10-13 17:04:10.480 [info] [resolveAuthority(ssh-remote,5)][9006ms] waiting...
2025-10-13 17:04:11.481 [info] [resolveAuthority(ssh-remote,5)][10007ms] waiting...
2025-10-13 17:04:12.482 [info] [resolveAuthority(ssh-remote,5)][11008ms] waiting...
2025-10-13 17:04:13.483 [info] [resolveAuthority(ssh-remote,5)][12009ms] waiting...
2025-10-13 17:04:14.484 [info] [resolveAuthority(ssh-remote,5)][13010ms] waiting...
2025-10-13 17:04:15.485 [info] [resolveAuthority(ssh-remote,5)][14011ms] waiting...
2025-10-13 17:04:16.486 [info] [resolveAuthority(ssh-remote,5)][15012ms] waiting...
2025-10-13 17:04:16.634 [error] [resolveAuthority(ssh-remote,5)][15160ms] returned an error The connection timed out
2025-10-13 17:04:26.676 [info] [resolveAuthority(ssh-remote,6)][0ms] activating remote resolvers ssh-remote+senc.icmc.usp.br
2025-10-13 17:04:26.676 [info] [resolveAuthority(ssh-remote,6)][0ms] activating resolver for ssh-remote+senc.icmc.usp.br...
2025-10-13 17:04:26.676 [info] [resolveAuthority(ssh-remote,6)][0ms] invoking final resolve()...
2025-10-13 17:04:27.677 [info] [resolveAuthority(ssh-remote,6)][1001ms] waiting...
2025-10-13 17:04:28.679 [info] [resolveAuthority(ssh-remote,6)][2003ms] waiting...
2025-10-13 17:04:29.679 [info] [resolveAuthority(ssh-remote,6)][3003ms] waiting...
2025-10-13 17:04:30.679 [info] [resolveAuthority(ssh-remote,6)][4003ms] waiting...
2025-10-13 17:04:31.680 [info] [resolveAuthority(ssh-remote,6)][5004ms] waiting...
2025-10-13 17:04:32.681 [info] [resolveAuthority(ssh-remote,6)][6005ms] waiting...
2025-10-13 17:04:33.682 [info] [resolveAuthority(ssh-remote,6)][7006ms] waiting...
2025-10-13 17:04:34.683 [info] [resolveAuthority(ssh-remote,6)][8007ms] waiting...
2025-10-13 17:04:35.684 [info] [resolveAuthority(ssh-remote,6)][9008ms] waiting...
2025-10-13 17:04:36.685 [info] [resolveAuthority(ssh-remote,6)][10009ms] waiting...
2025-10-13 17:04:37.685 [info] [resolveAuthority(ssh-remote,6)][11009ms] waiting...
2025-10-13 17:04:38.686 [info] [resolveAuthority(ssh-remote,6)][12010ms] waiting...
2025-10-13 17:04:39.687 [info] [resolveAuthority(ssh-remote,6)][13011ms] waiting...
2025-10-13 17:04:40.688 [info] [resolveAuthority(ssh-remote,6)][14012ms] waiting...
2025-10-13 17:04:41.689 [info] [resolveAuthority(ssh-remote,6)][15013ms] waiting...
2025-10-13 17:04:41.819 [error] [resolveAuthority(ssh-remote,6)][15142ms] returned an error The connection timed out
2025-10-13 17:04:51.855 [info] [resolveAuthority(ssh-remote,7)][0ms] activating remote resolvers ssh-remote+senc.icmc.usp.br
2025-10-13 17:04:51.856 [info] [resolveAuthority(ssh-remote,7)][1ms] activating resolver for ssh-remote+senc.icmc.usp.br...
2025-10-13 17:04:51.856 [info] [resolveAuthority(ssh-remote,7)][1ms] invoking final resolve()...
2025-10-13 17:04:52.856 [info] [resolveAuthority(ssh-remote,7)][1001ms] waiting...
2025-10-13 17:04:53.857 [info] [resolveAuthority(ssh-remote,7)][2002ms] waiting...
2025-10-13 17:04:54.859 [info] [resolveAuthority(ssh-remote,7)][3004ms] waiting...
2025-10-13 17:04:55.859 [info] [resolveAuthority(ssh-remote,7)][4004ms] waiting...
2025-10-13 17:04:56.859 [info] [resolveAuthority(ssh-remote,7)][5004ms] waiting...
2025-10-13 17:04:57.860 [info] [resolveAuthority(ssh-remote,7)][6005ms] waiting...
2025-10-13 17:04:58.861 [info] [resolveAuthority(ssh-remote,7)][7006ms] waiting...
2025-10-13 17:04:59.862 [info] [resolveAuthority(ssh-remote,7)][8007ms] waiting...
2025-10-13 17:05:00.863 [info] [resolveAuthority(ssh-remote,7)][9008ms] waiting...
2025-10-13 17:05:01.864 [info] [resolveAuthority(ssh-remote,7)][10009ms] waiting...
2025-10-13 17:05:02.865 [info] [resolveAuthority(ssh-remote,7)][11010ms] waiting...
2025-10-13 17:05:03.867 [info] [resolveAuthority(ssh-remote,7)][12012ms] waiting...
2025-10-13 17:05:04.867 [info] [resolveAuthority(ssh-remote,7)][13012ms] waiting...
2025-10-13 17:05:05.869 [info] [resolveAuthority(ssh-remote,7)][14014ms] waiting...
2025-10-13 17:05:06.870 [info] [resolveAuthority(ssh-remote,7)][15015ms] waiting...
2025-10-13 17:05:07.003 [error] [resolveAuthority(ssh-remote,7)][15148ms] returned an error The connection timed out
2025-10-13 17:05:17.015 [info] [resolveAuthority(ssh-remote,8)][0ms] activating remote resolvers ssh-remote+senc.icmc.usp.br
2025-10-13 17:05:17.015 [info] [resolveAuthority(ssh-remote,8)][0ms] activating resolver for ssh-remote+senc.icmc.usp.br...
2025-10-13 17:05:17.015 [info] [resolveAuthority(ssh-remote,8)][0ms] invoking final resolve()...
2025-10-13 17:05:18.016 [info] [resolveAuthority(ssh-remote,8)][1001ms] waiting...
2025-10-13 17:05:19.016 [info] [resolveAuthority(ssh-remote,8)][2001ms] waiting...
2025-10-13 17:05:20.017 [info] [resolveAuthority(ssh-remote,8)][3002ms] waiting...
2025-10-13 17:05:21.017 [info] [resolveAuthority(ssh-remote,8)][4002ms] waiting...
2025-10-13 17:05:22.018 [info] [resolveAuthority(ssh-remote,8)][5003ms] waiting...
2025-10-13 17:05:23.019 [info] [resolveAuthority(ssh-remote,8)][6004ms] waiting...
2025-10-13 17:05:24.020 [info] [resolveAuthority(ssh-remote,8)][7005ms] waiting...
2025-10-13 17:05:25.022 [info] [resolveAuthority(ssh-remote,8)][8007ms] waiting...
2025-10-13 17:05:26.023 [info] [resolveAuthority(ssh-remote,8)][9007ms] waiting...
2025-10-13 17:05:27.023 [info] [resolveAuthority(ssh-remote,8)][10008ms] waiting...
2025-10-13 17:05:28.024 [info] [resolveAuthority(ssh-remote,8)][11008ms] waiting...
2025-10-13 17:05:29.025 [info] [resolveAuthority(ssh-remote,8)][12010ms] waiting...
2025-10-13 17:05:30.026 [info] [resolveAuthority(ssh-remote,8)][13011ms] waiting...
2025-10-13 17:05:31.027 [info] [resolveAuthority(ssh-remote,8)][14012ms] waiting...
2025-10-13 17:05:32.028 [info] [resolveAuthority(ssh-remote,8)][15013ms] waiting...
2025-10-13 17:05:32.209 [error] [resolveAuthority(ssh-remote,8)][15194ms] returned an error The connection timed out
2025-10-13 17:05:42.250 [info] [resolveAuthority(ssh-remote,9)][0ms] activating remote resolvers ssh-remote+senc.icmc.usp.br
2025-10-13 17:05:42.250 [info] [resolveAuthority(ssh-remote,9)][0ms] activating resolver for ssh-remote+senc.icmc.usp.br...
2025-10-13 17:05:42.250 [info] [resolveAuthority(ssh-remote,9)][0ms] invoking final resolve()...
2025-10-13 17:05:43.251 [info] [resolveAuthority(ssh-remote,9)][1001ms] waiting...
2025-10-13 17:05:44.252 [info] [resolveAuthority(ssh-remote,9)][2002ms] waiting...
2025-10-13 17:05:45.252 [info] [resolveAuthority(ssh-remote,9)][3002ms] waiting...
2025-10-13 17:05:46.252 [info] [resolveAuthority(ssh-remote,9)][4002ms] waiting...
2025-10-13 17:05:47.252 [info] [resolveAuthority(ssh-remote,9)][5002ms] waiting...
2025-10-13 17:05:48.253 [info] [resolveAuthority(ssh-remote,9)][6003ms] waiting...
2025-10-13 17:05:49.254 [info] [resolveAuthority(ssh-remote,9)][7004ms] waiting...
2025-10-13 17:05:50.255 [info] [resolveAuthority(ssh-remote,9)][8005ms] waiting...
2025-10-13 17:05:51.256 [info] [resolveAuthority(ssh-remote,9)][9006ms] waiting...
2025-10-13 17:05:52.257 [info] [resolveAuthority(ssh-remote,9)][10007ms] waiting...
2025-10-13 17:05:53.258 [info] [resolveAuthority(ssh-remote,9)][11008ms] waiting...
2025-10-13 17:05:54.259 [info] [resolveAuthority(ssh-remote,9)][12009ms] waiting...
2025-10-13 17:05:55.259 [info] [resolveAuthority(ssh-remote,9)][13009ms] waiting...
2025-10-13 17:05:56.260 [info] [resolveAuthority(ssh-remote,9)][14010ms] waiting...
2025-10-13 17:05:57.261 [info] [resolveAuthority(ssh-remote,9)][15011ms] waiting...
2025-10-13 17:05:57.473 [error] [resolveAuthority(ssh-remote,9)][15223ms] returned an error The connection timed out
2025-10-13 17:06:27.522 [info] [resolveAuthority(ssh-remote,10)][0ms] activating remote resolvers ssh-remote+senc.icmc.usp.br
2025-10-13 17:06:27.522 [info] [resolveAuthority(ssh-remote,10)][0ms] activating resolver for ssh-remote+senc.icmc.usp.br...
2025-10-13 17:06:27.523 [info] [resolveAuthority(ssh-remote,10)][1ms] invoking final resolve()...
2025-10-13 17:06:28.523 [info] [resolveAuthority(ssh-remote,10)][1001ms] waiting...
2025-10-13 17:06:29.523 [info] [resolveAuthority(ssh-remote,10)][2001ms] waiting...
2025-10-13 17:06:30.524 [info] [resolveAuthority(ssh-remote,10)][3002ms] waiting...
2025-10-13 17:06:31.525 [info] [resolveAuthority(ssh-remote,10)][4003ms] waiting...
2025-10-13 17:06:32.525 [info] [resolveAuthority(ssh-remote,10)][5003ms] waiting...
2025-10-13 17:06:33.526 [info] [resolveAuthority(ssh-remote,10)][6004ms] waiting...
2025-10-13 17:06:34.527 [info] [resolveAuthority(ssh-remote,10)][7005ms] waiting...
2025-10-13 17:06:35.528 [info] [resolveAuthority(ssh-remote,10)][8006ms] waiting...
2025-10-13 17:06:36.530 [info] [resolveAuthority(ssh-remote,10)][9008ms] waiting...
2025-10-13 17:06:37.531 [info] [resolveAuthority(ssh-remote,10)][10009ms] waiting...
2025-10-13 17:06:38.531 [info] [resolveAuthority(ssh-remote,10)][11009ms] waiting...
2025-10-13 17:06:39.532 [info] [resolveAuthority(ssh-remote,10)][12010ms] waiting...
2025-10-13 17:06:40.533 [info] [resolveAuthority(ssh-remote,10)][13011ms] waiting...
2025-10-13 17:06:41.534 [info] [resolveAuthority(ssh-remote,10)][14012ms] waiting...
2025-10-13 17:06:42.535 [info] [resolveAuthority(ssh-remote,10)][15013ms] waiting...
2025-10-13 17:06:42.667 [error] [resolveAuthority(ssh-remote,10)][15145ms] returned an error The connection timed out
2025-10-13 17:07:12.709 [info] [resolveAuthority(ssh-remote,11)][0ms] activating remote resolvers ssh-remote+senc.icmc.usp.br
2025-10-13 17:07:12.709 [info] [resolveAuthority(ssh-remote,11)][0ms] activating resolver for ssh-remote+senc.icmc.usp.br...
2025-10-13 17:07:12.709 [info] [resolveAuthority(ssh-remote,11)][0ms] invoking final resolve()...
2025-10-13 17:07:13.710 [info] [resolveAuthority(ssh-remote,11)][1001ms] waiting...
2025-10-13 17:07:14.711 [info] [resolveAuthority(ssh-remote,11)][2002ms] waiting...
2025-10-13 17:07:15.711 [info] [resolveAuthority(ssh-remote,11)][3002ms] waiting...
2025-10-13 17:07:16.712 [info] [resolveAuthority(ssh-remote,11)][4003ms] waiting...
2025-10-13 17:07:17.712 [info] [resolveAuthority(ssh-remote,11)][5003ms] waiting...
2025-10-13 17:07:18.713 [info] [resolveAuthority(ssh-remote,11)][6004ms] waiting...
2025-10-13 17:07:19.714 [info] [resolveAuthority(ssh-remote,11)][7005ms] waiting...
2025-10-13 17:07:20.714 [info] [resolveAuthority(ssh-remote,11)][8005ms] waiting...
2025-10-13 17:07:21.715 [info] [resolveAuthority(ssh-remote,11)][9006ms] waiting...
2025-10-13 17:07:22.716 [info] [resolveAuthority(ssh-remote,11)][10007ms] waiting...
2025-10-13 17:07:23.717 [info] [resolveAuthority(ssh-remote,11)][11008ms] waiting...
2025-10-13 17:07:24.718 [info] [resolveAuthority(ssh-remote,11)][12009ms] waiting...
2025-10-13 17:07:25.719 [info] [resolveAuthority(ssh-remote,11)][13010ms] waiting...
2025-10-13 17:07:26.720 [info] [resolveAuthority(ssh-remote,11)][14011ms] waiting...
2025-10-13 17:07:27.720 [info] [resolveAuthority(ssh-remote,11)][15011ms] waiting...
2025-10-13 17:07:27.854 [error] [resolveAuthority(ssh-remote,11)][15145ms] returned an error The connection timed out
2025-10-13 17:07:57.891 [info] [resolveAuthority(ssh-remote,12)][0ms] activating remote resolvers ssh-remote+senc.icmc.usp.br
2025-10-13 17:07:57.891 [info] [resolveAuthority(ssh-remote,12)][0ms] activating resolver for ssh-remote+senc.icmc.usp.br...
2025-10-13 17:07:57.891 [info] [resolveAuthority(ssh-remote,12)][0ms] invoking final resolve()...
2025-10-13 17:07:58.892 [info] [resolveAuthority(ssh-remote,12)][1001ms] waiting...
2025-10-13 17:07:59.893 [info] [resolveAuthority(ssh-remote,12)][2002ms] waiting...
2025-10-13 17:08:00.894 [info] [resolveAuthority(ssh-remote,12)][3003ms] waiting...
2025-10-13 17:08:01.895 [info] [resolveAuthority(ssh-remote,12)][4004ms] waiting...
2025-10-13 17:08:02.896 [info] [resolveAuthority(ssh-remote,12)][5005ms] waiting...
2025-10-13 17:08:03.897 [info] [resolveAuthority(ssh-remote,12)][6006ms] waiting...
2025-10-13 17:08:04.899 [info] [resolveAuthority(ssh-remote,12)][7008ms] waiting...
2025-10-13 17:08:05.900 [info] [resolveAuthority(ssh-remote,12)][8009ms] waiting...
2025-10-13 17:08:06.901 [info] [resolveAuthority(ssh-remote,12)][9010ms] waiting...
2025-10-13 17:08:07.902 [info] [resolveAuthority(ssh-remote,12)][10011ms] waiting...
2025-10-13 17:08:08.903 [info] [resolveAuthority(ssh-remote,12)][11012ms] waiting...
2025-10-13 17:08:09.904 [info] [resolveAuthority(ssh-remote,12)][12013ms] waiting...
2025-10-13 17:08:10.905 [info] [resolveAuthority(ssh-remote,12)][13014ms] waiting...
2025-10-13 17:08:11.906 [info] [resolveAuthority(ssh-remote,12)][14015ms] waiting...
2025-10-13 17:08:12.908 [info] [resolveAuthority(ssh-remote,12)][15017ms] waiting...
2025-10-13 17:08:13.050 [error] [resolveAuthority(ssh-remote,12)][15159ms] returned an error The connection timed out
2025-10-13 17:08:43.092 [info] [resolveAuthority(ssh-remote,13)][0ms] activating remote resolvers ssh-remote+senc.icmc.usp.br
2025-10-13 17:08:43.092 [info] [resolveAuthority(ssh-remote,13)][0ms] activating resolver for ssh-remote+senc.icmc.usp.br...
2025-10-13 17:08:43.092 [info] [resolveAuthority(ssh-remote,13)][0ms] invoking final resolve()...
2025-10-13 17:08:44.094 [info] [resolveAuthority(ssh-remote,13)][1002ms] waiting...
2025-10-13 17:08:45.094 [info] [resolveAuthority(ssh-remote,13)][2002ms] waiting...
2025-10-13 17:08:46.094 [info] [resolveAuthority(ssh-remote,13)][3002ms] waiting...
2025-10-13 17:08:47.095 [info] [resolveAuthority(ssh-remote,13)][4003ms] waiting...
2025-10-13 17:08:48.095 [info] [resolveAuthority(ssh-remote,13)][5003ms] waiting...
2025-10-13 17:08:49.095 [info] [resolveAuthority(ssh-remote,13)][6003ms] waiting...
2025-10-13 17:08:50.096 [info] [resolveAuthority(ssh-remote,13)][7004ms] waiting...
2025-10-13 17:08:51.097 [info] [resolveAuthority(ssh-remote,13)][8005ms] waiting...
2025-10-13 17:08:52.098 [info] [resolveAuthority(ssh-remote,13)][9006ms] waiting...
2025-10-13 17:08:53.099 [info] [resolveAuthority(ssh-remote,13)][10007ms] waiting...
2025-10-13 17:08:54.100 [info] [resolveAuthority(ssh-remote,13)][11008ms] waiting...
2025-10-13 17:08:55.101 [info] [resolveAuthority(ssh-remote,13)][12009ms] waiting...
2025-10-13 17:08:56.102 [info] [resolveAuthority(ssh-remote,13)][13010ms] waiting...
2025-10-13 17:08:57.103 [info] [resolveAuthority(ssh-remote,13)][14011ms] waiting...
2025-10-13 17:08:58.103 [info] [resolveAuthority(ssh-remote,13)][15011ms] waiting...
2025-10-13 17:08:58.243 [error] [resolveAuthority(ssh-remote,13)][15151ms] returned an error The connection timed out
2025-10-13 17:09:28.290 [info] [resolveAuthority(ssh-remote,14)][0ms] activating remote resolvers ssh-remote+senc.icmc.usp.br
2025-10-13 17:09:28.290 [info] [resolveAuthority(ssh-remote,14)][0ms] activating resolver for ssh-remote+senc.icmc.usp.br...
2025-10-13 17:09:28.291 [info] [resolveAuthority(ssh-remote,14)][1ms] invoking final resolve()...
2025-10-13 17:09:29.291 [info] [resolveAuthority(ssh-remote,14)][1001ms] waiting...
2025-10-13 17:09:30.292 [info] [resolveAuthority(ssh-remote,14)][2002ms] waiting...
2025-10-13 17:09:31.293 [info] [resolveAuthority(ssh-remote,14)][3003ms] waiting...
2025-10-13 17:09:32.294 [info] [resolveAuthority(ssh-remote,14)][4004ms] waiting...
2025-10-13 17:09:33.295 [info] [resolveAuthority(ssh-remote,14)][5005ms] waiting...
2025-10-13 17:09:34.296 [info] [resolveAuthority(ssh-remote,14)][6006ms] waiting...
2025-10-13 17:09:35.296 [info] [resolveAuthority(ssh-remote,14)][7006ms] waiting...
2025-10-13 17:09:36.297 [info] [resolveAuthority(ssh-remote,14)][8007ms] waiting...
2025-10-13 17:09:37.298 [info] [resolveAuthority(ssh-remote,14)][9008ms] waiting...
2025-10-13 17:09:38.299 [info] [resolveAuthority(ssh-remote,14)][10009ms] waiting...
2025-10-13 17:09:39.300 [info] [resolveAuthority(ssh-remote,14)][11010ms] waiting...
2025-10-13 17:09:40.301 [info] [resolveAuthority(ssh-remote,14)][12011ms] waiting...
2025-10-13 17:09:41.302 [info] [resolveAuthority(ssh-remote,14)][13012ms] waiting...
2025-10-13 17:09:42.302 [info] [resolveAuthority(ssh-remote,14)][14012ms] waiting...
2025-10-13 17:09:43.303 [info] [resolveAuthority(ssh-remote,14)][15013ms] waiting...
2025-10-13 17:09:43.441 [error] [resolveAuthority(ssh-remote,14)][15151ms] returned an error The connection timed out
2025-10-13 17:10:13.483 [info] [resolveAuthority(ssh-remote,15)][0ms] activating remote resolvers ssh-remote+senc.icmc.usp.br
2025-10-13 17:10:13.483 [info] [resolveAuthority(ssh-remote,15)][0ms] activating resolver for ssh-remote+senc.icmc.usp.br...
2025-10-13 17:10:13.483 [info] [resolveAuthority(ssh-remote,15)][0ms] invoking final resolve()...
2025-10-13 17:10:14.484 [info] [resolveAuthority(ssh-remote,15)][1001ms] waiting...
2025-10-13 17:10:15.484 [info] [resolveAuthority(ssh-remote,15)][2001ms] waiting...
2025-10-13 17:10:16.485 [info] [resolveAuthority(ssh-remote,15)][3002ms] waiting...
2025-10-13 17:10:17.486 [info] [resolveAuthority(ssh-remote,15)][4003ms] waiting...
2025-10-13 17:10:18.489 [info] [resolveAuthority(ssh-remote,15)][5006ms] waiting...
2025-10-13 17:10:19.489 [info] [resolveAuthority(ssh-remote,15)][6006ms] waiting...
2025-10-13 17:10:20.490 [info] [resolveAuthority(ssh-remote,15)][7007ms] waiting...
2025-10-13 17:10:21.492 [info] [resolveAuthority(ssh-remote,15)][8009ms] waiting...
2025-10-13 17:10:22.493 [info] [resolveAuthority(ssh-remote,15)][9010ms] waiting...
2025-10-13 17:10:23.493 [info] [resolveAuthority(ssh-remote,15)][10010ms] waiting...
2025-10-13 17:10:24.494 [info] [resolveAuthority(ssh-remote,15)][11011ms] waiting...
2025-10-13 17:10:25.495 [info] [resolveAuthority(ssh-remote,15)][12012ms] waiting...
2025-10-13 17:10:26.496 [info] [resolveAuthority(ssh-remote,15)][13013ms] waiting...
2025-10-13 17:10:27.498 [info] [resolveAuthority(ssh-remote,15)][14015ms] waiting...
2025-10-13 17:10:28.499 [info] [resolveAuthority(ssh-remote,15)][15016ms] waiting...
2025-10-13 17:10:29.499 [info] [resolveAuthority(ssh-remote,15)][16016ms] waiting...
2025-10-13 17:10:30.500 [info] [resolveAuthority(ssh-remote,15)][17017ms] waiting...
2025-10-13 17:10:30.507 [error] [resolveAuthority(ssh-remote,15)][17024ms] returned an error Connecting with SSH timed out
2025-10-13 17:11:00.551 [info] [resolveAuthority(ssh-remote,16)][0ms] activating remote resolvers ssh-remote+senc.icmc.usp.br
2025-10-13 17:11:00.551 [info] [resolveAuthority(ssh-remote,16)][0ms] activating resolver for ssh-remote+senc.icmc.usp.br...
2025-10-13 17:11:00.551 [info] [resolveAuthority(ssh-remote,16)][0ms] invoking final resolve()...
2025-10-13 17:11:01.552 [info] [resolveAuthority(ssh-remote,16)][1001ms] waiting...
2025-10-13 17:11:02.552 [info] [resolveAuthority(ssh-remote,16)][2001ms] waiting...
2025-10-13 17:11:03.553 [info] [resolveAuthority(ssh-remote,16)][3002ms] waiting...
2025-10-13 17:11:04.554 [info] [resolveAuthority(ssh-remote,16)][4003ms] waiting...
2025-10-13 17:11:05.555 [info] [resolveAuthority(ssh-remote,16)][5004ms] waiting...
2025-10-13 17:11:06.555 [info] [resolveAuthority(ssh-remote,16)][6004ms] waiting...
2025-10-13 17:11:07.555 [info] [resolveAuthority(ssh-remote,16)][7004ms] waiting...
2025-10-13 17:11:08.556 [info] [resolveAuthority(ssh-remote,16)][8005ms] waiting...
2025-10-13 17:11:09.557 [info] [resolveAuthority(ssh-remote,16)][9006ms] waiting...
2025-10-13 17:11:10.558 [info] [resolveAuthority(ssh-remote,16)][10007ms] waiting...
2025-10-13 17:11:11.559 [info] [resolveAuthority(ssh-remote,16)][11008ms] waiting...
2025-10-13 17:11:12.560 [info] [resolveAuthority(ssh-remote,16)][12009ms] waiting...
2025-10-13 17:11:13.561 [info] [resolveAuthority(ssh-remote,16)][13010ms] waiting...
2025-10-13 17:11:14.561 [info] [resolveAuthority(ssh-remote,16)][14010ms] waiting...
2025-10-13 17:11:15.562 [info] [resolveAuthority(ssh-remote,16)][15011ms] waiting...
2025-10-13 17:11:15.696 [error] [resolveAuthority(ssh-remote,16)][15145ms] returned an error The connection timed out
2025-10-13 17:11:45.739 [info] [resolveAuthority(ssh-remote,17)][0ms] activating remote resolvers ssh-remote+senc.icmc.usp.br
2025-10-13 17:11:45.739 [info] [resolveAuthority(ssh-remote,17)][0ms] activating resolver for ssh-remote+senc.icmc.usp.br...
2025-10-13 17:11:45.739 [info] [resolveAuthority(ssh-remote,17)][0ms] invoking final resolve()...
2025-10-13 17:11:46.740 [info] [resolveAuthority(ssh-remote,17)][1001ms] waiting...
2025-10-13 17:11:47.741 [info] [resolveAuthority(ssh-remote,17)][2002ms] waiting...
2025-10-13 17:11:48.742 [info] [resolveAuthority(ssh-remote,17)][3003ms] waiting...
2025-10-13 17:11:49.743 [info] [resolveAuthority(ssh-remote,17)][4004ms] waiting...
2025-10-13 17:11:50.744 [info] [resolveAuthority(ssh-remote,17)][5005ms] waiting...
2025-10-13 17:11:51.745 [info] [resolveAuthority(ssh-remote,17)][6006ms] waiting...
2025-10-13 17:11:52.746 [info] [resolveAuthority(ssh-remote,17)][7007ms] waiting...
2025-10-13 17:11:53.747 [info] [resolveAuthority(ssh-remote,17)][8008ms] waiting...
2025-10-13 17:11:54.748 [info] [resolveAuthority(ssh-remote,17)][9009ms] waiting...
2025-10-13 17:11:55.748 [info] [resolveAuthority(ssh-remote,17)][10009ms] waiting...
2025-10-13 17:11:56.748 [info] [resolveAuthority(ssh-remote,17)][11009ms] waiting...
2025-10-13 17:11:57.749 [info] [resolveAuthority(ssh-remote,17)][12010ms] waiting...
2025-10-13 17:11:58.749 [info] [resolveAuthority(ssh-remote,17)][13010ms] waiting...
2025-10-13 17:11:59.750 [info] [resolveAuthority(ssh-remote,17)][14011ms] waiting...
2025-10-13 17:12:00.750 [info] [resolveAuthority(ssh-remote,17)][15011ms] waiting...
2025-10-13 17:12:00.885 [error] [resolveAuthority(ssh-remote,17)][15146ms] returned an error The connection timed out
2025-10-13 17:12:30.918 [info] [resolveAuthority(ssh-remote,18)][0ms] activating remote resolvers ssh-remote+senc.icmc.usp.br
2025-10-13 17:12:30.918 [info] [resolveAuthority(ssh-remote,18)][0ms] activating resolver for ssh-remote+senc.icmc.usp.br...
2025-10-13 17:12:30.918 [info] [resolveAuthority(ssh-remote,18)][0ms] invoking final resolve()...
2025-10-13 17:12:31.919 [info] [resolveAuthority(ssh-remote,18)][1001ms] waiting...
2025-10-13 17:12:32.920 [info] [resolveAuthority(ssh-remote,18)][2002ms] waiting...
2025-10-13 17:12:33.921 [info] [resolveAuthority(ssh-remote,18)][3003ms] waiting...
2025-10-13 17:12:34.922 [info] [resolveAuthority(ssh-remote,18)][4004ms] waiting...
2025-10-13 17:12:35.923 [info] [resolveAuthority(ssh-remote,18)][5005ms] waiting...
2025-10-13 17:12:36.924 [info] [resolveAuthority(ssh-remote,18)][6006ms] waiting...
2025-10-13 17:12:37.924 [info] [resolveAuthority(ssh-remote,18)][7006ms] waiting...
2025-10-13 17:12:38.924 [info] [resolveAuthority(ssh-remote,18)][8006ms] waiting...
2025-10-13 17:12:39.925 [info] [resolveAuthority(ssh-remote,18)][9007ms] waiting...
2025-10-13 17:12:40.926 [info] [resolveAuthority(ssh-remote,18)][10008ms] waiting...
2025-10-13 17:12:41.927 [info] [resolveAuthority(ssh-remote,18)][11009ms] waiting...
2025-10-13 17:12:42.928 [info] [resolveAuthority(ssh-remote,18)][12010ms] waiting...
2025-10-13 17:12:43.928 [info] [resolveAuthority(ssh-remote,18)][13010ms] waiting...
2025-10-13 17:12:44.928 [info] [resolveAuthority(ssh-remote,18)][14010ms] waiting...
2025-10-13 17:12:45.929 [info] [resolveAuthority(ssh-remote,18)][15011ms] waiting...
2025-10-13 17:12:46.074 [error] [resolveAuthority(ssh-remote,18)][15155ms] returned an error The connection timed out
2025-10-13 17:13:16.120 [info] [resolveAuthority(ssh-remote,19)][0ms] activating remote resolvers ssh-remote+senc.icmc.usp.br
2025-10-13 17:13:16.120 [info] [resolveAuthority(ssh-remote,19)][0ms] activating resolver for ssh-remote+senc.icmc.usp.br...
2025-10-13 17:13:16.120 [info] [resolveAuthority(ssh-remote,19)][0ms] invoking final resolve()...
2025-10-13 17:13:17.121 [info] [resolveAuthority(ssh-remote,19)][1001ms] waiting...
2025-10-13 17:13:18.123 [info] [resolveAuthority(ssh-remote,19)][2002ms] waiting...
2025-10-13 17:13:19.123 [info] [resolveAuthority(ssh-remote,19)][3003ms] waiting...
2025-10-13 17:13:20.123 [info] [resolveAuthority(ssh-remote,19)][4003ms] waiting...
2025-10-13 17:13:21.124 [info] [resolveAuthority(ssh-remote,19)][5004ms] waiting...
2025-10-13 17:13:22.125 [info] [resolveAuthority(ssh-remote,19)][6005ms] waiting...
2025-10-13 17:13:23.125 [info] [resolveAuthority(ssh-remote,19)][7005ms] waiting...
2025-10-13 17:13:24.126 [info] [resolveAuthority(ssh-remote,19)][8006ms] waiting...
2025-10-13 17:13:25.127 [info] [resolveAuthority(ssh-remote,19)][9007ms] waiting...
2025-10-13 17:13:26.128 [info] [resolveAuthority(ssh-remote,19)][10008ms] waiting...
2025-10-13 17:13:27.128 [info] [resolveAuthority(ssh-remote,19)][11008ms] waiting...
2025-10-13 17:13:28.128 [info] [resolveAuthority(ssh-remote,19)][12008ms] waiting...
2025-10-13 17:13:29.129 [info] [resolveAuthority(ssh-remote,19)][13009ms] waiting...
2025-10-13 17:13:30.131 [info] [resolveAuthority(ssh-remote,19)][14011ms] waiting...
2025-10-13 17:13:31.131 [info] [resolveAuthority(ssh-remote,19)][15011ms] waiting...
2025-10-13 17:13:31.306 [error] [resolveAuthority(ssh-remote,19)][15185ms] returned an error The connection timed out
2025-10-13 17:14:01.346 [info] [resolveAuthority(ssh-remote,20)][0ms] activating remote resolvers ssh-remote+senc.icmc.usp.br
2025-10-13 17:14:01.346 [info] [resolveAuthority(ssh-remote,20)][0ms] activating resolver for ssh-remote+senc.icmc.usp.br...
2025-10-13 17:14:01.346 [info] [resolveAuthority(ssh-remote,20)][0ms] invoking final resolve()...
2025-10-13 17:14:02.348 [info] [resolveAuthority(ssh-remote,20)][1002ms] waiting...
2025-10-13 17:14:03.349 [info] [resolveAuthority(ssh-remote,20)][2003ms] waiting...
2025-10-13 17:14:04.350 [info] [resolveAuthority(ssh-remote,20)][3004ms] waiting...
2025-10-13 17:14:05.351 [info] [resolveAuthority(ssh-remote,20)][4005ms] waiting...
2025-10-13 17:14:06.352 [info] [resolveAuthority(ssh-remote,20)][5006ms] waiting...
2025-10-13 17:14:07.353 [info] [resolveAuthority(ssh-remote,20)][6007ms] waiting...
2025-10-13 17:14:08.354 [info] [resolveAuthority(ssh-remote,20)][7008ms] waiting...
2025-10-13 17:14:09.355 [info] [resolveAuthority(ssh-remote,20)][8009ms] waiting...
2025-10-13 17:14:10.356 [info] [resolveAuthority(ssh-remote,20)][9010ms] waiting...
2025-10-13 17:14:11.357 [info] [resolveAuthority(ssh-remote,20)][10011ms] waiting...
2025-10-13 17:14:12.358 [info] [resolveAuthority(ssh-remote,20)][11012ms] waiting...
2025-10-13 17:14:13.357 [info] [resolveAuthority(ssh-remote,20)][12011ms] waiting...
2025-10-13 17:14:14.359 [info] [resolveAuthority(ssh-remote,20)][13013ms] waiting...
2025-10-13 17:14:15.359 [info] [resolveAuthority(ssh-remote,20)][14013ms] waiting...
2025-10-13 17:14:16.360 [info] [resolveAuthority(ssh-remote,20)][15014ms] waiting...
2025-10-13 17:14:16.489 [error] [resolveAuthority(ssh-remote,20)][15142ms] returned an error The connection timed out
2025-10-13 17:14:46.531 [info] [resolveAuthority(ssh-remote,21)][0ms] activating remote resolvers ssh-remote+senc.icmc.usp.br
2025-10-13 17:14:46.531 [info] [resolveAuthority(ssh-remote,21)][0ms] activating resolver for ssh-remote+senc.icmc.usp.br...
2025-10-13 17:14:46.531 [info] [resolveAuthority(ssh-remote,21)][0ms] invoking final resolve()...
2025-10-13 17:14:47.532 [info] [resolveAuthority(ssh-remote,21)][1001ms] waiting...
2025-10-13 17:14:48.533 [info] [resolveAuthority(ssh-remote,21)][2002ms] waiting...
2025-10-13 17:14:49.534 [info] [resolveAuthority(ssh-remote,21)][3003ms] waiting...
2025-10-13 17:14:50.535 [info] [resolveAuthority(ssh-remote,21)][4004ms] waiting...
2025-10-13 17:14:51.536 [info] [resolveAuthority(ssh-remote,21)][5005ms] waiting...
2025-10-13 17:14:52.537 [info] [resolveAuthority(ssh-remote,21)][6006ms] waiting...
2025-10-13 17:14:53.538 [info] [resolveAuthority(ssh-remote,21)][7007ms] waiting...
2025-10-13 17:14:54.539 [info] [resolveAuthority(ssh-remote,21)][8008ms] waiting...
2025-10-13 17:14:55.540 [info] [resolveAuthority(ssh-remote,21)][9009ms] waiting...
2025-10-13 17:14:56.541 [info] [resolveAuthority(ssh-remote,21)][10010ms] waiting...
2025-10-13 17:14:57.542 [info] [resolveAuthority(ssh-remote,21)][11011ms] waiting...
2025-10-13 17:14:58.543 [info] [resolveAuthority(ssh-remote,21)][12012ms] waiting...
2025-10-13 17:14:59.544 [info] [resolveAuthority(ssh-remote,21)][13013ms] waiting...
2025-10-13 17:15:00.545 [info] [resolveAuthority(ssh-remote,21)][14014ms] waiting...
2025-10-13 17:15:01.546 [info] [resolveAuthority(ssh-remote,21)][15015ms] waiting...
2025-10-13 17:15:01.665 [error] [resolveAuthority(ssh-remote,21)][15134ms] returned an error The connection timed out
2025-10-13 17:15:31.706 [info] [resolveAuthority(ssh-remote,22)][0ms] activating remote resolvers ssh-remote+senc.icmc.usp.br
2025-10-13 17:15:31.706 [info] [resolveAuthority(ssh-remote,22)][0ms] activating resolver for ssh-remote+senc.icmc.usp.br...
2025-10-13 17:15:31.706 [info] [resolveAuthority(ssh-remote,22)][0ms] invoking final resolve()...
2025-10-13 17:15:32.707 [info] [resolveAuthority(ssh-remote,22)][1001ms] waiting...
2025-10-13 17:15:33.709 [info] [resolveAuthority(ssh-remote,22)][2003ms] waiting...
2025-10-13 17:15:34.709 [info] [resolveAuthority(ssh-remote,22)][3003ms] waiting...
2025-10-13 17:15:35.709 [info] [resolveAuthority(ssh-remote,22)][4003ms] waiting...
2025-10-13 17:15:36.710 [info] [resolveAuthority(ssh-remote,22)][5004ms] waiting...
2025-10-13 17:15:37.711 [info] [resolveAuthority(ssh-remote,22)][6005ms] waiting...
2025-10-13 17:15:38.712 [info] [resolveAuthority(ssh-remote,22)][7006ms] waiting...
2025-10-13 17:15:39.713 [info] [resolveAuthority(ssh-remote,22)][8007ms] waiting...
2025-10-13 17:15:40.714 [info] [resolveAuthority(ssh-remote,22)][9008ms] waiting...
2025-10-13 17:15:41.715 [info] [resolveAuthority(ssh-remote,22)][10009ms] waiting...
2025-10-13 17:15:42.716 [info] [resolveAuthority(ssh-remote,22)][11010ms] waiting...
2025-10-13 17:15:43.717 [info] [resolveAuthority(ssh-remote,22)][12011ms] waiting...
2025-10-13 17:15:44.718 [info] [resolveAuthority(ssh-remote,22)][13012ms] waiting...
2025-10-13 17:15:45.719 [info] [resolveAuthority(ssh-remote,22)][14013ms] waiting...
2025-10-13 17:15:46.720 [info] [resolveAuthority(ssh-remote,22)][15014ms] waiting...
2025-10-13 17:15:46.844 [error] [resolveAuthority(ssh-remote,22)][15138ms] returned an error The connection timed out
2025-10-13 17:16:16.898 [info] [resolveAuthority(ssh-remote,23)][0ms] activating remote resolvers ssh-remote+senc.icmc.usp.br
2025-10-13 17:16:16.898 [info] [resolveAuthority(ssh-remote,23)][0ms] activating resolver for ssh-remote+senc.icmc.usp.br...
2025-10-13 17:16:16.899 [info] [resolveAuthority(ssh-remote,23)][1ms] invoking final resolve()...
2025-10-13 17:16:17.899 [info] [resolveAuthority(ssh-remote,23)][1001ms] waiting...
2025-10-13 17:16:18.901 [info] [resolveAuthority(ssh-remote,23)][2003ms] waiting...
2025-10-13 17:16:19.901 [info] [resolveAuthority(ssh-remote,23)][3003ms] waiting...
2025-10-13 17:16:20.902 [info] [resolveAuthority(ssh-remote,23)][4004ms] waiting...
2025-10-13 17:16:21.903 [info] [resolveAuthority(ssh-remote,23)][5005ms] waiting...
2025-10-13 17:16:22.904 [info] [resolveAuthority(ssh-remote,23)][6006ms] waiting...
2025-10-13 17:16:23.905 [info] [resolveAuthority(ssh-remote,23)][7007ms] waiting...
2025-10-13 17:16:24.907 [info] [resolveAuthority(ssh-remote,23)][8009ms] waiting...
2025-10-13 17:16:25.907 [info] [resolveAuthority(ssh-remote,23)][9009ms] waiting...
2025-10-13 17:16:26.907 [info] [resolveAuthority(ssh-remote,23)][10009ms] waiting...
2025-10-13 17:16:27.908 [info] [resolveAuthority(ssh-remote,23)][11010ms] waiting...
2025-10-13 17:16:28.909 [info] [resolveAuthority(ssh-remote,23)][12011ms] waiting...
2025-10-13 17:16:29.910 [info] [resolveAuthority(ssh-remote,23)][13012ms] waiting...
2025-10-13 17:16:30.911 [info] [resolveAuthority(ssh-remote,23)][14013ms] waiting...
2025-10-13 17:16:31.911 [info] [resolveAuthority(ssh-remote,23)][15013ms] waiting...
2025-10-13 17:16:32.103 [error] [resolveAuthority(ssh-remote,23)][15204ms] returned an error The connection timed out
2025-10-13 17:17:02.132 [info] [resolveAuthority(ssh-remote,24)][0ms] activating remote resolvers ssh-remote+senc.icmc.usp.br
2025-10-13 17:17:02.132 [info] [resolveAuthority(ssh-remote,24)][0ms] activating resolver for ssh-remote+senc.icmc.usp.br...
2025-10-13 17:17:02.132 [info] [resolveAuthority(ssh-remote,24)][0ms] invoking final resolve()...
2025-10-13 17:17:03.133 [info] [resolveAuthority(ssh-remote,24)][1001ms] waiting...
2025-10-13 17:17:04.134 [info] [resolveAuthority(ssh-remote,24)][2002ms] waiting...
2025-10-13 17:17:05.135 [info] [resolveAuthority(ssh-remote,24)][3003ms] waiting...
2025-10-13 17:17:06.136 [info] [resolveAuthority(ssh-remote,24)][4004ms] waiting...
2025-10-13 17:17:07.137 [info] [resolveAuthority(ssh-remote,24)][5005ms] waiting...
2025-10-13 17:17:08.138 [info] [resolveAuthority(ssh-remote,24)][6006ms] waiting...
2025-10-13 17:17:09.139 [info] [resolveAuthority(ssh-remote,24)][7007ms] waiting...
2025-10-13 17:17:10.140 [info] [resolveAuthority(ssh-remote,24)][8008ms] waiting...
2025-10-13 17:17:11.141 [info] [resolveAuthority(ssh-remote,24)][9009ms] waiting...
2025-10-13 17:17:12.142 [info] [resolveAuthority(ssh-remote,24)][10010ms] waiting...
2025-10-13 17:17:13.142 [info] [resolveAuthority(ssh-remote,24)][11010ms] waiting...
2025-10-13 17:17:14.143 [info] [resolveAuthority(ssh-remote,24)][12011ms] waiting...
2025-10-13 17:17:15.144 [info] [resolveAuthority(ssh-remote,24)][13012ms] waiting...
2025-10-13 17:17:16.145 [info] [resolveAuthority(ssh-remote,24)][14013ms] waiting...
2025-10-13 17:17:17.145 [info] [resolveAuthority(ssh-remote,24)][15013ms] waiting...
2025-10-13 17:17:17.281 [error] [resolveAuthority(ssh-remote,24)][15148ms] returned an error The connection timed out
2025-10-13 17:17:47.308 [info] [resolveAuthority(ssh-remote,25)][0ms] activating remote resolvers ssh-remote+senc.icmc.usp.br
2025-10-13 17:17:47.308 [info] [resolveAuthority(ssh-remote,25)][0ms] activating resolver for ssh-remote+senc.icmc.usp.br...
2025-10-13 17:17:47.308 [info] [resolveAuthority(ssh-remote,25)][0ms] invoking final resolve()...
2025-10-13 17:17:48.309 [info] [resolveAuthority(ssh-remote,25)][1001ms] waiting...
2025-10-13 17:17:49.311 [info] [resolveAuthority(ssh-remote,25)][2003ms] waiting...
2025-10-13 17:17:50.311 [info] [resolveAuthority(ssh-remote,25)][3003ms] waiting...
2025-10-13 17:17:51.313 [info] [resolveAuthority(ssh-remote,25)][4005ms] waiting...
2025-10-13 17:17:52.314 [info] [resolveAuthority(ssh-remote,25)][5006ms] waiting...
2025-10-13 17:17:53.315 [info] [resolveAuthority(ssh-remote,25)][6007ms] waiting...
2025-10-13 17:17:54.316 [info] [resolveAuthority(ssh-remote,25)][7008ms] waiting...
2025-10-13 17:17:55.316 [info] [resolveAuthority(ssh-remote,25)][8008ms] waiting...
2025-10-13 17:17:56.317 [info] [resolveAuthority(ssh-remote,25)][9009ms] waiting...
2025-10-13 17:17:57.318 [info] [resolveAuthority(ssh-remote,25)][10010ms] waiting...
2025-10-13 17:17:58.318 [info] [resolveAuthority(ssh-remote,25)][11010ms] waiting...
2025-10-13 17:17:59.319 [info] [resolveAuthority(ssh-remote,25)][12011ms] waiting...
2025-10-13 17:18:00.320 [info] [resolveAuthority(ssh-remote,25)][13012ms] waiting...
2025-10-13 17:18:01.321 [info] [resolveAuthority(ssh-remote,25)][14013ms] waiting...
2025-10-13 17:18:02.320 [info] [resolveAuthority(ssh-remote,25)][15012ms] waiting...
2025-10-13 17:18:02.479 [error] [resolveAuthority(ssh-remote,25)][15171ms] returned an error The connection timed out
2025-10-13 17:18:32.527 [info] [resolveAuthority(ssh-remote,26)][0ms] activating remote resolvers ssh-remote+senc.icmc.usp.br
2025-10-13 17:18:32.527 [info] [resolveAuthority(ssh-remote,26)][1ms] activating resolver for ssh-remote+senc.icmc.usp.br...
2025-10-13 17:18:32.527 [info] [resolveAuthority(ssh-remote,26)][1ms] invoking final resolve()...
2025-10-13 17:18:33.527 [info] [resolveAuthority(ssh-remote,26)][1001ms] waiting...
2025-10-13 17:18:34.528 [info] [resolveAuthority(ssh-remote,26)][2002ms] waiting...
2025-10-13 17:18:35.528 [info] [resolveAuthority(ssh-remote,26)][3002ms] waiting...
2025-10-13 17:18:36.529 [info] [resolveAuthority(ssh-remote,26)][4003ms] waiting...
2025-10-13 17:18:37.529 [info] [resolveAuthority(ssh-remote,26)][5003ms] waiting...
2025-10-13 17:18:38.530 [info] [resolveAuthority(ssh-remote,26)][6004ms] waiting...
2025-10-13 17:18:39.531 [info] [resolveAuthority(ssh-remote,26)][7005ms] waiting...
2025-10-13 17:18:40.532 [info] [resolveAuthority(ssh-remote,26)][8006ms] waiting...
2025-10-13 17:18:41.534 [info] [resolveAuthority(ssh-remote,26)][9008ms] waiting...
2025-10-13 17:18:42.534 [info] [resolveAuthority(ssh-remote,26)][10008ms] waiting...
2025-10-13 17:18:43.534 [info] [resolveAuthority(ssh-remote,26)][11008ms] waiting...
2025-10-13 17:18:44.534 [info] [resolveAuthority(ssh-remote,26)][12008ms] waiting...
2025-10-13 17:18:45.534 [info] [resolveAuthority(ssh-remote,26)][13008ms] waiting...
2025-10-13 17:18:46.536 [info] [resolveAuthority(ssh-remote,26)][14010ms] waiting...
2025-10-13 17:18:47.536 [info] [resolveAuthority(ssh-remote,26)][15010ms] waiting...
2025-10-13 17:18:47.840 [error] [resolveAuthority(ssh-remote,26)][15314ms] returned an error The connection timed out
2025-10-13 17:19:17.904 [info] [resolveAuthority(ssh-remote,27)][0ms] activating remote resolvers ssh-remote+senc.icmc.usp.br
2025-10-13 17:19:17.904 [info] [resolveAuthority(ssh-remote,27)][0ms] activating resolver for ssh-remote+senc.icmc.usp.br...
2025-10-13 17:19:17.904 [info] [resolveAuthority(ssh-remote,27)][0ms] invoking final resolve()...
2025-10-13 17:19:18.905 [info] [resolveAuthority(ssh-remote,27)][1001ms] waiting...
2025-10-13 17:19:19.906 [info] [resolveAuthority(ssh-remote,27)][2002ms] waiting...
2025-10-13 17:19:20.907 [info] [resolveAuthority(ssh-remote,27)][3003ms] waiting...
2025-10-13 17:19:21.908 [info] [resolveAuthority(ssh-remote,27)][4004ms] waiting...
2025-10-13 17:19:22.909 [info] [resolveAuthority(ssh-remote,27)][5005ms] waiting...
2025-10-13 17:19:23.910 [info] [resolveAuthority(ssh-remote,27)][6006ms] waiting...
2025-10-13 17:19:24.912 [info] [resolveAuthority(ssh-remote,27)][7008ms] waiting...
2025-10-13 17:19:25.912 [info] [resolveAuthority(ssh-remote,27)][8008ms] waiting...
2025-10-13 17:19:26.911 [info] [resolveAuthority(ssh-remote,27)][9007ms] waiting...
2025-10-13 17:19:27.912 [info] [resolveAuthority(ssh-remote,27)][10008ms] waiting...
2025-10-13 17:19:28.912 [info] [resolveAuthority(ssh-remote,27)][11008ms] waiting...
2025-10-13 17:19:29.913 [info] [resolveAuthority(ssh-remote,27)][12009ms] waiting...
2025-10-13 17:19:30.914 [info] [resolveAuthority(ssh-remote,27)][13010ms] waiting...
2025-10-13 17:19:31.915 [info] [resolveAuthority(ssh-remote,27)][14011ms] waiting...
2025-10-13 17:19:32.915 [info] [resolveAuthority(ssh-remote,27)][15011ms] waiting...
2025-10-13 17:19:33.079 [error] [resolveAuthority(ssh-remote,27)][15175ms] returned an error The connection timed out
2025-10-13 17:20:03.125 [info] [resolveAuthority(ssh-remote,28)][0ms] activating remote resolvers ssh-remote+senc.icmc.usp.br
2025-10-13 17:20:03.125 [info] [resolveAuthority(ssh-remote,28)][0ms] activating resolver for ssh-remote+senc.icmc.usp.br...
2025-10-13 17:20:03.125 [info] [resolveAuthority(ssh-remote,28)][0ms] invoking final resolve()...
2025-10-13 17:20:04.127 [info] [resolveAuthority(ssh-remote,28)][1002ms] waiting...
2025-10-13 17:20:05.127 [info] [resolveAuthority(ssh-remote,28)][2002ms] waiting...
2025-10-13 17:20:06.128 [info] [resolveAuthority(ssh-remote,28)][3003ms] waiting...
2025-10-13 17:20:07.129 [info] [resolveAuthority(ssh-remote,28)][4004ms] waiting...
2025-10-13 17:20:08.130 [info] [resolveAuthority(ssh-remote,28)][5005ms] waiting...
2025-10-13 17:20:09.131 [info] [resolveAuthority(ssh-remote,28)][6006ms] waiting...
2025-10-13 17:20:10.133 [info] [resolveAuthority(ssh-remote,28)][7008ms] waiting...
2025-10-13 17:20:11.134 [info] [resolveAuthority(ssh-remote,28)][8009ms] waiting...
2025-10-13 17:20:12.135 [info] [resolveAuthority(ssh-remote,28)][9010ms] waiting...
2025-10-13 17:20:13.136 [info] [resolveAuthority(ssh-remote,28)][10011ms] waiting...
2025-10-13 17:20:14.137 [info] [resolveAuthority(ssh-remote,28)][11012ms] waiting...
2025-10-13 17:20:15.139 [info] [resolveAuthority(ssh-remote,28)][12014ms] waiting...
2025-10-13 17:20:16.138 [info] [resolveAuthority(ssh-remote,28)][13013ms] waiting...
2025-10-13 17:20:17.139 [info] [resolveAuthority(ssh-remote,28)][14014ms] waiting...
2025-10-13 17:20:18.139 [info] [resolveAuthority(ssh-remote,28)][15014ms] waiting...
2025-10-13 17:20:18.401 [error] [resolveAuthority(ssh-remote,28)][15276ms] returned an error The connection timed out
2025-10-13 17:20:48.439 [info] [resolveAuthority(ssh-remote,29)][0ms] activating remote resolvers ssh-remote+senc.icmc.usp.br
2025-10-13 17:20:48.439 [info] [resolveAuthority(ssh-remote,29)][0ms] activating resolver for ssh-remote+senc.icmc.usp.br...
2025-10-13 17:20:48.439 [info] [resolveAuthority(ssh-remote,29)][0ms] invoking final resolve()...
2025-10-13 17:20:49.440 [info] [resolveAuthority(ssh-remote,29)][1001ms] waiting...
2025-10-13 17:20:50.440 [info] [resolveAuthority(ssh-remote,29)][2001ms] waiting...
2025-10-13 17:20:51.441 [info] [resolveAuthority(ssh-remote,29)][3002ms] waiting...
2025-10-13 17:20:52.442 [info] [resolveAuthority(ssh-remote,29)][4003ms] waiting...
2025-10-13 17:20:53.442 [info] [resolveAuthority(ssh-remote,29)][5003ms] waiting...
2025-10-13 17:20:54.443 [info] [resolveAuthority(ssh-remote,29)][6004ms] waiting...
2025-10-13 17:20:55.444 [info] [resolveAuthority(ssh-remote,29)][7005ms] waiting...
2025-10-13 17:20:56.445 [info] [resolveAuthority(ssh-remote,29)][8006ms] waiting...
2025-10-13 17:20:57.446 [info] [resolveAuthority(ssh-remote,29)][9007ms] waiting...
2025-10-13 17:20:58.447 [info] [resolveAuthority(ssh-remote,29)][10008ms] waiting...
2025-10-13 17:20:59.448 [info] [resolveAuthority(ssh-remote,29)][11009ms] waiting...
2025-10-13 17:21:00.449 [info] [resolveAuthority(ssh-remote,29)][12010ms] waiting...
2025-10-13 17:21:01.450 [info] [resolveAuthority(ssh-remote,29)][13011ms] waiting...
2025-10-13 17:21:02.451 [info] [resolveAuthority(ssh-remote,29)][14012ms] waiting...
2025-10-13 17:21:03.452 [info] [resolveAuthority(ssh-remote,29)][15013ms] waiting...
2025-10-13 17:21:03.696 [error] [resolveAuthority(ssh-remote,29)][15256ms] returned an error The connection timed out
2025-10-13 17:21:33.735 [info] [resolveAuthority(ssh-remote,30)][0ms] activating remote resolvers ssh-remote+senc.icmc.usp.br
2025-10-13 17:21:33.735 [info] [resolveAuthority(ssh-remote,30)][0ms] activating resolver for ssh-remote+senc.icmc.usp.br...
2025-10-13 17:21:33.735 [info] [resolveAuthority(ssh-remote,30)][0ms] invoking final resolve()...
2025-10-13 17:21:34.735 [info] [resolveAuthority(ssh-remote,30)][1000ms] waiting...
2025-10-13 17:21:35.736 [info] [resolveAuthority(ssh-remote,30)][2001ms] waiting...
2025-10-13 17:21:36.737 [info] [resolveAuthority(ssh-remote,30)][3002ms] waiting...
2025-10-13 17:21:37.739 [info] [resolveAuthority(ssh-remote,30)][4004ms] waiting...
2025-10-13 17:21:38.739 [info] [resolveAuthority(ssh-remote,30)][5004ms] waiting...
2025-10-13 17:21:39.740 [info] [resolveAuthority(ssh-remote,30)][6005ms] waiting...
2025-10-13 17:21:40.741 [info] [resolveAuthority(ssh-remote,30)][7006ms] waiting...
2025-10-13 17:21:41.743 [info] [resolveAuthority(ssh-remote,30)][8008ms] waiting...
2025-10-13 17:21:42.744 [info] [resolveAuthority(ssh-remote,30)][9009ms] waiting...
2025-10-13 17:21:43.744 [info] [resolveAuthority(ssh-remote,30)][10009ms] waiting...
2025-10-13 17:21:44.744 [info] [resolveAuthority(ssh-remote,30)][11009ms] waiting...
2025-10-13 17:21:45.745 [info] [resolveAuthority(ssh-remote,30)][12010ms] waiting...
2025-10-13 17:21:46.746 [info] [resolveAuthority(ssh-remote,30)][13011ms] waiting...
2025-10-13 17:21:47.747 [info] [resolveAuthority(ssh-remote,30)][14012ms] waiting...
2025-10-13 17:21:48.748 [info] [resolveAuthority(ssh-remote,30)][15013ms] waiting...
2025-10-13 17:21:48.966 [error] [resolveAuthority(ssh-remote,30)][15230ms] returned an error The connection timed out
2025-10-13 17:22:19.005 [info] [resolveAuthority(ssh-remote,31)][0ms] activating remote resolvers ssh-remote+senc.icmc.usp.br
2025-10-13 17:22:19.005 [info] [resolveAuthority(ssh-remote,31)][0ms] activating resolver for ssh-remote+senc.icmc.usp.br...
2025-10-13 17:22:19.005 [info] [resolveAuthority(ssh-remote,31)][0ms] invoking final resolve()...
2025-10-13 17:22:20.007 [info] [resolveAuthority(ssh-remote,31)][1002ms] waiting...
2025-10-13 17:22:21.007 [info] [resolveAuthority(ssh-remote,31)][2002ms] waiting...
2025-10-13 17:22:22.008 [info] [resolveAuthority(ssh-remote,31)][3003ms] waiting...
2025-10-13 17:22:23.009 [info] [resolveAuthority(ssh-remote,31)][4004ms] waiting...
2025-10-13 17:22:24.010 [info] [resolveAuthority(ssh-remote,31)][5005ms] waiting...
2025-10-13 17:22:25.011 [info] [resolveAuthority(ssh-remote,31)][6006ms] waiting...
2025-10-13 17:22:26.012 [info] [resolveAuthority(ssh-remote,31)][7006ms] waiting...
2025-10-13 17:22:27.012 [info] [resolveAuthority(ssh-remote,31)][8007ms] waiting...
2025-10-13 17:22:28.013 [info] [resolveAuthority(ssh-remote,31)][9008ms] waiting...
2025-10-13 17:22:29.014 [info] [resolveAuthority(ssh-remote,31)][10009ms] waiting...
2025-10-13 17:22:30.014 [info] [resolveAuthority(ssh-remote,31)][11009ms] waiting...
2025-10-13 17:22:31.014 [info] [resolveAuthority(ssh-remote,31)][12009ms] waiting...
2025-10-13 17:22:32.015 [info] [resolveAuthority(ssh-remote,31)][13010ms] waiting...
2025-10-13 17:22:33.016 [info] [resolveAuthority(ssh-remote,31)][14011ms] waiting...
2025-10-13 17:22:34.016 [info] [resolveAuthority(ssh-remote,31)][15011ms] waiting...
2025-10-13 17:22:35.016 [info] [resolveAuthority(ssh-remote,31)][16011ms] waiting...
2025-10-13 17:22:36.017 [info] [resolveAuthority(ssh-remote,31)][17012ms] waiting...
2025-10-13 17:22:36.030 [error] [resolveAuthority(ssh-remote,31)][17025ms] returned an error Connecting with SSH timed out
2025-10-13 17:22:50.568 [info] [resolveAuthority(ssh-remote,32)][0ms] activating remote resolvers ssh-remote+senc.icmc.usp.br
2025-10-13 17:22:50.568 [info] [resolveAuthority(ssh-remote,32)][0ms] activating resolver for ssh-remote+senc.icmc.usp.br...
2025-10-13 17:22:50.568 [info] [resolveAuthority(ssh-remote,32)][0ms] invoking final resolve()...
2025-10-13 17:22:51.569 [info] [resolveAuthority(ssh-remote,32)][1001ms] waiting...
2025-10-13 17:22:52.570 [info] [resolveAuthority(ssh-remote,32)][2002ms] waiting...
2025-10-13 17:22:53.571 [info] [resolveAuthority(ssh-remote,32)][3003ms] waiting...
2025-10-13 17:22:54.572 [info] [resolveAuthority(ssh-remote,32)][4004ms] waiting...
2025-10-13 17:22:55.573 [info] [resolveAuthority(ssh-remote,32)][5005ms] waiting...
2025-10-13 17:22:56.574 [info] [resolveAuthority(ssh-remote,32)][6006ms] waiting...
2025-10-13 17:22:57.575 [info] [resolveAuthority(ssh-remote,32)][7007ms] waiting...
2025-10-13 17:22:58.576 [info] [resolveAuthority(ssh-remote,32)][8008ms] waiting...
2025-10-13 17:22:59.577 [info] [resolveAuthority(ssh-remote,32)][9009ms] waiting...
2025-10-13 17:23:00.576 [info] [resolveAuthority(ssh-remote,32)][10008ms] waiting...
2025-10-13 17:23:01.577 [info] [resolveAuthority(ssh-remote,32)][11009ms] waiting...
2025-10-13 17:23:02.577 [info] [resolveAuthority(ssh-remote,32)][12009ms] waiting...
2025-10-13 17:23:03.577 [info] [resolveAuthority(ssh-remote,32)][13009ms] waiting...
2025-10-13 17:23:04.578 [info] [resolveAuthority(ssh-remote,32)][14010ms] waiting...
2025-10-13 17:23:05.578 [info] [resolveAuthority(ssh-remote,32)][15010ms] waiting...
2025-10-13 17:23:06.579 [info] [resolveAuthority(ssh-remote,32)][16011ms] waiting...
2025-10-13 17:23:07.580 [info] [resolveAuthority(ssh-remote,32)][17012ms] waiting...
2025-10-13 17:23:07.595 [error] [resolveAuthority(ssh-remote,32)][17027ms] returned an error Connecting with SSH timed out
2025-10-13 17:23:09.120 [info] [resolveAuthority(ssh-remote,33)][0ms] activating remote resolvers ssh-remote+senc.icmc.usp.br
2025-10-13 17:23:09.120 [info] [resolveAuthority(ssh-remote,33)][0ms] activating resolver for ssh-remote+senc.icmc.usp.br...
2025-10-13 17:23:09.120 [info] [resolveAuthority(ssh-remote,33)][0ms] invoking final resolve()...
2025-10-13 17:23:09.945 [info] Extension host terminating: renderer closed the MessagePort
2025-10-13 17:23:09.949 [error] Canceled: Canceled
	at new g (/home/drdbrioso/Desktop/code-stable-x64-1705560028/VSCode-linux-x64/resources/app/out/vs/workbench/api/node/extensionHostProcess.js:141:110274)
	at l.U (/home/drdbrioso/Desktop/code-stable-x64-1705560028/VSCode-linux-x64/resources/app/out/vs/workbench/api/node/extensionHostProcess.js:150:10866)
	at P.<computed>.j.charCodeAt.P.<computed> (/home/drdbrioso/Desktop/code-stable-x64-1705560028/VSCode-linux-x64/resources/app/out/vs/workbench/api/node/extensionHostProcess.js:150:8317)
	at d.g (/home/drdbrioso/Desktop/code-stable-x64-1705560028/VSCode-linux-x64/resources/app/out/vs/workbench/api/node/extensionHostProcess.js:141:139555)
	at d.executeCommand (/home/drdbrioso/Desktop/code-stable-x64-1705560028/VSCode-linux-x64/resources/app/out/vs/workbench/api/node/extensionHostProcess.js:141:138993)
	at p.registerCommand.description (/home/drdbrioso/Desktop/code-stable-x64-1705560028/VSCode-linux-x64/resources/app/out/vs/workbench/api/node/extensionHostProcess.js:141:138317)
	at d.h (/home/drdbrioso/Desktop/code-stable-x64-1705560028/VSCode-linux-x64/resources/app/out/vs/workbench/api/node/extensionHostProcess.js:141:140094)
	at d.g (/home/drdbrioso/Desktop/code-stable-x64-1705560028/VSCode-linux-x64/resources/app/out/vs/workbench/api/node/extensionHostProcess.js:141:139086)
	at d.executeCommand (/home/drdbrioso/Desktop/code-stable-x64-1705560028/VSCode-linux-x64/resources/app/out/vs/workbench/api/node/extensionHostProcess.js:141:138993)
	at Object.executeCommand (/home/drdbrioso/Desktop/code-stable-x64-1705560028/VSCode-linux-x64/resources/app/out/vs/workbench/api/node/extensionHostProcess.js:158:21333)
	at t.shutdown (/home/drdbrioso/.vscode/extensions/ms-vscode-remote.remote-ssh-0.108.2023112915/out/extension.js:2:725329)
	at e.deactivate (/home/drdbrioso/.vscode/extensions/ms-vscode-remote.remote-ssh-0.108.2023112915/out/extension.js:2:910169)
	at f.cb (/home/drdbrioso/Desktop/code-stable-x64-1705560028/VSCode-linux-x64/resources/app/out/vs/workbench/api/node/extensionHostProcess.js:154:9678)
	at /home/drdbrioso/Desktop/code-stable-x64-1705560028/VSCode-linux-x64/resources/app/out/vs/workbench/api/node/extensionHostProcess.js:154:7808
	at Array.map (<anonymous>)
	at f.Y (/home/drdbrioso/Desktop/code-stable-x64-1705560028/VSCode-linux-x64/resources/app/out/vs/workbench/api/node/extensionHostProcess.js:154:7795)
	at f.terminate (/home/drdbrioso/Desktop/code-stable-x64-1705560028/VSCode-linux-x64/resources/app/out/vs/workbench/api/node/extensionHostProcess.js:154:8068)
	at s.terminate (/home/drdbrioso/Desktop/code-stable-x64-1705560028/VSCode-linux-x64/resources/app/out/vs/workbench/api/node/extensionHostProcess.js:158:1513)
	at a (/home/drdbrioso/Desktop/code-stable-x64-1705560028/VSCode-linux-x64/resources/app/out/vs/workbench/api/node/extensionHostProcess.js:171:9802)
	at MessagePortMain.<anonymous> (/home/drdbrioso/Desktop/code-stable-x64-1705560028/VSCode-linux-x64/resources/app/out/vs/workbench/api/node/extensionHostProcess.js:171:6227)
	at MessagePortMain.emit (node:events:513:28)
	at MessagePortMain._internalPort.emit (node:electron/js2c/utility_init:2:367) setContext undefined
2025-10-13 17:23:09.949 [info] Extension host with pid 27306 exiting with code 0
2025-10-13 17:23:10.535 [info] Extension host with pid 31369 started
2025-10-13 17:23:10.535 [info] Skipping acquiring lock for /home/drdbrioso/.config/Code/User/workspaceStorage/67ef078c24af5dd44cd99d03f833dfe3.
2025-10-13 17:23:10.535 [info] $getCanonicalURI invoked for authority (ssh-remote)
2025-10-13 17:23:10.537 [info] ExtensionService#_doActivateExtension ms-vscode-remote.remote-ssh, startup: false, activationEvent: 'onResolveRemoteAuthority:ssh-remote'
2025-10-13 17:23:10.556 [info] [resolveAuthority(ssh-remote,1)][0ms] activating remote resolvers ssh-remote+senc.icmc.usp.br
2025-10-13 17:23:10.556 [info] [resolveAuthority(ssh-remote,1)][0ms] activating resolver for ssh-remote+senc.icmc.usp.br...
2025-10-13 17:23:10.557 [info] [resolveAuthority(ssh-remote,1)][1ms] invoking final resolve()...
2025-10-13 17:23:11.558 [info] [resolveAuthority(ssh-remote,1)][1002ms] waiting...
2025-10-13 17:23:12.559 [info] [resolveAuthority(ssh-remote,1)][2003ms] waiting...
2025-10-13 17:23:13.560 [info] [resolveAuthority(ssh-remote,1)][3004ms] waiting...
2025-10-13 17:23:14.561 [info] [resolveAuthority(ssh-remote,1)][4005ms] waiting...
2025-10-13 17:23:15.562 [info] [resolveAuthority(ssh-remote,1)][5006ms] waiting...
2025-10-13 17:23:16.563 [info] [resolveAuthority(ssh-remote,1)][6007ms] waiting...
2025-10-13 17:23:17.564 [info] [resolveAuthority(ssh-remote,1)][7008ms] waiting...
2025-10-13 17:23:18.564 [info] [resolveAuthority(ssh-remote,1)][8008ms] waiting...
2025-10-13 17:23:19.565 [info] [resolveAuthority(ssh-remote,1)][9009ms] waiting...
2025-10-13 17:23:20.565 [info] [resolveAuthority(ssh-remote,1)][10009ms] waiting...
2025-10-13 17:23:21.567 [info] [resolveAuthority(ssh-remote,1)][11010ms] waiting...
2025-10-13 17:23:22.567 [info] [resolveAuthority(ssh-remote,1)][12011ms] waiting...
2025-10-13 17:23:23.568 [info] [resolveAuthority(ssh-remote,1)][13012ms] waiting...
2025-10-13 17:23:24.569 [info] [resolveAuthority(ssh-remote,1)][14013ms] waiting...
2025-10-13 17:23:25.570 [info] [resolveAuthority(ssh-remote,1)][15014ms] waiting...
2025-10-13 17:23:26.570 [info] [resolveAuthority(ssh-remote,1)][16014ms] waiting...
2025-10-13 17:23:27.571 [info] [resolveAuthority(ssh-remote,1)][17015ms] waiting...
2025-10-13 17:23:27.607 [error] [resolveAuthority(ssh-remote,1)][17046ms] returned an error Connecting with SSH timed out
2025-10-13 17:23:27.715 [info] Eager extensions activated
2025-10-13 17:23:28.759 [error] Error: command 'remote-internal.setActiveFolders' not found
    at k.n (vscode-file://vscode-app/home/drdbrioso/Desktop/code-stable-x64-1705560028/VSCode-linux-x64/resources/app/out/vs/workbench/workbench.desktop.main.js:1538:12339)
    at k.executeCommand (vscode-file://vscode-app/home/drdbrioso/Desktop/code-stable-x64-1705560028/VSCode-linux-x64/resources/app/out/vs/workbench/workbench.desktop.main.js:1538:12268)
2025-10-13 17:23:29.281 [info] Extension host terminating: renderer closed the MessagePort
2025-10-13 17:23:29.285 [error] Canceled: Canceled
	at new g (/home/drdbrioso/Desktop/code-stable-x64-1705560028/VSCode-linux-x64/resources/app/out/vs/workbench/api/node/extensionHostProcess.js:141:110274)
	at l.U (/home/drdbrioso/Desktop/code-stable-x64-1705560028/VSCode-linux-x64/resources/app/out/vs/workbench/api/node/extensionHostProcess.js:150:10866)
	at P.<computed>.j.charCodeAt.P.<computed> (/home/drdbrioso/Desktop/code-stable-x64-1705560028/VSCode-linux-x64/resources/app/out/vs/workbench/api/node/extensionHostProcess.js:150:8317)
	at d.g (/home/drdbrioso/Desktop/code-stable-x64-1705560028/VSCode-linux-x64/resources/app/out/vs/workbench/api/node/extensionHostProcess.js:141:139555)
	at d.executeCommand (/home/drdbrioso/Desktop/code-stable-x64-1705560028/VSCode-linux-x64/resources/app/out/vs/workbench/api/node/extensionHostProcess.js:141:138993)
	at p.registerCommand.description (/home/drdbrioso/Desktop/code-stable-x64-1705560028/VSCode-linux-x64/resources/app/out/vs/workbench/api/node/extensionHostProcess.js:141:138317)
	at d.h (/home/drdbrioso/Desktop/code-stable-x64-1705560028/VSCode-linux-x64/resources/app/out/vs/workbench/api/node/extensionHostProcess.js:141:140094)
	at d.g (/home/drdbrioso/Desktop/code-stable-x64-1705560028/VSCode-linux-x64/resources/app/out/vs/workbench/api/node/extensionHostProcess.js:141:139086)
	at d.executeCommand (/home/drdbrioso/Desktop/code-stable-x64-1705560028/VSCode-linux-x64/resources/app/out/vs/workbench/api/node/extensionHostProcess.js:141:138993)
	at Object.executeCommand (/home/drdbrioso/Desktop/code-stable-x64-1705560028/VSCode-linux-x64/resources/app/out/vs/workbench/api/node/extensionHostProcess.js:158:21333)
	at t.shutdown (/home/drdbrioso/.vscode/extensions/ms-vscode-remote.remote-ssh-0.108.2023112915/out/extension.js:2:725329)
	at e.deactivate (/home/drdbrioso/.vscode/extensions/ms-vscode-remote.remote-ssh-0.108.2023112915/out/extension.js:2:910169)
	at f.cb (/home/drdbrioso/Desktop/code-stable-x64-1705560028/VSCode-linux-x64/resources/app/out/vs/workbench/api/node/extensionHostProcess.js:154:9678)
	at /home/drdbrioso/Desktop/code-stable-x64-1705560028/VSCode-linux-x64/resources/app/out/vs/workbench/api/node/extensionHostProcess.js:154:7808
	at Array.map (<anonymous>)
	at f.Y (/home/drdbrioso/Desktop/code-stable-x64-1705560028/VSCode-linux-x64/resources/app/out/vs/workbench/api/node/extensionHostProcess.js:154:7795)
	at f.terminate (/home/drdbrioso/Desktop/code-stable-x64-1705560028/VSCode-linux-x64/resources/app/out/vs/workbench/api/node/extensionHostProcess.js:154:8068)
	at s.terminate (/home/drdbrioso/Desktop/code-stable-x64-1705560028/VSCode-linux-x64/resources/app/out/vs/workbench/api/node/extensionHostProcess.js:158:1513)
	at a (/home/drdbrioso/Desktop/code-stable-x64-1705560028/VSCode-linux-x64/resources/app/out/vs/workbench/api/node/extensionHostProcess.js:171:9802)
	at MessagePortMain.<anonymous> (/home/drdbrioso/Desktop/code-stable-x64-1705560028/VSCode-linux-x64/resources/app/out/vs/workbench/api/node/extensionHostProcess.js:171:6227)
	at MessagePortMain.emit (node:events:513:28)
	at MessagePortMain._internalPort.emit (node:electron/js2c/utility_init:2:367) setContext undefined
2025-10-13 17:23:29.285 [info] Extension host with pid 31369 exiting with code 0
2025-10-13 17:23:29.818 [info] Extension host with pid 31418 started
2025-10-13 17:23:29.818 [info] Skipping acquiring lock for /home/drdbrioso/.config/Code/User/workspaceStorage/67ef078c24af5dd44cd99d03f833dfe3.
2025-10-13 17:23:29.818 [info] $getCanonicalURI invoked for authority (ssh-remote)
2025-10-13 17:23:29.821 [info] ExtensionService#_doActivateExtension ms-vscode-remote.remote-ssh, startup: false, activationEvent: 'onResolveRemoteAuthority:ssh-remote'
2025-10-13 17:23:29.839 [info] [resolveAuthority(ssh-remote,1)][0ms] activating remote resolvers ssh-remote+senc.icmc.usp.br
2025-10-13 17:23:29.839 [info] [resolveAuthority(ssh-remote,1)][0ms] activating resolver for ssh-remote+senc.icmc.usp.br...
2025-10-13 17:23:29.839 [info] [resolveAuthority(ssh-remote,1)][0ms] invoking final resolve()...
2025-10-13 17:23:30.840 [info] [resolveAuthority(ssh-remote,1)][1001ms] waiting...
2025-10-13 17:23:31.840 [info] [resolveAuthority(ssh-remote,1)][2001ms] waiting...
2025-10-13 17:23:32.841 [info] [resolveAuthority(ssh-remote,1)][3002ms] waiting...
2025-10-13 17:23:33.842 [info] [resolveAuthority(ssh-remote,1)][4003ms] waiting...
2025-10-13 17:23:34.843 [info] [resolveAuthority(ssh-remote,1)][5004ms] waiting...
2025-10-13 17:23:35.843 [info] [resolveAuthority(ssh-remote,1)][6004ms] waiting...
2025-10-13 17:23:36.843 [info] [resolveAuthority(ssh-remote,1)][7004ms] waiting...
2025-10-13 17:23:37.843 [info] [resolveAuthority(ssh-remote,1)][8004ms] waiting...
2025-10-13 17:23:38.844 [info] [resolveAuthority(ssh-remote,1)][9005ms] waiting...
2025-10-13 17:23:39.845 [info] [resolveAuthority(ssh-remote,1)][10006ms] waiting...
2025-10-13 17:23:40.845 [info] [resolveAuthority(ssh-remote,1)][11006ms] waiting...
2025-10-13 17:23:41.847 [info] [resolveAuthority(ssh-remote,1)][12008ms] waiting...
2025-10-13 17:23:42.848 [info] [resolveAuthority(ssh-remote,1)][13009ms] waiting...
2025-10-13 17:23:43.850 [info] [resolveAuthority(ssh-remote,1)][14011ms] waiting...
2025-10-13 17:23:44.852 [info] [resolveAuthority(ssh-remote,1)][15013ms] waiting...
2025-10-13 17:23:45.853 [info] [resolveAuthority(ssh-remote,1)][16014ms] waiting...
2025-10-13 17:23:46.853 [info] [resolveAuthority(ssh-remote,1)][17014ms] waiting...
2025-10-13 17:23:46.894 [error] [resolveAuthority(ssh-remote,1)][17050ms] returned an error Connecting with SSH timed out
2025-10-13 17:23:46.943 [info] Eager extensions activated
2025-10-13 17:23:47.986 [error] Error: command 'remote-internal.setActiveFolders' not found
    at k.n (vscode-file://vscode-app/home/drdbrioso/Desktop/code-stable-x64-1705560028/VSCode-linux-x64/resources/app/out/vs/workbench/workbench.desktop.main.js:1538:12339)
    at k.executeCommand (vscode-file://vscode-app/home/drdbrioso/Desktop/code-stable-x64-1705560028/VSCode-linux-x64/resources/app/out/vs/workbench/workbench.desktop.main.js:1538:12268)
2025-10-13 17:24:24.724 [info] Extension host terminating: renderer closed the MessagePort
2025-10-13 17:24:24.729 [error] Canceled: Canceled
	at new g (/home/drdbrioso/Desktop/code-stable-x64-1705560028/VSCode-linux-x64/resources/app/out/vs/workbench/api/node/extensionHostProcess.js:141:110274)
	at l.U (/home/drdbrioso/Desktop/code-stable-x64-1705560028/VSCode-linux-x64/resources/app/out/vs/workbench/api/node/extensionHostProcess.js:150:10866)
	at P.<computed>.j.charCodeAt.P.<computed> (/home/drdbrioso/Desktop/code-stable-x64-1705560028/VSCode-linux-x64/resources/app/out/vs/workbench/api/node/extensionHostProcess.js:150:8317)
	at d.g (/home/drdbrioso/Desktop/code-stable-x64-1705560028/VSCode-linux-x64/resources/app/out/vs/workbench/api/node/extensionHostProcess.js:141:139555)
	at d.executeCommand (/home/drdbrioso/Desktop/code-stable-x64-1705560028/VSCode-linux-x64/resources/app/out/vs/workbench/api/node/extensionHostProcess.js:141:138993)
	at p.registerCommand.description (/home/drdbrioso/Desktop/code-stable-x64-1705560028/VSCode-linux-x64/resources/app/out/vs/workbench/api/node/extensionHostProcess.js:141:138317)
	at d.h (/home/drdbrioso/Desktop/code-stable-x64-1705560028/VSCode-linux-x64/resources/app/out/vs/workbench/api/node/extensionHostProcess.js:141:140094)
	at d.g (/home/drdbrioso/Desktop/code-stable-x64-1705560028/VSCode-linux-x64/resources/app/out/vs/workbench/api/node/extensionHostProcess.js:141:139086)
	at d.executeCommand (/home/drdbrioso/Desktop/code-stable-x64-1705560028/VSCode-linux-x64/resources/app/out/vs/workbench/api/node/extensionHostProcess.js:141:138993)
	at Object.executeCommand (/home/drdbrioso/Desktop/code-stable-x64-1705560028/VSCode-linux-x64/resources/app/out/vs/workbench/api/node/extensionHostProcess.js:158:21333)
	at t.shutdown (/home/drdbrioso/.vscode/extensions/ms-vscode-remote.remote-ssh-0.108.2023112915/out/extension.js:2:725329)
	at e.deactivate (/home/drdbrioso/.vscode/extensions/ms-vscode-remote.remote-ssh-0.108.2023112915/out/extension.js:2:910169)
	at f.cb (/home/drdbrioso/Desktop/code-stable-x64-1705560028/VSCode-linux-x64/resources/app/out/vs/workbench/api/node/extensionHostProcess.js:154:9678)
	at /home/drdbrioso/Desktop/code-stable-x64-1705560028/VSCode-linux-x64/resources/app/out/vs/workbench/api/node/extensionHostProcess.js:154:7808
	at Array.map (<anonymous>)
	at f.Y (/home/drdbrioso/Desktop/code-stable-x64-1705560028/VSCode-linux-x64/resources/app/out/vs/workbench/api/node/extensionHostProcess.js:154:7795)
	at f.terminate (/home/drdbrioso/Desktop/code-stable-x64-1705560028/VSCode-linux-x64/resources/app/out/vs/workbench/api/node/extensionHostProcess.js:154:8068)
	at s.terminate (/home/drdbrioso/Desktop/code-stable-x64-1705560028/VSCode-linux-x64/resources/app/out/vs/workbench/api/node/extensionHostProcess.js:158:1513)
	at a (/home/drdbrioso/Desktop/code-stable-x64-1705560028/VSCode-linux-x64/resources/app/out/vs/workbench/api/node/extensionHostProcess.js:171:9802)
	at MessagePortMain.<anonymous> (/home/drdbrioso/Desktop/code-stable-x64-1705560028/VSCode-linux-x64/resources/app/out/vs/workbench/api/node/extensionHostProcess.js:171:6227)
	at MessagePortMain.emit (node:events:513:28)
	at MessagePortMain._internalPort.emit (node:electron/js2c/utility_init:2:367) setContext undefined
2025-10-13 17:24:24.729 [info] Extension host with pid 31418 exiting with code 0
2025-10-13 17:24:25.322 [info] Extension host with pid 31522 started
2025-10-13 17:24:25.322 [info] Skipping acquiring lock for /home/drdbrioso/.config/Code/User/workspaceStorage/67ef078c24af5dd44cd99d03f833dfe3.
2025-10-13 17:24:25.322 [info] $getCanonicalURI invoked for authority (ssh-remote)
2025-10-13 17:24:25.325 [info] ExtensionService#_doActivateExtension ms-vscode-remote.remote-ssh, startup: false, activationEvent: 'onResolveRemoteAuthority:ssh-remote'
2025-10-13 17:24:25.342 [info] [resolveAuthority(ssh-remote,1)][1ms] activating remote resolvers ssh-remote+senc.icmc.usp.br
2025-10-13 17:24:25.342 [info] [resolveAuthority(ssh-remote,1)][1ms] activating resolver for ssh-remote+senc.icmc.usp.br...
2025-10-13 17:24:25.342 [info] [resolveAuthority(ssh-remote,1)][1ms] invoking final resolve()...
2025-10-13 17:24:26.341 [info] [resolveAuthority(ssh-remote,1)][1000ms] waiting...
2025-10-13 17:24:27.342 [info] [resolveAuthority(ssh-remote,1)][2001ms] waiting...
2025-10-13 17:24:28.343 [info] [resolveAuthority(ssh-remote,1)][3002ms] waiting...
2025-10-13 17:24:29.344 [info] [resolveAuthority(ssh-remote,1)][4003ms] waiting...
2025-10-13 17:24:30.345 [info] [resolveAuthority(ssh-remote,1)][5004ms] waiting...
2025-10-13 17:24:31.346 [info] [resolveAuthority(ssh-remote,1)][6005ms] waiting...
2025-10-13 17:24:32.346 [info] [resolveAuthority(ssh-remote,1)][7005ms] waiting...
2025-10-13 17:24:33.347 [info] [resolveAuthority(ssh-remote,1)][8006ms] waiting...
2025-10-13 17:24:34.348 [info] [resolveAuthority(ssh-remote,1)][9006ms] waiting...
2025-10-13 17:24:35.348 [info] [resolveAuthority(ssh-remote,1)][10007ms] waiting...
2025-10-13 17:24:36.349 [info] [resolveAuthority(ssh-remote,1)][11008ms] waiting...
2025-10-13 17:24:37.350 [info] [resolveAuthority(ssh-remote,1)][12009ms] waiting...
2025-10-13 17:24:38.351 [info] [resolveAuthority(ssh-remote,1)][13010ms] waiting...
2025-10-13 17:24:38.549 [info] [resolveAuthority(ssh-remote,1)][13208ms] setting tunnel factory...
2025-10-13 17:24:38.549 [info] [resolveAuthority(ssh-remote,1)][13208ms] returned 127.0.0.1:44859
2025-10-13 17:24:40.671 [info] Eager extensions activated
2025-10-13 17:24:44.928 [error] Error: command 'remote-internal.setActiveFolders' not found
    at k.n (vscode-file://vscode-app/home/drdbrioso/Desktop/code-stable-x64-1705560028/VSCode-linux-x64/resources/app/out/vs/workbench/workbench.desktop.main.js:1538:12339)
    at k.executeCommand (vscode-file://vscode-app/home/drdbrioso/Desktop/code-stable-x64-1705560028/VSCode-linux-x64/resources/app/out/vs/workbench/workbench.desktop.main.js:1538:12268)
2025-10-13 17:26:37.802 [info] ExtensionService#_doActivateExtension vscode.media-preview, startup: false, activationEvent: 'onCustomEditor:imagePreview.previewEditor'
2025-10-13 17:46:37.060 [info] [resolveAuthority(ssh-remote,2)][0ms] activating remote resolvers ssh-remote+senc.icmc.usp.br
2025-10-13 17:46:37.060 [info] [resolveAuthority(ssh-remote,2)][0ms] activating resolver for ssh-remote+senc.icmc.usp.br...
2025-10-13 17:46:37.061 [info] [resolveAuthority(ssh-remote,2)][1ms] invoking final resolve()...
2025-10-13 17:46:38.061 [info] [resolveAuthority(ssh-remote,2)][1001ms] waiting...
2025-10-13 17:46:39.062 [info] [resolveAuthority(ssh-remote,2)][2002ms] waiting...
2025-10-13 17:46:40.062 [info] [resolveAuthority(ssh-remote,2)][3002ms] waiting...
2025-10-13 17:46:41.063 [info] [resolveAuthority(ssh-remote,2)][4003ms] waiting...
2025-10-13 17:46:42.063 [info] [resolveAuthority(ssh-remote,2)][5003ms] waiting...
2025-10-13 17:46:43.064 [info] [resolveAuthority(ssh-remote,2)][6004ms] waiting...
2025-10-13 17:46:44.065 [info] [resolveAuthority(ssh-remote,2)][7005ms] waiting...
2025-10-13 17:46:45.065 [info] [resolveAuthority(ssh-remote,2)][8005ms] waiting...
2025-10-13 17:46:46.066 [info] [resolveAuthority(ssh-remote,2)][9006ms] waiting...
2025-10-13 17:46:47.067 [info] [resolveAuthority(ssh-remote,2)][10007ms] waiting...
2025-10-13 17:46:48.068 [info] [resolveAuthority(ssh-remote,2)][11008ms] waiting...
2025-10-13 17:46:49.069 [info] [resolveAuthority(ssh-remote,2)][12009ms] waiting...
2025-10-13 17:46:50.070 [info] [resolveAuthority(ssh-remote,2)][13010ms] waiting...
2025-10-13 17:46:51.070 [info] [resolveAuthority(ssh-remote,2)][14010ms] waiting...
2025-10-13 17:46:52.071 [info] [resolveAuthority(ssh-remote,2)][15011ms] waiting...
2025-10-13 17:46:52.583 [error] [resolveAuthority(ssh-remote,2)][15519ms] returned an error The connection timed out
2025-10-13 17:46:57.595 [info] [resolveAuthority(ssh-remote,3)][0ms] activating remote resolvers ssh-remote+senc.icmc.usp.br
2025-10-13 17:46:57.595 [info] [resolveAuthority(ssh-remote,3)][0ms] activating resolver for ssh-remote+senc.icmc.usp.br...
2025-10-13 17:46:57.595 [info] [resolveAuthority(ssh-remote,3)][0ms] invoking final resolve()...
2025-10-13 17:46:58.596 [info] [resolveAuthority(ssh-remote,3)][1001ms] waiting...
2025-10-13 17:46:59.597 [info] [resolveAuthority(ssh-remote,3)][2002ms] waiting...
2025-10-13 17:47:00.598 [info] [resolveAuthority(ssh-remote,3)][3003ms] waiting...
2025-10-13 17:47:01.599 [info] [resolveAuthority(ssh-remote,3)][4004ms] waiting...
2025-10-13 17:47:02.601 [info] [resolveAuthority(ssh-remote,3)][5005ms] waiting...
2025-10-13 17:47:03.602 [info] [resolveAuthority(ssh-remote,3)][6007ms] waiting...
2025-10-13 17:47:04.603 [info] [resolveAuthority(ssh-remote,3)][7008ms] waiting...
2025-10-13 17:47:05.603 [info] [resolveAuthority(ssh-remote,3)][8008ms] waiting...
2025-10-13 17:47:06.603 [info] [resolveAuthority(ssh-remote,3)][9008ms] waiting...
2025-10-13 17:47:07.604 [info] [resolveAuthority(ssh-remote,3)][10009ms] waiting...
2025-10-13 17:47:08.605 [info] [resolveAuthority(ssh-remote,3)][11010ms] waiting...
2025-10-13 17:47:09.607 [info] [resolveAuthority(ssh-remote,3)][12012ms] waiting...
2025-10-13 17:47:10.607 [info] [resolveAuthority(ssh-remote,3)][13012ms] waiting...
2025-10-13 17:47:11.609 [info] [resolveAuthority(ssh-remote,3)][14014ms] waiting...
2025-10-13 17:47:12.609 [info] [resolveAuthority(ssh-remote,3)][15014ms] waiting...
2025-10-13 17:47:13.063 [error] [resolveAuthority(ssh-remote,3)][15468ms] returned an error The connection timed out
2025-10-13 17:47:18.089 [info] [resolveAuthority(ssh-remote,4)][0ms] activating remote resolvers ssh-remote+senc.icmc.usp.br
2025-10-13 17:47:18.089 [info] [resolveAuthority(ssh-remote,4)][0ms] activating resolver for ssh-remote+senc.icmc.usp.br...
2025-10-13 17:47:18.090 [info] [resolveAuthority(ssh-remote,4)][1ms] invoking final resolve()...
2025-10-13 17:47:19.090 [info] [resolveAuthority(ssh-remote,4)][1001ms] waiting...
2025-10-13 17:47:20.091 [info] [resolveAuthority(ssh-remote,4)][2002ms] waiting...
2025-10-13 17:47:21.092 [info] [resolveAuthority(ssh-remote,4)][3003ms] waiting...
2025-10-13 17:47:22.093 [info] [resolveAuthority(ssh-remote,4)][4004ms] waiting...
2025-10-13 17:47:23.094 [info] [resolveAuthority(ssh-remote,4)][5005ms] waiting...
2025-10-13 17:47:24.095 [info] [resolveAuthority(ssh-remote,4)][6006ms] waiting...
2025-10-13 17:47:25.096 [info] [resolveAuthority(ssh-remote,4)][7007ms] waiting...
2025-10-13 17:47:26.097 [info] [resolveAuthority(ssh-remote,4)][8008ms] waiting...
2025-10-13 17:47:27.098 [info] [resolveAuthority(ssh-remote,4)][9009ms] waiting...
2025-10-13 17:47:28.099 [info] [resolveAuthority(ssh-remote,4)][10010ms] waiting...
2025-10-13 17:47:29.100 [info] [resolveAuthority(ssh-remote,4)][11011ms] waiting...
2025-10-13 17:47:30.102 [info] [resolveAuthority(ssh-remote,4)][12013ms] waiting...
2025-10-13 17:47:31.103 [info] [resolveAuthority(ssh-remote,4)][13014ms] waiting...
2025-10-13 17:47:31.655 [info] Extension host terminating: renderer closed the MessagePort
2025-10-13 17:47:31.658 [error] Canceled: Canceled
	at new g (/home/drdbrioso/Desktop/code-stable-x64-1705560028/VSCode-linux-x64/resources/app/out/vs/workbench/api/node/extensionHostProcess.js:141:110274)
	at l.U (/home/drdbrioso/Desktop/code-stable-x64-1705560028/VSCode-linux-x64/resources/app/out/vs/workbench/api/node/extensionHostProcess.js:150:10866)
	at P.<computed>.j.charCodeAt.P.<computed> (/home/drdbrioso/Desktop/code-stable-x64-1705560028/VSCode-linux-x64/resources/app/out/vs/workbench/api/node/extensionHostProcess.js:150:8317)
	at d.g (/home/drdbrioso/Desktop/code-stable-x64-1705560028/VSCode-linux-x64/resources/app/out/vs/workbench/api/node/extensionHostProcess.js:141:139555)
	at d.executeCommand (/home/drdbrioso/Desktop/code-stable-x64-1705560028/VSCode-linux-x64/resources/app/out/vs/workbench/api/node/extensionHostProcess.js:141:138993)
	at p.registerCommand.description (/home/drdbrioso/Desktop/code-stable-x64-1705560028/VSCode-linux-x64/resources/app/out/vs/workbench/api/node/extensionHostProcess.js:141:138317)
	at d.h (/home/drdbrioso/Desktop/code-stable-x64-1705560028/VSCode-linux-x64/resources/app/out/vs/workbench/api/node/extensionHostProcess.js:141:140094)
	at d.g (/home/drdbrioso/Desktop/code-stable-x64-1705560028/VSCode-linux-x64/resources/app/out/vs/workbench/api/node/extensionHostProcess.js:141:139086)
	at d.executeCommand (/home/drdbrioso/Desktop/code-stable-x64-1705560028/VSCode-linux-x64/resources/app/out/vs/workbench/api/node/extensionHostProcess.js:141:138993)
	at Object.executeCommand (/home/drdbrioso/Desktop/code-stable-x64-1705560028/VSCode-linux-x64/resources/app/out/vs/workbench/api/node/extensionHostProcess.js:158:21333)
	at t.shutdown (/home/drdbrioso/.vscode/extensions/ms-vscode-remote.remote-ssh-0.108.2023112915/out/extension.js:2:725329)
	at e.deactivate (/home/drdbrioso/.vscode/extensions/ms-vscode-remote.remote-ssh-0.108.2023112915/out/extension.js:2:910169)
	at f.cb (/home/drdbrioso/Desktop/code-stable-x64-1705560028/VSCode-linux-x64/resources/app/out/vs/workbench/api/node/extensionHostProcess.js:154:9678)
	at /home/drdbrioso/Desktop/code-stable-x64-1705560028/VSCode-linux-x64/resources/app/out/vs/workbench/api/node/extensionHostProcess.js:154:7808
	at Array.map (<anonymous>)
	at f.Y (/home/drdbrioso/Desktop/code-stable-x64-1705560028/VSCode-linux-x64/resources/app/out/vs/workbench/api/node/extensionHostProcess.js:154:7795)
	at f.terminate (/home/drdbrioso/Desktop/code-stable-x64-1705560028/VSCode-linux-x64/resources/app/out/vs/workbench/api/node/extensionHostProcess.js:154:8068)
	at s.terminate (/home/drdbrioso/Desktop/code-stable-x64-1705560028/VSCode-linux-x64/resources/app/out/vs/workbench/api/node/extensionHostProcess.js:158:1513)
	at a (/home/drdbrioso/Desktop/code-stable-x64-1705560028/VSCode-linux-x64/resources/app/out/vs/workbench/api/node/extensionHostProcess.js:171:9802)
	at MessagePortMain.<anonymous> (/home/drdbrioso/Desktop/code-stable-x64-1705560028/VSCode-linux-x64/resources/app/out/vs/workbench/api/node/extensionHostProcess.js:171:6227)
	at MessagePortMain.emit (node:events:513:28)
	at MessagePortMain._internalPort.emit (node:electron/js2c/utility_init:2:367) setContext undefined
2025-10-13 17:47:31.658 [info] Extension host with pid 31522 exiting with code 0
2025-10-13 17:47:32.202 [info] Extension host with pid 32578 started
2025-10-13 17:47:32.202 [info] Skipping acquiring lock for /home/drdbrioso/.config/Code/User/workspaceStorage/67ef078c24af5dd44cd99d03f833dfe3.
2025-10-13 17:47:32.202 [info] $getCanonicalURI invoked for authority (ssh-remote)
2025-10-13 17:47:32.205 [info] ExtensionService#_doActivateExtension ms-vscode-remote.remote-ssh, startup: false, activationEvent: 'onResolveRemoteAuthority:ssh-remote'
2025-10-13 17:47:32.222 [info] [resolveAuthority(ssh-remote,1)][0ms] activating remote resolvers ssh-remote+senc.icmc.usp.br
2025-10-13 17:47:32.222 [info] [resolveAuthority(ssh-remote,1)][0ms] activating resolver for ssh-remote+senc.icmc.usp.br...
2025-10-13 17:47:32.222 [info] [resolveAuthority(ssh-remote,1)][0ms] invoking final resolve()...
2025-10-13 17:47:33.222 [info] [resolveAuthority(ssh-remote,1)][1000ms] waiting...
2025-10-13 17:47:34.223 [info] [resolveAuthority(ssh-remote,1)][2001ms] waiting...
2025-10-13 17:47:35.224 [info] [resolveAuthority(ssh-remote,1)][3002ms] waiting...
2025-10-13 17:47:36.225 [info] [resolveAuthority(ssh-remote,1)][4003ms] waiting...
2025-10-13 17:47:37.226 [info] [resolveAuthority(ssh-remote,1)][5004ms] waiting...
2025-10-13 17:47:38.227 [info] [resolveAuthority(ssh-remote,1)][6005ms] waiting...
2025-10-13 17:47:39.227 [info] [resolveAuthority(ssh-remote,1)][7005ms] waiting...
2025-10-13 17:47:40.227 [info] [resolveAuthority(ssh-remote,1)][8005ms] waiting...
2025-10-13 17:47:41.228 [info] [resolveAuthority(ssh-remote,1)][9006ms] waiting...
2025-10-13 17:47:42.229 [info] [resolveAuthority(ssh-remote,1)][10007ms] waiting...
2025-10-13 17:47:43.229 [info] [resolveAuthority(ssh-remote,1)][11007ms] waiting...
2025-10-13 17:47:44.230 [info] [resolveAuthority(ssh-remote,1)][12008ms] waiting...
2025-10-13 17:47:45.232 [info] [resolveAuthority(ssh-remote,1)][13010ms] waiting...
2025-10-13 17:47:46.232 [info] [resolveAuthority(ssh-remote,1)][14010ms] waiting...
2025-10-13 17:47:47.233 [info] [resolveAuthority(ssh-remote,1)][15011ms] waiting...
2025-10-13 17:47:47.656 [error] [resolveAuthority(ssh-remote,1)][15431ms] returned an error The connection timed out
2025-10-13 17:47:47.725 [info] Eager extensions activated
2025-10-13 17:47:48.826 [error] Error: command 'remote-internal.setActiveFolders' not found
    at k.n (vscode-file://vscode-app/home/drdbrioso/Desktop/code-stable-x64-1705560028/VSCode-linux-x64/resources/app/out/vs/workbench/workbench.desktop.main.js:1538:12339)
    at k.executeCommand (vscode-file://vscode-app/home/drdbrioso/Desktop/code-stable-x64-1705560028/VSCode-linux-x64/resources/app/out/vs/workbench/workbench.desktop.main.js:1538:12268)
2025-10-13 17:48:05.975 [info] Extension host terminating: renderer closed the MessagePort
2025-10-13 17:48:05.979 [error] Canceled: Canceled
	at new g (/home/drdbrioso/Desktop/code-stable-x64-1705560028/VSCode-linux-x64/resources/app/out/vs/workbench/api/node/extensionHostProcess.js:141:110274)
	at l.U (/home/drdbrioso/Desktop/code-stable-x64-1705560028/VSCode-linux-x64/resources/app/out/vs/workbench/api/node/extensionHostProcess.js:150:10866)
	at P.<computed>.j.charCodeAt.P.<computed> (/home/drdbrioso/Desktop/code-stable-x64-1705560028/VSCode-linux-x64/resources/app/out/vs/workbench/api/node/extensionHostProcess.js:150:8317)
	at d.g (/home/drdbrioso/Desktop/code-stable-x64-1705560028/VSCode-linux-x64/resources/app/out/vs/workbench/api/node/extensionHostProcess.js:141:139555)
	at d.executeCommand (/home/drdbrioso/Desktop/code-stable-x64-1705560028/VSCode-linux-x64/resources/app/out/vs/workbench/api/node/extensionHostProcess.js:141:138993)
	at p.registerCommand.description (/home/drdbrioso/Desktop/code-stable-x64-1705560028/VSCode-linux-x64/resources/app/out/vs/workbench/api/node/extensionHostProcess.js:141:138317)
	at d.h (/home/drdbrioso/Desktop/code-stable-x64-1705560028/VSCode-linux-x64/resources/app/out/vs/workbench/api/node/extensionHostProcess.js:141:140094)
	at d.g (/home/drdbrioso/Desktop/code-stable-x64-1705560028/VSCode-linux-x64/resources/app/out/vs/workbench/api/node/extensionHostProcess.js:141:139086)
	at d.executeCommand (/home/drdbrioso/Desktop/code-stable-x64-1705560028/VSCode-linux-x64/resources/app/out/vs/workbench/api/node/extensionHostProcess.js:141:138993)
	at Object.executeCommand (/home/drdbrioso/Desktop/code-stable-x64-1705560028/VSCode-linux-x64/resources/app/out/vs/workbench/api/node/extensionHostProcess.js:158:21333)
	at t.shutdown (/home/drdbrioso/.vscode/extensions/ms-vscode-remote.remote-ssh-0.108.2023112915/out/extension.js:2:725329)
	at e.deactivate (/home/drdbrioso/.vscode/extensions/ms-vscode-remote.remote-ssh-0.108.2023112915/out/extension.js:2:910169)
	at f.cb (/home/drdbrioso/Desktop/code-stable-x64-1705560028/VSCode-linux-x64/resources/app/out/vs/workbench/api/node/extensionHostProcess.js:154:9678)
	at /home/drdbrioso/Desktop/code-stable-x64-1705560028/VSCode-linux-x64/resources/app/out/vs/workbench/api/node/extensionHostProcess.js:154:7808
	at Array.map (<anonymous>)
	at f.Y (/home/drdbrioso/Desktop/code-stable-x64-1705560028/VSCode-linux-x64/resources/app/out/vs/workbench/api/node/extensionHostProcess.js:154:7795)
	at f.terminate (/home/drdbrioso/Desktop/code-stable-x64-1705560028/VSCode-linux-x64/resources/app/out/vs/workbench/api/node/extensionHostProcess.js:154:8068)
	at s.terminate (/home/drdbrioso/Desktop/code-stable-x64-1705560028/VSCode-linux-x64/resources/app/out/vs/workbench/api/node/extensionHostProcess.js:158:1513)
	at a (/home/drdbrioso/Desktop/code-stable-x64-1705560028/VSCode-linux-x64/resources/app/out/vs/workbench/api/node/extensionHostProcess.js:171:9802)
	at MessagePortMain.<anonymous> (/home/drdbrioso/Desktop/code-stable-x64-1705560028/VSCode-linux-x64/resources/app/out/vs/workbench/api/node/extensionHostProcess.js:171:6227)
	at MessagePortMain.emit (node:events:513:28)
	at MessagePortMain._internalPort.emit (node:electron/js2c/utility_init:2:367) setContext undefined
2025-10-13 17:48:05.979 [info] Extension host with pid 32578 exiting with code 0
2025-10-13 17:48:06.529 [info] Extension host with pid 32643 started
2025-10-13 17:48:06.529 [info] Skipping acquiring lock for /home/drdbrioso/.config/Code/User/workspaceStorage/67ef078c24af5dd44cd99d03f833dfe3.
2025-10-13 17:48:06.532 [info] $getCanonicalURI invoked for authority (ssh-remote)
2025-10-13 17:48:06.539 [info] ExtensionService#_doActivateExtension ms-vscode-remote.remote-ssh, startup: false, activationEvent: 'onResolveRemoteAuthority:ssh-remote'
2025-10-13 17:48:06.557 [info] [resolveAuthority(ssh-remote,1)][0ms] activating remote resolvers ssh-remote+senc.icmc.usp.br
2025-10-13 17:48:06.557 [info] [resolveAuthority(ssh-remote,1)][0ms] activating resolver for ssh-remote+senc.icmc.usp.br...
2025-10-13 17:48:06.557 [info] [resolveAuthority(ssh-remote,1)][0ms] invoking final resolve()...
2025-10-13 17:48:07.560 [info] [resolveAuthority(ssh-remote,1)][1003ms] waiting...
2025-10-13 17:48:08.561 [info] [resolveAuthority(ssh-remote,1)][2004ms] waiting...
2025-10-13 17:48:09.562 [info] [resolveAuthority(ssh-remote,1)][3005ms] waiting...
2025-10-13 17:48:10.563 [info] [resolveAuthority(ssh-remote,1)][4006ms] waiting...
2025-10-13 17:48:11.564 [info] [resolveAuthority(ssh-remote,1)][5007ms] waiting...
2025-10-13 17:48:12.565 [info] [resolveAuthority(ssh-remote,1)][6008ms] waiting...
2025-10-13 17:48:13.566 [info] [resolveAuthority(ssh-remote,1)][7009ms] waiting...
2025-10-13 17:48:14.567 [info] [resolveAuthority(ssh-remote,1)][8010ms] waiting...
2025-10-13 17:48:15.568 [info] [resolveAuthority(ssh-remote,1)][9011ms] waiting...
2025-10-13 17:48:16.568 [info] [resolveAuthority(ssh-remote,1)][10011ms] waiting...
2025-10-13 17:48:17.568 [info] [resolveAuthority(ssh-remote,1)][11011ms] waiting...
2025-10-13 17:48:18.569 [info] [resolveAuthority(ssh-remote,1)][12012ms] waiting...
2025-10-13 17:48:19.569 [info] [resolveAuthority(ssh-remote,1)][13012ms] waiting...
2025-10-13 17:48:20.571 [info] [resolveAuthority(ssh-remote,1)][14014ms] waiting...
2025-10-13 17:48:21.571 [info] [resolveAuthority(ssh-remote,1)][15014ms] waiting...
2025-10-13 17:48:22.572 [info] [resolveAuthority(ssh-remote,1)][16015ms] waiting...
2025-10-13 17:48:23.573 [info] [resolveAuthority(ssh-remote,1)][17016ms] waiting...
2025-10-13 17:48:24.574 [info] [resolveAuthority(ssh-remote,1)][18017ms] waiting...
2025-10-13 17:48:25.575 [info] [resolveAuthority(ssh-remote,1)][19018ms] waiting...
2025-10-13 17:48:26.576 [info] [resolveAuthority(ssh-remote,1)][20019ms] waiting...
2025-10-13 17:48:27.575 [info] [resolveAuthority(ssh-remote,1)][21018ms] waiting...
2025-10-13 17:48:28.576 [info] [resolveAuthority(ssh-remote,1)][22019ms] waiting...
2025-10-13 17:48:29.578 [info] [resolveAuthority(ssh-remote,1)][23021ms] waiting...
2025-10-13 17:48:30.579 [info] [resolveAuthority(ssh-remote,1)][24022ms] waiting...
2025-10-13 17:48:31.580 [info] [resolveAuthority(ssh-remote,1)][25023ms] waiting...
2025-10-13 17:48:32.581 [info] [resolveAuthority(ssh-remote,1)][26024ms] waiting...
2025-10-13 17:48:33.583 [info] [resolveAuthority(ssh-remote,1)][27026ms] waiting...
2025-10-13 17:48:34.583 [info] [resolveAuthority(ssh-remote,1)][28026ms] waiting...
2025-10-13 17:48:35.585 [info] [resolveAuthority(ssh-remote,1)][29028ms] waiting...
2025-10-13 17:48:36.585 [info] [resolveAuthority(ssh-remote,1)][30028ms] waiting...
2025-10-13 17:48:37.585 [info] [resolveAuthority(ssh-remote,1)][31028ms] waiting...
2025-10-13 17:48:38.591 [info] [resolveAuthority(ssh-remote,1)][32034ms] waiting...
2025-10-13 17:48:39.592 [info] [resolveAuthority(ssh-remote,1)][33035ms] waiting...
2025-10-13 17:48:40.594 [info] [resolveAuthority(ssh-remote,1)][34037ms] waiting...
2025-10-13 17:48:41.594 [info] [resolveAuthority(ssh-remote,1)][35037ms] waiting...
2025-10-13 17:48:42.595 [info] [resolveAuthority(ssh-remote,1)][36038ms] waiting...
2025-10-13 17:48:43.596 [info] [resolveAuthority(ssh-remote,1)][37039ms] waiting...
2025-10-13 17:48:44.598 [info] [resolveAuthority(ssh-remote,1)][38041ms] waiting...
2025-10-13 17:48:45.108 [error] [resolveAuthority(ssh-remote,1)][38545ms] returned an error Connecting with SSH timed out
2025-10-13 17:48:45.157 [info] Eager extensions activated
2025-10-13 17:48:46.204 [error] Error: command 'remote-internal.setActiveFolders' not found
    at k.n (vscode-file://vscode-app/home/drdbrioso/Desktop/code-stable-x64-1705560028/VSCode-linux-x64/resources/app/out/vs/workbench/workbench.desktop.main.js:1538:12339)
    at k.executeCommand (vscode-file://vscode-app/home/drdbrioso/Desktop/code-stable-x64-1705560028/VSCode-linux-x64/resources/app/out/vs/workbench/workbench.desktop.main.js:1538:12268)
2025-10-13 17:48:47.256 [info] Extension host terminating: renderer closed the MessagePort
2025-10-13 17:48:47.259 [error] Canceled: Canceled
	at new g (/home/drdbrioso/Desktop/code-stable-x64-1705560028/VSCode-linux-x64/resources/app/out/vs/workbench/api/node/extensionHostProcess.js:141:110274)
	at l.U (/home/drdbrioso/Desktop/code-stable-x64-1705560028/VSCode-linux-x64/resources/app/out/vs/workbench/api/node/extensionHostProcess.js:150:10866)
	at P.<computed>.j.charCodeAt.P.<computed> (/home/drdbrioso/Desktop/code-stable-x64-1705560028/VSCode-linux-x64/resources/app/out/vs/workbench/api/node/extensionHostProcess.js:150:8317)
	at d.g (/home/drdbrioso/Desktop/code-stable-x64-1705560028/VSCode-linux-x64/resources/app/out/vs/workbench/api/node/extensionHostProcess.js:141:139555)
	at d.executeCommand (/home/drdbrioso/Desktop/code-stable-x64-1705560028/VSCode-linux-x64/resources/app/out/vs/workbench/api/node/extensionHostProcess.js:141:138993)
	at p.registerCommand.description (/home/drdbrioso/Desktop/code-stable-x64-1705560028/VSCode-linux-x64/resources/app/out/vs/workbench/api/node/extensionHostProcess.js:141:138317)
	at d.h (/home/drdbrioso/Desktop/code-stable-x64-1705560028/VSCode-linux-x64/resources/app/out/vs/workbench/api/node/extensionHostProcess.js:141:140094)
	at d.g (/home/drdbrioso/Desktop/code-stable-x64-1705560028/VSCode-linux-x64/resources/app/out/vs/workbench/api/node/extensionHostProcess.js:141:139086)
	at d.executeCommand (/home/drdbrioso/Desktop/code-stable-x64-1705560028/VSCode-linux-x64/resources/app/out/vs/workbench/api/node/extensionHostProcess.js:141:138993)
	at Object.executeCommand (/home/drdbrioso/Desktop/code-stable-x64-1705560028/VSCode-linux-x64/resources/app/out/vs/workbench/api/node/extensionHostProcess.js:158:21333)
	at t.shutdown (/home/drdbrioso/.vscode/extensions/ms-vscode-remote.remote-ssh-0.108.2023112915/out/extension.js:2:725329)
	at e.deactivate (/home/drdbrioso/.vscode/extensions/ms-vscode-remote.remote-ssh-0.108.2023112915/out/extension.js:2:910169)
	at f.cb (/home/drdbrioso/Desktop/code-stable-x64-1705560028/VSCode-linux-x64/resources/app/out/vs/workbench/api/node/extensionHostProcess.js:154:9678)
	at /home/drdbrioso/Desktop/code-stable-x64-1705560028/VSCode-linux-x64/resources/app/out/vs/workbench/api/node/extensionHostProcess.js:154:7808
	at Array.map (<anonymous>)
	at f.Y (/home/drdbrioso/Desktop/code-stable-x64-1705560028/VSCode-linux-x64/resources/app/out/vs/workbench/api/node/extensionHostProcess.js:154:7795)
	at f.terminate (/home/drdbrioso/Desktop/code-stable-x64-1705560028/VSCode-linux-x64/resources/app/out/vs/workbench/api/node/extensionHostProcess.js:154:8068)
	at s.terminate (/home/drdbrioso/Desktop/code-stable-x64-1705560028/VSCode-linux-x64/resources/app/out/vs/workbench/api/node/extensionHostProcess.js:158:1513)
	at a (/home/drdbrioso/Desktop/code-stable-x64-1705560028/VSCode-linux-x64/resources/app/out/vs/workbench/api/node/extensionHostProcess.js:171:9802)
	at MessagePortMain.<anonymous> (/home/drdbrioso/Desktop/code-stable-x64-1705560028/VSCode-linux-x64/resources/app/out/vs/workbench/api/node/extensionHostProcess.js:171:6227)
	at MessagePortMain.emit (node:events:513:28)
	at MessagePortMain._internalPort.emit (node:electron/js2c/utility_init:2:367) setContext undefined
2025-10-13 17:48:47.259 [info] Extension host with pid 32643 exiting with code 0
2025-10-13 17:48:47.815 [info] Extension host with pid 32721 started
2025-10-13 17:48:47.815 [info] Skipping acquiring lock for /home/drdbrioso/.config/Code/User/workspaceStorage/67ef078c24af5dd44cd99d03f833dfe3.
2025-10-13 17:48:47.819 [info] $getCanonicalURI invoked for authority (ssh-remote)
2025-10-13 17:48:47.822 [info] ExtensionService#_doActivateExtension ms-vscode-remote.remote-ssh, startup: false, activationEvent: 'onResolveRemoteAuthority:ssh-remote'
2025-10-13 17:48:47.840 [info] [resolveAuthority(ssh-remote,1)][0ms] activating remote resolvers ssh-remote+senc.icmc.usp.br
2025-10-13 17:48:47.840 [info] [resolveAuthority(ssh-remote,1)][0ms] activating resolver for ssh-remote+senc.icmc.usp.br...
2025-10-13 17:48:47.840 [info] [resolveAuthority(ssh-remote,1)][0ms] invoking final resolve()...
2025-10-13 17:48:48.840 [info] [resolveAuthority(ssh-remote,1)][1000ms] waiting...
2025-10-13 17:48:49.841 [info] [resolveAuthority(ssh-remote,1)][2001ms] waiting...
2025-10-13 17:48:50.842 [info] [resolveAuthority(ssh-remote,1)][3002ms] waiting...
2025-10-13 17:48:51.843 [info] [resolveAuthority(ssh-remote,1)][4003ms] waiting...
2025-10-13 17:48:52.844 [info] [resolveAuthority(ssh-remote,1)][5004ms] waiting...
2025-10-13 17:48:53.845 [info] [resolveAuthority(ssh-remote,1)][6005ms] waiting...
2025-10-13 17:48:54.845 [info] [resolveAuthority(ssh-remote,1)][7005ms] waiting...
2025-10-13 17:48:55.846 [info] [resolveAuthority(ssh-remote,1)][8006ms] waiting...
2025-10-13 17:48:56.847 [info] [resolveAuthority(ssh-remote,1)][9007ms] waiting...
2025-10-13 17:48:57.847 [info] [resolveAuthority(ssh-remote,1)][10007ms] waiting...
2025-10-13 17:48:58.849 [info] [resolveAuthority(ssh-remote,1)][11009ms] waiting...
2025-10-13 17:48:59.849 [info] [resolveAuthority(ssh-remote,1)][12009ms] waiting...
2025-10-13 17:49:00.850 [info] [resolveAuthority(ssh-remote,1)][13010ms] waiting...
2025-10-13 17:49:01.850 [info] [resolveAuthority(ssh-remote,1)][14010ms] waiting...
2025-10-13 17:49:02.851 [info] [resolveAuthority(ssh-remote,1)][15011ms] waiting...
2025-10-13 17:49:03.852 [info] [resolveAuthority(ssh-remote,1)][16011ms] waiting...
2025-10-13 17:49:04.852 [info] [resolveAuthority(ssh-remote,1)][17012ms] waiting...
2025-10-13 17:49:04.890 [error] [resolveAuthority(ssh-remote,1)][17047ms] returned an error Connecting with SSH timed out
2025-10-13 17:49:04.938 [info] Eager extensions activated
2025-10-13 17:49:06.012 [error] Error: command 'remote-internal.setActiveFolders' not found
    at k.n (vscode-file://vscode-app/home/drdbrioso/Desktop/code-stable-x64-1705560028/VSCode-linux-x64/resources/app/out/vs/workbench/workbench.desktop.main.js:1538:12339)
    at k.executeCommand (vscode-file://vscode-app/home/drdbrioso/Desktop/code-stable-x64-1705560028/VSCode-linux-x64/resources/app/out/vs/workbench/workbench.desktop.main.js:1538:12268)
2025-10-13 17:49:16.358 [info] Extension host terminating: renderer closed the MessagePort
2025-10-13 17:49:16.361 [error] Canceled: Canceled
	at new g (/home/drdbrioso/Desktop/code-stable-x64-1705560028/VSCode-linux-x64/resources/app/out/vs/workbench/api/node/extensionHostProcess.js:141:110274)
	at l.U (/home/drdbrioso/Desktop/code-stable-x64-1705560028/VSCode-linux-x64/resources/app/out/vs/workbench/api/node/extensionHostProcess.js:150:10866)
	at P.<computed>.j.charCodeAt.P.<computed> (/home/drdbrioso/Desktop/code-stable-x64-1705560028/VSCode-linux-x64/resources/app/out/vs/workbench/api/node/extensionHostProcess.js:150:8317)
	at d.g (/home/drdbrioso/Desktop/code-stable-x64-1705560028/VSCode-linux-x64/resources/app/out/vs/workbench/api/node/extensionHostProcess.js:141:139555)
	at d.executeCommand (/home/drdbrioso/Desktop/code-stable-x64-1705560028/VSCode-linux-x64/resources/app/out/vs/workbench/api/node/extensionHostProcess.js:141:138993)
	at p.registerCommand.description (/home/drdbrioso/Desktop/code-stable-x64-1705560028/VSCode-linux-x64/resources/app/out/vs/workbench/api/node/extensionHostProcess.js:141:138317)
	at d.h (/home/drdbrioso/Desktop/code-stable-x64-1705560028/VSCode-linux-x64/resources/app/out/vs/workbench/api/node/extensionHostProcess.js:141:140094)
	at d.g (/home/drdbrioso/Desktop/code-stable-x64-1705560028/VSCode-linux-x64/resources/app/out/vs/workbench/api/node/extensionHostProcess.js:141:139086)
	at d.executeCommand (/home/drdbrioso/Desktop/code-stable-x64-1705560028/VSCode-linux-x64/resources/app/out/vs/workbench/api/node/extensionHostProcess.js:141:138993)
	at Object.executeCommand (/home/drdbrioso/Desktop/code-stable-x64-1705560028/VSCode-linux-x64/resources/app/out/vs/workbench/api/node/extensionHostProcess.js:158:21333)
	at t.shutdown (/home/drdbrioso/.vscode/extensions/ms-vscode-remote.remote-ssh-0.108.2023112915/out/extension.js:2:725329)
	at e.deactivate (/home/drdbrioso/.vscode/extensions/ms-vscode-remote.remote-ssh-0.108.2023112915/out/extension.js:2:910169)
	at f.cb (/home/drdbrioso/Desktop/code-stable-x64-1705560028/VSCode-linux-x64/resources/app/out/vs/workbench/api/node/extensionHostProcess.js:154:9678)
	at /home/drdbrioso/Desktop/code-stable-x64-1705560028/VSCode-linux-x64/resources/app/out/vs/workbench/api/node/extensionHostProcess.js:154:7808
	at Array.map (<anonymous>)
	at f.Y (/home/drdbrioso/Desktop/code-stable-x64-1705560028/VSCode-linux-x64/resources/app/out/vs/workbench/api/node/extensionHostProcess.js:154:7795)
	at f.terminate (/home/drdbrioso/Desktop/code-stable-x64-1705560028/VSCode-linux-x64/resources/app/out/vs/workbench/api/node/extensionHostProcess.js:154:8068)
	at s.terminate (/home/drdbrioso/Desktop/code-stable-x64-1705560028/VSCode-linux-x64/resources/app/out/vs/workbench/api/node/extensionHostProcess.js:158:1513)
	at a (/home/drdbrioso/Desktop/code-stable-x64-1705560028/VSCode-linux-x64/resources/app/out/vs/workbench/api/node/extensionHostProcess.js:171:9802)
	at MessagePortMain.<anonymous> (/home/drdbrioso/Desktop/code-stable-x64-1705560028/VSCode-linux-x64/resources/app/out/vs/workbench/api/node/extensionHostProcess.js:171:6227)
	at MessagePortMain.emit (node:events:513:28)
	at MessagePortMain._internalPort.emit (node:electron/js2c/utility_init:2:367) setContext undefined
2025-10-13 17:49:16.361 [info] Extension host with pid 32721 exiting with code 0
2025-10-13 17:49:16.880 [info] Extension host with pid 32828 started
2025-10-13 17:49:16.880 [info] Skipping acquiring lock for /home/drdbrioso/.config/Code/User/workspaceStorage/67ef078c24af5dd44cd99d03f833dfe3.
2025-10-13 17:49:16.884 [info] $getCanonicalURI invoked for authority (ssh-remote)
2025-10-13 17:49:16.890 [info] ExtensionService#_doActivateExtension ms-vscode-remote.remote-ssh, startup: false, activationEvent: 'onResolveRemoteAuthority:ssh-remote'
2025-10-13 17:49:16.907 [info] [resolveAuthority(ssh-remote,1)][0ms] activating remote resolvers ssh-remote+senc.icmc.usp.br
2025-10-13 17:49:16.907 [info] [resolveAuthority(ssh-remote,1)][0ms] activating resolver for ssh-remote+senc.icmc.usp.br...
2025-10-13 17:49:16.907 [info] [resolveAuthority(ssh-remote,1)][0ms] invoking final resolve()...
2025-10-13 17:49:17.909 [info] [resolveAuthority(ssh-remote,1)][1002ms] waiting...
2025-10-13 17:49:18.910 [info] [resolveAuthority(ssh-remote,1)][2003ms] waiting...
2025-10-13 17:49:19.911 [info] [resolveAuthority(ssh-remote,1)][3004ms] waiting...
2025-10-13 17:49:20.912 [info] [resolveAuthority(ssh-remote,1)][4005ms] waiting...
2025-10-13 17:49:21.914 [info] [resolveAuthority(ssh-remote,1)][5007ms] waiting...
2025-10-13 17:49:22.914 [info] [resolveAuthority(ssh-remote,1)][6007ms] waiting...
2025-10-13 17:49:23.915 [info] [resolveAuthority(ssh-remote,1)][7008ms] waiting...
2025-10-13 17:49:24.916 [info] [resolveAuthority(ssh-remote,1)][8009ms] waiting...
2025-10-13 17:49:25.916 [info] [resolveAuthority(ssh-remote,1)][9009ms] waiting...
2025-10-13 17:49:26.916 [info] [resolveAuthority(ssh-remote,1)][10009ms] waiting...
2025-10-13 17:49:27.917 [info] [resolveAuthority(ssh-remote,1)][11010ms] waiting...
2025-10-13 17:49:28.917 [info] [resolveAuthority(ssh-remote,1)][12010ms] waiting...
2025-10-13 17:49:29.572 [info] [resolveAuthority(ssh-remote,1)][12665ms] setting tunnel factory...
2025-10-13 17:49:29.572 [info] [resolveAuthority(ssh-remote,1)][12665ms] returned 127.0.0.1:46683
2025-10-13 17:49:38.411 [info] Eager extensions activated
2025-10-13 17:49:59.865 [error] Error: command 'remote-internal.setActiveFolders' not found
    at k.n (vscode-file://vscode-app/home/drdbrioso/Desktop/code-stable-x64-1705560028/VSCode-linux-x64/resources/app/out/vs/workbench/workbench.desktop.main.js:1538:12339)
    at k.executeCommand (vscode-file://vscode-app/home/drdbrioso/Desktop/code-stable-x64-1705560028/VSCode-linux-x64/resources/app/out/vs/workbench/workbench.desktop.main.js:1538:12268)
2025-10-13 17:58:52.273 [info] ExtensionService#_doActivateExtension vscode.simple-browser, startup: false, activationEvent: 'onOpenExternalUri:https'
2025-10-13 18:04:12.988 [info] Extension host terminating: renderer closed the MessagePort
2025-10-13 18:04:12.993 [error] Canceled: Canceled
	at new g (/home/drdbrioso/Desktop/code-stable-x64-1705560028/VSCode-linux-x64/resources/app/out/vs/workbench/api/node/extensionHostProcess.js:141:110274)
	at l.U (/home/drdbrioso/Desktop/code-stable-x64-1705560028/VSCode-linux-x64/resources/app/out/vs/workbench/api/node/extensionHostProcess.js:150:10866)
	at P.<computed>.j.charCodeAt.P.<computed> (/home/drdbrioso/Desktop/code-stable-x64-1705560028/VSCode-linux-x64/resources/app/out/vs/workbench/api/node/extensionHostProcess.js:150:8317)
	at d.g (/home/drdbrioso/Desktop/code-stable-x64-1705560028/VSCode-linux-x64/resources/app/out/vs/workbench/api/node/extensionHostProcess.js:141:139555)
	at d.executeCommand (/home/drdbrioso/Desktop/code-stable-x64-1705560028/VSCode-linux-x64/resources/app/out/vs/workbench/api/node/extensionHostProcess.js:141:138993)
	at p.registerCommand.description (/home/drdbrioso/Desktop/code-stable-x64-1705560028/VSCode-linux-x64/resources/app/out/vs/workbench/api/node/extensionHostProcess.js:141:138317)
	at d.h (/home/drdbrioso/Desktop/code-stable-x64-1705560028/VSCode-linux-x64/resources/app/out/vs/workbench/api/node/extensionHostProcess.js:141:140094)
	at d.g (/home/drdbrioso/Desktop/code-stable-x64-1705560028/VSCode-linux-x64/resources/app/out/vs/workbench/api/node/extensionHostProcess.js:141:139086)
	at d.executeCommand (/home/drdbrioso/Desktop/code-stable-x64-1705560028/VSCode-linux-x64/resources/app/out/vs/workbench/api/node/extensionHostProcess.js:141:138993)
	at Object.executeCommand (/home/drdbrioso/Desktop/code-stable-x64-1705560028/VSCode-linux-x64/resources/app/out/vs/workbench/api/node/extensionHostProcess.js:158:21333)
	at t.shutdown (/home/drdbrioso/.vscode/extensions/ms-vscode-remote.remote-ssh-0.108.2023112915/out/extension.js:2:725329)
	at e.deactivate (/home/drdbrioso/.vscode/extensions/ms-vscode-remote.remote-ssh-0.108.2023112915/out/extension.js:2:910169)
	at f.cb (/home/drdbrioso/Desktop/code-stable-x64-1705560028/VSCode-linux-x64/resources/app/out/vs/workbench/api/node/extensionHostProcess.js:154:9678)
	at /home/drdbrioso/Desktop/code-stable-x64-1705560028/VSCode-linux-x64/resources/app/out/vs/workbench/api/node/extensionHostProcess.js:154:7808
	at Array.map (<anonymous>)
	at f.Y (/home/drdbrioso/Desktop/code-stable-x64-1705560028/VSCode-linux-x64/resources/app/out/vs/workbench/api/node/extensionHostProcess.js:154:7795)
	at f.terminate (/home/drdbrioso/Desktop/code-stable-x64-1705560028/VSCode-linux-x64/resources/app/out/vs/workbench/api/node/extensionHostProcess.js:154:8068)
	at s.terminate (/home/drdbrioso/Desktop/code-stable-x64-1705560028/VSCode-linux-x64/resources/app/out/vs/workbench/api/node/extensionHostProcess.js:158:1513)
	at a (/home/drdbrioso/Desktop/code-stable-x64-1705560028/VSCode-linux-x64/resources/app/out/vs/workbench/api/node/extensionHostProcess.js:171:9802)
	at MessagePortMain.<anonymous> (/home/drdbrioso/Desktop/code-stable-x64-1705560028/VSCode-linux-x64/resources/app/out/vs/workbench/api/node/extensionHostProcess.js:171:6227)
	at MessagePortMain.emit (node:events:513:28)
	at MessagePortMain._internalPort.emit (node:electron/js2c/utility_init:2:367) setContext undefined
2025-10-13 18:04:12.993 [info] Extension host with pid 32828 exiting with code 0
